{"type": "FeatureCollection", "name": "MauKhoaAnh", "features": [{"type": "Feature", "geometry": {"coordinates": [106.91979555255853, 10.565038031057087], "type": "Point"}, "properties": {"fid": 1.0, "ID": 1, "TT": 1, "MaMKA": 1, "Vitri": "Chân núi", "HuongPhoi": "Tây", "Tinh": "Hồ Chí Minh", "Xa": "An Thới Đông", "TK": "66A", "NgayDT": "23/03/2026", "NguoiDT": "Nguyễn Văn A", "X_NB": 627827.69, "Y_NB": 1168588.41, "Docao": 43.49, "G1": 6.0, "G2": 5.5, "G3": 7.0, "G4": 5.0, "G5": 6.0, "G": 5.9, "H1": 7.5, "H2": 6.0, "H3": 7.6, "H4": 6.5, "H5": 8.0, "H": 7.1, "M": 18.9, "Dotanche": 0.7, "LoaiUT": "Giền, Bứa", "HuongChup": "Tây", "KCChup": 2.0, "ten_hinh": 1, "TrangThai": "TXK", "TTThucDia": "TXK", "Note": "NULL", "MaVQG": 60, "KH": "MKA", "Check": "NULL", "TenldlrTT1": "Rừng lá rộng thường xanh và nửa rụng lá nghèo kiệt", "Hinh1": "https://five.epicollect.net/api/media/vqgpq2025?type=photo&format=entry_original&name=7159e7db-dcea-4aee-b14a-1ed8eb995204_1774238158.jpg", "Hinh2": "https://five.epicollect.net/api/media/vqgpq2025?type=photo&format=entry_original&name=7159e7db-dcea-4aee-b14a-1ed8eb995204_1774238173.jpg"}}, {"type": "Feature", "geometry": {"coordinates": [106.93454808197956, 10.535463729273678], "type": "Point"}, "properties": {"fid": 2.0, "ID": 2, "TT": 2, "MaMKA": 2, "Vitri": "Sườn núi", "HuongPhoi": "Tây", "Tinh": "Hồ Chí Minh", "Xa": "An Thới Đông", "TK": "69", "NgayDT": "23/03/2026", "NguoiDT": "Nguyễn Văn A", "X_NB": 629454.82, "Y_NB": 1165322.91, "Docao": 64.33, "G1": 22.0, "G2": 23.5, "G3": 23.5, "G4": 24.0, "G5": 23.5, "G": 23.3, "H1": 7.5, "H2": 8.0, "H3": 7.0, "H4": 7.0, "H5": 6.9, "H": 7.3, "M": 76.33, "Dotanche": 0.6, "LoaiUT": "Tràm nước", "HuongChup": "Đông", "KCChup": 2.0, "ten_hinh": 2, "TrangThai": "RNP", "TTThucDia": "RNP", "Note": "Rừng Tràm nước", "MaVQG": 18, "KH": "MKA", "Check": "NULL", "TenldlrTT1": "Rừng ngập phèn", "Hinh1": "https://five.epicollect.net/api/media/vqgpq2025?type=photo&format=entry_original&name=4d6a3b25-38b1-4b30-b6c6-29e8810ab9a9_1774235495.jpg", "Hinh2": "https://five.epicollect.net/api/media/vqgpq2025?type=photo&format=entry_original&name=4d6a3b25-38b1-4b30-b6c6-29e8810ab9a9_1774235511.jpg"}}, {"type": "Feature", "geometry": {"coordinates": [106.91970132642335, 10.4070218095078], "type": "Point"}, "properties": {"fid": 3.0, "ID": 3, "TT": 3, "MaMKA": 3, "Vitri": "Chân núi", "HuongPhoi": "Tây", "Tinh": "Hồ Chí Minh", "Xa": "An Thới Đông", "TK": "81", "NgayDT": "23/03/2026", "NguoiDT": "Nguyễn Văn A", "X_NB": 627882.34, "Y_NB": 1151108.37, "Docao": 8.74, "G1": 0.0, "G2": 0.0, "G3": 0.0, "G4": 0.0, "G5": 0.0, "G": 0.0, "H1": 0.0, "H2": 0.0, "H3": 0.0, "H4": 0.0, "H5": 0.0, "H": 0.0, "M": 0.0, "Dotanche": 0.0, "LoaiUT": "NULL", "HuongChup": "Bắc", "KCChup": 2.0, "ten_hinh": 3, "TrangThai": "DTK", "TTThucDia": "DTK", "Note": "Đất trống khu vực quân sự", "MaVQG": 9, "KH": "MKA", "Check": "NULL", "TenldlrTT1": "Diện tích khác", "Hinh1": "NULL", "Hinh2": "NULL"}}, {"type": "Feature", "geometry": {"coordinates": [106.90582355830847, 10.408264099325777], "type": "Point"}, "properties": {"fid": 4.0, "ID": 4, "TT": 4, "MaMKA": 4, "Vitri": "Tâm OTC", "HuongPhoi": "Đông", "Tinh": "Hồ Chí Minh", "Xa": "An Thới Đông", "TK": "81", "NgayDT": "17/03/2026", "NguoiDT": "Nguyễn Văn A", "X_NB": 626362.08, "Y_NB": 1151240.22, "Docao": 98.37, "G1": 14.0, "G2": 15.0, "G3": 15.0, "G4": 13.0, "G5": 13.5, "G": 14.1, "H1": 7.3, "H2": 7.0, "H3": 7.2, "H4": 7.1, "H5": 6.5, "H": 7.0, "M": 44.54, "Dotanche": 0.75, "LoaiUT": "Chân danh, Thị", "HuongChup": "Đông Bắc", "KCChup": 2.0, "ten_hinh": 4, "TrangThai": "TXN", "TTThucDia": "TXN", "Note": "NULL", "MaVQG": 500, "KH": "OTC", "Check": "OK", "TenldlrTT1": "Rừng lá rộng thường xanh và nửa rụng lá nghèo", "Hinh1": "https://five.epicollect.net/api/media/vqgpq2025?type=photo&format=entry_original&name=428904c3-1874-439e-9979-b7c8c920403d_1773728009.jpg", "Hinh2": "https://five.epicollect.net/api/media/vqgpq2025?type=photo&format=entry_original&name=428904c3-1874-439e-9979-b7c8c920403d_1773728025.jpg"}}, {"type": "Feature", "geometry": {"coordinates": [106.9224430604091, 10.458262398390687], "type": "Point"}, "properties": {"fid": 5.0, "ID": 5, "TT": 5, "MaMKA": 5, "Vitri": "Chân núi", "HuongPhoi": "Đông Bắc", "Tinh": "Hồ Chí Minh", "Xa": "An Thới Đông", "TK": "81", "NgayDT": "16/03/2026", "NguoiDT": "Nguyễn Văn A", "X_NB": 628161.58, "Y_NB": 1156777.78, "Docao": 117.98, "G1": 20.0, "G2": 23.8, "G3": 21.6, "G4": 23.7, "G5": 30.1, "G": 23.84, "H1": 6.5, "H2": 11.8, "H3": 7.9, "H4": 10.7, "H5": 10.2, "H": 9.4, "M": 101.06, "Dotanche": 0.76, "LoaiUT": "Xăng máu, Thị", "HuongChup": "Đông", "KCChup": 1.0, "ten_hinh": 5, "TrangThai": "TXB", "TTThucDia": "TXB", "Note": "NULL", "MaVQG": 1000, "KH": "OTC", "Check": "OK", "TenldlrTT1": "Rừng lá rộng thường xanh và nửa rụng lá trung bình", "Hinh1": "https://five.epicollect.net/api/media/vqgpq2025?type=photo&format=entry_original&name=cc078e45-44b8-45c7-8be0-8e10abd28ff9_1773632987.jpg", "Hinh2": "https://five.epicollect.net/api/media/vqgpq2025?type=photo&format=entry_original&name=cc078e45-44b8-45c7-8be0-8e10abd28ff9_1773633002.jpg"}}, {"type": "Feature", "geometry": {"coordinates": [106.87943109383957, 10.457036367319336], "type": "Point"}, "properties": {"fid": 6.0, "ID": 6, "TT": 6, "MaMKA": 6, "Vitri": "Chân núi", "HuongPhoi": "Đông", "Tinh": "Hồ Chí Minh", "Xa": "An Thới Đông", "TK": "81", "NgayDT": "16/03/2026", "NguoiDT": "Nguyễn Văn A", "X_NB": 623452.6, "Y_NB": 1156624.98, "Docao": 35.2, "G1": 19.0, "G2": 18.0, "G3": 18.5, "G4": 19.0, "G5": 20.0, "G": 18.9, "H1": 6.3, "H2": 6.5, "H3": 6.5, "H4": 9.2, "H5": 11.5, "H": 8.0, "M": 68.04, "Dotanche": 0.7, "LoaiUT": "Sung, Tràm bông vàng", "HuongChup": "Bắc", "KCChup": 2.0, "ten_hinh": 6, "TrangThai": "TXN", "TTThucDia": "TXN", "Note": "NULL", "MaVQG": 400, "KH": "OTC", "Check": "OK", "TenldlrTT1": "Rừng lá rộng thường xanh và nửa rụng lá nghèo", "Hinh1": "https://five.epicollect.net/api/media/vqgpq2025?type=photo&format=entry_original&name=27babd3a-d2ec-4f18-9ab9-a16de5f77b02_1773639511.jpg", "Hinh2": "https://five.epicollect.net/api/media/vqgpq2025?type=photo&format=entry_original&name=27babd3a-d2ec-4f18-9ab9-a16de5f77b02_1773639525.jpg"}}, {"type": "Feature", "geometry": {"coordinates": [106.96072321591734, 10.536190574015198], "type": "Point"}, "properties": {"fid": 7.0, "ID": 7, "TT": 7, "MaMKA": 7, "Vitri": "Sườn núi", "HuongPhoi": "Tây Nam", "Tinh": "Hồ Chí Minh", "Xa": "An Thới Đông", "TK": "69", "NgayDT": "19/03/2026", "NguoiDT": "Nguyễn Văn A", "X_NB": 632319.81, "Y_NB": 1165414.27, "Docao": 183.33, "G1": 3.5, "G2": 3.0, "G3": 3.0, "G4": 3.5, "G5": 3.0, "G": 3.2, "H1": 7.5, "H2": 7.5, "H3": 6.5, "H4": 6.5, "H5": 6.0, "H": 6.8, "M": 9.79, "Dotanche": 0.7, "LoaiUT": "Sổ", "HuongChup": "Nam", "KCChup": 2.0, "ten_hinh": 7, "TrangThai": "TXK", "TTThucDia": "TXK", "Note": "NULL", "MaVQG": 34, "KH": "MKA", "Check": "NULL", "TenldlrTT1": "Rừng lá rộng thường xanh và nửa rụng lá nghèo kiệt", "Hinh1": "https://five.epicollect.net/api/media/vqgpq2025?type=photo&format=entry_original&name=61300a50-f45c-4adc-a17e-df6706bd9e65_1773905667.jpg", "Hinh2": "https://five.epicollect.net/api/media/vqgpq2025?type=photo&format=entry_original&name=61300a50-f45c-4adc-a17e-df6706bd9e65_1773905678.jpg"}}, {"type": "Feature", "geometry": {"coordinates": [106.96210267682596, 10.543675745730232], "type": "Point"}, "properties": {"fid": 8.0, "ID": 8, "TT": 8, "MaMKA": 8, "Vitri": "Đỉnh núi", "HuongPhoi": "Nam", "Tinh": "Hồ Chí Minh", "Xa": "An Thới Đông", "TK": "66", "NgayDT": "19/03/2026", "NguoiDT": "Nguyễn Văn A", "X_NB": 632467.61, "Y_NB": 1166242.89, "Docao": 207.85, "G1": 3.5, "G2": 4.5, "G3": 4.0, "G4": 2.5, "G5": 3.5, "G": 3.6, "H1": 4.2, "H2": 4.5, "H3": 4.0, "H4": 3.5, "H5": 2.9, "H": 3.8, "M": 6.19, "Dotanche": 0.55, "LoaiUT": "Chiêu liêu xanh", "HuongChup": "Tây", "KCChup": 2.0, "ten_hinh": 8, "TrangThai": "TXK", "TTThucDia": "TXK", "Note": "NULL", "MaVQG": 47, "KH": "MKA", "Check": "NULL", "TenldlrTT1": "Rừng lá rộng thường xanh và nửa rụng lá nghèo kiệt", "Hinh1": "https://five.epicollect.net/api/media/vqgpq2025?type=photo&format=entry_original&name=3875fe15-dbb7-44df-bba5-2ef98f18caf3_1773902075.jpg", "Hinh2": "https://five.epicollect.net/api/media/vqgpq2025?type=photo&format=entry_original&name=3875fe15-dbb7-44df-bba5-2ef98f18caf3_1773902090.jpg"}}, {"type": "Feature", "geometry": {"coordinates": [106.96194580187021, 10.545421635290825], "type": "Point"}, "properties": {"fid": 9.0, "ID": 9, "TT": 9, "MaMKA": 9, "Vitri": "Sườn núi", "HuongPhoi": "Nam", "Tinh": "Hồ Chí Minh", "Xa": "An Thới Đông", "TK": "66", "NgayDT": "19/03/2026", "NguoiDT": "Nguyễn Văn A", "X_NB": 632449.69, "Y_NB": 1166435.96, "Docao": 238.48, "G1": 23.0, "G2": 23.5, "G3": 21.0, "G4": 22.0, "G5": 25.5, "G": 23.0, "H1": 12.5, "H2": 10.6, "H3": 11.0, "H4": 10.6, "H5": 5.2, "H": 10.0, "M": 103.29, "Dotanche": 0.8, "LoaiUT": "Còng, Thị, Kiền kiền", "HuongChup": "Bắc", "KCChup": 2.0, "ten_hinh": 9, "TrangThai": "TXB", "TTThucDia": "TXB", "Note": "NULL", "MaVQG": 38, "KH": "MKA", "Check": "NULL", "TenldlrTT1": "Rừng lá rộng thường xanh và nửa rụng lá trung bình", "Hinh1": "https://five.epicollect.net/api/media/vqgpq2025?type=photo&format=entry_original&name=6b1a5c59-aa3c-44d9-b669-b3eb6262fb09_1773901079.jpg", "Hinh2": "https://five.epicollect.net/api/media/vqgpq2025?type=photo&format=entry_original&name=6b1a5c59-aa3c-44d9-b669-b3eb6262fb09_1773901090.jpg"}}, {"type": "Feature", "geometry": {"coordinates": [106.95755557864067, 10.53787700355316], "type": "Point"}, "properties": {"fid": 10.0, "ID": 10, "TT": 10, "MaMKA": 10, "Vitri": "Đỉnh núi", "HuongPhoi": "Tây Nam", "Tinh": "Hồ Chí Minh", "Xa": "An Thới Đông", "TK": "69", "NgayDT": "19/03/2026", "NguoiDT": "Nguyễn Văn A", "X_NB": 631972.34, "Y_NB": 1165599.49, "Docao": 178.44, "G1": 17.0, "G2": 17.5, "G3": 16.5, "G4": 17.0, "G5": 18.0, "G": 17.2, "H1": 8.0, "H2": 8.0, "H3": 8.3, "H4": 7.0, "H5": 7.5, "H": 7.8, "M": 60.06, "Dotanche": 0.6, "LoaiUT": "Tràm nước", "HuongChup": "Bắc", "KCChup": 2.0, "ten_hinh": 10, "TrangThai": "RNP", "TTThucDia": "RNP", "Note": "NULL", "MaVQG": 15, "KH": "MKA", "Check": "NULL", "TenldlrTT1": "Rừng ngập phèn", "Hinh1": "https://five.epicollect.net/api/media/vqgpq2025?type=photo&format=entry_original&name=09b16849-1789-44f1-a28d-af3bf57ddd89_1773893992.jpg", "Hinh2": "https://five.epicollect.net/api/media/vqgpq2025?type=photo&format=entry_original&name=09b16849-1789-44f1-a28d-af3bf57ddd89_1773894008.jpg"}}, {"type": "Feature", "geometry": {"coordinates": [106.96214129362407, 10.5269411771312], "type": "Point"}, "properties": {"fid": 11.0, "ID": 11, "TT": 11, "MaMKA": 11, "Vitri": "Sườn núi", "HuongPhoi": "Tây Nam", "Tinh": "Hồ Chí Minh", "Xa": "An Thới Đông", "TK": "69", "NgayDT": "19/03/2026", "NguoiDT": "Nguyễn Văn A", "X_NB": 632479.0, "Y_NB": 1164391.67, "Docao": 110.52, "G1": 5.0, "G2": 4.5, "G3": 4.0, "G4": 6.0, "G5": 4.5, "G": 4.8, "H1": 7.5, "H2": 5.5, "H3": 6.5, "H4": 6.0, "H5": 5.0, "H": 6.1, "M": 13.18, "Dotanche": 0.7, "LoaiUT": "Thị, Sầm,ổi rừng", "HuongChup": "Bắc", "KCChup": 2.0, "ten_hinh": 11, "TrangThai": "TXK", "TTThucDia": "TXK", "Note": "NULL", "MaVQG": 35, "KH": "MKA", "Check": "NULL", "TenldlrTT1": "Rừng lá rộng thường xanh và nửa rụng lá nghèo kiệt", "Hinh1": "https://five.epicollect.net/api/media/vqgpq2025?type=photo&format=entry_original&name=11367132-de98-4d53-8ef9-30b6cd778399_1773891675.jpg", "Hinh2": "https://five.epicollect.net/api/media/vqgpq2025?type=photo&format=entry_original&name=11367132-de98-4d53-8ef9-30b6cd778399_1773891691.jpg"}}, {"type": "Feature", "geometry": {"coordinates": [106.97345573328992, 10.51060888038583], "type": "Point"}, "properties": {"fid": 12.0, "ID": 12, "TT": 12, "MaMKA": 12, "Vitri": "Sườn núi", "HuongPhoi": "Tây Nam", "Tinh": "Hồ Chí Minh", "Xa": "An Thới Đông", "TK": "71", "NgayDT": "19/03/2026", "NguoiDT": "Nguyễn Văn A", "X_NB": 633724.64, "Y_NB": 1162589.74, "Docao": 65.89, "G1": 6.0, "G2": 7.0, "G3": 6.0, "G4": 5.5, "G5": 5.0, "G": 5.9, "H1": 8.8, "H2": 8.0, "H3": 7.8, "H4": 6.0, "H5": 4.2, "H": 7.0, "M": 18.48, "Dotanche": 0.75, "LoaiUT": "NULL", "HuongChup": "Bắc", "KCChup": 2.0, "ten_hinh": 12, "TrangThai": "TXK", "TTThucDia": "TXK", "Note": "NULL", "MaVQG": 33, "KH": "MKA", "Check": "NULL", "TenldlrTT1": "Rừng lá rộng thường xanh và nửa rụng lá nghèo kiệt", "Hinh1": "https://five.epicollect.net/api/media/vqgpq2025?type=photo&format=entry_original&name=c7735606-60c8-4c44-9b99-ee6256cfa497_1773888049.jpg", "Hinh2": "https://five.epicollect.net/api/media/vqgpq2025?type=photo&format=entry_original&name=c7735606-60c8-4c44-9b99-ee6256cfa497_1773888067.jpg"}}, {"type": "Feature", "geometry": {"coordinates": [106.97423361382886, 10.495061748303568], "type": "Point"}, "properties": {"fid": 13.0, "ID": 13, "TT": 13, "MaMKA": 13, "Vitri": "Sườn núi", "HuongPhoi": "Tây Nam", "Tinh": "Hồ Chí Minh", "Xa": "An Thới Đông", "TK": "73", "NgayDT": "19/03/2026", "NguoiDT": "Nguyễn Văn A", "X_NB": 633816.5, "Y_NB": 1160870.19, "Docao": 68.62, "G1": 7.0, "G2": 6.5, "G3": 8.0, "G4": 6.0, "G5": 6.5, "G": 6.8, "H1": 8.5, "H2": 5.2, "H3": 6.5, "H4": 6.2, "H5": 4.8, "H": 6.2, "M": 19.09, "Dotanche": 0.65, "LoaiUT": "Thị, Bứa", "HuongChup": "Đông Bắc", "KCChup": 2.0, "ten_hinh": 13, "TrangThai": "TXK", "TTThucDia": "TXK", "Note": "NULL", "MaVQG": 20, "KH": "MKA", "Check": "NULL", "TenldlrTT1": "Rừng lá rộng thường xanh và nửa rụng lá nghèo kiệt", "Hinh1": "https://five.epicollect.net/api/media/vqgpq2025?type=photo&format=entry_original&name=64301378-7e62-4b16-8bf6-3674267f60b0_1773886496.jpg", "Hinh2": "https://five.epicollect.net/api/media/vqgpq2025?type=photo&format=entry_original&name=64301378-7e62-4b16-8bf6-3674267f60b0_1773886512.jpg"}}, {"type": "Feature", "geometry": {"coordinates": [107.00395011390464, 10.519860680985344], "type": "Point"}, "properties": {"fid": 14.0, "ID": 14, "TT": 14, "MaMKA": 14, "Vitri": "Sườn núi", "HuongPhoi": "Đông", "Tinh": "Hồ Chí Minh", "Xa": "An Thới Đông", "TK": "72", "NgayDT": "18/03/2026", "NguoiDT": "Nguyễn Văn A", "X_NB": 637058.98, "Y_NB": 1163626.39, "Docao": 29.12, "G1": 21.0, "G2": 22.0, "G3": 23.0, "G4": 22.0, "G5": 19.5, "G": 21.5, "H1": 12.0, "H2": 10.6, "H3": 9.0, "H4": 7.0, "H5": 4.5, "H": 8.6, "M": 83.4, "Dotanche": 0.75, "LoaiUT": "Dẻ, Thị", "HuongChup": "Nam", "KCChup": 2.0, "ten_hinh": 14, "TrangThai": "TXN", "TTThucDia": "TXN", "Note": "NULL", "MaVQG": 16, "KH": "MKA", "Check": "NULL", "TenldlrTT1": "Rừng lá rộng thường xanh và nửa rụng lá nghèo", "Hinh1": "https://five.epicollect.net/api/media/vqgpq2025?type=photo&format=entry_original&name=9081d01d-057f-4213-a4ac-3cc8cbc6eb2c_1773812601.jpg", "Hinh2": "https://five.epicollect.net/api/media/vqgpq2025?type=photo&format=entry_original&name=9081d01d-057f-4213-a4ac-3cc8cbc6eb2c_1773812618.jpg"}}, {"type": "Feature", "geometry": {"coordinates": [106.87304235585677, 10.562340413420067], "type": "Point"}, "properties": {"fid": 15.0, "ID": 15, "TT": 15, "MaMKA": 15, "Vitri": "Sườn núi", "HuongPhoi": "Tây Nam", "Tinh": "Hồ Chí Minh", "Xa": "An Thới Đông", "TK": "72", "NgayDT": "18/03/2026", "NguoiDT": "Nguyễn Văn A", "X_NB": 622711.43, "Y_NB": 1168271.22, "Docao": 38.79, "G1": 13.0, "G2": 12.0, "G3": 14.0, "G4": 13.5, "G5": 13.0, "G": 13.1, "H1": 7.5, "H2": 7.0, "H3": 8.5, "H4": 6.5, "H5": 3.5, "H": 6.6, "M": 38.91, "Dotanche": 0.73, "LoaiUT": "Trâm, Thị", "HuongChup": "Đông", "KCChup": 2.0, "ten_hinh": 15, "TrangThai": "TXK", "TTThucDia": "TXK", "Note": "NULL", "MaVQG": 68, "KH": "MKA", "Check": "NULL", "TenldlrTT1": "Rừng lá rộng thường xanh và nửa rụng lá nghèo kiệt", "Hinh1": "https://five.epicollect.net/api/media/vqgpq2025?type=photo&format=entry_original&name=d8b5bf7f-2767-4582-b9ce-dcdb942e9424_1773808460.jpg", "Hinh2": "https://five.epicollect.net/api/media/vqgpq2025?type=photo&format=entry_original&name=d8b5bf7f-2767-4582-b9ce-dcdb942e9424_1773808482.jpg"}}, {"type": "Feature", "geometry": {"coordinates": [106.81361502686558, 10.480177575661143], "type": "Point"}, "properties": {"fid": 16.0, "ID": 16, "TT": 16, "MaMKA": 16, "Vitri": "Sườn núi", "HuongPhoi": "Đông Nam", "Tinh": "Hồ Chí Minh", "Xa": "An Thới Đông", "TK": "72", "NgayDT": "18/03/2026", "NguoiDT": "Nguyễn Văn A", "X_NB": 616237.73, "Y_NB": 1159159.77, "Docao": 77.94, "G1": 23.0, "G2": 22.5, "G3": 22.5, "G4": 23.0, "G5": 22.0, "G": 22.6, "H1": 16.0, "H2": 13.5, "H3": 9.5, "H4": 8.1, "H5": 7.2, "H": 10.9, "M": 110.45, "Dotanche": 0.83, "LoaiUT": "Bô bô, Thị", "HuongChup": "Đông Nam", "KCChup": 1.0, "ten_hinh": 16, "TrangThai": "TXB", "TTThucDia": "TXB", "Note": "NULL", "MaVQG": 6600, "KH": "OTC", "Check": "OK", "TenldlrTT1": "Rừng lá rộng thường xanh và nửa rụng lá trung bình", "Hinh1": "https://five.epicollect.net/api/media/vqgpq2025?type=photo&format=entry_original&name=9350416b-ba6f-4747-9b53-506cdeb76506_1773806741.jpg", "Hinh2": "https://five.epicollect.net/api/media/vqgpq2025?type=photo&format=entry_original&name=9350416b-ba6f-4747-9b53-506cdeb76506_1773806755.jpg"}}, {"type": "Feature", "geometry": {"coordinates": [106.89365200152865, 10.416480627887209], "type": "Point"}, "properties": {"fid": 17.0, "ID": 17, "TT": 17, "MaMKA": 17, "Vitri": "Tâm OTC", "HuongPhoi": "Đông", "Tinh": "Hồ Chí Minh", "Xa": "An Thới Đông", "TK": "81", "NgayDT": "17/03/2026", "NguoiDT": "Nguyễn Văn A", "X_NB": 625025.9, "Y_NB": 1152144.3, "Docao": 88.81, "G1": 9.5, "G2": 10.0, "G3": 11.0, "G4": 12.0, "G5": 10.0, "G": 10.5, "H1": 13.0, "H2": 12.5, "H3": 11.0, "H4": 7.5, "H5": 9.0, "H": 10.6, "M": 55.65, "Dotanche": 0.75, "LoaiUT": "Tràm bông vàng", "HuongChup": "Bắc", "KCChup": 2.0, "ten_hinh": 17, "TrangThai": "TG", "TTThucDia": "TG", "Note": "Rừng trồng cây Tràm bông vàng", "MaVQG": 600, "KH": "OTC", "Check": "OK", "TenldlrTT1": "Rừng gỗ trồng núi đất", "Hinh1": "https://five.epicollect.net/api/media/vqgpq2025?type=photo&format=entry_original&name=02086b2a-a863-4236-b3f5-be05ef7dc0e8_1773733460.jpg", "Hinh2": "https://five.epicollect.net/api/media/vqgpq2025?type=photo&format=entry_original&name=02086b2a-a863-4236-b3f5-be05ef7dc0e8_1773733471.jpg"}}, {"type": "Feature", "geometry": {"coordinates": [106.89286431687029, 10.4138328386767], "type": "Point"}, "properties": {"fid": 18.0, "ID": 18, "TT": 18, "MaMKA": 18, "Vitri": "Tâm OTC", "HuongPhoi": "Nam", "Tinh": "Hồ Chí Minh", "Xa": "An Thới Đông", "TK": "81", "NgayDT": "17/03/2026", "NguoiDT": "Nguyễn Văn A", "X_NB": 624940.7, "Y_NB": 1151851.09, "Docao": 36.24, "G1": 17.0, "G2": 16.5, "G3": 16.0, "G4": 17.0, "G5": 16.0, "G": 16.5, "H1": 12.2, "H2": 11.5, "H3": 12.0, "H4": 9.2, "H5": 4.0, "H": 9.8, "M": 80.69, "Dotanche": 0.7, "LoaiUT": "Tràm bông vàng", "HuongChup": "Nam", "KCChup": 2.0, "ten_hinh": 18, "TrangThai": "TG", "TTThucDia": "TG", "Note": "Rừng trồng Tràm bông vàng", "MaVQG": 1700, "KH": "OTC", "Check": "OK", "TenldlrTT1": "Rừng gỗ trồng núi đất", "Hinh1": "https://five.epicollect.net/api/media/vqgpq2025?type=photo&format=entry_original&name=d8f8d5f9-a2f3-4ded-bff3-5df6791fd03f_1773730722.jpg", "Hinh2": "https://five.epicollect.net/api/media/vqgpq2025?type=photo&format=entry_original&name=d8f8d5f9-a2f3-4ded-bff3-5df6791fd03f_1773730735.jpg"}}, {"type": "Feature", "geometry": {"coordinates": [106.8950249353121, 10.40185062558097], "type": "Point"}, "properties": {"fid": 19.0, "ID": 19, "TT": 19, "MaMKA": 19, "Vitri": "Đỉnh núi", "HuongPhoi": "Đông Nam", "Tinh": "Hồ Chí Minh", "Xa": "An Thới Đông", "TK": "81", "NgayDT": "17/03/2026", "NguoiDT": "Nguyễn Văn A", "X_NB": 625182.09, "Y_NB": 1150526.47, "Docao": 54.27, "G1": 0.0, "G2": 0.0, "G3": 0.0, "G4": 0.0, "G5": 0.0, "G": 0.0, "H1": 0.0, "H2": 0.0, "H3": 0.0, "H4": 0.0, "H5": 0.0, "H": 0.0, "M": 0.0, "Dotanche": 0.0, "LoaiUT": "NULL", "HuongChup": "Tây Bắc", "KCChup": 2.0, "ten_hinh": 19, "TrangThai": "DTK", "TTThucDia": "DTK", "Note": "Trạm Hải đăng An Thới", "MaVQG": 10, "KH": "MKA", "Check": "NULL", "TenldlrTT1": "Diện tích khác", "Hinh1": "https://five.epicollect.net/api/media/vqgpq2025?type=photo&format=entry_original&name=f9995af4-6e33-48b7-beb4-de8b376d58ea_1773727568.jpg", "Hinh2": "https://five.epicollect.net/api/media/vqgpq2025?type=photo&format=entry_original&name=f9995af4-6e33-48b7-beb4-de8b376d58ea_1773727636.jpg"}}, {"type": "Feature", "geometry": {"coordinates": [106.89621502053414, 10.454309608757262], "type": "Point"}, "properties": {"fid": 20.0, "ID": 20, "TT": 20, "MaMKA": 20, "Vitri": "Tâm OTC", "HuongPhoi": "Tây", "Tinh": "Hồ Chí Minh", "Xa": "An Thới Đông", "TK": "81", "NgayDT": "17/03/2026", "NguoiDT": "Nguyễn Văn A", "X_NB": 625291.4, "Y_NB": 1156329.97, "Docao": 20.17, "G1": 0.0, "G2": 0.0, "G3": 0.0, "G4": 0.0, "G5": 0.0, "G": 0.0, "H1": 0.0, "H2": 0.0, "H3": 0.0, "H4": 0.0, "H5": 0.0, "H": 0.0, "M": 0.0, "Dotanche": 0.0, "LoaiUT": "NULL", "HuongChup": "Đông", "KCChup": 2.0, "ten_hinh": 20, "TrangThai": "DTK", "TTThucDia": "DTK", "Note": "Đất trống", "MaVQG": 1800, "KH": "OTC", "Check": "OK", "TenldlrTT1": "Diện tích khác", "Hinh1": "https://five.epicollect.net/api/media/vqgpq2025?type=photo&format=entry_original&name=234d4a64-3878-45fe-99d4-f158b4bc2e52_1773724093.jpg", "Hinh2": "https://five.epicollect.net/api/media/vqgpq2025?type=photo&format=entry_original&name=234d4a64-3878-45fe-99d4-f158b4bc2e52_1773724104.jpg"}}, {"type": "Feature", "geometry": {"coordinates": [106.908930026137, 10.419926910355382], "type": "Point"}, "properties": {"fid": 21.0, "ID": 21, "TT": 21, "MaMKA": 21, "Vitri": "Tâm OTC", "HuongPhoi": "Đông", "Tinh": "Hồ Chí Minh", "Xa": "An Thới Đông", "TK": "81", "NgayDT": "17/03/2026", "NguoiDT": "Nguyễn Văn A", "X_NB": 626697.55, "Y_NB": 1152531.61, "Docao": 32.07, "G1": 4.5, "G2": 6.1, "G3": 4.5, "G4": 4.6, "G5": 4.0, "G": 4.74, "H1": 10.8, "H2": 10.0, "H3": 8.6, "H4": 5.5, "H5": 6.3, "H": 8.2, "M": 17.58, "Dotanche": 0.34, "LoaiUT": "Xà cừ, Tràm bông vàng của người dân", "HuongChup": "Bắc", "KCChup": 2.0, "ten_hinh": 21, "TrangThai": "TXK", "TTThucDia": "TXK", "Note": "Đất trồng Xà cừ, Tràm bông vàng của người dân", "MaVQG": 1500, "KH": "OTC", "Check": "OK", "TenldlrTT1": "Rừng lá rộng thường xanh và nửa rụng lá nghèo kiệt", "Hinh1": "https://five.epicollect.net/api/media/vqgpq2025?type=photo&format=entry_original&name=0caa0756-570d-4c2f-944a-1ea94a74fa2c_1773722784.jpg", "Hinh2": "https://five.epicollect.net/api/media/vqgpq2025?type=photo&format=entry_original&name=0caa0756-570d-4c2f-944a-1ea94a74fa2c_1773722799.jpg"}}, {"type": "Feature", "geometry": {"coordinates": [106.91102334169622, 10.415043293325601], "type": "Point"}, "properties": {"fid": 22.0, "ID": 22, "TT": 22, "MaMKA": 22, "Vitri": "Chân núi", "HuongPhoi": "Đông", "Tinh": "Hồ Chí Minh", "Xa": "An Thới Đông", "TK": "81", "NgayDT": "17/03/2026", "NguoiDT": "Nguyễn Văn A", "X_NB": 626928.76, "Y_NB": 1151992.22, "Docao": 36.15, "G1": 0.0, "G2": 0.0, "G3": 0.0, "G4": 0.0, "G5": 0.0, "G": 0.0, "H1": 0.0, "H2": 0.0, "H3": 0.0, "H4": 0.0, "H5": 0.0, "H": 0.0, "M": 0.0, "Dotanche": 0.0, "LoaiUT": "Tràm bông vàng, Đào của người dân", "HuongChup": "Đông Nam", "KCChup": 2.0, "ten_hinh": 22, "TrangThai": "DTK", "TTThucDia": "DTK", "Note": "NULL", "MaVQG": 7, "KH": "MKA", "Check": "NULL", "TenldlrTT1": "Diện tích khác", "Hinh1": "https://five.epicollect.net/api/media/vqgpq2025?type=photo&format=entry_original&name=523ca6a7-ad12-4215-9e58-76ef39d8202b_1773720451.jpg", "Hinh2": "https://five.epicollect.net/api/media/vqgpq2025?type=photo&format=entry_original&name=523ca6a7-ad12-4215-9e58-76ef39d8202b_1773720463.jpg"}}, {"type": "Feature", "geometry": {"coordinates": [106.88767440337675, 10.3941922858976], "type": "Point"}, "properties": {"fid": 23.0, "ID": 23, "TT": 23, "MaMKA": 23, "Vitri": "Sườn núi", "HuongPhoi": "Đông", "Tinh": "Hồ Chí Minh", "Xa": "An Thới Đông", "TK": "81", "NgayDT": "17/03/2026", "NguoiDT": "Nguyễn Văn A", "X_NB": 624380.16, "Y_NB": 1149676.41, "Docao": 51.03, "G1": 23.5, "G2": 23.0, "G3": 23.5, "G4": 22.5, "G5": 24.5, "G": 23.4, "H1": 7.8, "H2": 7.8, "H3": 5.0, "H4": 5.4, "H5": 6.5, "H": 6.5, "M": 68.45, "Dotanche": 0.7, "LoaiUT": "Trâm, Giền trắng", "HuongChup": "Bắc", "KCChup": 1.0, "ten_hinh": 23, "TrangThai": "TXN", "TTThucDia": "TXN", "Note": "NULL", "MaVQG": 8, "KH": "MKA", "Check": "NULL", "TenldlrTT1": "Rừng lá rộng thường xanh và nửa rụng lá nghèo", "Hinh1": "https://five.epicollect.net/api/media/vqgpq2025?type=photo&format=entry_original&name=408ba143-5202-4591-b73e-900eee5fb65c_1773712556.jpg", "Hinh2": "https://five.epicollect.net/api/media/vqgpq2025?type=photo&format=entry_original&name=408ba143-5202-4591-b73e-900eee5fb65c_1773712582.jpg"}}, {"type": "Feature", "geometry": {"coordinates": [106.90594098004924, 10.434115906491936], "type": "Point"}, "properties": {"fid": 24.0, "ID": 24, "TT": 24, "MaMKA": 24, "Vitri": "Tâm OTC", "HuongPhoi": "Nam", "Tinh": "Hồ Chí Minh", "Xa": "An Thới Đông", "TK": "81", "NgayDT": "16/03/2026", "NguoiDT": "Nguyễn Văn A", "X_NB": 626364.5, "Y_NB": 1154100.01, "Docao": 34.27, "G1": 0.0, "G2": 0.0, "G3": 0.0, "G4": 0.0, "G5": 0.0, "G": 0.0, "H1": 0.0, "H2": 0.0, "H3": 0.0, "H4": 0.0, "H5": 0.0, "H": 0.0, "M": 0.0, "Dotanche": 0.0, "LoaiUT": "Cây trồng Mít, Tràm bông vàng của dân", "HuongChup": "Bắc", "KCChup": 2.0, "ten_hinh": 24, "TrangThai": "DTK", "TTThucDia": "DTK", "Note": "Cây bụi và một số cây nông nghiệp Mít", "MaVQG": 2000, "KH": "OTC", "Check": "OK", "TenldlrTT1": "Diện tích khác", "Hinh1": "https://five.epicollect.net/api/media/vqgpq2025?type=photo&format=entry_original&name=077854a8-4286-4a85-9631-708bd58b3ca6_1773644960.jpg", "Hinh2": "https://five.epicollect.net/api/media/vqgpq2025?type=photo&format=entry_original&name=077854a8-4286-4a85-9631-708bd58b3ca6_1773644985.jpg"}}, {"type": "Feature", "geometry": {"coordinates": [106.88018357632514, 10.421105055508649], "type": "Point"}, "properties": {"fid": 25.0, "ID": 25, "TT": 25, "MaMKA": 25, "Vitri": "Sườn núi", "HuongPhoi": "Tây", "Tinh": "Hồ Chí Minh", "Xa": "An Thới Đông", "TK": "80", "NgayDT": "16/03/2026", "NguoiDT": "Nguyễn Văn A", "X_NB": 623549.2, "Y_NB": 1152650.56, "Docao": 53.51, "G1": 14.5, "G2": 14.0, "G3": 14.5, "G4": 15.0, "G5": 15.5, "G": 14.7, "H1": 11.0, "H2": 7.5, "H3": 8.5, "H4": 7.0, "H5": 5.5, "H": 7.9, "M": 52.26, "Dotanche": 0.75, "LoaiUT": "Dẻ, Giền trắng", "HuongChup": "Tây", "KCChup": 2.0, "ten_hinh": 25, "TrangThai": "TXN", "TTThucDia": "TXN", "Note": "NULL", "MaVQG": 6, "KH": "MKA", "Check": "NULL", "TenldlrTT1": "Rừng lá rộng thường xanh và nửa rụng lá nghèo", "Hinh1": "https://five.epicollect.net/api/media/vqgpq2025?type=photo&format=entry_original&name=05c3fce6-3d57-4a36-9831-dc4c36529874_1773624624.jpg", "Hinh2": "https://five.epicollect.net/api/media/vqgpq2025?type=photo&format=entry_original&name=05c3fce6-3d57-4a36-9831-dc4c36529874_1773624637.jpg"}}, {"type": "Feature", "geometry": {"coordinates": [106.87676364303286, 10.517220633252348], "type": "Point"}, "properties": {"fid": 26.0, "ID": 26, "TT": 26, "MaMKA": 26, "Vitri": "Chân núi", "HuongPhoi": "Đông", "Tinh": "Hồ Chí Minh", "Xa": "An Thới Đông", "TK": "75", "NgayDT": "12/3/2026", "NguoiDT": "Nguyễn Văn A", "X_NB": 623136.7, "Y_NB": 1163281.52, "Docao": 46.1, "G1": 17.0, "G2": 16.5, "G3": 18.0, "G4": 18.0, "G5": 18.5, "G": 17.6, "H1": 12.0, "H2": 10.5, "H3": 7.5, "H4": 7.4, "H5": 7.0, "H": 8.9, "M": 70.33, "Dotanche": 0.8, "LoaiUT": "Còng, Trường", "HuongChup": "Nam", "KCChup": 2.0, "ten_hinh": 26, "TrangThai": "TXN", "TTThucDia": "TXN", "Note": "NULL", "MaVQG": 2, "KH": "MKA", "Check": "NULL", "TenldlrTT1": "Rừng lá rộng thường xanh và nửa rụng lá nghèo", "Hinh1": "https://five.epicollect.net/api/media/vqgpq2025?type=photo&format=entry_original&name=939d9f6c-e6c1-44dd-ae44-8683e735b510_1773296145.jpg", "Hinh2": "https://five.epicollect.net/api/media/vqgpq2025?type=photo&format=entry_original&name=939d9f6c-e6c1-44dd-ae44-8683e735b510_1773296157.jpg"}}, {"type": "Feature", "geometry": {"coordinates": [106.85850015430528, 10.578350941487761], "type": "Point"}, "properties": {"fid": 27.0, "ID": 27, "TT": 27, "MaMKA": 27, "Vitri": "Chân núi", "HuongPhoi": "Nam", "Tinh": "Hồ Chí Minh", "Xa": "An Thới Đông", "TK": "65", "NgayDT": "12/3/2026", "NguoiDT": "Nguyễn Văn A", "X_NB": 621113.44, "Y_NB": 1170036.62, "Docao": 45.53, "G1": 20.0, "G2": 19.5, "G3": 19.0, "G4": 19.0, "G5": 21.5, "G": 19.8, "H1": 8.8, "H2": 9.3, "H3": 10.5, "H4": 7.5, "H5": 7.5, "H": 8.7, "M": 77.7, "Dotanche": 0.78, "LoaiUT": "Thị, Kiền kiền", "HuongChup": "Bắc", "KCChup": 2.0, "ten_hinh": 27, "TrangThai": "TXN", "TTThucDia": "TXN", "Note": "NULL", "MaVQG": 41, "KH": "MKA", "Check": "NULL", "TenldlrTT1": "Rừng lá rộng thường xanh và nửa rụng lá nghèo", "Hinh1": "https://five.epicollect.net/api/media/vqgpq2025?type=photo&format=entry_original&name=424398a5-0008-4c68-8f99-82cb028d2426_1773293920.jpg", "Hinh2": "https://five.epicollect.net/api/media/vqgpq2025?type=photo&format=entry_original&name=424398a5-0008-4c68-8f99-82cb028d2426_1773293930.jpg"}}, {"type": "Feature", "geometry": {"coordinates": [106.83300210402318, 10.566174739891837], "type": "Point"}, "properties": {"fid": 28.0, "ID": 28, "TT": 28, "MaMKA": 28, "Vitri": "Chân núi", "HuongPhoi": "Tây", "Tinh": "Hồ Chí Minh", "Xa": "An Thới Đông", "TK": "64", "NgayDT": "12/3/2026", "NguoiDT": "Nguyễn Văn A", "X_NB": 618327.41, "Y_NB": 1168679.9, "Docao": 39.13, "G1": 20.0, "G2": 19.5, "G3": 20.0, "G4": 19.5, "G5": 19.0, "G": 19.6, "H1": 6.5, "H2": 8.0, "H3": 7.5, "H4": 7.5, "H5": 10.5, "H": 8.0, "M": 70.56, "Dotanche": 0.75, "LoaiUT": "Thị, Bứa", "HuongChup": "Bắc", "KCChup": 1.0, "ten_hinh": 28, "TrangThai": "TXN", "TTThucDia": "TXN", "Note": "NULL", "MaVQG": 38, "KH": "MKA", "Check": "NULL", "TenldlrTT1": "Rừng lá rộng thường xanh và nửa rụng lá nghèo", "Hinh1": "https://five.epicollect.net/api/media/vqgpq2025?type=photo&format=entry_original&name=46fdff49-58a5-408c-a7c3-8c31f0bcfedd_1773289856.jpg", "Hinh2": "https://five.epicollect.net/api/media/vqgpq2025?type=photo&format=entry_original&name=46fdff49-58a5-408c-a7c3-8c31f0bcfedd_1773289882.jpg"}}, {"type": "Feature", "geometry": {"coordinates": [106.80344597812679, 10.595757530620908], "type": "Point"}, "properties": {"fid": 29.0, "ID": 29, "TT": 29, "MaMKA": 29, "Vitri": "Chân núi", "HuongPhoi": "Tây Nam", "Tinh": "Hồ Chí Minh", "Xa": "An Thới Đông", "TK": "60", "NgayDT": "12/3/2026", "NguoiDT": "Nguyễn Văn A", "X_NB": 615081.41, "Y_NB": 1171941.23, "Docao": 10.21, "G1": 31.0, "G2": 31.5, "G3": 32.0, "G4": 32.0, "G5": 32.0, "G": 31.7, "H1": 7.8, "H2": 8.0, "H3": 8.0, "H4": 7.0, "H5": 6.5, "H": 7.5, "M": 106.42, "Dotanche": 0.55, "LoaiUT": "Tràm nước", "HuongChup": "Tây Bắc", "KCChup": 2.0, "ten_hinh": 29, "TrangThai": "RNP", "TTThucDia": "RNP", "Note": "NULL", "MaVQG": 59, "KH": "MKA", "Check": "NULL", "TenldlrTT1": "Rừng ngập phèn", "Hinh1": "https://five.epicollect.net/api/media/vqgpq2025?type=photo&format=entry_original&name=f5782585-c2aa-4f0a-a6c3-f532a0b86a5e_1773288157.jpg", "Hinh2": "https://five.epicollect.net/api/media/vqgpq2025?type=photo&format=entry_original&name=f5782585-c2aa-4f0a-a6c3-f532a0b86a5e_1773288171.jpg"}}, {"type": "Feature", "geometry": {"coordinates": [106.79555776307419, 10.615682119587538], "type": "Point"}, "properties": {"fid": 30.0, "ID": 30, "TT": 30, "MaMKA": 30, "Vitri": "Chân núi", "HuongPhoi": "Nam", "Tinh": "Hồ Chí Minh", "Xa": "An Thới Đông", "TK": "60", "NgayDT": "12/3/2026", "NguoiDT": "Nguyễn Văn A", "X_NB": 614210.72, "Y_NB": 1174142.34, "Docao": 40.61, "G1": 21.0, "G2": 20.5, "G3": 20.5, "G4": 21.5, "G5": 20.0, "G": 20.7, "H1": 7.0, "H2": 8.5, "H3": 9.0, "H4": 11.0, "H5": 19.0, "H": 10.9, "M": 101.53, "Dotanche": 0.85, "LoaiUT": "Gội, Thị", "HuongChup": "Bắc", "KCChup": 2.0, "ten_hinh": 30, "TrangThai": "TXB", "TTThucDia": "TXB", "Note": "NULL", "MaVQG": 44, "KH": "MKA", "Check": "NULL", "TenldlrTT1": "Rừng lá rộng thường xanh và nửa rụng lá trung bình", "Hinh1": "https://five.epicollect.net/api/media/vqgpq2025?type=photo&format=entry_original&name=ba9b6bdf-d3af-4b28-981d-badd40a8bc7b_1773284980.jpg", "Hinh2": "https://five.epicollect.net/api/media/vqgpq2025?type=photo&format=entry_original&name=ba9b6bdf-d3af-4b28-981d-badd40a8bc7b_1773284993.jpg"}}, {"type": "Feature", "geometry": {"coordinates": [106.88979478495963, 10.409670395451299], "type": "Point"}, "properties": {"fid": 31.0, "ID": 31, "TT": 31, "MaMKA": 31, "Vitri": "Sườn núi", "HuongPhoi": "Đông", "Tinh": "Hồ Chí Minh", "Xa": "An Thới Đông", "TK": "80", "NgayDT": "11/3/2026", "NguoiDT": "Nguyễn Văn A", "X_NB": 624606.22, "Y_NB": 1151389.43, "Docao": 53.03, "G1": 17.0, "G2": 16.5, "G3": 17.0, "G4": 16.5, "G5": 16.5, "G": 16.7, "H1": 10.0, "H2": 9.6, "H3": 7.5, "H4": 4.2, "H5": 5.5, "H": 7.4, "M": 55.31, "Dotanche": 0.7, "LoaiUT": "Bứa, Thị", "HuongChup": "Đông Bắc", "KCChup": 2.0, "ten_hinh": 31, "TrangThai": "TXN", "TTThucDia": "TXN", "Note": "NULL", "MaVQG": 300, "KH": "OTC", "Check": "OK", "TenldlrTT1": "Rừng lá rộng thường xanh và nửa rụng lá nghèo", "Hinh1": "https://five.epicollect.net/api/media/vqgpq2025?type=photo&format=entry_original&name=2c185a58-1c1a-4aa0-b6cf-3e053ca8786f_1773216239.jpg", "Hinh2": "https://five.epicollect.net/api/media/vqgpq2025?type=photo&format=entry_original&name=2c185a58-1c1a-4aa0-b6cf-3e053ca8786f_1773216253.jpg"}}, {"type": "Feature", "geometry": {"coordinates": [106.91226418959958, 10.42369529571712], "type": "Point"}, "properties": {"fid": 32.0, "ID": 32, "TT": 32, "MaMKA": 32, "Vitri": "Sườn núi", "HuongPhoi": "Đông", "Tinh": "Hồ Chí Minh", "Xa": "An Thới Đông", "TK": "79", "NgayDT": "11/3/2026", "NguoiDT": "Nguyễn Văn A", "X_NB": 627061.13, "Y_NB": 1152949.81, "Docao": 164.79, "G1": 13.5, "G2": 13.0, "G3": 12.5, "G4": 13.5, "G5": 13.5, "G": 13.2, "H1": 11.0, "H2": 10.2, "H3": 7.0, "H4": 7.5, "H5": 8.0, "H": 8.7, "M": 51.92, "Dotanche": 0.8, "LoaiUT": "Thị, Cọc rào", "HuongChup": "Đông", "KCChup": 2.0, "ten_hinh": 32, "TrangThai": "TXN", "TTThucDia": "TXN", "Note": "NULL", "MaVQG": 6500, "KH": "OTC", "Check": "OK", "TenldlrTT1": "Rừng lá rộng thường xanh và nửa rụng lá nghèo", "Hinh1": "https://five.epicollect.net/api/media/vqgpq2025?type=photo&format=entry_original&name=56e3715d-2d1f-431e-9603-26ebd0c05580_1773203399.jpg", "Hinh2": "https://five.epicollect.net/api/media/vqgpq2025?type=photo&format=entry_original&name=56e3715d-2d1f-431e-9603-26ebd0c05580_1773203423.jpg"}}, {"type": "Feature", "geometry": {"coordinates": [106.9463254295028, 10.422356020624942], "type": "Point"}, "properties": {"fid": 33.0, "ID": 33, "TT": 33, "MaMKA": 33, "Vitri": "Sườn núi", "HuongPhoi": "Tây Nam", "Tinh": "Hồ Chí Minh", "Xa": "An Thới Đông", "TK": "77", "NgayDT": "10/3/2026", "NguoiDT": "Nguyễn Văn A", "X_NB": 630791.57, "Y_NB": 1152815.55, "Docao": 65.89, "G1": 20.5, "G2": 23.5, "G3": 22.5, "G4": 26.0, "G5": 22.8, "G": 23.06, "H1": 11.0, "H2": 12.5, "H3": 10.0, "H4": 8.0, "H5": 7.0, "H": 9.7, "M": 100.66, "Dotanche": 0.82, "LoaiUT": "Máu chó, Trâm", "HuongChup": "Đông Bắc", "KCChup": 2.0, "ten_hinh": 33, "TrangThai": "TXB", "TTThucDia": "TXB", "Note": "NULL", "MaVQG": 26, "KH": "MKA", "Check": "NULL", "TenldlrTT1": "Rừng lá rộng thường xanh và nửa rụng lá trung bình", "Hinh1": "https://five.epicollect.net/api/media/vqgpq2025?type=photo&format=entry_original&name=720e5eab-8f0d-4021-953b-0b22c099cf0b_1773125731.jpg", "Hinh2": "https://five.epicollect.net/api/media/vqgpq2025?type=photo&format=entry_original&name=720e5eab-8f0d-4021-953b-0b22c099cf0b_1773125742.jpg"}}, {"type": "Feature", "geometry": {"coordinates": [106.93466636806764, 10.429632803839445], "type": "Point"}, "properties": {"fid": 34.0, "ID": 34, "TT": 34, "MaMKA": 34, "Vitri": "Sườn núi", "HuongPhoi": "Tây Nam", "Tinh": "Hồ Chí Minh", "Xa": "An Thới Đông", "TK": "77", "NgayDT": "10/3/2026", "NguoiDT": "Nguyễn Văn A", "X_NB": 629511.82, "Y_NB": 1153615.72, "Docao": 45.65, "G1": 7.5, "G2": 8.0, "G3": 7.5, "G4": 8.0, "G5": 7.0, "G": 7.6, "H1": 4.2, "H2": 5.0, "H3": 5.2, "H4": 6.0, "H5": 8.5, "H": 5.8, "M": 19.77, "Dotanche": 0.5, "LoaiUT": "Xăng mã, Sao đen", "HuongChup": "Tây Nam", "KCChup": 2.0, "ten_hinh": 34, "TrangThai": "TXK", "TTThucDia": "TXK", "Note": "Rừng nghèo kiệt có một số cây Sao đen trồng", "MaVQG": 25, "KH": "MKA", "Check": "NULL", "TenldlrTT1": "Rừng lá rộng thường xanh và nửa rụng lá nghèo kiệt", "Hinh1": "https://five.epicollect.net/api/media/vqgpq2025?type=photo&format=entry_original&name=4334ef4a-d841-49eb-a25c-3df62b442c82_1773124138.jpg", "Hinh2": "https://five.epicollect.net/api/media/vqgpq2025?type=photo&format=entry_original&name=4334ef4a-d841-49eb-a25c-3df62b442c82_1773124151.jpg"}}, {"type": "Feature", "geometry": {"coordinates": [106.8848064262116, 10.424868390745516], "type": "Point"}, "properties": {"fid": 35.0, "ID": 35, "TT": 35, "MaMKA": 35, "Vitri": "Tâm OTC", "HuongPhoi": "Tây Nam", "Tinh": "Hồ Chí Minh", "Xa": "An Thới Đông", "TK": "77", "NgayDT": "10/3/2026", "NguoiDT": "Nguyễn Văn A", "X_NB": 624053.93, "Y_NB": 1153068.67, "Docao": 77.13, "G1": 24.3, "G2": 20.5, "G3": 23.5, "G4": 23.4, "G5": 20.1, "G": 22.36, "H1": 11.5, "H2": 11.5, "H3": 10.8, "H4": 7.0, "H5": 7.5, "H": 9.7, "M": 97.2, "Dotanche": 0.8, "LoaiUT": "Hà nụ, Làu táu, Bứa", "HuongChup": "Tây", "KCChup": 1.0, "ten_hinh": 35, "TrangThai": "TXN", "TTThucDia": "TXN", "Note": "NULL", "MaVQG": 6400, "KH": "OTC", "Check": "OK", "TenldlrTT1": "Rừng lá rộng thường xanh và nửa rụng lá nghèo", "Hinh1": "https://five.epicollect.net/api/media/vqgpq2025?type=photo&format=entry_original&name=a52dc2a9-6713-4608-8475-955e0e4efa4f_1773122317.jpg", "Hinh2": "https://five.epicollect.net/api/media/vqgpq2025?type=photo&format=entry_original&name=a52dc2a9-6713-4608-8475-955e0e4efa4f_1773122335.jpg"}}, {"type": "Feature", "geometry": {"coordinates": [106.92615279030265, 10.43332140012898], "type": "Point"}, "properties": {"fid": 36.0, "ID": 36, "TT": 36, "MaMKA": 36, "Vitri": "Tâm OTC", "HuongPhoi": "Tây", "Tinh": "Hồ Chí Minh", "Xa": "An Thới Đông", "TK": "77", "NgayDT": "10/3/2026", "NguoiDT": "Nguyễn Văn A", "X_NB": 628578.04, "Y_NB": 1154020.28, "Docao": 44.12, "G1": 21.5, "G2": 21.0, "G3": 21.5, "G4": 22.0, "G5": 20.5, "G": 21.3, "H1": 3.8, "H2": 3.7, "H3": 6.1, "H4": 10.5, "H5": 8.5, "H": 6.5, "M": 62.49, "Dotanche": 0.6, "LoaiUT": "Sổ, Sao đen, Cám", "HuongChup": "Đông Bắc", "KCChup": 1.0, "ten_hinh": 36, "TrangThai": "TXN", "TTThucDia": "TXN", "Note": "Rừng nghèo + rừng trồng cây Sao đen", "MaVQG": 1600, "KH": "OTC", "Check": "OK", "TenldlrTT1": "Rừng lá rộng thường xanh và nửa rụng lá nghèo", "Hinh1": "https://five.epicollect.net/api/media/vqgpq2025?type=photo&format=entry_original&name=9d468d61-acae-45a4-a331-b8c9bd4a1087_1773115379.jpg", "Hinh2": "https://five.epicollect.net/api/media/vqgpq2025?type=photo&format=entry_original&name=9d468d61-acae-45a4-a331-b8c9bd4a1087_1773115399.jpg"}}, {"type": "Feature", "geometry": {"coordinates": [106.91238996379089, 10.457232957938894], "type": "Point"}, "properties": {"fid": 37.0, "ID": 37, "TT": 37, "MaMKA": 37, "Vitri": "Chân núi", "HuongPhoi": "Tây Nam", "Tinh": "Hồ Chí Minh", "Xa": "An Thới Đông", "TK": "76", "NgayDT": "10/3/2026", "NguoiDT": "Nguyễn Văn A", "X_NB": 627061.26, "Y_NB": 1156659.83, "Docao": 97.72, "G1": 2.0, "G2": 1.5, "G3": 2.5, "G4": 3.5, "G5": 1.5, "G": 2.2, "H1": 6.5, "H2": 6.5, "H3": 6.0, "H4": 6.6, "H5": 6.0, "H": 6.3, "M": 6.26, "Dotanche": 0.55, "LoaiUT": "Côm, Da", "HuongChup": "Tây", "KCChup": 1.0, "ten_hinh": 37, "TrangThai": "TXK", "TTThucDia": "TXK", "Note": "NULL", "MaVQG": 3, "KH": "MKA", "Check": "NULL", "TenldlrTT1": "Rừng lá rộng thường xanh và nửa rụng lá nghèo kiệt", "Hinh1": "https://five.epicollect.net/api/media/vqgpq2025?type=photo&format=entry_original&name=98761373-73fe-403d-801d-6055b60c6220_1773110382.jpg", "Hinh2": "https://five.epicollect.net/api/media/vqgpq2025?type=photo&format=entry_original&name=98761373-73fe-403d-801d-6055b60c6220_1773110399.jpg"}}, {"type": "Feature", "geometry": {"coordinates": [106.91555633495214, 10.461845556276169], "type": "Point"}, "properties": {"fid": 38.0, "ID": 38, "TT": 38, "MaMKA": 38, "Vitri": "Chân núi", "HuongPhoi": "Tây Nam", "Tinh": "Hồ Chí Minh", "Xa": "An Thới Đông", "TK": "76", "NgayDT": "10/3/2026", "NguoiDT": "Nguyễn Văn A", "X_NB": 627406.07, "Y_NB": 1157171.36, "Docao": 147.12, "G1": 14.5, "G2": 14.5, "G3": 15.5, "G4": 14.0, "G5": 14.0, "G": 14.5, "H1": 11.5, "H2": 11.0, "H3": 11.3, "H4": 2.7, "H5": 7.0, "H": 8.7, "M": 56.77, "Dotanche": 0.8, "LoaiUT": "Tràm bông vàng, Chàm bìa, Còng", "HuongChup": "Đông Bắc", "KCChup": 1.0, "ten_hinh": 38, "TrangThai": "TXN", "TTThucDia": "TXN", "Note": "Rừng nghèo xen lẫn Tràm bông vàng", "MaVQG": 100, "KH": "OTC", "Check": "OK", "TenldlrTT1": "Rừng lá rộng thường xanh và nửa rụng lá nghèo", "Hinh1": "https://five.epicollect.net/api/media/vqgpq2025?type=photo&format=entry_original&name=f1a843cb-da6b-4c7f-a35d-ea41c7ba7ff0_1773108220.jpg", "Hinh2": "https://five.epicollect.net/api/media/vqgpq2025?type=photo&format=entry_original&name=f1a843cb-da6b-4c7f-a35d-ea41c7ba7ff0_1773108236.jpg"}}, {"type": "Feature", "geometry": {"coordinates": [106.90781680398246, 10.481580688481783], "type": "Point"}, "properties": {"fid": 39.0, "ID": 39, "TT": 39, "MaMKA": 39, "Vitri": "Chân núi", "HuongPhoi": "Đông Bắc", "Tinh": "Hồ Chí Minh", "Xa": "An Thới Đông", "TK": "53", "NgayDT": "9/3/2026", "NguoiDT": "Nguyễn Văn A", "X_NB": 626550.64, "Y_NB": 1159351.36, "Docao": 10.39, "G1": 24.5, "G2": 25.0, "G3": 25.5, "G4": 23.5, "G5": 23.5, "G": 24.4, "H1": 2.8, "H2": 3.2, "H3": 3.0, "H4": 3.3, "H5": 6.5, "H": 3.8, "M": 41.28, "Dotanche": 0.5, "LoaiUT": "Cui, Đước đôi", "HuongChup": "Đông Bắc", "KCChup": 2.0, "ten_hinh": 39, "TrangThai": "RNM", "TTThucDia": "RNM", "Note": "NULL", "MaVQG": 78, "KH": "MKA", "Check": "NULL", "TenldlrTT1": "Rừng ngập mặn", "Hinh1": "https://five.epicollect.net/api/media/vqgpq2025?type=photo&format=entry_original&name=0c1b39b6-b6ec-40c8-9d6b-2cc896866ce7_1773027147.jpg", "Hinh2": "https://five.epicollect.net/api/media/vqgpq2025?type=photo&format=entry_original&name=0c1b39b6-b6ec-40c8-9d6b-2cc896866ce7_1773027166.jpg"}}, {"type": "Feature", "geometry": {"coordinates": [106.90407961095883, 10.481006675345604], "type": "Point"}, "properties": {"fid": 40.0, "ID": 40, "TT": 40, "MaMKA": 40, "Vitri": "Tâm OTC", "HuongPhoi": "Đông Bắc", "Tinh": "Hồ Chí Minh", "Xa": "An Thới Đông", "TK": "55", "NgayDT": "9/3/2026", "NguoiDT": "Nguyễn Văn A", "X_NB": 626141.71, "Y_NB": 1159286.36, "Docao": 7.43, "G1": 9.5, "G2": 8.0, "G3": 7.0, "G4": 7.5, "G5": 9.5, "G": 8.3, "H1": 6.0, "H2": 4.6, "H3": 3.9, "H4": 3.9, "H5": 3.2, "H": 4.3, "M": 16.14, "Dotanche": 0.6, "LoaiUT": "Cóc đỏ", "HuongChup": "Nam", "KCChup": 1.0, "ten_hinh": 40, "TrangThai": "RNM", "TTThucDia": "RNM", "Note": "NULL", "MaVQG": 6800, "KH": "OTC", "Check": "OK", "TenldlrTT1": "Rừng ngập mặn", "Hinh1": "https://five.epicollect.net/api/media/vqgpq2025?type=photo&format=entry_original&name=77a83fc3-2227-467a-a929-763552f36404_1773025990.jpg", "Hinh2": "https://five.epicollect.net/api/media/vqgpq2025?type=photo&format=entry_original&name=77a83fc3-2227-467a-a929-763552f36404_1773026006.jpg"}}, {"type": "Feature", "geometry": {"coordinates": [106.90149852923966, 10.480939188458313], "type": "Point"}, "properties": {"fid": 41.0, "ID": 41, "TT": 41, "MaMKA": 41, "Vitri": "Chân núi", "HuongPhoi": "Đông Bắc", "Tinh": "Hồ Chí Minh", "Xa": "An Thới Đông", "TK": "55", "NgayDT": "9/3/2026", "NguoiDT": "Nguyễn Văn A", "X_NB": 625859.15, "Y_NB": 1159277.86, "Docao": 8.5, "G1": 8.5, "G2": 9.0, "G3": 8.5, "G4": 9.5, "G5": 10.0, "G": 9.1, "H1": 7.8, "H2": 6.7, "H3": 6.4, "H4": 3.5, "H5": 3.0, "H": 5.5, "M": 22.44, "Dotanche": 0.6, "LoaiUT": "Cóc đỏ, Đước đôi, Giá", "HuongChup": "Nam", "KCChup": 2.0, "ten_hinh": 41, "TrangThai": "RNM", "TTThucDia": "RNM", "Note": "NULL", "MaVQG": 77, "KH": "MKA", "Check": "NULL", "TenldlrTT1": "Rừng ngập mặn", "Hinh1": "https://five.epicollect.net/api/media/vqgpq2025?type=photo&format=entry_original&name=9a2cfaab-8071-4679-9490-016fad0189e6_1773024858.jpg", "Hinh2": "https://five.epicollect.net/api/media/vqgpq2025?type=photo&format=entry_original&name=9a2cfaab-8071-4679-9490-016fad0189e6_1773024880.jpg"}}, {"type": "Feature", "geometry": {"coordinates": [106.90003087215395, 10.479788204442919], "type": "Point"}, "properties": {"fid": 42.0, "ID": 42, "TT": 42, "MaMKA": 42, "Vitri": "Tâm OTC", "HuongPhoi": "Đông Bắc", "Tinh": "Hồ Chí Minh", "Xa": "An Thới Đông", "TK": "53", "NgayDT": "9/3/2026", "NguoiDT": "Nguyễn Văn A", "X_NB": 625698.93, "Y_NB": 1159149.95, "Docao": 12.98, "G1": 20.5, "G2": 22.5, "G3": 21.0, "G4": 19.5, "G5": 20.0, "G": 20.7, "H1": 5.3, "H2": 6.8, "H3": 4.3, "H4": 4.3, "H5": 2.5, "H": 4.6, "M": 43.22, "Dotanche": 0.55, "LoaiUT": "Cóc đỏ, Đước đôi", "HuongChup": "Nam", "KCChup": 1.0, "ten_hinh": 42, "TrangThai": "RNM", "TTThucDia": "RNM", "Note": "NULL", "MaVQG": 6300, "KH": "OTC", "Check": "OK", "TenldlrTT1": "Rừng ngập mặn", "Hinh1": "https://five.epicollect.net/api/media/vqgpq2025?type=photo&format=entry_original&name=f4813403-11e1-477a-a034-48c6e8c1b24d_1773023624.jpg", "Hinh2": "https://five.epicollect.net/api/media/vqgpq2025?type=photo&format=entry_original&name=f4813403-11e1-477a-a034-48c6e8c1b24d_1773023640.jpg"}}, {"type": "Feature", "geometry": {"coordinates": [106.89991667768011, 10.482009899199861], "type": "Point"}, "properties": {"fid": 43.0, "ID": 43, "TT": 43, "MaMKA": 43, "Vitri": "Chân núi", "HuongPhoi": "Nam", "Tinh": "Hồ Chí Minh", "Xa": "An Thới Đông", "TK": "53", "NgayDT": "9/3/2026", "NguoiDT": "Nguyễn Văn A", "X_NB": 625685.53, "Y_NB": 1159395.67, "Docao": 13.55, "G1": 8.5, "G2": 9.5, "G3": 10.0, "G4": 9.5, "G5": 10.0, "G": 9.5, "H1": 7.2, "H2": 7.5, "H3": 7.0, "H4": 6.5, "H5": 5.0, "H": 6.6, "M": 28.39, "Dotanche": 0.45, "LoaiUT": "Tràm nước, Vẹt", "HuongChup": "Đông", "KCChup": 2.0, "ten_hinh": 43, "TrangThai": "RNM", "TTThucDia": "RNM", "Note": "NULL", "MaVQG": 72, "KH": "MKA", "Check": "NULL", "TenldlrTT1": "Rừng ngập mặn", "Hinh1": "https://five.epicollect.net/api/media/vqgpq2025?type=photo&format=entry_original&name=8f76e672-736f-49c0-a0e9-f2cb27b365cb_1773022606.jpg", "Hinh2": "https://five.epicollect.net/api/media/vqgpq2025?type=photo&format=entry_original&name=8f76e672-736f-49c0-a0e9-f2cb27b365cb_1773022623.jpg"}}, {"type": "Feature", "geometry": {"coordinates": [106.89207210472024, 10.483378053785907], "type": "Point"}, "properties": {"fid": 44.0, "ID": 44, "TT": 44, "MaMKA": 44, "Vitri": "Chân núi", "HuongPhoi": "Đông Bắc", "Tinh": "Hồ Chí Minh", "Xa": "An Thới Đông", "TK": "53", "NgayDT": "9/3/2026", "NguoiDT": "Nguyễn Văn A", "X_NB": 624826.13, "Y_NB": 1159543.89, "Docao": 8.66, "G1": 18.0, "G2": 18.5, "G3": 18.0, "G4": 19.0, "G5": 18.5, "G": 18.4, "H1": 2.4, "H2": 2.6, "H3": 3.0, "H4": 2.5, "H5": 7.5, "H": 3.6, "M": 29.81, "Dotanche": 0.45, "LoaiUT": "Đước đôi", "HuongChup": "Tây Nam", "KCChup": 2.0, "ten_hinh": 44, "TrangThai": "RNM", "TTThucDia": "RNM", "Note": "NULL", "MaVQG": 6700, "KH": "OTC", "Check": "OK", "TenldlrTT1": "Rừng ngập mặn", "Hinh1": "https://five.epicollect.net/api/media/vqgpq2025?type=photo&format=entry_original&name=d05588e9-3065-460e-a862-a7e55b5666e2_1773021478.jpg", "Hinh2": "https://five.epicollect.net/api/media/vqgpq2025?type=photo&format=entry_original&name=d05588e9-3065-460e-a862-a7e55b5666e2_1773021516.jpg"}}, {"type": "Feature", "geometry": {"coordinates": [106.89882515198448, 10.478703975768624], "type": "Point"}, "properties": {"fid": 45.0, "ID": 45, "TT": 45, "MaMKA": 45, "Vitri": "Tâm OTC", "HuongPhoi": "Đông", "Tinh": "Hồ Chí Minh", "Xa": "An Thới Đông", "TK": "55", "NgayDT": "6/3/2026", "NguoiDT": "Nguyễn Văn A", "X_NB": 625567.36, "Y_NB": 1159029.53, "Docao": 11.76, "G1": 15.0, "G2": 15.5, "G3": 16.0, "G4": 14.0, "G5": 15.5, "G": 15.2, "H1": 7.6, "H2": 7.5, "H3": 5.2, "H4": 2.5, "H5": 3.0, "H": 5.2, "M": 35.29, "Dotanche": 0.5, "LoaiUT": "Cóc đỏ, Đước đôi", "HuongChup": "Tây Nam", "KCChup": 2.0, "ten_hinh": 45, "TrangThai": "RNM", "TTThucDia": "RNM", "Note": "NULL", "MaVQG": 73, "KH": "MKA", "Check": "NULL", "TenldlrTT1": "Rừng ngập mặn", "Hinh1": "https://five.epicollect.net/api/media/vqgpq2025?type=photo&format=entry_original&name=8d1877b4-8e38-43f3-be87-253485c105b1_1772780925.jpg", "Hinh2": "https://five.epicollect.net/api/media/vqgpq2025?type=photo&format=entry_original&name=8d1877b4-8e38-43f3-be87-253485c105b1_1772780945.jpg"}}, {"type": "Feature", "geometry": {"coordinates": [106.90094391743777, 10.476731047671224], "type": "Point"}, "properties": {"fid": 46.0, "ID": 46, "TT": 46, "MaMKA": 46, "Vitri": "Chân núi", "HuongPhoi": "Đông", "Tinh": "Hồ Chí Minh", "Xa": "An Thới Đông", "TK": "54", "NgayDT": "6/3/2026", "NguoiDT": "Nguyễn Văn A", "X_NB": 625800.13, "Y_NB": 1158812.13, "Docao": 8.13, "G1": 15.5, "G2": 16.0, "G3": 16.0, "G4": 15.0, "G5": 15.5, "G": 15.6, "H1": 7.0, "H2": 7.5, "H3": 7.2, "H4": 4.5, "H5": 4.7, "H": 6.2, "M": 43.38, "Dotanche": 0.5, "LoaiUT": "Cóc đỏ", "HuongChup": "Đông", "KCChup": 2.0, "ten_hinh": 46, "TrangThai": "RNM", "TTThucDia": "RNM", "Note": "NULL", "MaVQG": 73, "KH": "MKA", "Check": "NULL", "TenldlrTT1": "Rừng ngập mặn", "Hinh1": "https://five.epicollect.net/api/media/vqgpq2025?type=photo&format=entry_original&name=020f2c12-5069-4f4c-ac12-1ba0e8616ff6_1772779991.jpg", "Hinh2": "https://five.epicollect.net/api/media/vqgpq2025?type=photo&format=entry_original&name=020f2c12-5069-4f4c-ac12-1ba0e8616ff6_1772780003.jpg"}}, {"type": "Feature", "geometry": {"coordinates": [106.90003857248617, 10.47298610896907], "type": "Point"}, "properties": {"fid": 47.0, "ID": 47, "TT": 47, "MaMKA": 47, "Vitri": "Chân núi", "HuongPhoi": "Đông", "Tinh": "Hồ Chí Minh", "Xa": "An Thới Đông", "TK": "55", "NgayDT": "6/3/2026", "NguoiDT": "Nguyễn Văn A", "X_NB": 625702.52, "Y_NB": 1158397.5, "Docao": 11.72, "G1": 11.5, "G2": 12.0, "G3": 12.0, "G4": 10.0, "G5": 11.0, "G": 11.3, "H1": 3.5, "H2": 7.0, "H3": 7.8, "H4": 3.0, "H5": 8.5, "H": 6.0, "M": 30.31, "Dotanche": 0.55, "LoaiUT": "Cóc đỏ", "HuongChup": "Bắc", "KCChup": 2.0, "ten_hinh": 47, "TrangThai": "RNM", "TTThucDia": "RNM", "Note": "NULL", "MaVQG": 74, "KH": "MKA", "Check": "NULL", "TenldlrTT1": "Rừng ngập mặn", "Hinh1": "https://five.epicollect.net/api/media/vqgpq2025?type=photo&format=entry_original&name=65ef0af9-3101-403a-a319-cd49d4d0fa04_1772779167.jpg", "Hinh2": "https://five.epicollect.net/api/media/vqgpq2025?type=photo&format=entry_original&name=65ef0af9-3101-403a-a319-cd49d4d0fa04_1772779188.jpg"}}, {"type": "Feature", "geometry": {"coordinates": [106.88100136028011, 10.500815880080042], "type": "Point"}, "properties": {"fid": 48.0, "ID": 48, "TT": 48, "MaMKA": 48, "Vitri": "Tâm OTC", "HuongPhoi": "Đông Bắc", "Tinh": "Hồ Chí Minh", "Xa": "An Thới Đông", "TK": "54", "NgayDT": "6/3/2026", "NguoiDT": "Nguyễn Văn A", "X_NB": 623607.14, "Y_NB": 1161468.49, "Docao": 11.3, "G1": 13.5, "G2": 13.0, "G3": 14.0, "G4": 14.5, "G5": 14.0, "G": 13.8, "H1": 8.4, "H2": 8.0, "H3": 8.5, "H4": 5.0, "H5": 6.0, "H": 7.2, "M": 44.59, "Dotanche": 0.6, "LoaiUT": "Cóc đỏ", "HuongChup": "Đông Bắc", "KCChup": 1.0, "ten_hinh": 48, "TrangThai": "RNM", "TTThucDia": "RNM", "Note": "NULL", "MaVQG": 7100, "KH": "OTC", "Check": "OK", "TenldlrTT1": "Rừng ngập mặn", "Hinh1": "https://five.epicollect.net/api/media/vqgpq2025?type=photo&format=entry_original&name=2a7cc5b4-5073-478f-8443-8216a5073d0f_1772778135.jpg", "Hinh2": "https://five.epicollect.net/api/media/vqgpq2025?type=photo&format=entry_original&name=2a7cc5b4-5073-478f-8443-8216a5073d0f_1772778152.jpg"}}, {"type": "Feature", "geometry": {"coordinates": [106.89854596443804, 10.483743007446696], "type": "Point"}, "properties": {"fid": 49.0, "ID": 49, "TT": 49, "MaMKA": 49, "Vitri": "Tâm OTC", "HuongPhoi": "Đông Bắc", "Tinh": "Hồ Chí Minh", "Xa": "An Thới Đông", "TK": "54", "NgayDT": "6/3/2026", "NguoiDT": "Nguyễn Văn A", "X_NB": 625534.76, "Y_NB": 1159586.84, "Docao": 10.49, "G1": 26.0, "G2": 26.5, "G3": 25.5, "G4": 24.0, "G5": 27.5, "G": 25.9, "H1": 5.2, "H2": 3.0, "H3": 6.5, "H4": 7.5, "H5": 7.5, "H": 5.9, "M": 69.23, "Dotanche": 0.6, "LoaiUT": "Cóc đỏ, Đưốc đôi", "HuongChup": "Tây Nam", "KCChup": 2.0, "ten_hinh": 49, "TrangThai": "RNM", "TTThucDia": "RNM", "Note": "NULL", "MaVQG": 7000, "KH": "OTC", "Check": "OK", "TenldlrTT1": "Rừng ngập mặn", "Hinh1": "https://five.epicollect.net/api/media/vqgpq2025?type=photo&format=entry_original&name=86724142-e8ba-4a05-8e27-afb882a77cad_1772777230.jpg", "Hinh2": "https://five.epicollect.net/api/media/vqgpq2025?type=photo&format=entry_original&name=86724142-e8ba-4a05-8e27-afb882a77cad_1772777248.jpg"}}, {"type": "Feature", "geometry": {"coordinates": [106.86669164800293, 10.544892507697043], "type": "Point"}, "properties": {"fid": 50.0, "ID": 50, "TT": 50, "MaMKA": 50, "Vitri": "Tâm OTC", "HuongPhoi": "Đông Bắc", "Tinh": "Hồ Chí Minh", "Xa": "An Thới Đông", "TK": "54", "NgayDT": "6/3/2026", "NguoiDT": "Nguyễn Văn A", "X_NB": 622023.21, "Y_NB": 1166338.64, "Docao": 7.04, "G1": 12.0, "G2": 12.5, "G3": 12.5, "G4": 13.0, "G5": 11.5, "G": 12.3, "H1": 6.5, "H2": 4.0, "H3": 5.8, "H4": 6.5, "H5": 5.0, "H": 5.6, "M": 30.77, "Dotanche": 0.55, "LoaiUT": "Cóc đỏ", "HuongChup": "Đông Bắc", "KCChup": 2.0, "ten_hinh": 50, "TrangThai": "RNM", "TTThucDia": "RNM", "Note": "NULL", "MaVQG": 6200, "KH": "OTC", "Check": "OK", "TenldlrTT1": "Rừng ngập mặn", "Hinh1": "https://five.epicollect.net/api/media/vqgpq2025?type=photo&format=entry_original&name=2a1fc7db-7120-422a-9f33-e89c5bb38ed2_1772775683.jpg", "Hinh2": "https://five.epicollect.net/api/media/vqgpq2025?type=photo&format=entry_original&name=2a1fc7db-7120-422a-9f33-e89c5bb38ed2_1772775704.jpg"}}, {"type": "Feature", "geometry": {"coordinates": [106.89491482123002, 10.485661710172648], "type": "Point"}, "properties": {"fid": 51.0, "ID": 51, "TT": 51, "MaMKA": 51, "Vitri": "Chân núi", "HuongPhoi": "Đông", "Tinh": "Hồ Chí Minh", "Xa": "An Thới Đông", "TK": "54", "NgayDT": "6/3/2026", "NguoiDT": "Nguyễn Văn A", "X_NB": 625136.44, "Y_NB": 1159797.64, "Docao": 21.05, "G1": 21.0, "G2": 22.0, "G3": 21.5, "G4": 22.0, "G5": 21.0, "G": 21.5, "H1": 4.0, "H2": 3.3, "H3": 3.0, "H4": 3.2, "H5": 3.1, "H": 3.3, "M": 32.12, "Dotanche": 0.5, "LoaiUT": "Đước đôi", "HuongChup": "Tây", "KCChup": 2.0, "ten_hinh": 51, "TrangThai": "RNM", "TTThucDia": "RNM", "Note": "NULL", "MaVQG": 71, "KH": "MKA", "Check": "NULL", "TenldlrTT1": "Rừng ngập mặn", "Hinh1": "https://five.epicollect.net/api/media/vqgpq2025?type=photo&format=entry_original&name=45d7e008-6700-410d-bf04-762c1a40745d_1772774539.jpg", "Hinh2": "https://five.epicollect.net/api/media/vqgpq2025?type=photo&format=entry_original&name=45d7e008-6700-410d-bf04-762c1a40745d_1772774551.jpg"}}, {"type": "Feature", "geometry": {"coordinates": [106.89102116895222, 10.480136585536615], "type": "Point"}, "properties": {"fid": 52.0, "ID": 52, "TT": 52, "MaMKA": 52, "Vitri": "Chân núi", "HuongPhoi": "Đông Bắc", "Tinh": "Hồ Chí Minh", "Xa": "An Thới Đông", "TK": "54", "NgayDT": "6/3/2026", "NguoiDT": "Nguyễn Văn A", "X_NB": 624712.37, "Y_NB": 1159184.9, "Docao": 8.79, "G1": 14.5, "G2": 14.0, "G3": 13.0, "G4": 15.0, "G5": 15.5, "G": 14.4, "H1": 10.5, "H2": 11.0, "H3": 8.0, "H4": 7.0, "H5": 6.4, "H": 8.6, "M": 55.6, "Dotanche": 0.6, "LoaiUT": "Tràm nước", "HuongChup": "Đông Bắc", "KCChup": 2.0, "ten_hinh": 52, "TrangThai": "RNP", "TTThucDia": "RNP", "Note": "NULL", "MaVQG": 51, "KH": "MKA", "Check": "NULL", "TenldlrTT1": "Rừng ngập phèn", "Hinh1": "https://five.epicollect.net/api/media/vqgpq2025?type=photo&format=entry_original&name=8374dcd0-089d-4a11-9e74-08ae3ef1a022_1772772985.jpg", "Hinh2": "https://five.epicollect.net/api/media/vqgpq2025?type=photo&format=entry_original&name=8374dcd0-089d-4a11-9e74-08ae3ef1a022_1772773000.jpg"}}, {"type": "Feature", "geometry": {"coordinates": [106.89096321438784, 10.480897321651783], "type": "Point"}, "properties": {"fid": 53.0, "ID": 53, "TT": 53, "MaMKA": 53, "Vitri": "Tâm OTC", "HuongPhoi": "Đông Bắc", "Tinh": "Hồ Chí Minh", "Xa": "An Thới Đông", "TK": "54", "NgayDT": "6/3/2026", "NguoiDT": "Nguyễn Văn A", "X_NB": 624705.72, "Y_NB": 1159269.03, "Docao": 11.79, "G1": 50.0, "G2": 50.5, "G3": 49.5, "G4": 53.0, "G5": 54.5, "G": 51.5, "H1": 4.1, "H2": 4.0, "H3": 3.0, "H4": 3.2, "H5": 5.0, "H": 3.9, "M": 89.46, "Dotanche": 0.5, "LoaiUT": "Đươc đôi", "HuongChup": "Bắc", "KCChup": 2.0, "ten_hinh": 53, "TrangThai": "RNM", "TTThucDia": "RNM", "Note": "NULL", "MaVQG": 6100, "KH": "OTC", "Check": "OK", "TenldlrTT1": "Rừng ngập mặn", "Hinh1": "https://five.epicollect.net/api/media/vqgpq2025?type=photo&format=entry_original&name=244fd697-4c99-40b4-b5e2-04577f39fc4e_1772772355.jpg", "Hinh2": "https://five.epicollect.net/api/media/vqgpq2025?type=photo&format=entry_original&name=244fd697-4c99-40b4-b5e2-04577f39fc4e_1772772419.jpg"}}, {"type": "Feature", "geometry": {"coordinates": [106.88939577364185, 10.480824562707305], "type": "Point"}, "properties": {"fid": 54.0, "ID": 54, "TT": 54, "MaMKA": 54, "Vitri": "Chân núi", "HuongPhoi": "Đông Bắc", "Tinh": "Hồ Chí Minh", "Xa": "An Thới Đông", "TK": "54", "NgayDT": "6/3/2026", "NguoiDT": "Nguyễn Văn A", "X_NB": 624534.14, "Y_NB": 1159260.36, "Docao": 6.95, "G1": 34.0, "G2": 32.0, "G3": 33.0, "G4": 34.0, "G5": 37.5, "G": 34.1, "H1": 7.5, "H2": 7.7, "H3": 7.4, "H4": 6.8, "H5": 6.3, "H": 7.1, "M": 109.56, "Dotanche": 0.7, "LoaiUT": "Đước đôi", "HuongChup": "Đông Bắc", "KCChup": 2.0, "ten_hinh": 54, "TrangThai": "RNM", "TTThucDia": "RNM", "Note": "NULL", "MaVQG": 8000, "KH": "OTC", "Check": "OK", "TenldlrTT1": "Rừng ngập mặn", "Hinh1": "https://five.epicollect.net/api/media/vqgpq2025?type=photo&format=entry_original&name=edf61fd9-9da9-4a40-b6a5-7be20db127ba_1772770676.jpg", "Hinh2": "https://five.epicollect.net/api/media/vqgpq2025?type=photo&format=entry_original&name=edf61fd9-9da9-4a40-b6a5-7be20db127ba_1772770687.jpg"}}, {"type": "Feature", "geometry": {"coordinates": [106.774509481259, 10.472647447892893], "type": "Point"}, "properties": {"fid": 55.0, "ID": 55, "TT": 55, "MaMKA": 55, "Vitri": "Chân núi", "HuongPhoi": "Đông Bắc", "Tinh": "Hồ Chí Minh", "Xa": "An Thới Đông", "TK": "54", "NgayDT": "6/3/2026", "NguoiDT": "Nguyễn Văn A", "X_NB": 611959.14, "Y_NB": 1158312.62, "Docao": 6.32, "G1": 0.0, "G2": 0.0, "G3": 0.0, "G4": 0.0, "G5": 0.0, "G": 0.0, "H1": 0.0, "H2": 0.0, "H3": 0.0, "H4": 0.0, "H5": 0.0, "H": 0.0, "M": 0.0, "Dotanche": 0.0, "LoaiUT": "NULL", "HuongChup": "Tây Nam", "KCChup": 1.0, "ten_hinh": 55, "TrangThai": "DTK", "TTThucDia": "DTK", "Note": "Đất quốc phòngĐon biên phòng cũ", "MaVQG": 7200, "KH": "OTC", "Check": "OK", "TenldlrTT1": "Diện tích khác", "Hinh1": "https://five.epicollect.net/api/media/vqgpq2025?type=photo&format=entry_original&name=4244af3d-4eb3-453a-bcd1-464f4e77d6c6_1772768427.jpg", "Hinh2": "https://five.epicollect.net/api/media/vqgpq2025?type=photo&format=entry_original&name=4244af3d-4eb3-453a-bcd1-464f4e77d6c6_1772768440.jpg"}}, {"type": "Feature", "geometry": {"coordinates": [106.8877025659167, 10.482729729704108], "type": "Point"}, "properties": {"fid": 56.0, "ID": 56, "TT": 56, "MaMKA": 56, "Vitri": "Tâm OTC", "HuongPhoi": "Đông Bắc", "Tinh": "Hồ Chí Minh", "Xa": "An Thới Đông", "TK": "54", "NgayDT": "6/3/2026", "NguoiDT": "Nguyễn Văn A", "X_NB": 624348.0, "Y_NB": 1159470.44, "Docao": 5.07, "G1": 45.0, "G2": 44.5, "G3": 46.0, "G4": 47.0, "G5": 42.0, "G": 44.9, "H1": 3.5, "H2": 3.3, "H3": 3.6, "H4": 3.0, "H5": 3.5, "H": 3.4, "M": 68.29, "Dotanche": 0.6, "LoaiUT": "Đước đôi", "HuongChup": "Bắc", "KCChup": 2.0, "ten_hinh": 56, "TrangThai": "RNM", "TTThucDia": "RNM", "Note": "NULL", "MaVQG": 6900, "KH": "OTC", "Check": "OK", "TenldlrTT1": "Rừng ngập mặn", "Hinh1": "https://five.epicollect.net/api/media/vqgpq2025?type=photo&format=entry_original&name=0306b31f-9877-4686-845c-d6e51b2d661e_1772769512.jpg", "Hinh2": "https://five.epicollect.net/api/media/vqgpq2025?type=photo&format=entry_original&name=0306b31f-9877-4686-845c-d6e51b2d661e_1772769532.jpg"}}, {"type": "Feature", "geometry": {"coordinates": [106.90642155824277, 10.474324304170837], "type": "Point"}, "properties": {"fid": 57.0, "ID": 59, "TT": 59, "MaMKA": 59, "Vitri": "Chân núi", "HuongPhoi": "Đông", "Tinh": "Hồ Chí Minh", "Xa": "An Thới Đông", "TK": "55", "NgayDT": "5/3/2026", "NguoiDT": "Nguyễn Văn A", "X_NB": 626400.83, "Y_NB": 1158548.09, "Docao": 9.9, "G1": 7.0, "G2": 8.0, "G3": 6.5, "G4": 6.5, "G5": 7.0, "G": 7.0, "H1": 14.0, "H2": 13.5, "H3": 6.0, "H4": 8.0, "H5": 7.5, "H": 9.8, "M": 30.87, "Dotanche": 0.6, "LoaiUT": "Tràm nước", "HuongChup": "Tây", "KCChup": 1.0, "ten_hinh": 59, "TrangThai": "RNP", "TTThucDia": "RNP", "Note": "NULL", "MaVQG": 4800, "KH": "OTC", "Check": "OK", "TenldlrTT1": "Rừng ngập phèn", "Hinh1": "https://five.epicollect.net/api/media/vqgpq2025?type=photo&format=entry_original&name=548b68f1-4488-4e97-9eab-cf6d22f766b1_1772682764.jpg", "Hinh2": "https://five.epicollect.net/api/media/vqgpq2025?type=photo&format=entry_original&name=548b68f1-4488-4e97-9eab-cf6d22f766b1_1772682785.jpg"}}, {"type": "Feature", "geometry": {"coordinates": [106.90636225862835, 10.467640795933818], "type": "Point"}, "properties": {"fid": 58.0, "ID": 61, "TT": 61, "MaMKA": 61, "Vitri": "Chân núi", "HuongPhoi": "Nam", "Tinh": "Hồ Chí Minh", "Xa": "An Thới Đông", "TK": "55", "NgayDT": "5/3/2026", "NguoiDT": "Nguyễn Văn A", "X_NB": 626397.05, "Y_NB": 1157808.73, "Docao": 9.95, "G1": 25.0, "G2": 24.5, "G3": 26.0, "G4": 25.5, "G5": 25.0, "G": 25.2, "H1": 7.0, "H2": 6.5, "H3": 7.0, "H4": 10.0, "H5": 10.5, "H": 8.2, "M": 92.99, "Dotanche": 0.65, "LoaiUT": "Tràm nước", "HuongChup": "Bắc", "KCChup": 2.0, "ten_hinh": 61, "TrangThai": "RNP", "TTThucDia": "RNP", "Note": "NULL", "MaVQG": 56, "KH": "MKA", "Check": "NULL", "TenldlrTT1": "Rừng ngập phèn", "Hinh1": "https://five.epicollect.net/api/media/vqgpq2025?type=photo&format=entry_original&name=5e5572d9-7f62-4c21-9b86-7a6c72bb8f69_1772677421.jpg", "Hinh2": "https://five.epicollect.net/api/media/vqgpq2025?type=photo&format=entry_original&name=5e5572d9-7f62-4c21-9b86-7a6c72bb8f69_1772677437.jpg"}}, {"type": "Feature", "geometry": {"coordinates": [106.90633878028946, 10.470916933035904], "type": "Point"}, "properties": {"fid": 59.0, "ID": 62, "TT": 62, "MaMKA": 62, "Vitri": "Chân núi", "HuongPhoi": "Đông", "Tinh": "Hồ Chí Minh", "Xa": "An Thới Đông", "TK": "55", "NgayDT": "5/3/2026", "NguoiDT": "Nguyễn Văn A", "X_NB": 626393.15, "Y_NB": 1158171.13, "Docao": 9.1, "G1": 24.0, "G2": 25.5, "G3": 24.0, "G4": 24.0, "G5": 24.5, "G": 24.4, "H1": 8.2, "H2": 7.5, "H3": 4.1, "H4": 5.3, "H5": 5.2, "H": 6.1, "M": 66.54, "Dotanche": 0.5, "LoaiUT": "Tràm nước", "HuongChup": "Nam", "KCChup": 2.0, "ten_hinh": 62, "TrangThai": "RNP", "TTThucDia": "RNP", "Note": "NULL", "MaVQG": 75, "KH": "MKA", "Check": "NULL", "TenldlrTT1": "Rừng ngập phèn", "Hinh1": "https://five.epicollect.net/api/media/vqgpq2025?type=photo&format=entry_original&name=7f741b28-5c9f-4d0b-abb9-8d51fa303b4e_1772675314.jpg", "Hinh2": "https://five.epicollect.net/api/media/vqgpq2025?type=photo&format=entry_original&name=7f741b28-5c9f-4d0b-abb9-8d51fa303b4e_1772675335.jpg"}}, {"type": "Feature", "geometry": {"coordinates": [106.95301217584532, 10.580277781763154], "type": "Point"}, "properties": {"fid": 60.0, "ID": 66, "TT": 66, "MaMKA": 66, "Vitri": "Sườn núi", "HuongPhoi": "Nam", "Tinh": "Hồ Chí Minh", "Xa": "An Thới Đông", "TK": "62", "NgayDT": "2/3/2026", "NguoiDT": "Nguyễn Văn A", "X_NB": 631456.94, "Y_NB": 1170288.09, "Docao": 29.44, "G1": 30.5, "G2": 37.0, "G3": 32.0, "G4": 34.0, "G5": 35.5, "G": 33.8, "H1": 7.5, "H2": 8.0, "H3": 11.0, "H4": 18.0, "H5": 30.0, "H": 14.9, "M": 226.63, "Dotanche": 0.85, "LoaiUT": "Dầu song nàng, Gội", "HuongChup": "Bắc", "KCChup": 2.0, "ten_hinh": 66, "TrangThai": "TXG", "TTThucDia": "TXG", "Note": "NULL", "MaVQG": 62, "KH": "MKA", "Check": "NULL", "TenldlrTT1": "Rừng lá rộng thường xanh và nửa rụng lá giàu", "Hinh1": "https://five.epicollect.net/api/media/vqgpq2025?type=photo&format=entry_original&name=aa4b3a59-b47c-4ff2-84a6-75991ce25346_1772435080.jpg", "Hinh2": "https://five.epicollect.net/api/media/vqgpq2025?type=photo&format=entry_original&name=aa4b3a59-b47c-4ff2-84a6-75991ce25346_1772435099.jpg"}}, {"type": "Feature", "geometry": {"coordinates": [106.97778372653515, 10.584408758870838], "type": "Point"}, "properties": {"fid": 61.0, "ID": 67, "TT": 67, "MaMKA": 67, "Vitri": "Sườn núi", "HuongPhoi": "Đông Nam", "Tinh": "Hồ Chí Minh", "Xa": "An Thới Đông", "TK": "63", "NgayDT": "2/3/2026", "NguoiDT": "Nguyễn Văn A", "X_NB": 634166.42, "Y_NB": 1170755.64, "Docao": 60.48, "G1": 16.0, "G2": 16.0, "G3": 16.0, "G4": 15.0, "G5": 15.5, "G": 15.7, "H1": 12.0, "H2": 9.0, "H3": 8.0, "H4": 5.5, "H5": 5.0, "H": 7.9, "M": 55.81, "Dotanche": 0.75, "LoaiUT": "Thị, Trâm", "HuongChup": "Tây Bắc", "KCChup": 2.0, "ten_hinh": 67, "TrangThai": "TXN", "TTThucDia": "TXN", "Note": "NULL", "MaVQG": 40, "KH": "MKA", "Check": "NULL", "TenldlrTT1": "Rừng lá rộng thường xanh và nửa rụng lá nghèo", "Hinh1": "https://five.epicollect.net/api/media/vqgpq2025?type=photo&format=entry_original&name=730c35e0-59e9-4652-a411-2afd4bf13c1d_1772432657.jpg", "Hinh2": "https://five.epicollect.net/api/media/vqgpq2025?type=photo&format=entry_original&name=730c35e0-59e9-4652-a411-2afd4bf13c1d_1772432673.jpg"}}, {"type": "Feature", "geometry": {"coordinates": [106.99382461186168, 10.58324177452971], "type": "Point"}, "properties": {"fid": 62.0, "ID": 68, "TT": 68, "MaMKA": 68, "Vitri": "Sườn núi", "HuongPhoi": "Tây", "Tinh": "Hồ Chí Minh", "Xa": "An Thới Đông", "TK": "67", "NgayDT": "2/3/2026", "NguoiDT": "Nguyễn Văn A", "X_NB": 635922.62, "Y_NB": 1170633.5, "Docao": 120.51, "G1": 16.0, "G2": 17.0, "G3": 17.0, "G4": 17.0, "G5": 18.0, "G": 17.0, "H1": 8.0, "H2": 4.5, "H3": 7.5, "H4": 10.0, "H5": 10.5, "H": 8.1, "M": 61.97, "Dotanche": 0.75, "LoaiUT": "Kiền kiền", "HuongChup": "Đông Bắc", "KCChup": 1.0, "ten_hinh": 68, "TrangThai": "TXN", "TTThucDia": "TXN", "Note": "NULL", "MaVQG": 79, "KH": "MKA", "Check": "NULL", "TenldlrTT1": "Rừng lá rộng thường xanh và nửa rụng lá nghèo", "Hinh1": "https://five.epicollect.net/api/media/vqgpq2025?type=photo&format=entry_original&name=2a204458-77b7-42ef-be50-fdf306428669_1772423308.jpg", "Hinh2": "https://five.epicollect.net/api/media/vqgpq2025?type=photo&format=entry_original&name=2a204458-77b7-42ef-be50-fdf306428669_1772423323.jpg"}}, {"type": "Feature", "geometry": {"coordinates": [106.99588583582548, 10.585264185701675], "type": "Point"}, "properties": {"fid": 63.0, "ID": 69, "TT": 69, "MaMKA": 69, "Vitri": "Sườn núi", "HuongPhoi": "Tây", "Tinh": "Hồ Chí Minh", "Xa": "An Thới Đông", "TK": "67", "NgayDT": "2/3/2026", "NguoiDT": "Nguyễn Văn A", "X_NB": 636147.33, "Y_NB": 1170858.13, "Docao": 150.64, "G1": 26.0, "G2": 24.5, "G3": 25.0, "G4": 25.5, "G5": 26.0, "G": 25.4, "H1": 13.0, "H2": 12.5, "H3": 12.5, "H4": 8.0, "H5": 8.0, "H": 10.8, "M": 123.44, "Dotanche": 0.85, "LoaiUT": "Kiền kiền", "HuongChup": "Đông", "KCChup": 2.0, "ten_hinh": 69, "TrangThai": "TXB", "TTThucDia": "TXB", "Note": "NULL", "MaVQG": 5900, "KH": "OTC", "Check": "OK", "TenldlrTT1": "Rừng lá rộng thường xanh và nửa rụng lá trung bình", "Hinh1": "https://five.epicollect.net/api/media/vqgpq2025?type=photo&format=entry_original&name=4fb35a8f-a3a9-4a04-91c5-dc88823fed8b_1772421527.jpg", "Hinh2": "https://five.epicollect.net/api/media/vqgpq2025?type=photo&format=entry_original&name=4fb35a8f-a3a9-4a04-91c5-dc88823fed8b_1772421585.jpg"}}, {"type": "Feature", "geometry": {"coordinates": [107.01274511894901, 10.541662701586867], "type": "Point"}, "properties": {"fid": 64.0, "ID": 70, "TT": 70, "MaMKA": 70, "Vitri": "Tâm OTC", "HuongPhoi": "Đông", "Tinh": "Hồ Chí Minh", "Xa": "An Thới Đông", "TK": "68", "NgayDT": "27/02/2026", "NguoiDT": "Nguyễn Văn A", "X_NB": 638012.09, "Y_NB": 1166042.11, "Docao": 27.45, "G1": 19.5, "G2": 22.6, "G3": 20.4, "G4": 19.7, "G5": 22.5, "G": 20.94, "H1": 8.8, "H2": 10.0, "H3": 14.1, "H4": 18.5, "H5": 17.8, "H": 13.8, "M": 130.41, "Dotanche": 0.85, "LoaiUT": "Làu táu, mô ca, bứa, trâm, kiền kiền", "HuongChup": "Bắc", "KCChup": 1.0, "ten_hinh": 70, "TrangThai": "TXB", "TTThucDia": "TXB", "Note": "NULL", "MaVQG": 3900, "KH": "OTC", "Check": "OK", "TenldlrTT1": "Rừng lá rộng thường xanh và nửa rụng lá trung bình", "Hinh1": "https://five.epicollect.net/api/media/vqgpq2025?type=photo&format=entry_original&name=6acd059b-4ce9-42c5-ba93-9261b2e7899c_1772177340.jpg", "Hinh2": "https://five.epicollect.net/api/media/vqgpq2025?type=photo&format=entry_original&name=6acd059b-4ce9-42c5-ba93-9261b2e7899c_1772177357.jpg"}}, {"type": "Feature", "geometry": {"coordinates": [106.830758213836, 10.519071617711372], "type": "Point"}, "properties": {"fid": 65.0, "ID": 71, "TT": 71, "MaMKA": 71, "Vitri": "Chân núi", "HuongPhoi": "Tây", "Tinh": "Hồ Chí Minh", "Xa": "An Thới Đông", "TK": "61", "NgayDT": "27/02/2026", "NguoiDT": "Nguyễn Văn A", "X_NB": 618099.8, "Y_NB": 1163468.56, "Docao": 33.38, "G1": 15.0, "G2": 14.5, "G3": 15.5, "G4": 14.5, "G5": 14.5, "G": 14.8, "H1": 7.0, "H2": 10.0, "H3": 6.0, "H4": 5.0, "H5": 4.0, "H": 6.4, "M": 42.62, "Dotanche": 0.6, "LoaiUT": "Trâm, Bứa", "HuongChup": "Bắc", "KCChup": 2.0, "ten_hinh": 71, "TrangThai": "TXN", "TTThucDia": "TXN", "Note": "NULL", "MaVQG": 37, "KH": "MKA", "Check": "NULL", "TenldlrTT1": "Rừng lá rộng thường xanh và nửa rụng lá nghèo", "Hinh1": "https://five.epicollect.net/api/media/vqgpq2025?type=photo&format=entry_original&name=6d72a0b5-ac65-4ab2-aeee-9903f47d29c5_1772167951.jpg", "Hinh2": "https://five.epicollect.net/api/media/vqgpq2025?type=photo&format=entry_original&name=6d72a0b5-ac65-4ab2-aeee-9903f47d29c5_1772167962.jpg"}}, {"type": "Feature", "geometry": {"coordinates": [106.82529197909281, 10.61696546985287], "type": "Point"}, "properties": {"fid": 66.0, "ID": 72, "TT": 72, "MaMKA": 72, "Vitri": "Chân núi", "HuongPhoi": "Nam", "Tinh": "Hồ Chí Minh", "Xa": "An Thới Đông", "TK": "59", "NgayDT": "27/02/2026", "NguoiDT": "Nguyễn Văn A", "X_NB": 617464.14, "Y_NB": 1174295.4, "Docao": 78.67, "G1": 15.5, "G2": 17.5, "G3": 16.5, "G4": 16.5, "G5": 17.0, "G": 16.6, "H1": 9.0, "H2": 9.5, "H3": 9.2, "H4": 8.0, "H5": 6.0, "H": 8.3, "M": 62.3, "Dotanche": 0.75, "LoaiUT": "ổi rừng, Làu táu", "HuongChup": "Tây Bắc", "KCChup": 2.0, "ten_hinh": 72, "TrangThai": "TXN", "TTThucDia": "TXN", "Note": "NULL", "MaVQG": 39, "KH": "MKA", "Check": "NULL", "TenldlrTT1": "Rừng lá rộng thường xanh và nửa rụng lá nghèo", "Hinh1": "https://five.epicollect.net/api/media/vqgpq2025?type=photo&format=entry_original&name=dcb8df41-eaca-49b8-bb2d-a3e3e7744fce_1772158318.jpg", "Hinh2": "https://five.epicollect.net/api/media/vqgpq2025?type=photo&format=entry_original&name=dcb8df41-eaca-49b8-bb2d-a3e3e7744fce_1772158343.jpg"}}, {"type": "Feature", "geometry": {"coordinates": [106.91057912001934, 10.47929872599954], "type": "Point"}, "properties": {"fid": 67.0, "ID": 73, "TT": 73, "MaMKA": 73, "Vitri": "Chân núi", "HuongPhoi": "Đông", "Tinh": "Hồ Chí Minh", "Xa": "An Thới Đông", "TK": "53", "NgayDT": "26/02/2026", "NguoiDT": "Nguyễn Văn A", "X_NB": 626854.0, "Y_NB": 1159100.04, "Docao": 8.58, "G1": 23.5, "G2": 25.0, "G3": 24.5, "G4": 24.0, "G5": 23.5, "G": 24.1, "H1": 6.0, "H2": 12.0, "H3": 4.1, "H4": 4.0, "H5": 6.5, "H": 6.5, "M": 70.71, "Dotanche": 0.5, "LoaiUT": "Tràm nước", "HuongChup": "Tây", "KCChup": 2.0, "ten_hinh": 73, "TrangThai": "RNP", "TTThucDia": "RNP", "Note": "NULL", "MaVQG": 51, "KH": "MKA", "Check": "NULL", "TenldlrTT1": "Rừng ngập phèn", "Hinh1": "https://five.epicollect.net/api/media/vqgpq2025?type=photo&format=entry_original&name=7781bc46-4a2c-480c-a1c4-e7a669522811_1772085097.jpg", "Hinh2": "https://five.epicollect.net/api/media/vqgpq2025?type=photo&format=entry_original&name=7781bc46-4a2c-480c-a1c4-e7a669522811_1772085116.jpg"}}, {"type": "Feature", "geometry": {"coordinates": [106.85518464118209, 10.482244652386134], "type": "Point"}, "properties": {"fid": 68.0, "ID": 74, "TT": 74, "MaMKA": 74, "Vitri": "Tâm OTC", "HuongPhoi": "Đông", "Tinh": "Hồ Chí Minh", "Xa": "An Thới Đông", "TK": "78", "NgayDT": "27/02/2026", "NguoiDT": "Nguyễn Văn A", "X_NB": 620788.05, "Y_NB": 1159404.1, "Docao": 69.18, "G1": 21.4, "G2": 23.1, "G3": 19.8, "G4": 23.4, "G5": 22.6, "G": 22.06, "H1": 6.8, "H2": 7.9, "H3": 8.7, "H4": 8.6, "H5": 10.0, "H": 8.4, "M": 83.39, "Dotanche": 0.8, "LoaiUT": "Xương cá, kiền kiền, bứa", "HuongChup": "Bắc", "KCChup": 2.0, "ten_hinh": 74, "TrangThai": "TXN", "TTThucDia": "TXN", "Note": "NULL", "MaVQG": 4000, "KH": "OTC", "Check": "OK", "TenldlrTT1": "Rừng lá rộng thường xanh và nửa rụng lá nghèo", "Hinh1": "https://five.epicollect.net/api/media/vqgpq2025?type=photo&format=entry_original&name=21260584-5e05-4e31-82fc-0e143724fcc6_1772169297.jpg", "Hinh2": "https://five.epicollect.net/api/media/vqgpq2025?type=photo&format=entry_original&name=21260584-5e05-4e31-82fc-0e143724fcc6_1772169320.jpg"}}, {"type": "Feature", "geometry": {"coordinates": [106.8883154376411, 10.546293452998757], "type": "Point"}, "properties": {"fid": 69.0, "ID": 75, "TT": 75, "MaMKA": 75, "Vitri": "Chân núi", "HuongPhoi": "Nam", "Tinh": "Hồ Chí Minh", "Xa": "An Thới Đông", "TK": "53", "NgayDT": "26/02/2026", "NguoiDT": "Nguyễn Văn A", "X_NB": 624389.6, "Y_NB": 1166502.14, "Docao": 15.52, "G1": 40.0, "G2": 40.0, "G3": 41.0, "G4": 41.5, "G5": 42.0, "G": 40.9, "H1": 8.0, "H2": 7.0, "H3": 5.5, "H4": 3.0, "H5": 2.8, "H": 5.3, "M": 96.81, "Dotanche": 0.5, "LoaiUT": "Tràm nước", "HuongChup": "Đông", "KCChup": 2.0, "ten_hinh": 75, "TrangThai": "RNP", "TTThucDia": "RNP", "Note": "NULL", "MaVQG": 52, "KH": "MKA", "Check": "NULL", "TenldlrTT1": "Rừng ngập phèn", "Hinh1": "https://five.epicollect.net/api/media/vqgpq2025?type=photo&format=entry_original&name=c474e555-46cb-49ee-abd3-b2302eebdcb9_1772082313.jpg", "Hinh2": "https://five.epicollect.net/api/media/vqgpq2025?type=photo&format=entry_original&name=c474e555-46cb-49ee-abd3-b2302eebdcb9_1772082330.jpg"}}, {"type": "Feature", "geometry": {"coordinates": [106.84478137809486, 10.514544262042445], "type": "Point"}, "properties": {"fid": 70.0, "ID": 76, "TT": 76, "MaMKA": 76, "Vitri": "Chân núi", "HuongPhoi": "Tây", "Tinh": "Hồ Chí Minh", "Xa": "An Thới Đông", "TK": "53", "NgayDT": "26/02/2026", "NguoiDT": "Nguyễn Văn A", "X_NB": 619636.64, "Y_NB": 1162973.07, "Docao": 8.97, "G1": 30.0, "G2": 29.5, "G3": 28.0, "G4": 33.0, "G5": 30.0, "G": 30.1, "H1": 7.5, "H2": 7.8, "H3": 7.5, "H4": 7.0, "H5": 7.0, "H": 7.4, "M": 99.69, "Dotanche": 0.6, "LoaiUT": "Tràm nước", "HuongChup": "Bắc", "KCChup": 2.0, "ten_hinh": 76, "TrangThai": "RNP", "TTThucDia": "RNP", "Note": "NULL", "MaVQG": 53, "KH": "MKA", "Check": "NULL", "TenldlrTT1": "Rừng ngập phèn", "Hinh1": "https://five.epicollect.net/api/media/vqgpq2025?type=photo&format=entry_original&name=83e0003b-3ecf-4b94-8f02-be4235f6c823_1772080470.jpg", "Hinh2": "https://five.epicollect.net/api/media/vqgpq2025?type=photo&format=entry_original&name=83e0003b-3ecf-4b94-8f02-be4235f6c823_1772080483.jpg"}}, {"type": "Feature", "geometry": {"coordinates": [106.78418165752099, 10.497320016716857], "type": "Point"}, "properties": {"fid": 71.0, "ID": 77, "TT": 77, "MaMKA": 77, "Vitri": "Chân núi", "HuongPhoi": "Tây Nam", "Tinh": "Hồ Chí Minh", "Xa": "An Thới Đông", "TK": "53", "NgayDT": "26/02/2026", "NguoiDT": "Nguyễn Văn A", "X_NB": 613009.11, "Y_NB": 1161045.28, "Docao": 13.51, "G1": 30.0, "G2": 29.5, "G3": 30.0, "G4": 29.0, "G5": 30.0, "G": 29.7, "H1": 3.5, "H2": 3.1, "H3": 10.2, "H4": 11.0, "H5": 8.1, "H": 7.2, "M": 95.96, "Dotanche": 0.5, "LoaiUT": "Tràm nước", "HuongChup": "Tây Nam", "KCChup": 2.0, "ten_hinh": 77, "TrangThai": "RNP", "TTThucDia": "RNP", "Note": "NULL", "MaVQG": 4900, "KH": "OTC", "Check": "OK", "TenldlrTT1": "Rừng ngập phèn", "Hinh1": "https://five.epicollect.net/api/media/vqgpq2025?type=photo&format=entry_original&name=2a2da280-f00d-4540-abdd-d4d738460cae_1772078192.jpg", "Hinh2": "https://five.epicollect.net/api/media/vqgpq2025?type=photo&format=entry_original&name=2a2da280-f00d-4540-abdd-d4d738460cae_1772078211.jpg"}}, {"type": "Feature", "geometry": {"coordinates": [106.80799895478764, 10.533017384180937], "type": "Point"}, "properties": {"fid": 72.0, "ID": 78, "TT": 78, "MaMKA": 78, "Vitri": "Chân núi", "HuongPhoi": "Tây", "Tinh": "Hồ Chí Minh", "Xa": "An Thới Đông", "TK": "52", "NgayDT": "26/02/2026", "NguoiDT": "Nguyễn Văn A", "X_NB": 615603.19, "Y_NB": 1165002.72, "Docao": 10.92, "G1": 24.0, "G2": 23.0, "G3": 24.0, "G4": 22.5, "G5": 24.0, "G": 23.5, "H1": 8.5, "H2": 10.0, "H3": 8.2, "H4": 7.5, "H5": 6.0, "H": 8.0, "M": 85.02, "Dotanche": 0.75, "LoaiUT": "Trâm, Thị, Sầm", "HuongChup": "Tây", "KCChup": 2.0, "ten_hinh": 78, "TrangThai": "TXN", "TTThucDia": "TXN", "Note": "NULL", "MaVQG": 49, "KH": "MKA", "Check": "NULL", "TenldlrTT1": "Rừng lá rộng thường xanh và nửa rụng lá nghèo", "Hinh1": "https://five.epicollect.net/api/media/vqgpq2025?type=photo&format=entry_original&name=5c1fc020-d5a1-412e-9e51-9162fdd192d3_1772076154.jpg", "Hinh2": "https://five.epicollect.net/api/media/vqgpq2025?type=photo&format=entry_original&name=5c1fc020-d5a1-412e-9e51-9162fdd192d3_1772076173.jpg"}}, {"type": "Feature", "geometry": {"coordinates": [107.01179149601266, 10.586561891190435], "type": "Point"}, "properties": {"fid": 73.0, "ID": 79, "TT": 79, "MaMKA": 79, "Vitri": "Tâm OTC", "HuongPhoi": "Đông", "Tinh": "Hồ Chí Minh", "Xa": "An Thới Đông", "TK": "68", "NgayDT": "26/02/2026", "NguoiDT": "Nguyễn Văn A", "X_NB": 637887.64, "Y_NB": 1171008.69, "Docao": 35.4, "G1": 21.8, "G2": 22.5, "G3": 22.8, "G4": 23.0, "G5": 24.0, "G": 22.82, "H1": 7.7, "H2": 6.0, "H3": 9.8, "H4": 14.5, "H5": 13.6, "H": 10.3, "M": 105.98, "Dotanche": 0.85, "LoaiUT": "Dẻ, săngđen, làu táu, bứa, dầu mít", "HuongChup": "Bắc", "KCChup": 2.0, "ten_hinh": 79, "TrangThai": "TXB", "TTThucDia": "TXB", "Note": "NULL", "MaVQG": 2700, "KH": "OTC", "Check": "OK", "TenldlrTT1": "Rừng lá rộng thường xanh và nửa rụng lá trung bình", "Hinh1": "https://five.epicollect.net/api/media/vqgpq2025?type=photo&format=entry_original&name=38f5639b-8679-48ea-8560-f822b3da9d2d_1772091151.jpg", "Hinh2": "https://five.epicollect.net/api/media/vqgpq2025?type=photo&format=entry_original&name=38f5639b-8679-48ea-8560-f822b3da9d2d_1772091164.jpg"}}, {"type": "Feature", "geometry": {"coordinates": [106.93268972235941, 10.504416622865596], "type": "Point"}, "properties": {"fid": 74.0, "ID": 80, "TT": 80, "MaMKA": 80, "Vitri": "Tâm OTC", "HuongPhoi": "Bắc", "Tinh": "Hồ Chí Minh", "Xa": "An Thới Đông", "TK": "78", "NgayDT": "26/02/2026", "NguoiDT": "Nguyễn Văn A", "X_NB": 629264.34, "Y_NB": 1161887.64, "Docao": 18.6, "G1": 0.0, "G2": 0.0, "G3": 0.0, "G4": 0.0, "G5": 0.0, "G": 0.0, "H1": 0.0, "H2": 0.0, "H3": 0.0, "H4": 0.0, "H5": 0.0, "H": 0.0, "M": 0.0, "Dotanche": 0.0, "LoaiUT": "NULL", "HuongChup": "Đông", "KCChup": 1.0, "ten_hinh": 80, "TrangThai": "DTK", "TTThucDia": "DTK", "Note": "Trồng tràm bông vàng, tre của người dân", "MaVQG": 4500, "KH": "OTC", "Check": "OK", "TenldlrTT1": "Diện tích khác", "Hinh1": "https://five.epicollect.net/api/media/vqgpq2025?type=photo&format=entry_original&name=1ba73e84-b6c8-4cfe-96d6-d8fb113afab9_1772078368.jpg", "Hinh2": "https://five.epicollect.net/api/media/vqgpq2025?type=photo&format=entry_original&name=1ba73e84-b6c8-4cfe-96d6-d8fb113afab9_1772078376.jpg"}}, {"type": "Feature", "geometry": {"coordinates": [106.81644392145421, 10.448606357811114], "type": "Point"}, "properties": {"fid": 75.0, "ID": 81, "TT": 81, "MaMKA": 81, "Vitri": "Khác", "HuongPhoi": "Đông Bắc", "Tinh": "Hồ Chí Minh", "Xa": "An Thới Đông", "TK": "78", "NgayDT": "26/02/2026", "NguoiDT": "Nguyễn Văn A", "X_NB": 616559.25, "Y_NB": 1155668.48, "Docao": 15.02, "G1": 9.0, "G2": 8.5, "G3": 9.0, "G4": 8.5, "G5": 9.0, "G": 8.8, "H1": 6.5, "H2": 6.0, "H3": 7.0, "H4": 6.0, "H5": 6.5, "H": 6.4, "M": 28.16, "Dotanche": 0.0, "LoaiUT": "NULL", "HuongChup": "Tây Nam", "KCChup": 1.0, "ten_hinh": 81, "TrangThai": "TG", "TTThucDia": "TG", "Note": "Đất trồng dừa,đào, mít của ngừoi dân", "MaVQG": 4, "KH": "MKA", "Check": "NULL", "TenldlrTT1": "Rừng gỗ trồng núi đất", "Hinh1": "https://five.epicollect.net/api/media/vqgpq2025?type=photo&format=entry_original&name=5b6f94bc-4b04-4174-b759-88781abc2639_1772076829.jpg", "Hinh2": "https://five.epicollect.net/api/media/vqgpq2025?type=photo&format=entry_original&name=5b6f94bc-4b04-4174-b759-88781abc2639_1772076840.jpg"}}, {"type": "Feature", "geometry": {"coordinates": [106.9760985606432, 10.468267795590508], "type": "Point"}, "properties": {"fid": 76.0, "ID": 82, "TT": 82, "MaMKA": 82, "Vitri": "Khác", "HuongPhoi": "Bắc", "Tinh": "Hồ Chí Minh", "Xa": "An Thới Đông", "TK": "78", "NgayDT": "26/02/2026", "NguoiDT": "Nguyễn Văn A", "X_NB": 634032.22, "Y_NB": 1157906.94, "Docao": 15.46, "G1": 10.0, "G2": 10.5, "G3": 11.0, "G4": 10.0, "G5": 9.0, "G": 10.1, "H1": 7.5, "H2": 8.0, "H3": 6.5, "H4": 8.5, "H5": 7.5, "H": 7.6, "M": 38.38, "Dotanche": 0.0, "LoaiUT": "NULL", "HuongChup": "Đông", "KCChup": 2.0, "ten_hinh": 82, "TrangThai": "TG", "TTThucDia": "TG", "Note": "Đất trồng cây tràm bông vàng,điều, cây bụi tái sinh sim, mua", "MaVQG": 5, "KH": "MKA", "Check": "NULL", "TenldlrTT1": "Rừng gỗ trồng núi đất", "Hinh1": "https://five.epicollect.net/api/media/vqgpq2025?type=photo&format=entry_original&name=8fa69607-50ac-4404-aff0-5fab5d07a238_1772075907.jpg", "Hinh2": "https://five.epicollect.net/api/media/vqgpq2025?type=photo&format=entry_original&name=8fa69607-50ac-4404-aff0-5fab5d07a238_1772075923.jpg"}}, {"type": "Feature", "geometry": {"coordinates": [106.84506311365976, 10.41415369987374], "type": "Point"}, "properties": {"fid": 77.0, "ID": 83, "TT": 83, "MaMKA": 83, "Vitri": "Tâm OTC", "HuongPhoi": "Bắc", "Tinh": "Hồ Chí Minh", "Xa": "An Thới Đông", "TK": "77", "NgayDT": "26/02/2026", "NguoiDT": "Nguyễn Văn A", "X_NB": 619706.04, "Y_NB": 1151868.1, "Docao": 17.16, "G1": 8.0, "G2": 8.0, "G3": 8.5, "G4": 7.5, "G5": 7.5, "G": 7.9, "H1": 5.4, "H2": 6.9, "H3": 7.8, "H4": 8.7, "H5": 9.6, "H": 7.7, "M": 27.3, "Dotanche": 0.35, "LoaiUT": "Chò xót, bứa", "HuongChup": "Nam", "KCChup": 1.0, "ten_hinh": 83, "TrangThai": "TXK", "TTThucDia": "TXK", "Note": "Trảng tranh, sim, mua", "MaVQG": 200, "KH": "OTC", "Check": "OK", "TenldlrTT1": "Rừng lá rộng thường xanh và nửa rụng lá nghèo kiệt", "Hinh1": "https://five.epicollect.net/api/media/vqgpq2025?type=photo&format=entry_original&name=93338e3f-9170-451f-90ab-6832d249df7a_1772073224.jpg", "Hinh2": "https://five.epicollect.net/api/media/vqgpq2025?type=photo&format=entry_original&name=93338e3f-9170-451f-90ab-6832d249df7a_1772073239.jpg"}}, {"type": "Feature", "geometry": {"coordinates": [106.89153368272353, 10.61174645970722], "type": "Point"}, "properties": {"fid": 78.0, "ID": 85, "TT": 85, "MaMKA": 85, "Vitri": "Sườn núi", "HuongPhoi": "Tây", "Tinh": "Hồ Chí Minh", "Xa": "An Thới Đông", "TK": "57", "NgayDT": "25/02/2026", "NguoiDT": "Nguyễn Văn A", "X_NB": 624715.38, "Y_NB": 1173743.91, "Docao": 68.92, "G1": 25.0, "G2": 24.0, "G3": 25.0, "G4": 24.5, "G5": 25.0, "G": 24.7, "H1": 18.0, "H2": 18.5, "H3": 12.0, "H4": 9.0, "H5": 7.0, "H": 12.9, "M": 143.38, "Dotanche": 0.85, "LoaiUT": "Săng trắng, Bô bô, Gội", "HuongChup": "Tây", "KCChup": 2.0, "ten_hinh": 85, "TrangThai": "TXB", "TTThucDia": "TXB", "Note": "NULL", "MaVQG": 42, "KH": "MKA", "Check": "NULL", "TenldlrTT1": "Rừng lá rộng thường xanh và nửa rụng lá trung bình", "Hinh1": "https://five.epicollect.net/api/media/vqgpq2025?type=photo&format=entry_original&name=14d4fa1e-e5ef-4c3b-a4ac-3f59aea6a177_1771987765.jpg", "Hinh2": "https://five.epicollect.net/api/media/vqgpq2025?type=photo&format=entry_original&name=14d4fa1e-e5ef-4c3b-a4ac-3f59aea6a177_1771987795.jpg"}}, {"type": "Feature", "geometry": {"coordinates": [106.89498672703637, 10.58955366074802], "type": "Point"}, "properties": {"fid": 79.0, "ID": 86, "TT": 86, "MaMKA": 86, "Vitri": "Sườn núi", "HuongPhoi": "Đông Nam", "Tinh": "Hồ Chí Minh", "Xa": "An Thới Đông", "TK": "58", "NgayDT": "25/02/2026", "NguoiDT": "Nguyễn Văn A", "X_NB": 625102.3, "Y_NB": 1171290.3, "Docao": 50.51, "G1": 27.5, "G2": 26.5, "G3": 27.5, "G4": 27.5, "G5": 27.0, "G": 27.2, "H1": 18.0, "H2": 15.5, "H3": 8.5, "H4": 7.5, "H5": 8.5, "H": 11.6, "M": 141.98, "Dotanche": 0.83, "LoaiUT": "Chay", "HuongChup": "Tây Bắc", "KCChup": 1.0, "ten_hinh": 86, "TrangThai": "TXB", "TTThucDia": "TXB", "Note": "NULL", "MaVQG": 50, "KH": "MKA", "Check": "NULL", "TenldlrTT1": "Rừng lá rộng thường xanh và nửa rụng lá trung bình", "Hinh1": "https://five.epicollect.net/api/media/vqgpq2025?type=photo&format=entry_original&name=063d0af8-c246-4e58-b284-da5c74b2f418_1771983939.jpg", "Hinh2": "https://five.epicollect.net/api/media/vqgpq2025?type=photo&format=entry_original&name=063d0af8-c246-4e58-b284-da5c74b2f418_1771983954.jpg"}}, {"type": "Feature", "geometry": {"coordinates": [107.00498362498124, 10.594987500415785], "type": "Point"}, "properties": {"fid": 80.0, "ID": 87, "TT": 87, "MaMKA": 87, "Vitri": "Sườn núi", "HuongPhoi": "Tây Nam", "Tinh": "Hồ Chí Minh", "Xa": "An Thới Đông", "TK": "52", "NgayDT": "24/02/2026", "NguoiDT": "Nguyễn Văn A", "X_NB": 637138.76, "Y_NB": 1171937.77, "Docao": 68.75, "G1": 17.0, "G2": 17.0, "G3": 17.0, "G4": 18.0, "G5": 17.0, "G": 17.2, "H1": 7.3, "H2": 8.0, "H3": 7.7, "H4": 7.0, "H5": 6.5, "H": 7.3, "M": 56.5, "Dotanche": 0.7, "LoaiUT": "Làu táu, Bứa", "HuongChup": "Tây Nam", "KCChup": 2.0, "ten_hinh": 87, "TrangThai": "TXN", "TTThucDia": "TXN", "Note": "NULL", "MaVQG": 11, "KH": "MKA", "Check": "NULL", "TenldlrTT1": "Rừng lá rộng thường xanh và nửa rụng lá nghèo", "Hinh1": "https://five.epicollect.net/api/media/vqgpq2025?type=photo&format=entry_original&name=0a1b7c85-95a7-42d5-b5a8-e882913f045b_1771914251.jpg", "Hinh2": "https://five.epicollect.net/api/media/vqgpq2025?type=photo&format=entry_original&name=0a1b7c85-95a7-42d5-b5a8-e882913f045b_1771914265.jpg"}}, {"type": "Feature", "geometry": {"coordinates": [106.87596198381972, 10.626540064683748], "type": "Point"}, "properties": {"fid": 81.0, "ID": 88, "TT": 88, "MaMKA": 88, "Vitri": "Sườn núi", "HuongPhoi": "Tây Nam", "Tinh": "Hồ Chí Minh", "Xa": "An Thới Đông", "TK": "52", "NgayDT": "24/02/2026", "NguoiDT": "Nguyễn Văn A", "X_NB": 623005.33, "Y_NB": 1175374.18, "Docao": 224.23, "G1": 22.0, "G2": 22.5, "G3": 20.0, "G4": 23.0, "G5": 24.0, "G": 22.3, "H1": 7.5, "H2": 7.9, "H3": 14.2, "H4": 12.8, "H5": 18.0, "H": 12.1, "M": 121.22, "Dotanche": 0.82, "LoaiUT": "Kiền kiền, Thị, Trâm", "HuongChup": "Đông Bắc", "KCChup": 1.0, "ten_hinh": 88, "TrangThai": "TXB", "TTThucDia": "TXB", "Note": "NULL", "MaVQG": 3300, "KH": "OTC", "Check": "OK", "TenldlrTT1": "Rừng lá rộng thường xanh và nửa rụng lá trung bình", "Hinh1": "https://five.epicollect.net/api/media/vqgpq2025?type=photo&format=entry_original&name=50ae2813-f255-481b-899f-afaf95c344a1_1771911544.jpg", "Hinh2": "https://five.epicollect.net/api/media/vqgpq2025?type=photo&format=entry_original&name=50ae2813-f255-481b-899f-afaf95c344a1_1771911561.jpg"}}, {"type": "Feature", "geometry": {"coordinates": [106.81857663157211, 10.542663174109325], "type": "Point"}, "properties": {"fid": 82.0, "ID": 89, "TT": 89, "MaMKA": 89, "Vitri": "Chân núi", "HuongPhoi": "Tây", "Tinh": "Hồ Chí Minh", "Xa": "An Thới Đông", "TK": "53", "NgayDT": "11/2/2026", "NguoiDT": "Nguyễn Văn A", "X_NB": 616757.41, "Y_NB": 1166073.65, "Docao": 14.92, "G1": 29.0, "G2": 28.5, "G3": 27.0, "G4": 30.0, "G5": 29.0, "G": 28.7, "H1": 3.7, "H2": 3.9, "H3": 8.0, "H4": 9.5, "H5": 10.8, "H": 7.2, "M": 92.73, "Dotanche": 0.5, "LoaiUT": "Tràm nước", "HuongChup": "Tây", "KCChup": 2.0, "ten_hinh": 89, "TrangThai": "RNP", "TTThucDia": "RNP", "Note": "NULL", "MaVQG": 7800, "KH": "OTC", "Check": "OK", "TenldlrTT1": "Rừng ngập phèn", "Hinh1": "https://five.epicollect.net/api/media/vqgpq2025?type=photo&format=entry_original&name=9895296a-68fb-4ff7-bcc0-43e5ba541840_1770781694.jpg", "Hinh2": "https://five.epicollect.net/api/media/vqgpq2025?type=photo&format=entry_original&name=9895296a-68fb-4ff7-bcc0-43e5ba541840_1770781713.jpg"}}, {"type": "Feature", "geometry": {"coordinates": [106.88750573494329, 10.57597222698851], "type": "Point"}, "properties": {"fid": 83.0, "ID": 92, "TT": 92, "MaMKA": 92, "Vitri": "Chân núi", "HuongPhoi": "Nam", "Tinh": "Hồ Chí Minh", "Xa": "An Thới Đông", "TK": "65", "NgayDT": "10/2/2026", "NguoiDT": "Nguyễn Văn A", "X_NB": 624289.02, "Y_NB": 1169784.91, "Docao": 9.45, "G1": 10.0, "G2": 11.0, "G3": 12.0, "G4": 12.5, "G5": 13.0, "G": 11.7, "H1": 10.5, "H2": 11.0, "H3": 9.0, "H4": 7.5, "H5": 7.6, "H": 9.1, "M": 48.02, "Dotanche": 0.55, "LoaiUT": "Tràm nước", "HuongChup": "Đông", "KCChup": 2.0, "ten_hinh": 92, "TrangThai": "RNP", "TTThucDia": "RNP", "Note": "NULL", "MaVQG": 1, "KH": "MKA", "Check": "NULL", "TenldlrTT1": "Rừng ngập phèn", "Hinh1": "https://five.epicollect.net/api/media/vqgpq2025?type=photo&format=entry_original&name=db03b52f-ebd6-4ef8-9141-7919fc71a2ae_1770701561.jpg", "Hinh2": "https://five.epicollect.net/api/media/vqgpq2025?type=photo&format=entry_original&name=db03b52f-ebd6-4ef8-9141-7919fc71a2ae_1770701572.jpg"}}, {"type": "Feature", "geometry": {"coordinates": [106.87581115386952, 10.582462801918536], "type": "Point"}, "properties": {"fid": 84.0, "ID": 93, "TT": 93, "MaMKA": 93, "Vitri": "Chân núi", "HuongPhoi": "Nam", "Tinh": "Hồ Chí Minh", "Xa": "An Thới Đông", "TK": "65", "NgayDT": "10/2/2026", "NguoiDT": "Nguyễn Văn A", "X_NB": 623006.46, "Y_NB": 1170498.26, "Docao": 14.96, "G1": 14.0, "G2": 15.0, "G3": 15.5, "G4": 16.0, "G5": 13.0, "G": 14.7, "H1": 6.9, "H2": 7.8, "H3": 7.0, "H4": 7.5, "H5": 4.4, "H": 6.7, "M": 44.45, "Dotanche": 0.5, "LoaiUT": "Tràm nước", "HuongChup": "Đông Nam", "KCChup": 2.0, "ten_hinh": 93, "TrangThai": "RNP", "TTThucDia": "RNP", "Note": "NULL", "MaVQG": 1200, "KH": "OTC", "Check": "OK", "TenldlrTT1": "Rừng ngập phèn", "Hinh1": "https://five.epicollect.net/api/media/vqgpq2025?type=photo&format=entry_original&name=f28e5803-0512-43c3-a781-817da35c90b0_1770700740.jpg", "Hinh2": "https://five.epicollect.net/api/media/vqgpq2025?type=photo&format=entry_original&name=f28e5803-0512-43c3-a781-817da35c90b0_1770700753.jpg"}}, {"type": "Feature", "geometry": {"coordinates": [106.8825056167697, 10.584457882306692], "type": "Point"}, "properties": {"fid": 85.0, "ID": 94, "TT": 94, "MaMKA": 94, "Vitri": "Chân núi", "HuongPhoi": "Nam", "Tinh": "Hồ Chí Minh", "Xa": "An Thới Đông", "TK": "65", "NgayDT": "10/2/2026", "NguoiDT": "Nguyễn Văn A", "X_NB": 623738.35, "Y_NB": 1170721.61, "Docao": 11.47, "G1": 24.0, "G2": 25.0, "G3": 24.0, "G4": 22.0, "G5": 22.5, "G": 23.5, "H1": 15.0, "H2": 11.7, "H3": 14.0, "H4": 10.0, "H5": 7.5, "H": 11.6, "M": 123.09, "Dotanche": 0.83, "LoaiUT": "Mã rạng, Kiền kiền, Ba gạc", "HuongChup": "Bắc", "KCChup": 1.0, "ten_hinh": 94, "TrangThai": "TXB", "TTThucDia": "TXB", "Note": "NULL", "MaVQG": 1100, "KH": "OTC", "Check": "OK", "TenldlrTT1": "Rừng lá rộng thường xanh và nửa rụng lá trung bình", "Hinh1": "https://five.epicollect.net/api/media/vqgpq2025?type=photo&format=entry_original&name=89cd9f66-2056-45aa-ba6a-b970c3394c56_1770698921.jpg", "Hinh2": "https://five.epicollect.net/api/media/vqgpq2025?type=photo&format=entry_original&name=89cd9f66-2056-45aa-ba6a-b970c3394c56_1770698936.jpg"}}, {"type": "Feature", "geometry": {"coordinates": [106.88119732420495, 10.582667438939685], "type": "Point"}, "properties": {"fid": 86.0, "ID": 95, "TT": 95, "MaMKA": 95, "Vitri": "Chân núi", "HuongPhoi": "Nam", "Tinh": "Hồ Chí Minh", "Xa": "An Thới Đông", "TK": "65", "NgayDT": "10/2/2026", "NguoiDT": "Nguyễn Văn A", "X_NB": 623595.88, "Y_NB": 1170523.03, "Docao": 9.48, "G1": 11.0, "G2": 12.0, "G3": 12.5, "G4": 13.0, "G5": 11.0, "G": 11.9, "H1": 7.2, "H2": 7.4, "H3": 7.3, "H4": 6.4, "H5": 5.1, "H": 6.7, "M": 35.77, "Dotanche": 0.5, "LoaiUT": "Tràm nước", "HuongChup": "Đông", "KCChup": 3.0, "ten_hinh": 95, "TrangThai": "RNP", "TTThucDia": "RNP", "Note": "NULL", "MaVQG": 7400, "KH": "OTC", "Check": "OK", "TenldlrTT1": "Rừng ngập phèn", "Hinh1": "https://five.epicollect.net/api/media/vqgpq2025?type=photo&format=entry_original&name=44de553f-624f-44ac-ab17-e489ad56812f_1770690506.jpg", "Hinh2": "https://five.epicollect.net/api/media/vqgpq2025?type=photo&format=entry_original&name=44de553f-624f-44ac-ab17-e489ad56812f_1770690519.jpg"}}, {"type": "Feature", "geometry": {"coordinates": [106.89251628484166, 10.581711966507195], "type": "Point"}, "properties": {"fid": 87.0, "ID": 96, "TT": 96, "MaMKA": 96, "Vitri": "Chân núi", "HuongPhoi": "Nam", "Tinh": "Hồ Chí Minh", "Xa": "An Thới Đông", "TK": "58", "NgayDT": "10/2/2026", "NguoiDT": "Nguyễn Văn A", "X_NB": 624835.1, "Y_NB": 1170421.85, "Docao": 17.92, "G1": 0.0, "G2": 0.0, "G3": 0.0, "G4": 0.0, "G5": 0.0, "G": 0.0, "H1": 0.0, "H2": 0.0, "H3": 0.0, "H4": 0.0, "H5": 0.0, "H": 0.0, "M": 0.0, "Dotanche": 0.0, "LoaiUT": "NULL", "HuongChup": "Đông", "KCChup": 2.0, "ten_hinh": 96, "TrangThai": "DTK", "TTThucDia": "DTK", "Note": "Đất trồng Xoài của người dân", "MaVQG": 30, "KH": "MKA", "Check": "NULL", "TenldlrTT1": "Diện tích khác", "Hinh1": "https://five.epicollect.net/api/media/vqgpq2025?type=photo&format=entry_original&name=68cb43c5-4b5a-46ca-ad1e-7c6e7eeb60dc_1770687693.jpg", "Hinh2": "https://five.epicollect.net/api/media/vqgpq2025?type=photo&format=entry_original&name=68cb43c5-4b5a-46ca-ad1e-7c6e7eeb60dc_1770687711.jpg"}}, {"type": "Feature", "geometry": {"coordinates": [106.97821822193892, 10.586028226753506], "type": "Point"}, "properties": {"fid": 88.0, "ID": 97, "TT": 97, "MaMKA": 97, "Vitri": "Sườn núi", "HuongPhoi": "Đông", "Tinh": "Hồ Chí Minh", "Xa": "An Thới Đông", "TK": "63", "NgayDT": "25/02/2026", "NguoiDT": "Nguyễn Văn A", "X_NB": 634213.27, "Y_NB": 1170934.98, "Docao": 73.38, "G1": 31.0, "G2": 34.0, "G3": 33.5, "G4": 35.0, "G5": 37.0, "G": 34.1, "H1": 7.6, "H2": 13.9, "H3": 14.1, "H4": 18.8, "H5": 24.6, "H": 15.8, "M": 242.45, "Dotanche": 0.85, "LoaiUT": "Kiền kiền, dầu mít, bô bô", "HuongChup": "Bắc", "KCChup": 2.0, "ten_hinh": 97, "TrangThai": "TXG", "TTThucDia": "TXG", "Note": "NULL", "MaVQG": 63, "KH": "MKA", "Check": "NULL", "TenldlrTT1": "Rừng lá rộng thường xanh và nửa rụng lá giàu", "Hinh1": "https://five.epicollect.net/api/media/vqgpq2025?type=photo&format=entry_original&name=f2a151b1-65b2-48fb-9120-6f6ba90bba86_1772005294.jpg", "Hinh2": "https://five.epicollect.net/api/media/vqgpq2025?type=photo&format=entry_original&name=f2a151b1-65b2-48fb-9120-6f6ba90bba86_1772005330.jpg"}}, {"type": "Feature", "geometry": {"coordinates": [107.01438613608947, 10.58635189956162], "type": "Point"}, "properties": {"fid": 89.0, "ID": 98, "TT": 98, "MaMKA": 98, "Vitri": "Chân núi", "HuongPhoi": "Đông", "Tinh": "Hồ Chí Minh", "Xa": "An Thới Đông", "TK": "68", "NgayDT": "25/02/2026", "NguoiDT": "Nguyễn Văn A", "X_NB": 638171.72, "Y_NB": 1170986.61, "Docao": 19.04, "G1": 13.0, "G2": 14.0, "G3": 13.0, "G4": 13.5, "G5": 14.0, "G": 13.5, "H1": 7.3, "H2": 7.2, "H3": 9.7, "H4": 12.6, "H5": 11.9, "H": 9.7, "M": 59.17, "Dotanche": 0.8, "LoaiUT": "Kiền kiền, côm, chò xót, trâm", "HuongChup": "Bắc", "KCChup": 1.0, "ten_hinh": 98, "TrangThai": "TXN", "TTThucDia": "TXN", "Note": "NULL", "MaVQG": 58, "KH": "MKA", "Check": "NULL", "TenldlrTT1": "Rừng lá rộng thường xanh và nửa rụng lá nghèo", "Hinh1": "https://five.epicollect.net/api/media/vqgpq2025?type=photo&format=entry_original&name=8b9066ba-bab5-4c36-ab89-2b6bae85e0f7_1771999813.jpg", "Hinh2": "https://five.epicollect.net/api/media/vqgpq2025?type=photo&format=entry_original&name=8b9066ba-bab5-4c36-ab89-2b6bae85e0f7_1771999832.jpg"}}, {"type": "Feature", "geometry": {"coordinates": [107.00553473667864, 10.568033648812609], "type": "Point"}, "properties": {"fid": 90.0, "ID": 99, "TT": 99, "MaMKA": 99, "Vitri": "Tâm OTC", "HuongPhoi": "Bắc", "Tinh": "Hồ Chí Minh", "Xa": "An Thới Đông", "TK": "68", "NgayDT": "25/02/2026", "NguoiDT": "Nguyễn Văn A", "X_NB": 637211.08, "Y_NB": 1168956.23, "Docao": 12.85, "G1": 13.0, "G2": 11.0, "G3": 12.5, "G4": 11.5, "G5": 11.0, "G": 11.8, "H1": 6.4, "H2": 7.3, "H3": 9.9, "H4": 12.7, "H5": 13.5, "H": 10.0, "M": 52.89, "Dotanche": 0.75, "LoaiUT": "Tràm nước, bời lời, cám, bứa", "HuongChup": "Đông", "KCChup": 2.0, "ten_hinh": 99, "TrangThai": "RNP", "TTThucDia": "RNP", "Note": "NULL", "MaVQG": 4700, "KH": "OTC", "Check": "OK", "TenldlrTT1": "Rừng ngập phèn", "Hinh1": "https://five.epicollect.net/api/media/vqgpq2025?type=photo&format=entry_original&name=763bf611-e9c5-43c2-b59a-50db04e30057_1771993866.jpg", "Hinh2": "https://five.epicollect.net/api/media/vqgpq2025?type=photo&format=entry_original&name=763bf611-e9c5-43c2-b59a-50db04e30057_1771993882.jpg"}}, {"type": "Feature", "geometry": {"coordinates": [106.99716705574511, 10.599020084028812], "type": "Point"}, "properties": {"fid": 91.0, "ID": 100, "TT": 100, "MaMKA": 100, "Vitri": "Sườn núi", "HuongPhoi": "Đông Bắc", "Tinh": "Hồ Chí Minh", "Xa": "An Thới Đông", "TK": "56", "NgayDT": "25/02/2026", "NguoiDT": "Nguyễn Văn A", "X_NB": 636281.47, "Y_NB": 1172380.44, "Docao": 41.45, "G1": 30.0, "G2": 32.5, "G3": 33.5, "G4": 30.5, "G5": 35.0, "G": 32.3, "H1": 7.3, "H2": 9.1, "H3": 16.8, "H4": 21.4, "H5": 21.3, "H": 15.2, "M": 220.64, "Dotanche": 0.85, "LoaiUT": "Kiền kiền, cồng, trâm, chò xót", "HuongChup": "Đông", "KCChup": 2.0, "ten_hinh": 100, "TrangThai": "TXG", "TTThucDia": "TXG", "Note": "NULL", "MaVQG": 64, "KH": "MKA", "Check": "NULL", "TenldlrTT1": "Rừng lá rộng thường xanh và nửa rụng lá giàu", "Hinh1": "https://five.epicollect.net/api/media/vqgpq2025?type=photo&format=entry_original&name=71378a63-9736-49a1-97e4-9b46d371248e_1771987462.jpg", "Hinh2": "https://five.epicollect.net/api/media/vqgpq2025?type=photo&format=entry_original&name=71378a63-9736-49a1-97e4-9b46d371248e_1771987488.jpg"}}, {"type": "Feature", "geometry": {"coordinates": [106.89093731467801, 10.439310667534887], "type": "Point"}, "properties": {"fid": 92.0, "ID": 107, "TT": 107, "MaMKA": 107, "Vitri": "Tâm OTC", "HuongPhoi": "Bắc", "Tinh": "Hồ Chí Minh", "Xa": "An Thới Đông", "TK": "53", "NgayDT": "11/2/2026", "NguoiDT": "Nguyễn Văn A", "X_NB": 624719.52, "Y_NB": 1154668.69, "Docao": 12.65, "G1": 7.0, "G2": 6.5, "G3": 7.0, "G4": 6.5, "G5": 6.0, "G": 6.6, "H1": 3.8, "H2": 5.0, "H3": 8.0, "H4": 8.3, "H5": 9.5, "H": 6.9, "M": 20.55, "Dotanche": 0.55, "LoaiUT": "Tràm nước", "HuongChup": "Tây", "KCChup": 2.0, "ten_hinh": 107, "TrangThai": "RNP", "TTThucDia": "RNP", "Note": "NULL", "MaVQG": 4400, "KH": "OTC", "Check": "OK", "TenldlrTT1": "Rừng ngập phèn", "Hinh1": "https://five.epicollect.net/api/media/vqgpq2025?type=photo&format=entry_original&name=90bb5bd3-793e-48bb-940c-726eb32ca3a6_1770779177.jpg", "Hinh2": "https://five.epicollect.net/api/media/vqgpq2025?type=photo&format=entry_original&name=90bb5bd3-793e-48bb-940c-726eb32ca3a6_1770779201.jpg"}}, {"type": "Feature", "geometry": {"coordinates": [106.81654354458281, 10.579853988934142], "type": "Point"}, "properties": {"fid": 93.0, "ID": 108, "TT": 108, "MaMKA": 108, "Vitri": "Tâm OTC", "HuongPhoi": "Bắc", "Tinh": "Hồ Chí Minh", "Xa": "An Thới Đông", "TK": "64", "NgayDT": "10/2/2026", "NguoiDT": "Nguyễn Văn A", "X_NB": 616520.83, "Y_NB": 1170186.88, "Docao": 7.0, "G1": 11.0, "G2": 10.5, "G3": 10.5, "G4": 10.0, "G5": 9.5, "G": 10.3, "H1": 3.8, "H2": 3.7, "H3": 4.0, "H4": 4.2, "H5": 3.8, "H": 3.9, "M": 18.08, "Dotanche": 0.4, "LoaiUT": "Tràm nước", "HuongChup": "Tây", "KCChup": 2.0, "ten_hinh": 108, "TrangThai": "RNP", "TTThucDia": "RNP", "Note": "NULL", "MaVQG": 4300, "KH": "OTC", "Check": "OK", "TenldlrTT1": "Rừng ngập phèn", "Hinh1": "https://five.epicollect.net/api/media/vqgpq2025?type=photo&format=entry_original&name=196ec646-adeb-4bda-8b5c-0a8921dc4128_1770709929.jpg", "Hinh2": "https://five.epicollect.net/api/media/vqgpq2025?type=photo&format=entry_original&name=196ec646-adeb-4bda-8b5c-0a8921dc4128_1770709954.jpg"}}, {"type": "Feature", "geometry": {"coordinates": [106.81036793720921, 10.583774260319313], "type": "Point"}, "properties": {"fid": 94.0, "ID": 109, "TT": 109, "MaMKA": 109, "Vitri": "Tâm OTC", "HuongPhoi": "Bắc", "Tinh": "Hồ Chí Minh", "Xa": "An Thới Đông", "TK": "60", "NgayDT": "10/2/2026", "NguoiDT": "Nguyễn Văn A", "X_NB": 615843.46, "Y_NB": 1170618.23, "Docao": 8.73, "G1": 15.0, "G2": 15.0, "G3": 14.5, "G4": 15.0, "G5": 14.5, "G": 14.8, "H1": 3.9, "H2": 4.0, "H3": 4.5, "H4": 4.6, "H5": 4.3, "H": 4.3, "M": 28.37, "Dotanche": 0.45, "LoaiUT": "Tràm nước", "HuongChup": "Tây", "KCChup": 3.0, "ten_hinh": 109, "TrangThai": "RNP", "TTThucDia": "RNP", "Note": "NULL", "MaVQG": 4200, "KH": "OTC", "Check": "OK", "TenldlrTT1": "Rừng ngập phèn", "Hinh1": "https://five.epicollect.net/api/media/vqgpq2025?type=photo&format=entry_original&name=a452ed54-8cd0-4ac1-b2d8-8c1ffafc240f_1770706887.jpg", "Hinh2": "https://five.epicollect.net/api/media/vqgpq2025?type=photo&format=entry_original&name=a452ed54-8cd0-4ac1-b2d8-8c1ffafc240f_1770706914.jpg"}}, {"type": "Feature", "geometry": {"coordinates": [106.92220400788865, 10.526124648865622], "type": "Point"}, "properties": {"fid": 95.0, "ID": 110, "TT": 110, "MaMKA": 110, "Vitri": "Chân núi", "HuongPhoi": "Tây", "Tinh": "Hồ Chí Minh", "Xa": "An Thới Đông", "TK": "69", "NgayDT": "10/2/2026", "NguoiDT": "Nguyễn Văn A", "X_NB": 628107.43, "Y_NB": 1164284.72, "Docao": 41.14, "G1": 0.0, "G2": 0.0, "G3": 0.0, "G4": 0.0, "G5": 0.0, "G": 0.0, "H1": 0.0, "H2": 0.0, "H3": 0.0, "H4": 0.0, "H5": 0.0, "H": 0.0, "M": 0.0, "Dotanche": 0.0, "LoaiUT": "NULL", "HuongChup": "Tây", "KCChup": 2.0, "ten_hinh": 110, "TrangThai": "DTK", "TTThucDia": "DTK", "Note": "Đất trồng tràm bông vàng", "MaVQG": 22, "KH": "MKA", "Check": "NULL", "TenldlrTT1": "Diện tích khác", "Hinh1": "https://five.epicollect.net/api/media/vqgpq2025?type=photo&format=entry_original&name=70fdcb64-d747-4ff3-9b14-52228fb1f370_1770688845.jpg", "Hinh2": "https://five.epicollect.net/api/media/vqgpq2025?type=photo&format=entry_original&name=70fdcb64-d747-4ff3-9b14-52228fb1f370_1770688864.jpg"}}, {"type": "Feature", "geometry": {"coordinates": [106.91795044916813, 10.555396056733901], "type": "Point"}, "properties": {"fid": 96.0, "ID": 111, "TT": 111, "MaMKA": 111, "Vitri": "Chân núi", "HuongPhoi": "Tây", "Tinh": "Hồ Chí Minh", "Xa": "An Thới Đông", "TK": "69", "NgayDT": "10/2/2026", "NguoiDT": "Nguyễn Văn A", "X_NB": 627629.72, "Y_NB": 1167521.04, "Docao": 56.45, "G1": 0.0, "G2": 0.0, "G3": 0.0, "G4": 0.0, "G5": 0.0, "G": 0.0, "H1": 0.0, "H2": 0.0, "H3": 0.0, "H4": 0.0, "H5": 0.0, "H": 0.0, "M": 0.0, "Dotanche": 0.0, "LoaiUT": "NULL", "HuongChup": "Tây", "KCChup": 2.0, "ten_hinh": 111, "TrangThai": "DTK", "TTThucDia": "DTK", "Note": "Đất trồng cây lâu năm: Dó bầu, Dừa, tre, mít, trai.", "MaVQG": 27, "KH": "MKA", "Check": "NULL", "TenldlrTT1": "Diện tích khác", "Hinh1": "https://five.epicollect.net/api/media/vqgpq2025?type=photo&format=entry_original&name=f897a551-527b-4522-a195-960c1427da35_1770687237.jpg", "Hinh2": "https://five.epicollect.net/api/media/vqgpq2025?type=photo&format=entry_original&name=f897a551-527b-4522-a195-960c1427da35_1770687269.jpg"}}, {"type": "Feature", "geometry": {"coordinates": [106.92074527784322, 10.448450915521205], "type": "Point"}, "properties": {"fid": 97.0, "ID": 112, "TT": 112, "MaMKA": 112, "Vitri": "Sườn núi", "HuongPhoi": "Tây", "Tinh": "Hồ Chí Minh", "Xa": "An Thới Đông", "TK": "77", "NgayDT": "6/2/2026", "NguoiDT": "Nguyễn Văn A", "X_NB": 627979.71, "Y_NB": 1155691.73, "Docao": 38.63, "G1": 0.0, "G2": 0.0, "G3": 0.0, "G4": 0.0, "G5": 0.0, "G": 0.0, "H1": 0.0, "H2": 0.0, "H3": 0.0, "H4": 0.0, "H5": 0.0, "H": 0.0, "M": 0.0, "Dotanche": 0.0, "LoaiUT": "NULL", "HuongChup": "Đông", "KCChup": 3.0, "ten_hinh": 112, "TrangThai": "DTK", "TTThucDia": "DTK", "Note": "Đất trống xen một số cây Tràm bông vàng phát tán", "MaVQG": 24, "KH": "MKA", "Check": "NULL", "TenldlrTT1": "Diện tích khác", "Hinh1": "https://five.epicollect.net/api/media/vqgpq2025?type=photo&format=entry_original&name=3e9f07ef-945d-42c0-974b-666d4e36f54b_1770355343.jpg", "Hinh2": "https://five.epicollect.net/api/media/vqgpq2025?type=photo&format=entry_original&name=3e9f07ef-945d-42c0-974b-666d4e36f54b_1770355353.jpg"}}, {"type": "Feature", "geometry": {"coordinates": [106.94360834916237, 10.418165651538947], "type": "Point"}, "properties": {"fid": 98.0, "ID": 113, "TT": 113, "MaMKA": 113, "Vitri": "Sườn núi", "HuongPhoi": "Tây", "Tinh": "Hồ Chí Minh", "Xa": "An Thới Đông", "TK": "77", "NgayDT": "6/2/2026", "NguoiDT": "Nguyễn Văn A", "X_NB": 630495.78, "Y_NB": 1152350.88, "Docao": 48.4, "G1": 4.5, "G2": 4.0, "G3": 4.5, "G4": 5.0, "G5": 4.0, "G": 4.4, "H1": 11.0, "H2": 10.0, "H3": 7.4, "H4": 5.5, "H5": 6.0, "H": 8.0, "M": 15.8, "Dotanche": 0.6, "LoaiUT": "Vảy ốc, Xăng mã", "HuongChup": "Tây Nam", "KCChup": 2.0, "ten_hinh": 113, "TrangThai": "TXK", "TTThucDia": "TXK", "Note": "NULL", "MaVQG": 1500, "KH": "OTC", "Check": "OK", "TenldlrTT1": "Rừng lá rộng thường xanh và nửa rụng lá nghèo kiệt", "Hinh1": "https://five.epicollect.net/api/media/vqgpq2025?type=photo&format=entry_original&name=af956905-c17c-491d-810b-aa52391cc597_1770354199.jpg", "Hinh2": "https://five.epicollect.net/api/media/vqgpq2025?type=photo&format=entry_original&name=af956905-c17c-491d-810b-aa52391cc597_1770354218.jpg"}}, {"type": "Feature", "geometry": {"coordinates": [106.88287280225653, 10.413854613281977], "type": "Point"}, "properties": {"fid": 99.0, "ID": 114, "TT": 114, "MaMKA": 114, "Vitri": "Sườn núi", "HuongPhoi": "Nam", "Tinh": "Hồ Chí Minh", "Xa": "An Thới Đông", "TK": "77", "NgayDT": "6/2/2026", "NguoiDT": "Nguyễn Văn A", "X_NB": 623846.55, "Y_NB": 1151849.57, "Docao": 47.73, "G1": 8.0, "G2": 8.5, "G3": 7.0, "G4": 9.0, "G5": 8.0, "G": 8.1, "H1": 4.2, "H2": 4.4, "H3": 7.2, "H4": 4.0, "H5": 3.7, "H": 4.7, "M": 17.13, "Dotanche": 0.6, "LoaiUT": "Bứa, Viết, Làu táu", "HuongChup": "Tây", "KCChup": 2.0, "ten_hinh": 114, "TrangThai": "TXK", "TTThucDia": "TXK", "Note": "NULL", "MaVQG": 1400, "KH": "OTC", "Check": "OK", "TenldlrTT1": "Rừng lá rộng thường xanh và nửa rụng lá nghèo kiệt", "Hinh1": "https://five.epicollect.net/api/media/vqgpq2025?type=photo&format=entry_original&name=786985f4-8080-441c-b326-d332faea359b_1770349476.jpg", "Hinh2": "https://five.epicollect.net/api/media/vqgpq2025?type=photo&format=entry_original&name=786985f4-8080-441c-b326-d332faea359b_1770349492.jpg"}}, {"type": "Feature", "geometry": {"coordinates": [106.93335930836763, 10.422651582324407], "type": "Point"}, "properties": {"fid": 100.0, "ID": 115, "TT": 115, "MaMKA": 115, "Vitri": "Sườn núi", "HuongPhoi": "Bắc", "Tinh": "Hồ Chí Minh", "Xa": "An Thới Đông", "TK": "77", "NgayDT": "6/2/2026", "NguoiDT": "Nguyễn Văn A", "X_NB": 629371.58, "Y_NB": 1152842.91, "Docao": 51.0, "G1": 17.0, "G2": 16.5, "G3": 15.0, "G4": 16.5, "G5": 16.5, "G": 16.3, "H1": 11.5, "H2": 10.8, "H3": 10.1, "H4": 7.5, "H5": 7.6, "H": 9.5, "M": 69.68, "Dotanche": 0.79, "LoaiUT": "Thị, Trâm", "HuongChup": "Tây", "KCChup": 3.0, "ten_hinh": 115, "TrangThai": "TXN", "TTThucDia": "TXN", "Note": "NULL", "MaVQG": 1300, "KH": "OTC", "Check": "OK", "TenldlrTT1": "Rừng lá rộng thường xanh và nửa rụng lá nghèo", "Hinh1": "https://five.epicollect.net/api/media/vqgpq2025?type=photo&format=entry_original&name=db7b6067-5285-4717-be08-8704f5d000bb_1770344784.jpg", "Hinh2": "https://five.epicollect.net/api/media/vqgpq2025?type=photo&format=entry_original&name=db7b6067-5285-4717-be08-8704f5d000bb_1770344804.jpg"}}, {"type": "Feature", "geometry": {"coordinates": [106.94335978000517, 10.469604640277666], "type": "Point"}, "properties": {"fid": 101.0, "ID": 116, "TT": 116, "MaMKA": 116, "Vitri": "Chân núi", "HuongPhoi": "Tây", "Tinh": "Hồ Chí Minh", "Xa": "An Thới Đông", "TK": "74", "NgayDT": "6/2/2026", "NguoiDT": "Nguyễn Văn A", "X_NB": 630447.07, "Y_NB": 1158041.07, "Docao": 28.3, "G1": 0.0, "G2": 0.0, "G3": 0.0, "G4": 0.0, "G5": 0.0, "G": 0.0, "H1": 0.0, "H2": 0.0, "H3": 0.0, "H4": 0.0, "H5": 0.0, "H": 0.0, "M": 0.0, "Dotanche": 0.0, "LoaiUT": "NULL", "HuongChup": "Đông Nam", "KCChup": 2.0, "ten_hinh": 116, "TrangThai": "DTK", "TTThucDia": "DTK", "Note": "Hiện trạng đất trồng cây Tràm bông vàng của người dân", "MaVQG": 3100, "KH": "OTC", "Check": "OK", "TenldlrTT1": "Diện tích khác", "Hinh1": "https://five.epicollect.net/api/media/vqgpq2025?type=photo&format=entry_original&name=e774d84f-a86a-49cb-8178-a49fcf217fbf_1770339906.jpg", "Hinh2": "https://five.epicollect.net/api/media/vqgpq2025?type=photo&format=entry_original&name=e774d84f-a86a-49cb-8178-a49fcf217fbf_1770339928.jpg"}}, {"type": "Feature", "geometry": {"coordinates": [106.96399734556209, 10.484067447771883], "type": "Point"}, "properties": {"fid": 102.0, "ID": 117, "TT": 117, "MaMKA": 117, "Vitri": "Sườn núi", "HuongPhoi": "Đông", "Tinh": "Hồ Chí Minh", "Xa": "An Thới Đông", "TK": "71", "NgayDT": "5/2/2026", "NguoiDT": "Nguyễn Văn A", "X_NB": 632700.51, "Y_NB": 1159649.62, "Docao": 30.36, "G1": 7.0, "G2": 8.0, "G3": 6.0, "G4": 7.5, "G5": 6.5, "G": 7.0, "H1": 7.2, "H2": 8.2, "H3": 7.5, "H4": 7.5, "H5": 8.0, "H": 7.7, "M": 24.19, "Dotanche": 0.75, "LoaiUT": "Làu táu, Thị", "HuongChup": "Nam", "KCChup": 2.0, "ten_hinh": 117, "TrangThai": "TXK", "TTThucDia": "TXK", "Note": "NULL", "MaVQG": 71, "KH": "MKA", "Check": "NULL", "TenldlrTT1": "Rừng lá rộng thường xanh và nửa rụng lá nghèo kiệt", "Hinh1": "https://five.epicollect.net/api/media/vqgpq2025?type=photo&format=entry_original&name=310ca1b4-5a7e-4df2-9847-d62f05b399f5_1770266035.jpg", "Hinh2": "https://five.epicollect.net/api/media/vqgpq2025?type=photo&format=entry_original&name=310ca1b4-5a7e-4df2-9847-d62f05b399f5_1770266048.jpg"}}, {"type": "Feature", "geometry": {"coordinates": [106.96775966781323, 10.487639920167227], "type": "Point"}, "properties": {"fid": 103.0, "ID": 118, "TT": 118, "MaMKA": 118, "Vitri": "Chân núi", "HuongPhoi": "Bắc", "Tinh": "Hồ Chí Minh", "Xa": "An Thới Đông", "TK": "71", "NgayDT": "5/2/2026", "NguoiDT": "Nguyễn Văn A", "X_NB": 633110.9, "Y_NB": 1160046.41, "Docao": 19.56, "G1": 12.5, "G2": 13.0, "G3": 13.0, "G4": 12.0, "G5": 12.5, "G": 12.6, "H1": 7.6, "H2": 8.7, "H3": 6.2, "H4": 4.8, "H5": 4.2, "H": 6.3, "M": 35.72, "Dotanche": 0.6, "LoaiUT": "Giền trắng, Tràm bông vàng", "HuongChup": "Đông Bắc", "KCChup": 2.0, "ten_hinh": 118, "TrangThai": "TXK", "TTThucDia": "TXK", "Note": "Rừng TXK xen lẫn Tràm bông vàng phát tán", "MaVQG": 3000, "KH": "OTC", "Check": "OK", "TenldlrTT1": "Rừng lá rộng thường xanh và nửa rụng lá nghèo kiệt", "Hinh1": "https://five.epicollect.net/api/media/vqgpq2025?type=photo&format=entry_original&name=74332e27-f03e-4b21-a782-9f2a4116d845_1770263472.jpg", "Hinh2": "https://five.epicollect.net/api/media/vqgpq2025?type=photo&format=entry_original&name=74332e27-f03e-4b21-a782-9f2a4116d845_1770263496.jpg"}}, {"type": "Feature", "geometry": {"coordinates": [106.95581575906918, 10.508766408448649], "type": "Point"}, "properties": {"fid": 104.0, "ID": 119, "TT": 119, "MaMKA": 119, "Vitri": "Chân núi", "HuongPhoi": "Tây", "Tinh": "Hồ Chí Minh", "Xa": "An Thới Đông", "TK": "69", "NgayDT": "5/2/2026", "NguoiDT": "Nguyễn Văn A", "X_NB": 631794.27, "Y_NB": 1162378.45, "Docao": 36.36, "G1": 6.5, "G2": 7.0, "G3": 6.5, "G4": 7.0, "G5": 6.0, "G": 6.6, "H1": 9.5, "H2": 9.0, "H3": 5.6, "H4": 7.1, "H5": 7.0, "H": 7.6, "M": 22.69, "Dotanche": 0.6, "LoaiUT": "Tràm bông vàng", "HuongChup": "Bắc", "KCChup": 2.0, "ten_hinh": 119, "TrangThai": "TXK", "TTThucDia": "TXK", "Note": "Rừng TXK xen lẫn Tràm bông vàng", "MaVQG": 2900, "KH": "OTC", "Check": "OK", "TenldlrTT1": "Rừng lá rộng thường xanh và nửa rụng lá nghèo kiệt", "Hinh1": "https://five.epicollect.net/api/media/vqgpq2025?type=photo&format=entry_original&name=701ba193-7c48-4d9a-a034-5fcee7e61d7c_1770258132.jpg", "Hinh2": "https://five.epicollect.net/api/media/vqgpq2025?type=photo&format=entry_original&name=701ba193-7c48-4d9a-a034-5fcee7e61d7c_1770258173.jpg"}}, {"type": "Feature", "geometry": {"coordinates": [106.85612397309657, 10.570395705681886], "type": "Point"}, "properties": {"fid": 105.0, "ID": 120, "TT": 120, "MaMKA": 120, "Vitri": "Tâm OTC", "HuongPhoi": "Nam", "Tinh": "Hồ Chí Minh", "Xa": "An Thới Đông", "TK": "65", "NgayDT": "5/2/2026", "NguoiDT": "Nguyễn Văn A", "X_NB": 620856.49, "Y_NB": 1169155.69, "Docao": 160.69, "G1": 25.0, "G2": 23.0, "G3": 23.5, "G4": 24.0, "G5": 23.0, "G": 23.7, "H1": 7.3, "H2": 6.5, "H3": 9.0, "H4": 16.0, "H5": 16.6, "H": 11.1, "M": 118.17, "Dotanche": 0.85, "LoaiUT": "Trâm, trường, chò xót", "HuongChup": "Nam", "KCChup": 1.0, "ten_hinh": 120, "TrangThai": "TXB", "TTThucDia": "TXB", "Note": "NULL", "MaVQG": 3700, "KH": "OTC", "Check": "OK", "TenldlrTT1": "Rừng lá rộng thường xanh và nửa rụng lá trung bình", "Hinh1": "https://five.epicollect.net/api/media/vqgpq2025?type=photo&format=entry_original&name=68dc6f57-1409-4306-859c-be8ce9b32b6e_1770272925.jpg", "Hinh2": "https://five.epicollect.net/api/media/vqgpq2025?type=photo&format=entry_original&name=68dc6f57-1409-4306-859c-be8ce9b32b6e_1770272945.jpg"}}, {"type": "Feature", "geometry": {"coordinates": [106.89242717800175, 10.505064507927134], "type": "Point"}, "properties": {"fid": 106.0, "ID": 121, "TT": 121, "MaMKA": 121, "Vitri": "Gần OTC", "HuongPhoi": "Tây", "Tinh": "Hồ Chí Minh", "Xa": "An Thới Đông", "TK": "75", "NgayDT": "5/2/2026", "NguoiDT": "Nguyễn Văn A", "X_NB": 624856.29, "Y_NB": 1161943.0, "Docao": 86.82, "G1": 5.0, "G2": 4.5, "G3": 6.0, "G4": 4.0, "G5": 4.5, "G": 4.8, "H1": 6.0, "H2": 6.6, "H3": 8.6, "H4": 7.3, "H5": 13.5, "H": 8.4, "M": 18.14, "Dotanche": 0.4, "LoaiUT": "Chay", "HuongChup": "Nam", "KCChup": 1.0, "ten_hinh": 121, "TrangThai": "TXK", "TTThucDia": "TXK", "Note": "Khu vực đã bị phát dọn trừ lại 1 số cây rừng tự nhiên rãi rác", "MaVQG": 900, "KH": "OTC", "Check": "OK", "TenldlrTT1": "Rừng lá rộng thường xanh và nửa rụng lá nghèo kiệt", "Hinh1": "https://five.epicollect.net/api/media/vqgpq2025?type=photo&format=entry_original&name=dc616117-7a2e-4654-b545-d78b795cc11c_1770261901.jpg", "Hinh2": "https://five.epicollect.net/api/media/vqgpq2025?type=photo&format=entry_original&name=dc616117-7a2e-4654-b545-d78b795cc11c_1770261914.jpg"}}, {"type": "Feature", "geometry": {"coordinates": [106.78180455538208, 10.560568996511646], "type": "Point"}, "properties": {"fid": 107.0, "ID": 122, "TT": 122, "MaMKA": 122, "Vitri": "Tâm OTC", "HuongPhoi": "Bắc", "Tinh": "Hồ Chí Minh", "Xa": "An Thới Đông", "TK": "59,60", "NgayDT": "3/2/2026", "NguoiDT": "Nguyễn Văn A", "X_NB": 612725.85, "Y_NB": 1168040.84, "Docao": 55.64, "G1": 23.6, "G2": 24.5, "G3": 21.4, "G4": 25.5, "G5": 26.0, "G": 24.2, "H1": 5.5, "H2": 7.5, "H3": 8.6, "H4": 14.0, "H5": 13.0, "H": 9.7, "M": 105.85, "Dotanche": 0.8, "LoaiUT": "Trâm, mướp lá lớn", "HuongChup": "Bắc", "KCChup": 1.0, "ten_hinh": 122, "TrangThai": "TXB", "TTThucDia": "TXB", "Note": "NULL", "MaVQG": 2200, "KH": "OTC", "Check": "OK", "TenldlrTT1": "Rừng lá rộng thường xanh và nửa rụng lá trung bình", "Hinh1": "https://five.epicollect.net/api/media/vqgpq2025?type=photo&format=entry_original&name=59853f06-cf7e-4af0-8290-0ec60bf10f19_1770089186.jpg", "Hinh2": "https://five.epicollect.net/api/media/vqgpq2025?type=photo&format=entry_original&name=59853f06-cf7e-4af0-8290-0ec60bf10f19_1770089205.jpg"}}, {"type": "Feature", "geometry": {"coordinates": [106.80528426669746, 10.554507501746242], "type": "Point"}, "properties": {"fid": 108.0, "ID": 123, "TT": 123, "MaMKA": 123, "Vitri": "Tâm OTC", "HuongPhoi": "Tây Nam", "Tinh": "Hồ Chí Minh", "Xa": "An Thới Đông", "TK": "59,60", "NgayDT": "3/2/2026", "NguoiDT": "Nguyễn Văn A", "X_NB": 615298.02, "Y_NB": 1167378.91, "Docao": 70.06, "G1": 0.0, "G2": 0.0, "G3": 0.0, "G4": 0.0, "G5": 0.0, "G": 0.0, "H1": 0.0, "H2": 0.0, "H3": 0.0, "H4": 0.0, "H5": 0.0, "H": 0.0, "M": 0.0, "Dotanche": 0.0, "LoaiUT": "Tràm bông vàng", "HuongChup": "Nam", "KCChup": 2.0, "ten_hinh": 123, "TrangThai": "DTK", "TTThucDia": "DTK", "Note": "Tràm bông vàng, khoai mì, chuối của người dân trồng", "MaVQG": 2300, "KH": "OTC", "Check": "OK", "TenldlrTT1": "Diện tích khác", "Hinh1": "https://five.epicollect.net/api/media/vqgpq2025?type=photo&format=entry_original&name=c697f91a-3849-498f-9cf8-5e8551aee447_1770085435.jpg", "Hinh2": "https://five.epicollect.net/api/media/vqgpq2025?type=photo&format=entry_original&name=c697f91a-3849-498f-9cf8-5e8551aee447_1770085450.jpg"}}, {"type": "Feature", "geometry": {"coordinates": [106.83974262333307, 10.480735077870273], "type": "Point"}, "properties": {"fid": 109.0, "ID": 124, "TT": 124, "MaMKA": 124, "Vitri": "Chân núi", "HuongPhoi": "Nam", "Tinh": "Hồ Chí Minh", "Xa": "An Thới Đông", "TK": "61", "NgayDT": "2/2/2026", "NguoiDT": "Nguyễn Văn A", "X_NB": 619098.01, "Y_NB": 1159231.22, "Docao": 31.95, "G1": 35.8, "G2": 32.0, "G3": 32.8, "G4": 33.7, "G5": 35.0, "G": 33.86, "H1": 7.5, "H2": 10.5, "H3": 13.0, "H4": 17.0, "H5": 18.0, "H": 13.2, "M": 201.13, "Dotanche": 0.85, "LoaiUT": "Kiền kiền, Vên vên", "HuongChup": "Tây Nam", "KCChup": 2.0, "ten_hinh": 124, "TrangThai": "TXG", "TTThucDia": "TXG", "Note": "NULL", "MaVQG": 66, "KH": "MKA", "Check": "NULL", "TenldlrTT1": "Rừng lá rộng thường xanh và nửa rụng lá giàu", "Hinh1": "https://five.epicollect.net/api/media/vqgpq2025?type=photo&format=entry_original&name=f9c7e703-cb44-4395-9303-0debd3544bf9_1770014391.jpg", "Hinh2": "https://five.epicollect.net/api/media/vqgpq2025?type=photo&format=entry_original&name=f9c7e703-cb44-4395-9303-0debd3544bf9_1770014421.jpg"}}, {"type": "Feature", "geometry": {"coordinates": [106.81959701034867, 10.595163661210435], "type": "Point"}, "properties": {"fid": 110.0, "ID": 125, "TT": 125, "MaMKA": 125, "Vitri": "Chân núi", "HuongPhoi": "Tây", "Tinh": "Hồ Chí Minh", "Xa": "An Thới Đông", "TK": "61", "NgayDT": "2/2/2026", "NguoiDT": "Nguyễn Văn A", "X_NB": 616849.21, "Y_NB": 1171881.56, "Docao": 25.38, "G1": 24.0, "G2": 23.0, "G3": 22.3, "G4": 23.5, "G5": 24.0, "G": 23.36, "H1": 7.5, "H2": 5.5, "H3": 6.9, "H4": 7.6, "H5": 8.9, "H": 7.3, "M": 76.53, "Dotanche": 0.74, "LoaiUT": "Trâm, Kiền kiền", "HuongChup": "Đông", "KCChup": 2.0, "ten_hinh": 125, "TrangThai": "TXN", "TTThucDia": "TXN", "Note": "NULL", "MaVQG": 17, "KH": "MKA", "Check": "NULL", "TenldlrTT1": "Rừng lá rộng thường xanh và nửa rụng lá nghèo", "Hinh1": "https://five.epicollect.net/api/media/vqgpq2025?type=photo&format=entry_original&name=94c67275-fd7f-467e-ab03-6b093fc08059_1770011909.jpg", "Hinh2": "https://five.epicollect.net/api/media/vqgpq2025?type=photo&format=entry_original&name=94c67275-fd7f-467e-ab03-6b093fc08059_1770011924.jpg"}}, {"type": "Feature", "geometry": {"coordinates": [106.8059223894493, 10.504929914563641], "type": "Point"}, "properties": {"fid": 111.0, "ID": 126, "TT": 126, "MaMKA": 126, "Vitri": "Sườn núi", "HuongPhoi": "Đông Bắc", "Tinh": "Hồ Chí Minh", "Xa": "An Thới Đông", "TK": "60", "NgayDT": "2/2/2026", "NguoiDT": "Nguyễn Văn A", "X_NB": 615386.34, "Y_NB": 1161894.98, "Docao": 55.6, "G1": 24.0, "G2": 25.0, "G3": 24.5, "G4": 22.0, "G5": 23.0, "G": 23.7, "H1": 17.2, "H2": 12.6, "H3": 13.5, "H4": 4.2, "H5": 7.5, "H": 11.0, "M": 117.32, "Dotanche": 0.82, "LoaiUT": "Kiền kiền", "HuongChup": "Tây Bắc", "KCChup": 2.0, "ten_hinh": 126, "TrangThai": "TXB", "TTThucDia": "TXB", "Note": "NULL", "MaVQG": 2500, "KH": "OTC", "Check": "OK", "TenldlrTT1": "Rừng lá rộng thường xanh và nửa rụng lá trung bình", "Hinh1": "https://five.epicollect.net/api/media/vqgpq2025?type=photo&format=entry_original&name=ea140ca0-9394-4457-abde-7c342aaa3d1e_1770008148.jpg", "Hinh2": "https://five.epicollect.net/api/media/vqgpq2025?type=photo&format=entry_original&name=ea140ca0-9394-4457-abde-7c342aaa3d1e_1770008161.jpg"}}, {"type": "Feature", "geometry": {"coordinates": [106.81560588004383, 10.61522507335059], "type": "Point"}, "properties": {"fid": 112.0, "ID": 127, "TT": 127, "MaMKA": 127, "Vitri": "Sườn núi", "HuongPhoi": "Nam", "Tinh": "Hồ Chí Minh", "Xa": "An Thới Đông", "TK": "59", "NgayDT": "2/2/2026", "NguoiDT": "Nguyễn Văn A", "X_NB": 616404.82, "Y_NB": 1174099.23, "Docao": 109.63, "G1": 22.0, "G2": 23.0, "G3": 25.5, "G4": 24.0, "G5": 23.0, "G": 23.5, "H1": 14.5, "H2": 13.3, "H3": 7.4, "H4": 7.5, "H5": 5.2, "H": 9.6, "M": 101.31, "Dotanche": 0.8, "LoaiUT": "Thị, Săng đá, Trâm", "HuongChup": "Đông Bắc", "KCChup": 2.0, "ten_hinh": 127, "TrangThai": "TXB", "TTThucDia": "TXB", "Note": "NULL", "MaVQG": 3600, "KH": "OTC", "Check": "OK", "TenldlrTT1": "Rừng lá rộng thường xanh và nửa rụng lá trung bình", "Hinh1": "https://five.epicollect.net/api/media/vqgpq2025?type=photo&format=entry_original&name=f0485cc4-1f8f-4bcd-afdf-bc6623efb229_1770001418.jpg", "Hinh2": "https://five.epicollect.net/api/media/vqgpq2025?type=photo&format=entry_original&name=f0485cc4-1f8f-4bcd-afdf-bc6623efb229_1770001440.jpg"}}, {"type": "Feature", "geometry": {"coordinates": [106.91774356251771, 10.4956196083261], "type": "Point"}, "properties": {"fid": 113.0, "ID": 130, "TT": 130, "MaMKA": 130, "Vitri": "Sườn núi", "HuongPhoi": "Đông", "Tinh": "Hồ Chí Minh", "Xa": "An Thới Đông", "TK": "75", "NgayDT": "26/01/2026", "NguoiDT": "Nguyễn Văn A", "X_NB": 627631.7, "Y_NB": 1160908.38, "Docao": 27.83, "G1": 19.0, "G2": 20.5, "G3": 20.0, "G4": 20.5, "G5": 18.0, "G": 19.6, "H1": 11.8, "H2": 10.5, "H3": 8.1, "H4": 7.0, "H5": 6.9, "H": 8.9, "M": 78.15, "Dotanche": 0.82, "LoaiUT": "Chò xót, Bứa", "HuongChup": "Tây", "KCChup": 2.0, "ten_hinh": 130, "TrangThai": "TXN", "TTThucDia": "TXN", "Note": "NULL", "MaVQG": 800, "KH": "OTC", "Check": "OK", "TenldlrTT1": "Rừng lá rộng thường xanh và nửa rụng lá nghèo", "Hinh1": "https://five.epicollect.net/api/media/vqgpq2025?type=photo&format=entry_original&name=3d681819-6a03-45eb-8883-7d8e706b95b5_1769412760.jpg", "Hinh2": "https://five.epicollect.net/api/media/vqgpq2025?type=photo&format=entry_original&name=3d681819-6a03-45eb-8883-7d8e706b95b5_1769412776.jpg"}}, {"type": "Feature", "geometry": {"coordinates": [106.89776221720943, 10.533248595078236], "type": "Point"}, "properties": {"fid": 114.0, "ID": 131, "TT": 131, "MaMKA": 131, "Vitri": "Sườn núi", "HuongPhoi": "Tây Bắc", "Tinh": "Hồ Chí Minh", "Xa": "An Thới Đông", "TK": "75", "NgayDT": "26/01/2026", "NguoiDT": "Nguyễn Văn A", "X_NB": 625428.94, "Y_NB": 1165062.88, "Docao": 65.34, "G1": 25.0, "G2": 23.0, "G3": 23.5, "G4": 24.0, "G5": 23.0, "G": 23.7, "H1": 8.9, "H2": 9.0, "H3": 13.8, "H4": 14.0, "H5": 14.6, "H": 12.1, "M": 128.62, "Dotanche": 0.85, "LoaiUT": "Thị, Huỷnh, cám", "HuongChup": "Tây", "KCChup": 2.0, "ten_hinh": 131, "TrangThai": "TXB", "TTThucDia": "TXB", "Note": "NULL", "MaVQG": 7600, "KH": "OTC", "Check": "OK", "TenldlrTT1": "Rừng lá rộng thường xanh và nửa rụng lá trung bình", "Hinh1": "https://five.epicollect.net/api/media/vqgpq2025?type=photo&format=entry_original&name=bd606c0d-8517-4cef-8d6c-ec7a563d23e5_1769394232.jpg", "Hinh2": "https://five.epicollect.net/api/media/vqgpq2025?type=photo&format=entry_original&name=bd606c0d-8517-4cef-8d6c-ec7a563d23e5_1769394259.jpg"}}, {"type": "Feature", "geometry": {"coordinates": [106.90567702304315, 10.508167483764627], "type": "Point"}, "properties": {"fid": 115.0, "ID": 132, "TT": 132, "MaMKA": 132, "Vitri": "Sườn núi", "HuongPhoi": "Bắc", "Tinh": "Hồ Chí Minh", "Xa": "An Thới Đông", "TK": "75", "NgayDT": "26/01/2026", "NguoiDT": "Nguyễn Văn A", "X_NB": 626305.56, "Y_NB": 1162291.56, "Docao": 82.34, "G1": 18.5, "G2": 17.5, "G3": 18.0, "G4": 18.0, "G5": 18.0, "G": 18.0, "H1": 5.5, "H2": 5.8, "H3": 6.0, "H4": 8.5, "H5": 11.0, "H": 7.4, "M": 59.62, "Dotanche": 0.79, "LoaiUT": "Trâm, Thị", "HuongChup": "Tây Bắc", "KCChup": 2.0, "ten_hinh": 132, "TrangThai": "TXN", "TTThucDia": "TXN", "Note": "NULL", "MaVQG": 32, "KH": "MKA", "Check": "NULL", "TenldlrTT1": "Rừng lá rộng thường xanh và nửa rụng lá nghèo", "Hinh1": "https://five.epicollect.net/api/media/vqgpq2025?type=photo&format=entry_original&name=87172baa-ee83-4283-8d49-cbd9e3871dbb_1769396695.jpg", "Hinh2": "https://five.epicollect.net/api/media/vqgpq2025?type=photo&format=entry_original&name=87172baa-ee83-4283-8d49-cbd9e3871dbb_1769396716.jpg"}}, {"type": "Feature", "geometry": {"coordinates": [106.91069017234194, 10.538000626269532], "type": "Point"}, "properties": {"fid": 116.0, "ID": 133, "TT": 133, "MaMKA": 133, "Vitri": "Sườn núi", "HuongPhoi": "Đông", "Tinh": "Hồ Chí Minh", "Xa": "An Thới Đông", "TK": "75", "NgayDT": "23/01/2026", "NguoiDT": "Nguyễn Văn A", "X_NB": 626842.16, "Y_NB": 1165593.77, "Docao": 90.71, "G1": 25.0, "G2": 23.0, "G3": 24.5, "G4": 23.5, "G5": 23.0, "G": 23.8, "H1": 8.4, "H2": 9.4, "H3": 10.8, "H4": 18.5, "H5": 14.1, "H": 12.2, "M": 131.09, "Dotanche": 0.85, "LoaiUT": "Chay, Bô bô", "HuongChup": "Bắc", "KCChup": 2.0, "ten_hinh": 133, "TrangThai": "TXB", "TTThucDia": "TXB", "Note": "NULL", "MaVQG": 700, "KH": "OTC", "Check": "OK", "TenldlrTT1": "Rừng lá rộng thường xanh và nửa rụng lá trung bình", "Hinh1": "https://five.epicollect.net/api/media/vqgpq2025?type=photo&format=entry_original&name=7a677059-e1e6-4528-a7c5-be2d8ebff787_1769135652.jpg", "Hinh2": "https://five.epicollect.net/api/media/vqgpq2025?type=photo&format=entry_original&name=7a677059-e1e6-4528-a7c5-be2d8ebff787_1769135675.jpg"}}, {"type": "Feature", "geometry": {"coordinates": [106.9031786036655, 10.603019598488844], "type": "Point"}, "properties": {"fid": 117.0, "ID": 135, "TT": 135, "MaMKA": 135, "Vitri": "Chân núi", "HuongPhoi": "Đông", "Tinh": "Hồ Chí Minh", "Xa": "An Thới Đông", "TK": "58", "NgayDT": "22/01/2026", "NguoiDT": "Nguyễn Văn A", "X_NB": 625993.35, "Y_NB": 1172783.23, "Docao": 46.94, "G1": 21.0, "G2": 22.0, "G3": 20.0, "G4": 20.0, "G5": 19.5, "G": 20.5, "H1": 4.5, "H2": 7.2, "H3": 8.2, "H4": 10.4, "H5": 10.0, "H": 8.1, "M": 74.35, "Dotanche": 0.78, "LoaiUT": "Dâu rừng, Xương cá", "HuongChup": "Đông", "KCChup": 2.0, "ten_hinh": 135, "TrangThai": "TXN", "TTThucDia": "TXN", "Note": "NULL", "MaVQG": 7700, "KH": "OTC", "Check": "OK", "TenldlrTT1": "Rừng lá rộng thường xanh và nửa rụng lá nghèo", "Hinh1": "https://five.epicollect.net/api/media/vqgpq2025?type=photo&format=entry_original&name=04a87a5d-c218-4260-9422-a28842a47353_1769055404.jpg", "Hinh2": "https://five.epicollect.net/api/media/vqgpq2025?type=photo&format=entry_original&name=04a87a5d-c218-4260-9422-a28842a47353_1769055424.jpg"}}, {"type": "Feature", "geometry": {"coordinates": [106.82753225905645, 10.609166829815017], "type": "Point"}, "properties": {"fid": 118.0, "ID": 137, "TT": 137, "MaMKA": 137, "Vitri": "Sườn núi", "HuongPhoi": "Đông", "Tinh": "Hồ Chí Minh", "Xa": "An Thới Đông", "TK": "59", "NgayDT": "21/01/2026", "NguoiDT": "Nguyễn Văn A", "X_NB": 617712.29, "Y_NB": 1173433.57, "Docao": 75.55, "G1": 23.0, "G2": 24.0, "G3": 23.5, "G4": 23.0, "G5": 24.5, "G": 23.6, "H1": 6.4, "H2": 6.1, "H3": 10.1, "H4": 16.0, "H5": 12.5, "H": 10.2, "M": 108.54, "Dotanche": 0.82, "LoaiUT": "Kiền kiền", "HuongChup": "Tây Nam", "KCChup": 2.0, "ten_hinh": 137, "TrangThai": "TXB", "TTThucDia": "TXB", "Note": "NULL", "MaVQG": 5100, "KH": "OTC", "Check": "OK", "TenldlrTT1": "Rừng lá rộng thường xanh và nửa rụng lá trung bình", "Hinh1": "https://five.epicollect.net/api/media/vqgpq2025?type=photo&format=entry_original&name=bccfa54f-312f-4203-bf82-b86ecf5e8f4b_1768976062.jpg", "Hinh2": "https://five.epicollect.net/api/media/vqgpq2025?type=photo&format=entry_original&name=bccfa54f-312f-4203-bf82-b86ecf5e8f4b_1768976077.jpg"}}, {"type": "Feature", "geometry": {"coordinates": [106.84527629836158, 10.6116932280059], "type": "Point"}, "properties": {"fid": 119.0, "ID": 138, "TT": 138, "MaMKA": 138, "Vitri": "Sườn núi", "HuongPhoi": "Nam", "Tinh": "Hồ Chí Minh", "Xa": "An Thới Đông", "TK": "59", "NgayDT": "21/01/2026", "NguoiDT": "Nguyễn Văn A", "X_NB": 619653.15, "Y_NB": 1173719.82, "Docao": 106.31, "G1": 24.0, "G2": 23.5, "G3": 25.0, "G4": 23.0, "G5": 23.0, "G": 23.7, "H1": 8.0, "H2": 7.0, "H3": 7.4, "H4": 13.0, "H5": 14.0, "H": 9.9, "M": 105.37, "Dotanche": 0.82, "LoaiUT": "Bô bô, Kiền kiền", "HuongChup": "Nam", "KCChup": 2.0, "ten_hinh": 138, "TrangThai": "TXB", "TTThucDia": "TXB", "Note": "NULL", "MaVQG": 65, "KH": "MKA", "Check": "NULL", "TenldlrTT1": "Rừng lá rộng thường xanh và nửa rụng lá trung bình", "Hinh1": "https://five.epicollect.net/api/media/vqgpq2025?type=photo&format=entry_original&name=c089bf14-4b18-46e0-bcff-45c520853c0b_1768969202.jpg", "Hinh2": "https://five.epicollect.net/api/media/vqgpq2025?type=photo&format=entry_original&name=c089bf14-4b18-46e0-bcff-45c520853c0b_1768969230.jpg"}}, {"type": "Feature", "geometry": {"coordinates": [106.85665705165574, 10.60801895729733], "type": "Point"}, "properties": {"fid": 120.0, "ID": 139, "TT": 139, "MaMKA": 139, "Vitri": "Sườn núi", "HuongPhoi": "Nam", "Tinh": "Hồ Chí Minh", "Xa": "An Thới Đông", "TK": "59", "NgayDT": "21/01/2026", "NguoiDT": "Nguyễn Văn A", "X_NB": 620900.06, "Y_NB": 1173317.78, "Docao": 77.86, "G1": 23.4, "G2": 24.6, "G3": 22.7, "G4": 25.1, "G5": 20.0, "G": 23.16, "H1": 11.2, "H2": 10.8, "H3": 8.4, "H4": 11.2, "H5": 12.7, "H": 10.9, "M": 113.18, "Dotanche": 0.84, "LoaiUT": "Kiền kiền, Sầm", "HuongChup": "Nam", "KCChup": 1.0, "ten_hinh": 139, "TrangThai": "TXB", "TTThucDia": "TXB", "Note": "NULL", "MaVQG": 6000, "KH": "OTC", "Check": "OK", "TenldlrTT1": "Rừng lá rộng thường xanh và nửa rụng lá trung bình", "Hinh1": "https://five.epicollect.net/api/media/vqgpq2025?type=photo&format=entry_original&name=46fb3c1e-b56c-43e9-9659-da3899ca38f9_1768965976.jpg", "Hinh2": "https://five.epicollect.net/api/media/vqgpq2025?type=photo&format=entry_original&name=46fb3c1e-b56c-43e9-9659-da3899ca38f9_1768965994.jpg"}}, {"type": "Feature", "geometry": {"coordinates": [106.92682043337413, 10.546974964771593], "type": "Point"}, "properties": {"fid": 121.0, "ID": 142, "TT": 142, "MaMKA": 142, "Vitri": "Chân núi", "HuongPhoi": "Bắc", "Tinh": "Hồ Chí Minh", "Xa": "An Thới Đông", "TK": "69", "NgayDT": "30/01/2026", "NguoiDT": "Nguyễn Văn A", "X_NB": 628604.12, "Y_NB": 1166593.12, "Docao": 69.59, "G1": 13.5, "G2": 13.0, "G3": 13.0, "G4": 12.5, "G5": 13.0, "G": 13.0, "H1": 6.7, "H2": 7.3, "H3": 8.0, "H4": 9.5, "H5": 8.5, "H": 8.0, "M": 46.8, "Dotanche": 0.7, "LoaiUT": "Xương cá, bứa", "HuongChup": "Bắc", "KCChup": 1.0, "ten_hinh": 142, "TrangThai": "TXN", "TTThucDia": "TXN", "Note": "NULL", "MaVQG": 23, "KH": "MKA", "Check": "NULL", "TenldlrTT1": "Rừng lá rộng thường xanh và nửa rụng lá nghèo", "Hinh1": "https://five.epicollect.net/api/media/vqgpq2025?type=photo&format=entry_original&name=cd7da2f3-f02e-4bab-8918-818ec127974a_1769759339.jpg", "Hinh2": "https://five.epicollect.net/api/media/vqgpq2025?type=photo&format=entry_original&name=cd7da2f3-f02e-4bab-8918-818ec127974a_1769759365.jpg"}}, {"type": "Feature", "geometry": {"coordinates": [106.8925465198235, 10.468473054671238], "type": "Point"}, "properties": {"fid": 122.0, "ID": 144, "TT": 144, "MaMKA": 144, "Vitri": "Tâm OTC", "HuongPhoi": "Bắc", "Tinh": "Hồ Chí Minh", "Xa": "An Thới Đông", "TK": "54", "NgayDT": "30/01/2026", "NguoiDT": "Nguyễn Văn A", "X_NB": 624884.05, "Y_NB": 1157895.28, "Docao": 28.27, "G1": 22.8, "G2": 26.1, "G3": 23.5, "G4": 23.7, "G5": 24.5, "G": 24.12, "H1": 6.0, "H2": 7.0, "H3": 10.5, "H4": 15.0, "H5": 12.5, "H": 10.2, "M": 110.71, "Dotanche": 0.85, "LoaiUT": "Kiền kiền, cồng", "HuongChup": "Bắc", "KCChup": 2.0, "ten_hinh": 144, "TrangThai": "TXB", "TTThucDia": "TXB", "Note": "NULL", "MaVQG": 3200, "KH": "OTC", "Check": "OK", "TenldlrTT1": "Rừng lá rộng thường xanh và nửa rụng lá trung bình", "Hinh1": "https://five.epicollect.net/api/media/vqgpq2025?type=photo&format=entry_original&name=967e2c56-8563-4b00-9bf0-7073cfb2bc4f_1769746952.jpg", "Hinh2": "https://five.epicollect.net/api/media/vqgpq2025?type=photo&format=entry_original&name=967e2c56-8563-4b00-9bf0-7073cfb2bc4f_1769746990.jpg"}}, {"type": "Feature", "geometry": {"coordinates": [106.89818176060783, 10.52822831947366], "type": "Point"}, "properties": {"fid": 123.0, "ID": 145, "TT": 145, "MaMKA": 145, "Vitri": "Sườn núi", "HuongPhoi": "Nam", "Tinh": "Hồ Chí Minh", "Xa": "An Thới Đông", "TK": "75", "NgayDT": "23/01/2026", "NguoiDT": "Nguyễn Văn A", "X_NB": 625476.9, "Y_NB": 1164507.7, "Docao": 60.88, "G1": 21.8, "G2": 22.4, "G3": 23.1, "G4": 20.8, "G5": 20.1, "G": 21.64, "H1": 6.0, "H2": 6.5, "H3": 7.5, "H4": 9.5, "H5": 7.0, "H": 7.3, "M": 71.09, "Dotanche": 0.75, "LoaiUT": "Xương cá, trường vải, găng nam bộ", "HuongChup": "Tây Nam", "KCChup": 2.0, "ten_hinh": 145, "TrangThai": "TXN", "TTThucDia": "TXN", "Note": "NULL", "MaVQG": 7500, "KH": "OTC", "Check": "OK", "TenldlrTT1": "Rừng lá rộng thường xanh và nửa rụng lá nghèo", "Hinh1": "https://five.epicollect.net/api/media/vqgpq2025?type=photo&format=entry_original&name=9b13cce0-be2d-4700-9eeb-fc95d8ad00d4_1769141206.jpg", "Hinh2": "https://five.epicollect.net/api/media/vqgpq2025?type=photo&format=entry_original&name=9b13cce0-be2d-4700-9eeb-fc95d8ad00d4_1769141241.jpg"}}, {"type": "Feature", "geometry": {"coordinates": [106.87471624328454, 10.601661320709818], "type": "Point"}, "properties": {"fid": 124.0, "ID": 146, "TT": 146, "MaMKA": 146, "Vitri": "Chân núi", "HuongPhoi": "Đông Nam", "Tinh": "Hồ Chí Minh", "Xa": "An Thới Đông", "TK": "61", "NgayDT": "21/01/2026", "NguoiDT": "Nguyễn Văn A", "X_NB": 622878.96, "Y_NB": 1172621.58, "Docao": 41.55, "G1": 12.5, "G2": 13.0, "G3": 13.0, "G4": 14.0, "G5": 13.5, "G": 13.2, "H1": 7.0, "H2": 9.0, "H3": 12.0, "H4": 15.0, "H5": 15.0, "H": 11.6, "M": 68.9, "Dotanche": 0.9, "LoaiUT": "Kiền kiền, bô bô", "HuongChup": "Đông", "KCChup": 2.0, "ten_hinh": 146, "TrangThai": "TXN", "TTThucDia": "TXN", "Note": "NULL", "MaVQG": 67, "KH": "MKA", "Check": "NULL", "TenldlrTT1": "Rừng lá rộng thường xanh và nửa rụng lá nghèo", "Hinh1": "https://five.epicollect.net/api/media/vqgpq2025?type=photo&format=entry_original&name=b24d189b-e010-4862-ab5c-cc3cd3131400_1768962406.jpg", "Hinh2": "https://five.epicollect.net/api/media/vqgpq2025?type=photo&format=entry_original&name=b24d189b-e010-4862-ab5c-cc3cd3131400_1768962430.jpg"}}, {"type": "Feature", "geometry": {"coordinates": [106.92892781949251, 10.575056001352788], "type": "Point"}, "properties": {"fid": 125.0, "ID": 147, "TT": 147, "MaMKA": 147, "Vitri": "Chân núi", "HuongPhoi": "Bắc", "Tinh": "Hồ Chí Minh", "Xa": "An Thới Đông", "TK": "66", "NgayDT": "20/01/2026", "NguoiDT": "Nguyễn Văn A", "X_NB": 628823.08, "Y_NB": 1169700.38, "Docao": 31.29, "G1": 26.0, "G2": 26.5, "G3": 27.0, "G4": 28.5, "G5": 26.0, "G": 26.8, "H1": 7.3, "H2": 7.4, "H3": 13.5, "H4": 24.0, "H5": 35.0, "H": 17.4, "M": 210.33, "Dotanche": 0.9, "LoaiUT": "Dầu song nàng", "HuongChup": "Đông", "KCChup": 2.0, "ten_hinh": 147, "TrangThai": "TXG", "TTThucDia": "TXG", "Note": "NULL", "MaVQG": 5800, "KH": "OTC", "Check": "OK", "TenldlrTT1": "Rừng lá rộng thường xanh và nửa rụng lá giàu", "Hinh1": "https://five.epicollect.net/api/media/vqgpq2025?type=photo&format=entry_original&name=28ba7ac9-f1a2-40d3-828c-37d33abfd43b_1768893582.jpg", "Hinh2": "https://five.epicollect.net/api/media/vqgpq2025?type=photo&format=entry_original&name=28ba7ac9-f1a2-40d3-828c-37d33abfd43b_1768893619.jpg"}}, {"type": "Feature", "geometry": {"coordinates": [106.94587228529369, 10.564192215862427], "type": "Point"}, "properties": {"fid": 126.0, "ID": 148, "TT": 148, "MaMKA": 148, "Vitri": "Chân núi", "HuongPhoi": "Bắc", "Tinh": "Hồ Chí Minh", "Xa": "An Thới Đông", "TK": "66", "NgayDT": "20/01/2026", "NguoiDT": "Nguyễn Văn A", "X_NB": 630682.29, "Y_NB": 1168505.65, "Docao": 49.47, "G1": 15.0, "G2": 15.0, "G3": 14.5, "G4": 14.5, "G5": 15.0, "G": 14.8, "H1": 9.0, "H2": 6.5, "H3": 6.5, "H4": 12.0, "H5": 10.5, "H": 8.9, "M": 59.27, "Dotanche": 0.8, "LoaiUT": "Chò xót", "HuongChup": "Nam", "KCChup": 2.0, "ten_hinh": 148, "TrangThai": "TXN", "TTThucDia": "TXN", "Note": "NULL", "MaVQG": 36, "KH": "MKA", "Check": "NULL", "TenldlrTT1": "Rừng lá rộng thường xanh và nửa rụng lá nghèo", "Hinh1": "https://five.epicollect.net/api/media/vqgpq2025?type=photo&format=entry_original&name=1fbe7d10-302e-4699-bedd-2daddaf598de_1768887682.jpg", "Hinh2": "https://five.epicollect.net/api/media/vqgpq2025?type=photo&format=entry_original&name=1fbe7d10-302e-4699-bedd-2daddaf598de_1768887701.jpg"}}, {"type": "Feature", "geometry": {"coordinates": [106.9205712399936, 10.57387145180147], "type": "Point"}, "properties": {"fid": 127.0, "ID": 149, "TT": 149, "MaMKA": 149, "Vitri": "Chân núi", "HuongPhoi": "Tây", "Tinh": "Hồ Chí Minh", "Xa": "An Thới Đông", "TK": "66", "NgayDT": "20/01/2026", "NguoiDT": "Nguyễn Văn A", "X_NB": 627908.93, "Y_NB": 1169565.9, "Docao": 21.35, "G1": 19.5, "G2": 19.5, "G3": 20.0, "G4": 21.0, "G5": 19.0, "G": 19.8, "H1": 8.0, "H2": 7.8, "H3": 7.6, "H4": 6.5, "H5": 6.0, "H": 7.2, "M": 71.08, "Dotanche": 0.7, "LoaiUT": "Dó bầu", "HuongChup": "Tây", "KCChup": 2.0, "ten_hinh": 149, "TrangThai": "TG", "TTThucDia": "TG", "Note": "Rừng trồng cây Dó bầu", "MaVQG": 28, "KH": "MKA", "Check": "NULL", "TenldlrTT1": "Rừng gỗ trồng núi đất", "Hinh1": "https://five.epicollect.net/api/media/vqgpq2025?type=photo&format=entry_original&name=9700ef49-3dc1-442c-9ae4-dc90cbcfe22e_1768882366.jpg", "Hinh2": "https://five.epicollect.net/api/media/vqgpq2025?type=photo&format=entry_original&name=9700ef49-3dc1-442c-9ae4-dc90cbcfe22e_1768882383.jpg"}}, {"type": "Feature", "geometry": {"coordinates": [106.88001397179325, 10.536370634838999], "type": "Point"}, "properties": {"fid": 128.0, "ID": 150, "TT": 150, "MaMKA": 150, "Vitri": "Chân núi", "HuongPhoi": "Nam", "Tinh": "Hồ Chí Minh", "Xa": "An Thới Đông", "TK": "62", "NgayDT": "20/01/2026", "NguoiDT": "Nguyễn Văn A", "X_NB": 623484.88, "Y_NB": 1165401.18, "Docao": 18.7, "G1": 16.0, "G2": 14.3, "G3": 13.5, "G4": 15.5, "G5": 15.0, "G": 14.86, "H1": 7.0, "H2": 6.5, "H3": 7.5, "H4": 7.8, "H5": 7.5, "H": 7.3, "M": 48.55, "Dotanche": 0.7, "LoaiUT": "Cám, Bình linh, xăng mã", "HuongChup": "Nam", "KCChup": 2.0, "ten_hinh": 150, "TrangThai": "TXK", "TTThucDia": "TXK", "Note": "Có một số cây trồng", "MaVQG": 2800, "KH": "OTC", "Check": "OK", "TenldlrTT1": "Rừng lá rộng thường xanh và nửa rụng lá nghèo kiệt", "Hinh1": "https://five.epicollect.net/api/media/vqgpq2025?type=photo&format=entry_original&name=38d22cef-2415-4c14-8dbd-c32a4ca43493_1768874793.jpg", "Hinh2": "https://five.epicollect.net/api/media/vqgpq2025?type=photo&format=entry_original&name=38d22cef-2415-4c14-8dbd-c32a4ca43493_1768874821.jpg"}}, {"type": "Feature", "geometry": {"coordinates": [106.89901881991227, 10.58438898624373], "type": "Point"}, "properties": {"fid": 129.0, "ID": 151, "TT": 151, "MaMKA": 151, "Vitri": "Chân núi", "HuongPhoi": "Nam", "Tinh": "Hồ Chí Minh", "Xa": "An Thới Đông", "TK": "67", "NgayDT": "19/01/2026", "NguoiDT": "Nguyễn Văn A", "X_NB": 625545.7, "Y_NB": 1170720.6, "Docao": 35.98, "G1": 25.0, "G2": 27.0, "G3": 28.0, "G4": 26.0, "G5": 28.0, "G": 26.8, "H1": 6.1, "H2": 12.5, "H3": 10.2, "H4": 11.3, "H5": 28.5, "H": 13.7, "M": 165.46, "Dotanche": 0.85, "LoaiUT": "Dầu song nàng, Săng mây, Kiền kiền", "HuongChup": "Nam", "KCChup": 2.0, "ten_hinh": 151, "TrangThai": "TXB", "TTThucDia": "TXB", "Note": "NULL", "MaVQG": 5700, "KH": "OTC", "Check": "OK", "TenldlrTT1": "Rừng lá rộng thường xanh và nửa rụng lá trung bình", "Hinh1": "https://five.epicollect.net/api/media/vqgpq2025?type=photo&format=entry_original&name=d6e53315-b99a-4b53-a245-9ab44fea8a85_1768810405.jpg", "Hinh2": "https://five.epicollect.net/api/media/vqgpq2025?type=photo&format=entry_original&name=d6e53315-b99a-4b53-a245-9ab44fea8a85_1768810423.jpg"}}, {"type": "Feature", "geometry": {"coordinates": [106.9799094588673, 10.576595326708617], "type": "Point"}, "properties": {"fid": 130.0, "ID": 152, "TT": 152, "MaMKA": 152, "Vitri": "Chân núi", "HuongPhoi": "Nam", "Tinh": "Hồ Chí Minh", "Xa": "An Thới Đông", "TK": "67", "NgayDT": "19/01/2026", "NguoiDT": "Nguyễn Văn A", "X_NB": 634402.49, "Y_NB": 1169892.2, "Docao": 49.54, "G1": 21.0, "G2": 28.0, "G3": 27.0, "G4": 26.4, "G5": 26.0, "G": 25.68, "H1": 7.0, "H2": 7.2, "H3": 12.0, "H4": 20.0, "H5": 29.0, "H": 15.0, "M": 173.8, "Dotanche": 0.85, "LoaiUT": "Dầu song nàng", "HuongChup": "Bắc", "KCChup": 2.0, "ten_hinh": 152, "TrangThai": "TXB", "TTThucDia": "TXB", "Note": "NULL", "MaVQG": 69, "KH": "MKA", "Check": "NULL", "TenldlrTT1": "Rừng lá rộng thường xanh và nửa rụng lá trung bình", "Hinh1": "https://five.epicollect.net/api/media/vqgpq2025?type=photo&format=entry_original&name=147b44f7-fb44-414b-8700-c03a6cb8665c_1768806631.jpg", "Hinh2": "https://five.epicollect.net/api/media/vqgpq2025?type=photo&format=entry_original&name=147b44f7-fb44-414b-8700-c03a6cb8665c_1768806646.jpg"}}, {"type": "Feature", "geometry": {"coordinates": [106.98821773626099, 10.58686231780043], "type": "Point"}, "properties": {"fid": 131.0, "ID": 153, "TT": 153, "MaMKA": 153, "Vitri": "Chân núi", "HuongPhoi": "Đông", "Tinh": "Hồ Chí Minh", "Xa": "An Thới Đông", "TK": "67", "NgayDT": "19/01/2026", "NguoiDT": "Nguyễn Văn A", "X_NB": 635307.35, "Y_NB": 1171031.58, "Docao": 46.0, "G1": 23.0, "G2": 25.0, "G3": 24.5, "G4": 23.0, "G5": 23.0, "G": 23.7, "H1": 6.5, "H2": 9.0, "H3": 10.6, "H4": 12.0, "H5": 14.5, "H": 10.5, "M": 112.2, "Dotanche": 0.8, "LoaiUT": "Kiền kiền, Hà nụ", "HuongChup": "Tây", "KCChup": 2.0, "ten_hinh": 153, "TrangThai": "TXB", "TTThucDia": "TXB", "Note": "NULL", "MaVQG": 19, "KH": "MKA", "Check": "NULL", "TenldlrTT1": "Rừng lá rộng thường xanh và nửa rụng lá trung bình", "Hinh1": "https://five.epicollect.net/api/media/vqgpq2025?type=photo&format=entry_original&name=2cea866e-f891-4976-b8b4-59537db5c5d3_1768805249.jpg", "Hinh2": "https://five.epicollect.net/api/media/vqgpq2025?type=photo&format=entry_original&name=2cea866e-f891-4976-b8b4-59537db5c5d3_1768805271.jpg"}}, {"type": "Feature", "geometry": {"coordinates": [106.93304955761971, 10.586478278436083], "type": "Point"}, "properties": {"fid": 132.0, "ID": 154, "TT": 154, "MaMKA": 154, "Vitri": "Chân núi", "HuongPhoi": "Tây", "Tinh": "Hồ Chí Minh", "Xa": "An Thới Đông", "TK": "62", "NgayDT": "20/01/2026", "NguoiDT": "Nguyễn Văn A", "X_NB": 629269.42, "Y_NB": 1170965.65, "Docao": 43.63, "G1": 23.0, "G2": 25.4, "G3": 23.5, "G4": 24.3, "G5": 24.5, "G": 24.14, "H1": 8.5, "H2": 8.5, "H3": 9.4, "H4": 12.0, "H5": 16.5, "H": 11.0, "M": 119.28, "Dotanche": 0.85, "LoaiUT": "Kiền kiền", "HuongChup": "Bắc", "KCChup": 2.0, "ten_hinh": 154, "TrangThai": "TXB", "TTThucDia": "TXB", "Note": "NULL", "MaVQG": 5500, "KH": "OTC", "Check": "OK", "TenldlrTT1": "Rừng lá rộng thường xanh và nửa rụng lá trung bình", "Hinh1": "https://five.epicollect.net/api/media/vqgpq2025?type=photo&format=entry_original&name=d53ecbd7-d7c2-4b70-b1c4-a62312fa3dee_1768879306.jpg", "Hinh2": "https://five.epicollect.net/api/media/vqgpq2025?type=photo&format=entry_original&name=d53ecbd7-d7c2-4b70-b1c4-a62312fa3dee_1768879348.jpg"}}, {"type": "Feature", "geometry": {"coordinates": [106.99957860391872, 10.608419389671939], "type": "Point"}, "properties": {"fid": 133.0, "ID": 156, "TT": 156, "MaMKA": 156, "Vitri": "Sườn núi", "HuongPhoi": "Tây Nam", "Tinh": "Hồ Chí Minh", "Xa": "An Thới Đông", "TK": "63", "NgayDT": "19/01/2026", "NguoiDT": "Nguyễn Văn A", "X_NB": 636541.23, "Y_NB": 1173421.3, "Docao": 257.51, "G1": 22.5, "G2": 21.9, "G3": 23.4, "G4": 22.1, "G5": 20.6, "G": 22.1, "H1": 10.5, "H2": 11.5, "H3": 8.8, "H4": 10.5, "H5": 12.8, "H": 10.8, "M": 107.6, "Dotanche": 0.85, "LoaiUT": "Kiền kiền, Thị, Viết", "HuongChup": "Tây", "KCChup": 1.0, "ten_hinh": 156, "TrangThai": "TXB", "TTThucDia": "TXB", "Note": "NULL", "MaVQG": 5600, "KH": "OTC", "Check": "OK", "TenldlrTT1": "Rừng lá rộng thường xanh và nửa rụng lá trung bình", "Hinh1": "https://five.epicollect.net/api/media/vqgpq2025?type=photo&format=entry_original&name=f01f6fb0-c736-4b3a-8dc2-e1bf91de73d6_1768799506.jpg", "Hinh2": "https://five.epicollect.net/api/media/vqgpq2025?type=photo&format=entry_original&name=f01f6fb0-c736-4b3a-8dc2-e1bf91de73d6_1768799538.jpg"}}, {"type": "Feature", "geometry": {"coordinates": [106.96244032682061, 10.549906757995977], "type": "Point"}, "properties": {"fid": 134.0, "ID": 159, "TT": 159, "MaMKA": 159, "Vitri": "Chân núi", "HuongPhoi": "Đông Nam", "Tinh": "Hồ Chí Minh", "Xa": "An Thới Đông", "TK": "53", "NgayDT": "14/01/2026", "NguoiDT": "Nguyễn Văn A", "X_NB": 632501.9, "Y_NB": 1166932.33, "Docao": 21.58, "G1": 20.0, "G2": 19.0, "G3": 19.5, "G4": 19.0, "G5": 18.0, "G": 19.1, "H1": 8.5, "H2": 5.5, "H3": 11.5, "H4": 13.0, "H5": 11.0, "H": 9.9, "M": 85.09, "Dotanche": 0.8, "LoaiUT": "Kiền kiền, Chò xót", "HuongChup": "Bắc", "KCChup": 1.0, "ten_hinh": 159, "TrangThai": "TXN", "TTThucDia": "TXN", "Note": "NULL", "MaVQG": 12, "KH": "MKA", "Check": "NULL", "TenldlrTT1": "Rừng lá rộng thường xanh và nửa rụng lá nghèo", "Hinh1": "https://five.epicollect.net/api/media/vqgpq2025?type=photo&format=entry_original&name=c9822fbe-f3c1-484d-9141-e7d8d46cc642_1768377568.jpg", "Hinh2": "https://five.epicollect.net/api/media/vqgpq2025?type=photo&format=entry_original&name=c9822fbe-f3c1-484d-9141-e7d8d46cc642_1768377585.jpg"}}, {"type": "Feature", "geometry": {"coordinates": [106.96512242528544, 10.585961840362403], "type": "Point"}, "properties": {"fid": 135.0, "ID": 160, "TT": 160, "MaMKA": 160, "Vitri": "Sườn núi", "HuongPhoi": "Bắc", "Tinh": "Hồ Chí Minh", "Xa": "An Thới Đông", "TK": "52", "NgayDT": "14/01/2026", "NguoiDT": "Nguyễn Văn A", "X_NB": 632779.97, "Y_NB": 1170922.02, "Docao": 114.43, "G1": 20.4, "G2": 22.8, "G3": 19.7, "G4": 24.8, "G5": 25.3, "G": 22.6, "H1": 10.5, "H2": 8.9, "H3": 8.2, "H4": 11.2, "H5": 11.6, "H": 10.1, "M": 102.51, "Dotanche": 0.8, "LoaiUT": "Thanh trà, chòi mòi, Trường", "HuongChup": "Bắc", "KCChup": 1.0, "ten_hinh": 160, "TrangThai": "TXB", "TTThucDia": "TXB", "Note": "Rừng thường xanh", "MaVQG": 5400, "KH": "OTC", "Check": "OK", "TenldlrTT1": "Rừng lá rộng thường xanh và nửa rụng lá trung bình", "Hinh1": "https://five.epicollect.net/api/media/vqgpq2025?type=photo&format=entry_original&name=98431ad0-dd7e-41b8-bd33-a10e230fef8a_1768368479.jpg", "Hinh2": "https://five.epicollect.net/api/media/vqgpq2025?type=photo&format=entry_original&name=98431ad0-dd7e-41b8-bd33-a10e230fef8a_1768368500.jpg"}}]}