{"type": "FeatureCollection", "name": "Ranh QG LN PQ", "features": [{"type": "Feature", "geometry": {"coordinates": [[[[103.9021875545141, 10.294110278959087], [103.9021138393033, 10.293694878896938], [103.90197523941397, 10.29370176548895], [103.90159349632725, 10.293720679609384], [103.9021875545141, 10.294110278959087]]]], "type": "MultiPolygon"}, "properties": {"id": 3, "area": 1320.81, "perimeter": 181.761}}, {"type": "Feature", "geometry": {"coordinates": [[[[103.90365342285494, 10.296237130650768], [103.90361808834332, 10.296335795848758], [103.90364538667018, 10.296286842644584], [103.90365342285494, 10.296237130650768]]]], "type": "MultiPolygon"}, "properties": {"id": 4, "area": 5.8373, "perimeter": 23.3324}}, {"type": "Feature", "geometry": {"coordinates": [[[[103.93469934389013, 10.261051960592903], [103.93455393550957, 10.260942578919627], [103.93435416006513, 10.260862215487144], [103.93309391821069, 10.262006273969545], [103.93274353882737, 10.261709649930518], [103.93222044636074, 10.262436650651315], [103.93182745063245, 10.262183168531461], [103.93133613055164, 10.262548209736444], [103.93085479745345, 10.262841027683592], [103.93041953952672, 10.263045230592896], [103.93002421069976, 10.263126722206888], [103.9293985726124, 10.263406988350956], [103.92843714293507, 10.264571443042286], [103.93084957669433, 10.26540467777836], [103.93093383997804, 10.26545328684757], [103.93052460521058, 10.266162491556099], [103.93052380674685, 10.266251637309582], [103.93055812748962, 10.26635576281115], [103.93066764315854, 10.266423764627401], [103.93106973402315, 10.266085330717917], [103.93186089886548, 10.265488453937103], [103.93266962720126, 10.264818371237618], [103.93279044170633, 10.264641824983594], [103.93332455620714, 10.263929670531292], [103.93372283364073, 10.263114207338317], [103.93397141470183, 10.262802987169145], [103.93402748067408, 10.262742869841448], [103.93421539231306, 10.262462103289767], [103.93458472447756, 10.26175119618364], [103.93469934389013, 10.261051960592903]]]], "type": "MultiPolygon"}, "properties": {"id": 5, "area": 160568.08, "perimeter": 2077.42}}, {"type": "Feature", "geometry": {"coordinates": [[[[103.98046023646752, 9.920341668987824], [103.9804474760602, 9.920221848661868], [103.98042152284297, 9.920083020640808], [103.9803816971794, 9.91995140436974], [103.9803436291136, 9.919861834033487], [103.98026533365491, 9.91972202075445], [103.9801937150003, 9.919627515980146], [103.98011899774129, 9.919531830988078], [103.98004211318059, 9.919422670709595], [103.97993569474681, 9.919305869726072], [103.97975995353033, 9.919200172734495], [103.97952557148923, 9.919097639636984], [103.97935776254374, 9.91905072483347], [103.9792902250122, 9.919028468208003], [103.97912943241737, 9.918984999973446], [103.97903562721243, 9.918965686223432], [103.97893524927251, 9.918950792598338], [103.9788589446058, 9.91893665966594], [103.97883879712545, 9.918933011746466], [103.97872283427716, 9.918912578500992], [103.97859775192498, 9.918892402288721], [103.97849973827752, 9.918881761738458], [103.97840134843396, 9.91887835381473], [103.97831708274344, 9.91888156815806], [103.97824203062416, 9.918882717253878], [103.97811313967081, 9.918906657700061], [103.97806744043181, 9.918914543165961], [103.97795168696034, 9.918934706537792], [103.9777890299887, 9.918974597850749], [103.97769386472704, 9.91900799384138], [103.9776052342587, 9.919060929725147], [103.97752339910771, 9.919141633721232], [103.977467112723, 9.919212703035933], [103.97741537440166, 9.91929101266341], [103.97735708520396, 9.91935990886498], [103.97722623703841, 9.91946784188729], [103.977155371573, 9.919531564767796], [103.97713980185563, 9.9195739453582], [103.97714887680985, 9.91960180747], [103.97721526108401, 9.919661223488312], [103.9772644364886, 9.919704066645032], [103.97745392812465, 9.919764126518198], [103.97751253652154, 9.919781577585203], [103.9775391024505, 9.919820678451503], [103.9775579180805, 9.919916728997643], [103.97757300676999, 9.920005269253268], [103.97758150611831, 9.920051123139087], [103.9776246507833, 9.920159236831191], [103.97767305711231, 9.9202271238234], [103.97774739329205, 9.920275159777315], [103.97781884559333, 9.920301581925973], [103.97790662157924, 9.92032775822219], [103.97798330043881, 9.920336105375423], [103.97805215359573, 9.920333861722133], [103.97812047420099, 9.920322394846503], [103.97819501956208, 9.920295928669589], [103.97822869204224, 9.920281514573023], [103.97833272163905, 9.92023646863697], [103.978414473651, 9.920208386138524], [103.9785426798969, 9.920156415735441], [103.97871888028821, 9.920144754766412], [103.97877012191756, 9.920149807248402], [103.97882182150593, 9.920153594617254], [103.9788883791285, 9.920161292928016], [103.97896121037975, 9.920180754985743], [103.9790374584835, 9.920230873189038], [103.97909544906713, 9.92029316911536], [103.97915386692264, 9.920373639211407], [103.97924250278953, 9.92049059366175], [103.97928078983526, 9.920556837249347], [103.97930666958213, 9.92062640694572], [103.97930746084619, 9.9207028092717], [103.97929518593722, 9.92073778101415], [103.97927965692547, 9.920812259277064], [103.97928285599994, 9.920865338141486], [103.97930074689918, 9.920912110729667], [103.9793628698197, 9.920956329931098], [103.97939895752603, 9.920971666166945], [103.97941580768247, 9.920984531321947], [103.97943347785014, 9.920997849826383], [103.97946205160346, 9.921036139930523], [103.97950356669512, 9.921137198473462], [103.97951240769356, 9.921197880994265], [103.97950546425557, 9.921321558622381], [103.97949356821896, 9.921405355328073], [103.97944421878931, 9.921530142538417], [103.97940698171932, 9.921607389989363], [103.97938280631757, 9.921671185802387], [103.97934639089186, 9.921805577112606], [103.97933615366338, 9.92187834569244], [103.97932495515896, 9.921924621039373], [103.97930812883575, 9.922012117112798], [103.97931565048776, 9.922042056319045], [103.97933485483041, 9.922065594163097], [103.97940665800407, 9.922101148505828], [103.97942905549814, 9.92212378714676], [103.97944133641307, 9.922142793463482], [103.97944312141732, 9.922167389248587], [103.97943520268136, 9.922215658830481], [103.97941797980309, 9.922265541447983], [103.9793572227883, 9.922395645436824], [103.97933649132692, 9.922472918495142], [103.97933292850097, 9.922534666743653], [103.97936000002817, 9.922600350420305], [103.97940658493381, 9.922667149374254], [103.97944900458035, 9.922715225850085], [103.97947763754388, 9.922773859533914], [103.97948312616134, 9.922820793693283], [103.97946362565966, 9.922984777123393], [103.97945439590367, 9.923112519882581], [103.97946252319676, 9.923220940669935], [103.97948972107534, 9.923322157820655], [103.97953226837862, 9.923404954034654], [103.97959248017466, 9.923447000273729], [103.97967624512154, 9.92347289867883], [103.97975831895599, 9.92347248353194], [103.97983822700675, 9.923457598526516], [103.97988868739156, 9.923437966221405], [103.9799426271958, 9.92340938817079], [103.97998691887756, 9.923369221965617], [103.98002656987445, 9.923322629057685], [103.9800499795302, 9.923281797552994], [103.98008779076768, 9.923187462401428], [103.98011036491646, 9.923098166889051], [103.9801399831485, 9.92293691155712], [103.98015271785069, 9.922783857857679], [103.9801487918655, 9.922671194057909], [103.9801478642949, 9.922507630978185], [103.9801543387495, 9.922392090002969], [103.98021293867046, 9.922010446576973], [103.98024606773532, 9.921878039205923], [103.98027270847521, 9.921754301663151], [103.98029527977222, 9.921608858088332], [103.98030441608681, 9.921482290533298], [103.98032630097731, 9.921367315915807], [103.98039910681268, 9.921113813207683], [103.98042418590734, 9.920997216047674], [103.98044677499946, 9.920724648263871], [103.98045799619308, 9.920490218212363], [103.98046023646752, 9.920341668987824]]]], "type": "MultiPolygon"}, "properties": {"id": 9, "area": 75222.01, "perimeter": 1522.42}}, {"type": "Feature", "geometry": {"coordinates": [[[[103.98156031746454, 10.23534821902232], [103.98121574616714, 10.235341250685313], [103.98121639532123, 10.235166391387942], [103.98123760517073, 10.234865166327925], [103.9812485341065, 10.234711751482338], [103.98125937160155, 10.234558426902574], [103.98143245464877, 10.234548395476352], [103.98150045376866, 10.234551125786115], [103.98147832113956, 10.234352632177991], [103.98148623129157, 10.233978241099527], [103.98151289944578, 10.233969332601992], [103.98146488307526, 10.233802623435034], [103.98120541297531, 10.23389153894009], [103.98101531720259, 10.233080404747689], [103.98114389099437, 10.233048241511863], [103.98112098451755, 10.232989164775132], [103.98100654382625, 10.23269360038867], [103.9808917399817, 10.232396950421805], [103.98070516587066, 10.23250876607431], [103.98064100297574, 10.232336334979308], [103.98058984939624, 10.232078483554826], [103.97996155947821, 10.232760647580356], [103.97944076328066, 10.232621572654555], [103.97881397005517, 10.23238422829231], [103.97785856889617, 10.232428447035527], [103.97707210242933, 10.232319502124755], [103.97667270458581, 10.232406471412293], [103.97648108028675, 10.232368551247522], [103.97639558812467, 10.2327918214755], [103.97586728005531, 10.232837172903015], [103.97589052340693, 10.232968491101584], [103.9759232719385, 10.233203710010567], [103.97511605398047, 10.233279713451326], [103.9750845932796, 10.23314991900012], [103.97453053621439, 10.233199837807332], [103.97454346328217, 10.233109896995648], [103.97442070622058, 10.233046047587322], [103.97384278820405, 10.23306310652492], [103.97379473582748, 10.233308682980994], [103.97266923094902, 10.232883906650818], [103.9727172841019, 10.232638330394517], [103.97233564155748, 10.232861757331541], [103.97238353064179, 10.232439331640057], [103.96978388762913, 10.234810999417622], [103.96725524629143, 10.236347609802735], [103.96732753575888, 10.23645975059551], [103.96720388571865, 10.23709542722192], [103.96694684438395, 10.23736615677937], [103.96690653131637, 10.237455781056749], [103.96692240122063, 10.23751819244477], [103.96717599731437, 10.237780535967024], [103.96775246107218, 10.238038525168797], [103.9679925352397, 10.23863763673373], [103.9683822417295, 10.238894777058537], [103.96875311472137, 10.240267138293783], [103.96855856860424, 10.240995192717573], [103.96827213126431, 10.241650132990051], [103.96791107146679, 10.242112369908565], [103.96800986289668, 10.242152494289027], [103.96751028904596, 10.243567644237153], [103.96812180153943, 10.243779398831627], [103.96762653605471, 10.245182259517039], [103.96652820237291, 10.245030011584817], [103.9658150235985, 10.244804072876883], [103.96605638146359, 10.244091015769536], [103.96669836219947, 10.243003851183394], [103.96706359575296, 10.242175718811291], [103.96738721733516, 10.242268832330657], [103.96762615614398, 10.242236493717312], [103.96786719453321, 10.242094577074806], [103.96823246220816, 10.241627012681565], [103.96851541706329, 10.240980384810022], [103.96870583078602, 10.240267241916078], [103.96834267018929, 10.23892292146141], [103.96795542556688, 10.23866741255971], [103.96771689673818, 10.238072191284072], [103.96714782108448, 10.23781755941853], [103.96686763644172, 10.237570723462426], [103.96635898617447, 10.237973857830541], [103.9659694703441, 10.238041029095818], [103.96565385354907, 10.23829466364617], [103.96501930948936, 10.23892452711594], [103.96535630031731, 10.239317114251147], [103.96495912115029, 10.239652980767865], [103.9648579980302, 10.239534282280616], [103.96456499894411, 10.23985286977532], [103.96447469122594, 10.239979933047719], [103.96428651559789, 10.240115514875102], [103.9644125614362, 10.240232446288294], [103.96417499414119, 10.240807989527513], [103.96414127621274, 10.240883248489874], [103.96338955936834, 10.242194452543007], [103.96312138946456, 10.242130539782808], [103.962982030931, 10.242438891156453], [103.96269155227537, 10.242396278801815], [103.96241621768884, 10.242413092903611], [103.96205019602462, 10.24261854024595], [103.96238144661224, 10.243004791947458], [103.96226718515722, 10.24353243720239], [103.96189011351122, 10.24346924747374], [103.96180372047615, 10.244358954286934], [103.96102447855887, 10.244607566828515], [103.9609684391525, 10.244926995237435], [103.96210505121219, 10.245166845385674], [103.96210461026426, 10.245374253236228], [103.96215462232239, 10.245705611028066], [103.96224578042343, 10.245725471920384], [103.96225533628875, 10.246121679692708], [103.96215378545901, 10.246364452827372], [103.96213078970942, 10.246576524860279], [103.96218027429609, 10.247004262549364], [103.9623649974071, 10.247349495516751], [103.96239713670802, 10.247561658719377], [103.96246448315468, 10.24773644893746], [103.9625647819728, 10.247857678409167], [103.96267114846246, 10.248061827057521], [103.96278606473673, 10.248230186056979], [103.96290322726121, 10.248311480531306], [103.96309402036617, 10.248684932172315], [103.9631469271641, 10.248761599773736], [103.96312315629191, 10.249325921576652], [103.96312414314133, 10.249444636127038], [103.96304192073447, 10.249755432337336], [103.9630023123409, 10.250075430672881], [103.9629382912916, 10.250202175035497], [103.96287102216809, 10.250414626001096], [103.96287684891229, 10.250640578931955], [103.96282928390552, 10.2508608379951], [103.9626428649464, 10.251033038794372], [103.96238590175857, 10.251410632633577], [103.9620114312586, 10.251856203505882], [103.96133911429295, 10.252453988702966], [103.96138983987312, 10.252525047333483], [103.96148977407435, 10.252430369218104], [103.96167922424314, 10.252626337792933], [103.9612835096752, 10.25300144040616], [103.96109415083534, 10.25280547175755], [103.96043474622684, 10.253430671548873], [103.95980181569539, 10.252545105474072], [103.95970247915618, 10.25298706201985], [103.95948750335421, 10.253202340567459], [103.959341601567, 10.253380573964588], [103.95929797792401, 10.253428149258387], [103.95938994427782, 10.253510849715317], [103.95916097907958, 10.253739214684654], [103.95883831800363, 10.254096895456925], [103.95862031153621, 10.254752119931537], [103.95839421149678, 10.255657233325385], [103.95856121974758, 10.25573716588086], [103.95842018685707, 10.256057446309635], [103.95915614969459, 10.25637023686651], [103.95886168835601, 10.256838268760575], [103.95902801981721, 10.256940893742222], [103.95888161207024, 10.257308361185562], [103.95882842306618, 10.257558988919508], [103.95913128816886, 10.257679833554045], [103.95909343177908, 10.25798636233811], [103.95921433827027, 10.258606257037359], [103.95893469832713, 10.258677308336953], [103.95937285488505, 10.259333987055678], [103.9588237666239, 10.259548166060444], [103.95903216024352, 10.259986566061924], [103.95907318407194, 10.260072888756701], [103.95922008154459, 10.260009211126668], [103.95953233502239, 10.26040890600728], [103.95996949933807, 10.260360538764868], [103.96006867281818, 10.260285570128838], [103.96001560282609, 10.260196876769486], [103.96027267712218, 10.260083111975868], [103.96037245980769, 10.260295116377602], [103.96011873910892, 10.260369104923782], [103.96008742487169, 10.260316884338163], [103.95998358978285, 10.260395371350517], [103.9595584775766, 10.260442402465047], [103.95983238319825, 10.260793029212829], [103.95932911808848, 10.260953850853731], [103.95940123058863, 10.261225391871907], [103.95914482529561, 10.26142830460833], [103.95940605060487, 10.261774028271306], [103.95984642744337, 10.262200969785573], [103.9596499749671, 10.262363387005912], [103.95984314999814, 10.262787837571985], [103.96035450899669, 10.263293284953303], [103.96085329287641, 10.263786324077337], [103.96069986784109, 10.263984164978268], [103.96112738586115, 10.26429842849343], [103.96134018459229, 10.264186940280574], [103.96169222176745, 10.26406112626501], [103.96245173253838, 10.263848557015232], [103.96331372489068, 10.263385258114328], [103.96373859531256, 10.26272494756391], [103.9640296456689, 10.261842088841131], [103.96280079007373, 10.261375423628042], [103.96373537010264, 10.260465420017182], [103.96437709560678, 10.260913392725893], [103.96531612574364, 10.259687306102991], [103.9653034309075, 10.25854852751016], [103.96580259222905, 10.25761908445714], [103.96624477723722, 10.257132120912075], [103.96642951573597, 10.256928813185363], [103.9669364928659, 10.257108121720494], [103.96711941511653, 10.25673510443872], [103.9658260801265, 10.256186792532265], [103.96616002247312, 10.255630755892982], [103.96647452689871, 10.254470543822727], [103.96684043820719, 10.25351918042735], [103.96702655961785, 10.253087761129372], [103.96744341773295, 10.253276052591332], [103.96793942933463, 10.252583935646452], [103.96913176515285, 10.253422934173274], [103.96952431599979, 10.25390186293317], [103.97019364762822, 10.254049967342839], [103.97024270552966, 10.254082234553323], [103.97057494997367, 10.253663166622585], [103.97097471129915, 10.253099094411882], [103.97104727213977, 10.252720470007162], [103.97130890817938, 10.252272082657727], [103.97144933807178, 10.252031449242606], [103.97215276613213, 10.250825932372397], [103.972508739355, 10.25106854748673], [103.97260635540894, 10.25088308672581], [103.97236433956256, 10.250730075784102], [103.97222835184694, 10.250659151572426], [103.97249084188482, 10.250189065170385], [103.97260233663354, 10.250056518878916], [103.97279872835882, 10.250143182453247], [103.97291904786887, 10.24975242903312], [103.97245005735252, 10.249515055841895], [103.97309728426549, 10.248783031735732], [103.97339001249465, 10.248407656504687], [103.97361618153477, 10.248095281945771], [103.97379722897014, 10.247522623688655], [103.97379382568035, 10.247482926586947], [103.97375344505166, 10.247005115483416], [103.97371622076876, 10.246993391876993], [103.9736104563217, 10.246420178930883], [103.97372668518067, 10.246072816943428], [103.97382661337078, 10.246033739113654], [103.97343573184436, 10.245540351993625], [103.97304061548105, 10.24506938017269], [103.97345981254963, 10.244832180766716], [103.97377335795605, 10.244672746448453], [103.97424686044042, 10.24427343169075], [103.97427756611758, 10.244086144180592], [103.97466398953597, 10.24390503702731], [103.97531153768827, 10.243633575362503], [103.97565859771824, 10.243519942505612], [103.976168075982, 10.242889314028467], [103.97598098799294, 10.242753392137628], [103.97656510458215, 10.242362750738623], [103.97684519775066, 10.24183735506907], [103.97699185695001, 10.241856216104793], [103.97701244274623, 10.241827316805391], [103.97719002846236, 10.24146712268721], [103.97734113398013, 10.241111858662423], [103.97760982206464, 10.24119538041414], [103.97790112620883, 10.241236534198272], [103.97805814323377, 10.240726581354096], [103.97765762983931, 10.240652160992271], [103.97690766725584, 10.240369226931623], [103.97716968157565, 10.239678254181403], [103.97780148115822, 10.239931975155196], [103.97786219486714, 10.239980715184588], [103.977864801754, 10.239335617243267], [103.97843517474537, 10.239418175577834], [103.97848748861674, 10.23885344464129], [103.97944834960836, 10.238271633381471], [103.97958795887438, 10.238022676274472], [103.97978159634825, 10.237387557748844], [103.97989775804788, 10.237243171745483], [103.9800604985265, 10.236802664507582], [103.9803565221815, 10.236746086147125], [103.98047385672344, 10.23666598599642], [103.98067826292372, 10.236199053635794], [103.9808888920079, 10.236395858831889], [103.98116260272607, 10.236532458447984], [103.98120481223815, 10.236003424074903], [103.98122273354107, 10.235647583845951], [103.98156031746454, 10.23534821902232]]]], "type": "MultiPolygon"}, "properties": {"id": 10, "area": 3641310.94, "perimeter": 15218.52}}, {"type": "Feature", "geometry": {"coordinates": [[[[103.98835140341777, 10.197889856963343], [103.9856959186636, 10.19783116729889], [103.98559364783794, 10.193025858543752], [103.98866798638818, 10.19304451640519], [103.98862473012863, 10.1930414650575], [103.98863769135376, 10.192697278653572], [103.98865510357373, 10.192595318729289], [103.98735795315517, 10.192340307935293], [103.98664306550913, 10.192331319835032], [103.98648483061197, 10.191518338643181], [103.98684695201061, 10.191479396369214], [103.98730308240921, 10.191495482543463], [103.9877624059695, 10.19156952855726], [103.98818918937693, 10.191617122051031], [103.98788832501624, 10.19141710677696], [103.98793874194602, 10.191279485007463], [103.9877494480068, 10.191168159836614], [103.98776218715363, 10.19079205692488], [103.9876183931905, 10.19076470731993], [103.98764759106761, 10.190712403290673], [103.9875842108471, 10.190680658991935], [103.9876119813676, 10.190550596556637], [103.98769625360869, 10.190358869801411], [103.98770354557863, 10.190307616402846], [103.9875906161692, 10.190327420936727], [103.98755358105215, 10.190258105641306], [103.98726694099847, 10.190353043113063], [103.98715201952764, 10.18996326827385], [103.98683920396152, 10.189248053551536], [103.98675977460891, 10.189321978056144], [103.98642303568766, 10.189013950740685], [103.98633527157446, 10.189163267444462], [103.98574636587433, 10.189935111258936], [103.9855002114484, 10.189483919101425], [103.98535857656395, 10.189533514358445], [103.98517163007283, 10.189268668281649], [103.98497487890182, 10.188914658334605], [103.98506232448422, 10.188850421213896], [103.98488535158424, 10.188683780442753], [103.98410846962383, 10.189376212623227], [103.98428379630387, 10.189942391175364], [103.98456176734183, 10.189790029709831], [103.9848088231128, 10.189679209772008], [103.98484196047058, 10.189788301420462], [103.98508479707522, 10.190827723067247], [103.98486836768305, 10.190962641588177], [103.9844684809945, 10.191103328414917], [103.984346998033, 10.192242444911866], [103.98359488079532, 10.192399120445694], [103.9833533808198, 10.19149559245572], [103.98370094236559, 10.191373359288196], [103.98343268514462, 10.190423225801572], [103.98325011643837, 10.190500964618034], [103.9829702703286, 10.189890588652853], [103.98283922890971, 10.189482885057544], [103.98280866014287, 10.189139624793157], [103.98302659427421, 10.189033461666996], [103.98291883177916, 10.188508979884547], [103.98365871203694, 10.187784033421265], [103.98363452809222, 10.187329212226162], [103.98352767914226, 10.186803827871545], [103.98341510729108, 10.186432048031525], [103.98335475700662, 10.186333130060437], [103.98333238153172, 10.186115829580885], [103.98331184684102, 10.186059017070637], [103.98350061699583, 10.185982553669625], [103.98346815934552, 10.185678439709088], [103.98335111107228, 10.185309636440099], [103.98360962658792, 10.185164839624214], [103.98346777846093, 10.184894277388992], [103.98321418651885, 10.184588638708338], [103.98322854955076, 10.18456732366778], [103.98304186097803, 10.184315134900096], [103.98297773077552, 10.184353459539349], [103.9826612234331, 10.18412574839647], [103.98238020604548, 10.183792760679438], [103.98262348706618, 10.183246773011358], [103.98209714178942, 10.182975149821802], [103.98170208497945, 10.182843242838722], [103.98171047781106, 10.1827889172521], [103.98129787637252, 10.18261421612625], [103.98137176137449, 10.181904311224741], [103.9808011565107, 10.181858108710312], [103.97968157463957, 10.18182360013666], [103.97967813997454, 10.181859308241364], [103.97927262472254, 10.1818749375886], [103.97925937260693, 10.182055292600795], [103.97895857294836, 10.182105626387209], [103.97895603718226, 10.18192479418164], [103.97864620500393, 10.182029723403053], [103.978319069198, 10.181887251819656], [103.97814128962843, 10.181828379969312], [103.97818032415904, 10.181451777194738], [103.97753316525197, 10.181732565025511], [103.9772636915497, 10.181825441889677], [103.97699331814314, 10.181742190500808], [103.97646926134516, 10.181974801400433], [103.97591196021285, 10.182277519461191], [103.97525922146168, 10.182340576677504], [103.97460514332757, 10.182273886305211], [103.97428573834509, 10.182371743641802], [103.97411574924716, 10.182627432505718], [103.97380732863219, 10.182593754622088], [103.97311065803025, 10.182676627911977], [103.97287156395109, 10.182163957021626], [103.97289375377355, 10.182434330632631], [103.97241250606388, 10.182327860916075], [103.97236174444042, 10.182061329012873], [103.971541551805, 10.18200313477518], [103.97159503361007, 10.181725469401867], [103.97111918024936, 10.181669457563116], [103.97116356580639, 10.181484451895388], [103.97064631305958, 10.181296910551856], [103.97025231956077, 10.180967527664954], [103.9701990331356, 10.181015541616773], [103.97004175940057, 10.18058826173916], [103.96993795958147, 10.180441894213445], [103.96981337635877, 10.180778032322795], [103.9694487482473, 10.180683681997575], [103.96926440829196, 10.180564669509966], [103.9689547583834, 10.180448165991699], [103.96888684692884, 10.180399503472286], [103.96866344985251, 10.180609262804733], [103.96855780166005, 10.181028702357928], [103.96903642828232, 10.181172785546844], [103.96863633064919, 10.181665434495189], [103.96842984117475, 10.18158463065473], [103.9683940712253, 10.181746503903456], [103.96837613992969, 10.181827847312553], [103.9683356780888, 10.182342960178765], [103.96835639126692, 10.182345344602687], [103.96837104224285, 10.182481350972084], [103.96870888071346, 10.182551156888268], [103.96904059183973, 10.183014976483367], [103.96921625415087, 10.183084066566918], [103.96948892796593, 10.183155212596024], [103.9702749022069, 10.183100520071537], [103.9702749188469, 10.183201060420574], [103.97032536775191, 10.183213619238092], [103.97069474850957, 10.183305716066045], [103.97109991436594, 10.183503202621702], [103.97104040986888, 10.183669106447459], [103.97102936242017, 10.183727134348748], [103.97148927923915, 10.184151828883904], [103.97193434349197, 10.184562846331588], [103.97220644933665, 10.184814093903936], [103.97266472788333, 10.185015732975655], [103.97268217838054, 10.184948764350677], [103.97281381945926, 10.184982429738822], [103.9727991246222, 10.185038643549875], [103.9728974698451, 10.18511809512423], [103.97317800051714, 10.185241600553978], [103.97310303693091, 10.18531815085438], [103.97374483044247, 10.185867183389128], [103.97373493698043, 10.185889590138673], [103.97405966099747, 10.186279616009147], [103.97441020387889, 10.186564441192573], [103.9743610836121, 10.186631811082364], [103.97462626185535, 10.186824276552768], [103.97555794824858, 10.18746961023875], [103.97563714905236, 10.18736919687791], [103.97637595888963, 10.187811601204222], [103.97646571283346, 10.18767585265469], [103.97816130941409, 10.189218133324566], [103.9784603931187, 10.189778454281397], [103.97858969001632, 10.190020698898934], [103.97783028613955, 10.19073095473761], [103.97778896231644, 10.19083061538829], [103.97762494891317, 10.19122654754852], [103.9773169555569, 10.191317373350975], [103.97722897042709, 10.191543358081628], [103.9771325073811, 10.191651158112206], [103.97704798435818, 10.191712775657793], [103.97691371863345, 10.191775488959559], [103.97662512338479, 10.191891570620841], [103.97647015041613, 10.191947740765995], [103.97643910545357, 10.19195628036813], [103.97661422463467, 10.192082597944909], [103.97664630910612, 10.1922200785957], [103.97663176422343, 10.192240488868624], [103.97649453587628, 10.192328784397754], [103.97648515117474, 10.192374970916562], [103.97663537114796, 10.19254699808803], [103.97669253545634, 10.192807933995418], [103.97574836643543, 10.193088331630296], [103.9754423504528, 10.192638392724607], [103.97528039135213, 10.192892015183196], [103.97490856072906, 10.193396741654531], [103.97463428928825, 10.193737613562643], [103.9745448955546, 10.193651938233021], [103.97430681888346, 10.19390471442255], [103.97417304370934, 10.193890032964818], [103.97399367558403, 10.194851839125814], [103.9745517086784, 10.195899459249969], [103.97464943084982, 10.196082885466051], [103.97425712990905, 10.196600507147556], [103.97410605890953, 10.196501893642884], [103.97379981455633, 10.19630194741054], [103.97327734566515, 10.195718568573566], [103.97319893481648, 10.195669709051392], [103.97306809228364, 10.19575837495796], [103.97305827562451, 10.195844885255063], [103.97308494435383, 10.195889321502944], [103.97304842181121, 10.195953998972945], [103.97304570681897, 10.195995494586462], [103.97281109941963, 10.196190319779873], [103.97101873321765, 10.194990342696359], [103.970164218754, 10.194418265723801], [103.96981366690142, 10.193970690866356], [103.96983905628316, 10.193960515287475], [103.96915881476772, 10.193420996311612], [103.96897206709355, 10.19359437798914], [103.96837803596281, 10.193079047644387], [103.96810940666111, 10.192765597726156], [103.9676135298053, 10.191897088410819], [103.96754985629146, 10.19193324065449], [103.96737689888349, 10.191606655193656], [103.9674390230569, 10.191569144248277], [103.96737231213558, 10.191400865744669], [103.96715537806102, 10.191670397581818], [103.96681878468993, 10.191834401927695], [103.96616447914354, 10.192113707296421], [103.96615970224882, 10.192241996750925], [103.9667222064996, 10.192283872500397], [103.96672276181675, 10.192389024724934], [103.96693492158415, 10.192301850203558], [103.96729401668075, 10.192217989126144], [103.96736461148453, 10.19252071939437], [103.96739995112652, 10.19289400542686], [103.96776051972975, 10.193847464578939], [103.96737155064596, 10.19394791353763], [103.96819785609078, 10.195070662477807], [103.96823621964069, 10.195052099656944], [103.96869033394059, 10.195680762696826], [103.96931544748277, 10.195451494457165], [103.96966012909465, 10.196579243934673], [103.96980277560073, 10.197080097097706], [103.96903075198892, 10.197287518452919], [103.96935128085562, 10.198009361084104], [103.96940675625424, 10.198184673266347], [103.96972497327486, 10.198318821689076], [103.97015413649774, 10.198420600798752], [103.97041002076848, 10.198497234653342], [103.97033184102573, 10.198860752496294], [103.97020434892227, 10.19951640794664], [103.97015090885417, 10.199710620659166], [103.9711816090544, 10.199661478490112], [103.97123149827128, 10.19929565427898], [103.9724012530238, 10.19949211659108], [103.97216927083915, 10.201194506583256], [103.97192786422013, 10.20202330200581], [103.97140422963415, 10.20286267086401], [103.97072540957907, 10.203770592112987], [103.97029651777906, 10.203555434904859], [103.97022150657132, 10.203768056977452], [103.96983601920545, 10.20412917700566], [103.96995452651156, 10.204216890023545], [103.97015674416252, 10.204350940341213], [103.96978458996122, 10.204596713845067], [103.96949184086309, 10.204291543642325], [103.96926914152716, 10.20412491065387], [103.96910493441733, 10.203965967404475], [103.96895527263402, 10.203732004260846], [103.96894875494672, 10.203754597116498], [103.96850347072602, 10.203958479011535], [103.96761710242431, 10.204364258634177], [103.96757472445894, 10.204491040093016], [103.96714515717144, 10.204682830216662], [103.96689963786064, 10.204792372556469], [103.96695168530088, 10.204998058512231], [103.96696214376387, 10.205130441382233], [103.96686644140225, 10.205160483307044], [103.96662498081001, 10.205298874041063], [103.96643384295139, 10.205363026711801], [103.96615159692054, 10.205493484411123], [103.96633620882427, 10.205675970040492], [103.96650642341474, 10.205844417907468], [103.96675600517335, 10.20609129369537], [103.9669170172915, 10.206250413711919], [103.96699155468552, 10.206324222670922], [103.96707046622377, 10.206402197790199], [103.96713242913252, 10.206463418672442], [103.96739831381963, 10.206676867520125], [103.96785497631191, 10.2070435169895], [103.96986930718852, 10.207288380681268], [103.96990593681471, 10.207160233376289], [103.9703445578884, 10.207179570711778], [103.97246812076418, 10.207272881291129], [103.97034186502788, 10.20842149063755], [103.97004583705774, 10.208330415406234], [103.97003669934412, 10.209053711092189], [103.96956109538826, 10.208933230471159], [103.96947399061374, 10.210218863566016], [103.96786072583122, 10.209900059542624], [103.96786274735766, 10.210166512243841], [103.96785120562244, 10.210411062686601], [103.96773404811647, 10.210388901042485], [103.96767423387077, 10.210681744086902], [103.96662936024748, 10.21045129087801], [103.96662231807875, 10.210678941209235], [103.96648858279804, 10.211019853656142], [103.96719884778872, 10.211416755348042], [103.96742680964165, 10.210891190672339], [103.96763281839993, 10.21094270107055], [103.96803840685939, 10.211124823056771], [103.96845298843158, 10.211333088793445], [103.96899570522118, 10.21121896621431], [103.96986523457086, 10.210906101885966], [103.97061274641601, 10.210583543750728], [103.9708738001949, 10.21261882043835], [103.9700552256761, 10.21236342891701], [103.9695995794146, 10.213085094575298], [103.96935002062824, 10.213480520235183], [103.96970728349291, 10.213910747536541], [103.96953412658873, 10.214467686093316], [103.96961856296181, 10.21451800305579], [103.9690862862897, 10.215268023412186], [103.96852452504285, 10.21497407745016], [103.96828319993107, 10.215521139395333], [103.96754873334604, 10.21523613235853], [103.9670499831458, 10.215636483471958], [103.96692446817501, 10.215753725773563], [103.96782424733334, 10.216469373469238], [103.96717599750218, 10.217028156747894], [103.96728624208173, 10.21709216896502], [103.96746186763997, 10.21719408087134], [103.96743624846499, 10.217231470315513], [103.96745922707832, 10.217245069904417], [103.9675148871899, 10.217310439518277], [103.96757382568651, 10.217380335163321], [103.96762462907779, 10.217402388651067], [103.96780412860805, 10.217480166242108], [103.96791095660939, 10.217458279632522], [103.96797521935522, 10.21745512959717], [103.96799437499848, 10.217462393950642], [103.96806561553423, 10.217489543885131], [103.96806395614435, 10.217389633994921], [103.96826659980783, 10.217436437177927], [103.96826618851328, 10.217409312384227], [103.9687574423075, 10.21740179505075], [103.96870091604472, 10.217088328893663], [103.96886733217299, 10.217074947523928], [103.9692906093692, 10.216888118559508], [103.96918545260489, 10.216673033892816], [103.96994161100649, 10.216429061741012], [103.96991308371406, 10.216348818354865], [103.97075917743368, 10.216086003518619], [103.97079513513533, 10.216199079103188], [103.9708734058764, 10.216445764503039], [103.97098174697499, 10.216391692006042], [103.97130468329819, 10.216166633318492], [103.97144185058117, 10.216011976838388], [103.97155158440104, 10.215888197358774], [103.9715598125192, 10.215880073449949], [103.97150404407984, 10.215824649834827], [103.97192297562827, 10.215503816983963], [103.9719871329574, 10.21556431728441], [103.9720460559425, 10.215533400742245], [103.97206971652695, 10.215520961939122], [103.97215528482927, 10.215494157129298], [103.97245847675754, 10.21550721522745], [103.97265917597439, 10.215736738830778], [103.97296941880244, 10.216456572660665], [103.97304901008852, 10.216456701283162], [103.97352882788209, 10.217352211422888], [103.97361226254519, 10.217401983309653], [103.9737811729577, 10.216982012506215], [103.97406831657383, 10.217097301315583], [103.97449384549138, 10.217260641848187], [103.97474908001907, 10.217298032343514], [103.97513604082555, 10.216713316242158], [103.9754825276396, 10.216708539330353], [103.97556898001189, 10.216754970266527], [103.97590975080136, 10.216729298110065], [103.97609664149975, 10.216642258640496], [103.97627348421187, 10.216559904441715], [103.97651217999184, 10.216384975232387], [103.97690463679606, 10.216120692367435], [103.97721511950375, 10.21575013170752], [103.97700207914309, 10.215586050603855], [103.97634835092752, 10.215263941954825], [103.9766087834436, 10.214745293973063], [103.97691248321415, 10.214335754256426], [103.9774493213268, 10.214637421764063], [103.97760845989278, 10.214216800041699], [103.97770515650126, 10.213914249189415], [103.97763318322136, 10.213161528689565], [103.97745393123739, 10.213099669731937], [103.97723289111711, 10.212581424803007], [103.97730171966185, 10.212129194377674], [103.97748440582981, 10.211987989278802], [103.97770380595934, 10.212000998552], [103.97779566587003, 10.21164147909212], [103.97798647055718, 10.211446942472266], [103.97816319224547, 10.211044792857944], [103.97803445535828, 10.211014388681475], [103.97801589358772, 10.21092286010652], [103.97805339498287, 10.210482242683636], [103.97837302386533, 10.209871646134358], [103.97842206315377, 10.209687732189243], [103.97844516539578, 10.209233167894388], [103.9785917131857, 10.208582693023267], [103.97861949570361, 10.208392596908181], [103.97857720944505, 10.208241086007881], [103.97865651109375, 10.208193654970708], [103.9787212381982, 10.20818444572915], [103.97886590326198, 10.208241547135477], [103.97901388513048, 10.208111316089497], [103.97871805083325, 10.208067897072867], [103.97838320098359, 10.207882375145985], [103.97815232048382, 10.2075787577272], [103.97787622196269, 10.207354903327248], [103.97805280592628, 10.207091809981712], [103.97821120917938, 10.206951379171322], [103.97838735500198, 10.207013051785685], [103.97849662751791, 10.206888726402681], [103.97878971165083, 10.206770571457627], [103.97914668848388, 10.206538596622273], [103.97944846280161, 10.206239717423141], [103.98009917900093, 10.205934341577857], [103.98109340871791, 10.206662761577048], [103.98128820539965, 10.206592638713374], [103.98125453581174, 10.206417543738525], [103.9812667252663, 10.206330132790525], [103.98129258803233, 10.206253502833913], [103.9813237987686, 10.206199756110044], [103.9813525180773, 10.206162732010835], [103.98138083935507, 10.206146050422735], [103.98142312884255, 10.20612713067394], [103.98151803885582, 10.206134966632112], [103.98169763703378, 10.205811841017809], [103.98211738562287, 10.205253567896293], [103.98183163650795, 10.205126986924062], [103.98206097070776, 10.204638211123653], [103.98277162411561, 10.20502513439703], [103.98345701912734, 10.205398363712563], [103.98355404896782, 10.205449962809784], [103.98381807149103, 10.20552298286277], [103.98406284685548, 10.205475812050224], [103.9842111763729, 10.205240969984311], [103.98495316928174, 10.20470146555647], [103.98508807481448, 10.204470399244444], [103.98535543366839, 10.204341257490015], [103.98538365039227, 10.204332622220615], [103.98537059812452, 10.203764711003291], [103.98507637298576, 10.203460094241313], [103.98499222573606, 10.203400378663794], [103.98510161837397, 10.202744597257377], [103.98506784427776, 10.202690205150885], [103.98497562572058, 10.202541599834287], [103.98480140384477, 10.202362485999352], [103.98460336623138, 10.202179808341668], [103.98452461459894, 10.201943522537798], [103.98444434104127, 10.201972509133677], [103.98366189961723, 10.202298662085699], [103.98330499343584, 10.20175588457259], [103.98346645552137, 10.201526669185657], [103.98352940136971, 10.201319268525136], [103.98310627855933, 10.200635792272504], [103.98310597072295, 10.200260754353392], [103.9829638862514, 10.200133226484244], [103.98386949330084, 10.198870941649522], [103.98410622063572, 10.198887409325348], [103.98430983030653, 10.198952376898678], [103.98444910493494, 10.19895431462149], [103.98451825766429, 10.198916088198375], [103.98430004137063, 10.198626328330326], [103.98396316217563, 10.198571276623284], [103.98426730915946, 10.198038133154482], [103.98446598673885, 10.198104991518402], [103.98442775370692, 10.197815696567694], [103.98427517564265, 10.197800446988852], [103.98415087727115, 10.19660262595634], [103.98431549937224, 10.196449453153823], [103.98481063321368, 10.196506923928514], [103.98479587566571, 10.19785253339662], [103.98446133541675, 10.197819094887262], [103.98449785558934, 10.198095186678167], [103.98433181915394, 10.198616432951454], [103.98453327749073, 10.198884014908014], [103.98456195402635, 10.199099968950799], [103.98541487840522, 10.198754214140402], [103.98570335439767, 10.199340370888203], [103.98509093689239, 10.199735690883257], [103.98489290040048, 10.199666754339471], [103.98488810206054, 10.199699295835917], [103.98486636750754, 10.199763726786117], [103.98486931285824, 10.199805141073679], [103.98490141428569, 10.199877884611569], [103.98494360934293, 10.19997388047937], [103.98502744780455, 10.200111622891113], [103.98507056540451, 10.200258342490107], [103.98508241035557, 10.200327708753814], [103.98504993593554, 10.20048705754845], [103.98504980533477, 10.200568339586226], [103.98530201807114, 10.200661502001257], [103.98534831619759, 10.200703346263108], [103.98535959071422, 10.200730126593983], [103.98535953496159, 10.200764845507896], [103.98534369571993, 10.200795651744107], [103.98529121010301, 10.200855694381742], [103.98524668471414, 10.20101710372309], [103.98527884834712, 10.201278541477219], [103.9853536217041, 10.201605325334343], [103.98537179490005, 10.201655714607307], [103.98551401101955, 10.201815971592897], [103.98559404035207, 10.20188219035228], [103.98582181612085, 10.201904519704055], [103.98612986578465, 10.20189759065868], [103.9863564790169, 10.201904999488086], [103.98642723722152, 10.201947334153127], [103.98649660972612, 10.202000064243226], [103.98666377008355, 10.202143723793924], [103.98676608462432, 10.201915769900749], [103.98680078535864, 10.201733640066129], [103.98685960630172, 10.201650009062307], [103.98703619832754, 10.201318285985945], [103.98720455185394, 10.200773263013199], [103.98845549594593, 10.199405722288686], [103.98827548237522, 10.199252459627958], [103.98875591168307, 10.198575648525711], [103.98824431031461, 10.198482805834999], [103.98835140341777, 10.197889856963343]]]], "type": "MultiPolygon"}, "properties": {"id": 11, "area": 4741334.82, "perimeter": 24219.7}}, {"type": "Feature", "geometry": {"coordinates": [[[[103.99088892322514, 10.049497758752624], [103.99090243450729, 10.049491631298487], [103.99092590004818, 10.04947882843281], [103.99088892322514, 10.049497758752624]]]], "type": "MultiPolygon"}, "properties": {"id": 12, "area": 0.177, "perimeter": 9.127}}, {"type": "Feature", "geometry": {"coordinates": [[[[103.99256644703304, 9.90369450456494], [103.99253800159123, 9.903572581144312], [103.99246171794377, 9.903427891099465], [103.99237582612103, 9.903305067138334], [103.99226155137077, 9.903197751777695], [103.99212057815531, 9.903137231390609], [103.99182212396943, 9.90307746736481], [103.99166196332993, 9.90310109484199], [103.99137556680226, 9.903205453264325], [103.99122307033223, 9.903285330728293], [103.9910639650765, 9.90333409508996], [103.99089896580118, 9.903361331494617], [103.99075807566715, 9.90342449941176], [103.9906386553801, 9.903520249485803], [103.99052129341274, 9.903641228626787], [103.99044095407957, 9.9037617213825], [103.99037500548205, 9.903893085834081], [103.99034361850765, 9.904023327298193], [103.9902968692584, 9.904299476446727], [103.99029430779237, 9.904541153818442], [103.99031688913534, 9.904680789972632], [103.9903860007984, 9.904804402716321], [103.99047862612244, 9.904936278945174], [103.99061694455119, 9.905122021805278], [103.99067261186612, 9.905212431534375], [103.9907267910726, 9.905321735887828], [103.99080908613611, 9.9054115530559], [103.99090393371227, 9.905462600879279], [103.99108794636724, 9.90546514011139], [103.99122014885347, 9.905477817750969], [103.99145467836964, 9.905481066204871], [103.99160018183954, 9.905442588520437], [103.99179497919567, 9.905369917784384], [103.9918928984312, 9.905261928677108], [103.99196225377447, 9.905109050125281], [103.99197700620317, 9.904825619048209], [103.99198802539368, 9.904657191160558], [103.992073821044, 9.90454619992878], [103.99221029248443, 9.904451017616948], [103.9923069141138, 9.904356407934664], [103.99238324307609, 9.904234371583232], [103.99244582135712, 9.904100198724027], [103.99250822971416, 9.903957888173988], [103.99255163862466, 9.90383670620098], [103.99256644703304, 9.90369450456494]]]], "type": "MultiPolygon"}, "properties": {"id": 13, "area": 47376.36, "perimeter": 817.322}}, {"type": "Feature", "geometry": {"coordinates": [[[[103.99279060837235, 9.929536645400516], [103.9927862460816, 9.929467651669695], [103.99275100437912, 9.929375645630033], [103.9926676158875, 9.92928121589804], [103.99258790999492, 9.929223410053941], [103.99245003882368, 9.929154847063492], [103.9922987042386, 9.929123876525107], [103.99215377044393, 9.929140926317219], [103.99200669790805, 9.929184735829054], [103.99186672981887, 9.929234161814882], [103.99169342008467, 9.929319703419308], [103.99142066808012, 9.929490536790505], [103.99129423268462, 9.929575606814335], [103.99097827696667, 9.929849719256776], [103.99079545440405, 9.93007141181752], [103.99060520350216, 9.930378806960775], [103.99057555714008, 9.9304430473839], [103.99055320603023, 9.930507479725991], [103.99054091229696, 9.930555110055705], [103.99053572528442, 9.930606910307196], [103.99054204777572, 9.93064643153604], [103.99055412180525, 9.930681892807206], [103.9905819808514, 9.930711953139891], [103.99064249517586, 9.930737090253007], [103.9907188924291, 9.930752486611093], [103.9908099129381, 9.93074710958563], [103.99089120653232, 9.930721735908856], [103.99095427884929, 9.93068494216537], [103.99102779271391, 9.93061877919793], [103.99119860657026, 9.930437484067829], [103.99132632531376, 9.93028930595399], [103.99145332922797, 9.930190584039808], [103.99153187196217, 9.930115748682404], [103.99157153774775, 9.93005911827636], [103.9916432118381, 9.930003078916359], [103.99172612761885, 9.929930962610666], [103.99182330993278, 9.929891869617855], [103.99192613510529, 9.92986001840062], [103.99202867371046, 9.929836575369254], [103.9921467952083, 9.929820479586915], [103.99241443013179, 9.929774592269847], [103.99255107221947, 9.929753189872637], [103.99266812969745, 9.929717381685052], [103.99273121026705, 9.92967498182933], [103.99277079379098, 9.929612383711047], [103.99279060837235, 9.929536645400516]]]], "type": "MultiPolygon"}, "properties": {"id": 14, "area": 17310.17, "perimeter": 650.683}}, {"type": "Feature", "geometry": {"coordinates": [[[[103.99739964289502, 10.137081950305717], [103.99727508716114, 10.13655256323767], [103.99685604205723, 10.136678954268886], [103.99651605459104, 10.136199326659238], [103.99646780779068, 10.136241385913419], [103.99553280948072, 10.135676126536016], [103.99553669832943, 10.135640147512433], [103.99518362952487, 10.13547468913262], [103.99523756891058, 10.135351989028907], [103.99505136952375, 10.13526445291034], [103.9949601158766, 10.135265578475567], [103.99493024906849, 10.135341390379555], [103.99468175194724, 10.135236489117668], [103.99457112957212, 10.135951407624747], [103.9943099025925, 10.13593373651884], [103.99429808614175, 10.136020606705507], [103.99412323026372, 10.13603136811838], [103.99388011117048, 10.136046364193923], [103.99369851200318, 10.136051147633323], [103.99352065685932, 10.136054218867224], [103.99333460523842, 10.136046970109788], [103.99325589822743, 10.13567072430388], [103.99311829805508, 10.135781902765686], [103.99277418290535, 10.136480728049209], [103.99229379513905, 10.136909545424492], [103.99193439436402, 10.137230413404971], [103.99180649695883, 10.137611403122571], [103.99188984371591, 10.13764824032583], [103.99155289594621, 10.138370402056724], [103.99216158545873, 10.138870431622502], [103.99265384087296, 10.13902064744272], [103.99296637392516, 10.139199969893626], [103.99410462400236, 10.14003950581707], [103.99597857039717, 10.139474945131088], [103.99628872758106, 10.139365838473914], [103.99642913906541, 10.139441549911616], [103.99651994196378, 10.139379212652328], [103.99694410388142, 10.138782945620056], [103.9973465809229, 10.138281399232651], [103.99739964289502, 10.137081950305717]]]], "type": "MultiPolygon"}, "properties": {"id": 15, "area": 218870.03, "perimeter": 1973.97}}, {"type": "Feature", "geometry": {"coordinates": [[[[103.99088892322514, 10.049497758752624], [103.99087805951918, 10.049502624465491], [103.99085277522573, 10.049511717518897], [103.99082703804748, 10.0495187303301], [103.99080349428876, 10.049523214891641], [103.99077612421108, 10.049524348216423], [103.99074867266899, 10.049519242781333], [103.99072413403894, 10.049518210495227], [103.99069777807694, 10.04951256425041], [103.99064853152547, 10.049502090817276], [103.9906450657314, 10.04950154299886], [103.99064159951276, 10.049501266424631], [103.99063813286953, 10.04950126109461], [103.99063466580175, 10.049501527008767], [103.99063119830937, 10.049502064167116], [103.99062782161988, 10.049502872709924], [103.9906245357332, 10.049503952637197], [103.99061038698595, 10.049509355779866], [103.99059851977388, 10.049514219940347], [103.99059076515707, 10.04951438884632], [103.99054168252117, 10.049515760009152], [103.99052380406326, 10.049514376290464], [103.99048359115962, 10.049502560501146], [103.99043874052528, 10.049481244003115], [103.9903232558987, 10.04941687173417], [103.99029800162177, 10.049406796820271], [103.9902653482949, 10.049402858737176], [103.99023332945349, 10.049401543660919], [103.99018998523933, 10.049408619744408], [103.99013094622374, 10.04941802245632], [103.99010099968649, 10.049433256493126], [103.99009725652853, 10.049435059030944], [103.99009689076877, 10.049435600957713], [103.99009588641702, 10.04943614190158], [103.9900676561958, 10.04946222837124], [103.9900581433226, 10.049478307590128], [103.99005091708545, 10.04949059290048], [103.99004130830727, 10.049509655664584], [103.99003371205796, 10.049525195343179], [103.99002657307871, 10.049540012405856], [103.9900090180146, 10.049565120738146], [103.98996815218604, 10.049620663020342], [103.98993679185949, 10.04966482764835], [103.98992052247002, 10.049684513057624], [103.98991257051298, 10.049694175213393], [103.98991220333535, 10.049695621287233], [103.98990370217028, 10.049706457991455], [103.98989428135935, 10.049721994856732], [103.98988603374876, 10.04974567087363], [103.9898824529142, 10.049760312581487], [103.98984115125276, 10.049861061648066], [103.98983922470121, 10.049867930217243], [103.98983675120955, 10.04987452669928], [103.98983373063601, 10.049880941508874], [103.98983016312228, 10.049887084231303], [103.98982614003768, 10.04989286459228], [103.98977083480234, 10.04996456888341], [103.98976781663673, 10.049969446641883], [103.98976434290026, 10.04997396203886], [103.98976041345118, 10.049978205489047], [103.98975611980055, 10.049981996303492], [103.98975146180665, 10.04998542489689], [103.98974029347775, 10.050010000559714], [103.98973764263188, 10.050013341829576], [103.9897351739576, 10.050016864209908], [103.98973316099583, 10.050020658536992], [103.98973142157492, 10.050024543700369], [103.98973004678082, 10.050028610255264], [103.98972903675524, 10.050032767786975], [103.98972830041235, 10.05003692574024], [103.98972811129326, 10.050041174951375], [103.9897281958569, 10.050045424584072], [103.98972864533094, 10.050049674778855], [103.98972945971536, 10.05005392553573], [103.98973054806616, 10.05005799588471], [103.98973209269676, 10.050061976521565], [103.98973400237958, 10.050065867305781], [103.98973618617057, 10.050069487267367], [103.98973864392798, 10.050072926821047], [103.9898184842566, 10.050411834592538], [103.98982428682096, 10.050434808925155], [103.98982862903392, 10.050458233083301], [103.98983142009273, 10.050481835682351], [103.98986688841329, 10.050610550771509], [103.98986951034507, 10.050625654105003], [103.98987544079647, 10.050683438387203], [103.98988191223728, 10.05074529217478], [103.98989314787822, 10.05085236077056], [103.9898935976385, 10.050856430135623], [103.98989459476572, 10.05086050034362], [103.98989586585995, 10.05086439014362], [103.98989759323511, 10.050868190231334], [103.98989959457727, 10.05087180991105], [103.98990196111427, 10.050875249323242], [103.98993976141584, 10.050913100978077], [103.98994130945431, 10.050914911660684], [103.98994294886238, 10.050916632069017], [103.98994486223746, 10.050918172069332], [103.98994677603781, 10.050919440825453], [103.98994887243553, 10.050920619447792], [103.9899511517142, 10.050921527106883], [103.98995343113462, 10.05092234435123], [103.98998826217095, 10.050933880680159], [103.99000376055893, 10.05094050483354], [103.9900077650889, 10.050946568800368], [103.99000794513537, 10.05094810613162], [103.99000498389442, 10.050974864395847], [103.98999186588878, 10.051021046234709], [103.98999079095171, 10.05106661371117], [103.98999380227781, 10.051124303081561], [103.98998721464272, 10.051252953401947], [103.98998700015555, 10.051273386848663], [103.98998833654335, 10.051293822683302], [103.98999131517616, 10.051314170631628], [103.99000354336181, 10.051370065893881], [103.99001857921029, 10.05143898523024], [103.9900227463608, 10.051457707539237], [103.9900604421189, 10.051620512471343], [103.99007375840158, 10.05168065890857], [103.990089204819, 10.051720465262884], [103.99010570264527, 10.05172971298503], [103.9901560452375, 10.051739555295296], [103.99015914713368, 10.051739469655125], [103.99016215751841, 10.051739564703928], [103.99016516747811, 10.051739930996892], [103.99016808578467, 10.051740568393564], [103.99017100366616, 10.051741477034382], [103.99017373866647, 10.05174265663851], [103.99017647338343, 10.051744017072057], [103.99017902536087, 10.05174555805419], [103.99018139445717, 10.051747369999637], [103.99018367190034, 10.051749453048817], [103.9901857667457, 10.051751626231871], [103.99018758762348, 10.051753979823099], [103.99018922576181, 10.051756513962925], [103.99019068130231, 10.051759138236639], [103.99019186301688, 10.051761852503816], [103.99019286199193, 10.051764747319588], [103.99019349605473, 10.051767641573688], [103.99019394751966, 10.051770625961684], [103.99019412530032, 10.051773609928416], [103.99019412062486, 10.051776593614317], [103.99019375103703, 10.051779576738543], [103.9901931079066, 10.051782469026781], [103.99020105649583, 10.051833204043769], [103.9902025932056, 10.051842247903252], [103.9902049512517, 10.05185111219703], [103.99020822200404, 10.051859706650772], [103.99021222300648, 10.051868030983634], [103.99021231423457, 10.051868031124052], [103.99021931910615, 10.051880609582527], [103.990245063703, 10.051927212901298], [103.9902465189613, 10.05193001800424], [103.9902477002519, 10.05193300351541], [103.99024860771645, 10.05193607902008], [103.99024924135497, 10.051939244518268], [103.99024960130912, 10.051942409595233], [103.99024959635074, 10.051945574110567], [103.99024931756625, 10.051948828619421], [103.9902463629903, 10.051971337392704], [103.99025214506565, 10.052007421853492], [103.99025605370342, 10.052074696585697], [103.99026496516409, 10.052093154948889], [103.99028319096641, 10.052105841090318], [103.99028337313946, 10.05210602220056], [103.99028346394266, 10.052106293585132], [103.9902836461157, 10.052106474695375], [103.99028382828871, 10.052106655805623], [103.99028401060342, 10.05210674650114], [103.99028419277646, 10.052106927611383], [103.99028437509116, 10.052107018306899], [103.99028464863402, 10.052107109142822], [103.99028483094872, 10.052107199838336], [103.99028510449158, 10.052107290674252], [103.99028528680628, 10.052107381369765], [103.99028556049082, 10.052107381790968], [103.99028583417534, 10.052107382212158], [103.99031265596817, 10.052106971414316], [103.99031393344598, 10.052106792550319], [103.9903151194123, 10.052106794375392], [103.99031639660679, 10.05210679634084], [103.99031758228983, 10.052106978995344], [103.9903187678312, 10.052107252064566], [103.99031995323092, 10.052107615548502], [103.990321138489, 10.052108069447176], [103.99032214100743, 10.052108703894506], [103.99032323475403, 10.052109338482222], [103.99032423713079, 10.052110063344282], [103.99032505676794, 10.052110968754995], [103.99035229107622, 10.052138406391043], [103.99036914336278, 10.052154345352385], [103.99039446330251, 10.052180875890109], [103.99044924148765, 10.052271103868646], [103.99045087906396, 10.052273999666227], [103.99045224267243, 10.052277075872192], [103.99045324122636, 10.052280241931467], [103.99045414855208, 10.05228340785038], [103.99045459945346, 10.052286753896977], [103.99045486803996, 10.052290009248145], [103.99045486280016, 10.052293354592978], [103.99045233024543, 10.052337654018636], [103.99048209283815, 10.05249827674523], [103.99048875281792, 10.052556333383963], [103.99049529081016, 10.052575782654646], [103.9905009210514, 10.052592337250582], [103.99050419125172, 10.052601293360667], [103.99052184394996, 10.05263043412818], [103.9905450060739, 10.052695026027166], [103.99057443592008, 10.052776896819681], [103.99057861302742, 10.052789290091914], [103.99058993558688, 10.052841024854713], [103.99059093286937, 10.052845004646136], [103.99059156509671, 10.052849074290979], [103.99059174118212, 10.052853143234207], [103.99059155221235, 10.052857302030857], [103.990591089699, 10.052861369991819], [103.99059017118526, 10.052865346836427], [103.99058897912784, 10.052869232845335], [103.99058723984163, 10.052873027597567], [103.99058531838175, 10.052876641239685], [103.99058303229141, 10.052880073491037], [103.99057900181735, 10.052890555424595], [103.99057725559295, 10.052898780498213], [103.99057679421206, 10.052902125141333], [103.99057642391796, 10.052905560339516], [103.99057641853749, 10.052908996099012], [103.99057677807068, 10.052912432419816], [103.99057732020223, 10.05291577860655], [103.99057813601905, 10.05291912521427], [103.99057931689114, 10.052922381968578], [103.99058511883783, 10.05294580836288], [103.99058507975913, 10.052970762826515], [103.99057758033814, 10.052982686063068], [103.99054815069297, 10.05301717929977], [103.99054995161447, 10.053032281365168], [103.99055338940896, 10.053050731301344], [103.99057347216919, 10.053101032900877], [103.99057872150824, 10.053127803797903], [103.99057802343935, 10.053165776998899], [103.99057641294361, 10.053203839211198], [103.99057398167395, 10.053241719330932], [103.99057231467927, 10.053315857016784], [103.99057818562888, 10.053353478662526], [103.99057954966737, 10.053356283623888], [103.99058082233572, 10.053359178859628], [103.99058172994839, 10.053362163948753], [103.99058227250532, 10.05336523889127], [103.99058263260521, 10.05336831355312], [103.99058271901949, 10.053371387793963], [103.99058253160653, 10.053374552028536], [103.99058040488914, 10.053392722159773], [103.99058591998855, 10.053424556701843], [103.99058489721735, 10.053436851560202], [103.9905844361187, 10.05344001537376], [103.99058461347833, 10.053443270584372], [103.99058542306604, 10.05345059543974], [103.99058713729318, 10.053462804093352], [103.99058548073616, 10.053472023868842], [103.99058520492653, 10.053473379668654], [103.99058419942993, 10.053474643931066], [103.99057640351312, 10.05350112351561], [103.99055867642409, 10.053519450477964], [103.99053598036441, 10.053564984691011], [103.99052982613112, 10.053591738044458], [103.99051607570571, 10.053633940665222], [103.99051369087451, 10.053642164755363], [103.99050862557459, 10.053672626795862], [103.99050422804827, 10.05368446438674], [103.99049241211107, 10.053714735210725], [103.99048974962713, 10.053725490491612], [103.9904870731218, 10.05374519682951], [103.99048477385239, 10.053757037648385], [103.99047924928831, 10.053789488109944], [103.99047365403112, 10.053808828296964], [103.99046119240352, 10.053843618872481], [103.99045532954858, 10.05385907080509], [103.99044865554983, 10.053868192444007], [103.99043313307723, 10.053876848392315], [103.99039741535185, 10.053906992016278], [103.99036249289499, 10.053953592377725], [103.99034867868582, 10.053978254393803], [103.99028583425721, 10.054086836414236], [103.99027347502023, 10.054114484358736], [103.9902696363284, 10.054118999196342], [103.99025365131901, 10.054131723095184], [103.99024880726837, 10.05413741177899], [103.99024734208211, 10.054140935705787], [103.99023881541092, 10.05422618385871], [103.99023889898767, 10.054231066393577], [103.99023752417935, 10.05423513294899], [103.99023542180808, 10.054237751745488], [103.99021648813634, 10.054269186993151], [103.99020598024569, 10.0542797493628], [103.9901870467102, 10.054311094193727], [103.99017224015098, 10.054328611893407], [103.99016007454846, 10.054349117351197], [103.99015437669402, 10.054375690567051], [103.9901369091869, 10.054402968979938], [103.99011498081919, 10.05442427313762], [103.99009631244778, 10.054461043266162], [103.99008634469068, 10.054476217624396], [103.99008031168009, 10.054483803187779], [103.99007500878346, 10.054491209045533], [103.9900696111139, 10.05450087513039], [103.99006357115636, 10.054512891014076], [103.99004791219195, 10.054550389093055], [103.9900449813857, 10.054557708188414], [103.99004369369112, 10.05456439690975], [103.99003603422597, 10.054620171122316], [103.9900432574012, 10.054668102156748], [103.99004659147516, 10.054694508449455], [103.990057670934, 10.054726713225604], [103.99005636679445, 10.054743890052812], [103.9900558638682, 10.054773726203319], [103.99005781391601, 10.054810076006017], [103.9900578130654, 10.054810618494257], [103.99005781221483, 10.054811160982483], [103.9900576289064, 10.05481170318973], [103.99005753682688, 10.05481224553746], [103.99005735366019, 10.054812697329996], [103.99005707912283, 10.054813239396738], [103.99005689595613, 10.054813691189269], [103.9900566215605, 10.054814142841298], [103.99005625593595, 10.05481459435284], [103.99005589045315, 10.05481495544967], [103.99005543374146, 10.054815316406005], [103.99005497702973, 10.054815677362338], [103.99005452045975, 10.054815947903956], [103.99005406388977, 10.054816218445582], [103.99005360746158, 10.054816398572495], [103.99005305980445, 10.054816578558913], [103.99005232968943, 10.054816758264332], [103.99005169080337, 10.054816938110253], [103.99005105177552, 10.054817208370865], [103.99005041260592, 10.054817569046193], [103.99004986466524, 10.054817929862024], [103.99004931658278, 10.054818381092545], [103.99004885972928, 10.054818832463575], [103.99004840273403, 10.054819374249309], [103.99004794573877, 10.054819916035026], [103.9900475799724, 10.054820457961265], [103.99004730529325, 10.054821090442703], [103.99004712184302, 10.054821723064634], [103.99004684702209, 10.054822445960781], [103.99004675480079, 10.054823078723219], [103.99004675366665, 10.05482380204086], [103.99004514833626, 10.054858518899225], [103.99003041312427, 10.054888694789588], [103.99002200120447, 10.054900707018648], [103.99002026204151, 10.054904411351865], [103.9900190735131, 10.054906036989927], [103.99001788555177, 10.054907300969171], [103.99001631282597, 10.054921222445001], [103.99001363089116, 10.054944364534528], [103.9900118003571, 10.054948159141874], [103.99000923772277, 10.054953399260365], [103.98997861845137, 10.05499006055683], [103.98996783499867, 10.055001797886515], [103.98995577604086, 10.055012448271968], [103.98994280677753, 10.055021831445778], [103.98986098192773, 10.055075050192777], [103.98985046889308, 10.055088867478029], [103.98983695154055, 10.055098701877498], [103.98980080088157, 10.055113926297173], [103.98974977308038, 10.055133467702962], [103.98973188765311, 10.055136333417815], [103.98971162261037, 10.055144077869898], [103.98965210354807, 10.055168036504604], [103.98963867911819, 10.055176786059713], [103.98961886652697, 10.055186881991094], [103.98960598691558, 10.055197259853081], [103.98951512277164, 10.05525525656571], [103.98951243821631, 10.055338162903091], [103.98951260903684, 10.055345577189405], [103.98951022601094, 10.055352625878573], [103.98950626228641, 10.055378659262479], [103.98949386503516, 10.05543044789346], [103.98949495396528, 10.055434156583882], [103.9894922888771, 10.05544653931781], [103.98947856871013, 10.055527439509879], [103.9894801415706, 10.055571564412347], [103.98948139181105, 10.055588745173427], [103.98947899785341, 10.055602755793533], [103.98947213721551, 10.055614499153464], [103.98946783326447, 10.055624799816945], [103.98946087756416, 10.055638984232615], [103.98945379898073, 10.055673330983872], [103.98944363421778, 10.055697727335598], [103.98942605320272, 10.055739110253622], [103.98942141040412, 10.05579091083763], [103.9894179104771, 10.055812062529288], [103.98941638338081, 10.055855007256548], [103.98941067507073, 10.055888180725336], [103.98940153426105, 10.05589955890714], [103.98939831965981, 10.055913297015797], [103.98939675323592, 10.055981286611715], [103.98938846949073, 10.056027837514222], [103.98938412095298, 10.056066528388447], [103.989389149723, 10.056117530152418], [103.98938400320368, 10.056199618951382], [103.98938163629435, 10.056254497149723], [103.98939365301148, 10.056270790366337], [103.98943911725338, 10.056308563498222], [103.98944631003425, 10.056317706496147], [103.98946313437422, 10.056351547616506], [103.98948366959699, 10.056404200759237], [103.98949475969461, 10.056429624449375], [103.98949539617112, 10.056430981654438], [103.98949566687847, 10.056432880784927], [103.98949283493522, 10.056435317620588], [103.98947440031081, 10.056497404235236], [103.98947412562893, 10.056498036716015], [103.98947394231845, 10.056498578922776], [103.98947366777854, 10.056499120988867], [103.98947321077988, 10.056499662773582], [103.98947284515252, 10.056500114284294], [103.98947238829578, 10.056500565654325], [103.98947193143903, 10.056501017024358], [103.98947147472425, 10.056501377979698], [103.98947092678003, 10.056501738794354], [103.98947028774839, 10.056502009053636], [103.98946973994614, 10.056502279453602], [103.98946919228584, 10.056502459438876], [103.9894684623087, 10.056502548728098], [103.98946791479035, 10.056502638298696], [103.9894672760426, 10.056502727728594], [103.98941217263362, 10.056503185239139], [103.98941180771604, 10.056503184676343], [103.98941126033965, 10.056503183832145], [103.98934593228113, 10.05650805589283], [103.98932887266743, 10.056507848748893], [103.98927825724958, 10.056497011296738], [103.98919707061559, 10.05649209405368], [103.98918029179296, 10.056487366590197], [103.98915174125474, 10.056484610089758], [103.9891351659144, 10.056466501532379], [103.98913206908688, 10.056463332232095], [103.98912860691573, 10.056460433612731], [103.98912487048831, 10.05645789622973], [103.98912104240544, 10.056455629949966], [103.98911694006627, 10.056453724906556], [103.98911265470024, 10.056452181240276], [103.98908365824715, 10.056442914173044], [103.98907809410747, 10.056442363096787], [103.98897161932803, 10.056390571853507], [103.98894757257376, 10.056366484371198], [103.98892888888697, 10.056354792007635], [103.98891977106757, 10.056351522995977], [103.98887948336548, 10.05632876666067], [103.98880890084969, 10.056310213045712], [103.98873615414169, 10.056275562222062], [103.98872840547732, 10.056271843245149], [103.98871253797199, 10.056267750070386], [103.98864962656283, 10.056244235449759], [103.98861443138426, 10.056231884662225], [103.98860987247805, 10.056230250152243], [103.98860549574609, 10.056228796753404], [103.98859829460251, 10.056224988204388], [103.98855771590381, 10.056213261999474], [103.98850283625124, 10.056187499386793], [103.9884937214279, 10.056182331655622], [103.98848925289904, 10.056181239773045], [103.98848651801123, 10.056179969739102], [103.98847621621199, 10.056175433077845], [103.98847011096052, 10.056170902900192], [103.98846263613204, 10.056167093925502], [103.98845552536753, 10.056163828002534], [103.98844448861466, 10.056162545140994], [103.98842678614992, 10.056165049405017], [103.98840990318388, 10.056168549498238], [103.98840315221638, 10.056168539066357], [103.98838764522841, 10.056167249295246], [103.98838016798284, 10.056164977368214], [103.98837533738251, 10.056162076626727], [103.98836922857649, 10.056159806814156], [103.98836366102938, 10.056161425678365], [103.98836173767485, 10.056166214695457], [103.98836336614573, 10.056174897041902], [103.98836717245506, 10.056190996775216], [103.98837235929557, 10.056199413375897], [103.98837563700683, 10.05620357752623], [103.98837526298557, 10.05620936350146], [103.98837343214048, 10.05621333892751], [103.98837343185599, 10.056213519756861], [103.98837343157146, 10.05621370058621], [103.98837334005768, 10.056213881274578], [103.9883416450793, 10.056238244314493], [103.98834018341874, 10.056239507864086], [103.98833872161585, 10.056240861828332], [103.98833753321635, 10.056242397044894], [103.98833643590392, 10.056244022817122], [103.98833542982076, 10.056245648730334], [103.98833460591173, 10.05624745575488], [103.98833396446128, 10.056249263061401], [103.98833341409788, 10.05625116092359], [103.9883330461931, 10.056253059067755], [103.98832603124721, 10.056304855959995], [103.98833189599641, 10.056346275044916], [103.98833431807421, 10.056372408692235], [103.98834268997706, 10.056385893449855], [103.98842335973069, 10.056487373208208], [103.98847015776143, 10.056547119348918], [103.98847123416667, 10.056558784533346], [103.98847429955585, 10.056581935482411], [103.98847770867104, 10.056618558781652], [103.98848751849606, 10.056645879236395], [103.98851874363142, 10.056688241650091], [103.98852465974996, 10.056697021035006], [103.98852975409271, 10.056706251224682], [103.98853411803132, 10.056715841945428], [103.9885376603363, 10.056725793056346], [103.98855263569139, 10.056775092308866], [103.98856379704631, 10.056813174221919], [103.98856434086797, 10.056815435434372], [103.98856470223072, 10.056817696364968], [103.98856478990501, 10.056819956872744], [103.98856469497817, 10.056822307513322], [103.98856441773458, 10.056824567457358], [103.98856386680252, 10.056826826978577], [103.98856313355373, 10.056828995803242], [103.98856221798816, 10.056831073931367], [103.9885578250367, 10.056839927804324], [103.98855736718279, 10.056841012075708], [103.98855690918666, 10.056842186761768], [103.98855672487898, 10.056843361870635], [103.98855644934179, 10.056844536838584], [103.98855635626357, 10.056845712088395], [103.98855644550214, 10.056846978034761], [103.98855662611237, 10.0568481537074], [103.98855680672263, 10.05684932938003], [103.98855726102131, 10.056850505475483], [103.98855762409055, 10.05685168142999], [103.9885582609904, 10.056852767392643], [103.98855826113261, 10.056852676977968], [103.9885648115952, 10.056864169789051], [103.9885689910869, 10.05687502603296], [103.98857160631007, 10.056894378860221], [103.98858680921403, 10.056915016941756], [103.98859216573194, 10.056931571141948], [103.98861197754773, 10.056980064129329], [103.98861970077436, 10.056999967336129], [103.9886305376079, 10.057012370916212], [103.9886340895876, 10.05701617382842], [103.9886676949906, 10.057053295842682], [103.98870230421066, 10.057090238574418], [103.98871185729666, 10.057106799254443], [103.98871294693326, 10.057110055873524], [103.98872624398666, 10.057124361963202], [103.98872615261493, 10.057124452236991], [103.98872815383652, 10.057128162338353], [103.98881781155332, 10.05725768450906], [103.98882673371824, 10.057269361807581], [103.98882791742886, 10.05727081027371], [103.98882928388299, 10.057272078192211], [103.98883065047927, 10.05727325569603], [103.98883219981909, 10.057274252652244], [103.98883374930101, 10.057275159193768], [103.98883539015468, 10.057275975461486], [103.9888371226644, 10.057276520626031], [103.98883894654588, 10.05727697551676], [103.98884077071163, 10.057277249578133], [103.98886393919459, 10.057279726553816], [103.98886548981369, 10.057279909777792], [103.98886713137813, 10.057280273971973], [103.98886859019912, 10.057280818713783], [103.98887004887796, 10.057281453870266], [103.98887141618508, 10.057282179300552], [103.98887278335009, 10.05728299514551], [103.98887396777161, 10.0572839915381], [103.9888752432806, 10.057285078486213], [103.98887624510081, 10.057286165011753], [103.98887724663678, 10.057287432366643], [103.98888871626981, 10.057303543926725], [103.98892568074217, 10.057351159231082], [103.98893014076191, 10.057357675989115], [103.98894089832665, 10.05736248458631], [103.98897778977243, 10.05739852666597], [103.98898797296286, 10.05742051320527], [103.98898915525376, 10.057422865817633], [103.98899061137575, 10.05742512843779], [103.98899215901159, 10.057427210369422], [103.98899388924889, 10.057429202168017], [103.98899580222965, 10.057431013418906], [103.98899780658225, 10.057432734395933], [103.9889999938204, 10.057434184410583], [103.98900227243037, 10.057435544151348], [103.98912587898072, 10.057499929508136], [103.98912587883866, 10.057500019922813], [103.9891271549176, 10.05750074521132], [103.98912843085454, 10.057501560914499], [103.98912952404797, 10.057502557165444], [103.98913052601173, 10.0575035532756], [103.98913143646173, 10.057504730074312], [103.98913225568207, 10.057505906732242], [103.98913298353064, 10.05750717366405], [103.98913352877783, 10.057508530728958], [103.98913398265326, 10.05750997806775], [103.9891343454411, 10.057511334851082], [103.98913633601529, 10.057521826051088], [103.98913296324379, 10.057578149326906], [103.98913174628859, 10.057597857896317], [103.98912660861227, 10.057674250554985], [103.9891236352768, 10.057708603626766], [103.98911902008928, 10.057742773334727], [103.98911285442104, 10.057776669404898], [103.98910246632524, 10.057827014468947], [103.98909989583757, 10.057837227384823], [103.98909641347824, 10.05784716764859], [103.98909220184879, 10.057856745127156], [103.98908707834752, 10.057866049953553], [103.98906640699495, 10.057900014048233], [103.98906421137049, 10.05790389849972], [103.98906247161075, 10.057907964484608], [103.98906109648595, 10.057912211862106], [103.9890599949084, 10.057916550076706], [103.98905934933771, 10.057920979410053], [103.98905906868613, 10.057925409306666], [103.98905866654053, 10.057949097388144], [103.98907068415173, 10.05796484812907], [103.98907869347778, 10.057976885672277], [103.98910365963322, 10.058054590600076], [103.98910393175986, 10.058055585583903], [103.9891041126567, 10.058056580426936], [103.98910420232372, 10.058057575129167], [103.9891042006188, 10.058058660105255], [103.98910410782615, 10.058059654525875], [103.98910392380368, 10.05806064880568], [103.98910364855134, 10.058061642944685], [103.98910337329903, 10.058062637083692], [103.98910291572915, 10.058063540526408], [103.98910236692937, 10.058064443828316], [103.98910172704187, 10.058065256574746], [103.98910117838417, 10.058066069461978], [103.9890921310021, 10.058076001136211], [103.98907904691552, 10.058100302547597], [103.98907807978537, 10.058193247564855], [103.98907240662537, 10.058203998180444], [103.9890633072426, 10.05830506798467], [103.98906608848009, 10.058334909192034], [103.98906808672854, 10.058340517999754], [103.98907173080975, 10.058343778560717], [103.98909543652051, 10.05835276622523], [103.98909653056907, 10.05835321998834], [103.98909771570544, 10.058353764306924], [103.98909871823993, 10.058354398758551], [103.98909981186229, 10.058355123765667], [103.9891007228827, 10.058355938905827], [103.98910163390312, 10.058356754045986], [103.98910245340949, 10.058357749874675], [103.989103090456, 10.05835874542175], [103.98910372736047, 10.058359831383488], [103.98910427303503, 10.058360917204427], [103.98910472733755, 10.058362093299223], [103.98912133702534, 10.058416458285404], [103.98912432544948, 10.058430567620931], [103.98913941989414, 10.058462236129746], [103.98916580753523, 10.058506218492182], [103.9891744606012, 10.058515002090843], [103.98917955697766, 10.058522966466406], [103.98919794252936, 10.05855030013701], [103.98922687610174, 10.058599711317516], [103.98924642506651, 10.058641422748918], [103.98926837527611, 10.058664512416561], [103.98930306417154, 10.058708959652447], [103.98932125677382, 10.058742983721276], [103.98933948493803, 10.058812450482137], [103.9893591284254, 10.058852082510954], [103.98938174871137, 10.058913237875577], [103.98941239909948, 10.058973230232683], [103.98942347677297, 10.059006610416644], [103.98944359723262, 10.059091088963688], [103.98945455514209, 10.0591426423554], [103.98945363162323, 10.059149783707376], [103.98945760783754, 10.059173930617055], [103.98945492439294, 10.059197976839183], [103.9894548307489, 10.059199513747906], [103.98945482819302, 10.059201141212021], [103.98945509946958, 10.059202678683642], [103.98945537074619, 10.059204216155267], [103.9894557333949, 10.059205663352927], [103.98945636973413, 10.059207110972784], [103.98945700607334, 10.059208558592621], [103.98945782515688, 10.05920982566456], [103.98945873547058, 10.059211092877222], [103.98945973715641, 10.059212269815934], [103.98945982838657, 10.059212269956662], [103.98946237033576, 10.059220230388156], [103.98946272474903, 10.059226921636863], [103.98946024165562, 10.059239575891603], [103.98946041744233, 10.059243825662678], [103.98949434392502, 10.059309067130384], [103.98950473266592, 10.059316406760287], [103.9895541785218, 10.059375162286774], [103.98956546721726, 10.059390369398542], [103.98958548988124, 10.059420960511023], [103.98961590030315, 10.05945952415184], [103.9896314666051, 10.059481247730231], [103.9896373700265, 10.05949816441845], [103.98963763292922, 10.059505036355729], [103.98962528543062, 10.0595831357828], [103.98962846983095, 10.05958865600178], [103.98964652348778, 10.059595012883506], [103.98964825572733, 10.059595738873755], [103.98964998782499, 10.059596555278675], [103.98965153717815, 10.059597552231576], [103.98965308624749, 10.059598730013827], [103.98965436148409, 10.059599997788709], [103.98965563657873, 10.059601355978272], [103.98965691153144, 10.059602804582497], [103.9896578212792, 10.059604433453371], [103.98965873102696, 10.059606062324246], [103.98967409699354, 10.059639177868496], [103.9896770074205, 10.059644878494394], [103.98968046565506, 10.059650308720263], [103.98968438046697, 10.059655468405406], [103.98968875214014, 10.059660176720481], [103.98969358053262, 10.059664524080118], [103.98973020713905, 10.059695140785488], [103.98973157389044, 10.059696227871404], [103.98973321447467, 10.059697224964614], [103.98973485534276, 10.059698041228463], [103.98973658758308, 10.059698767218283], [103.98973841133757, 10.059699312519399], [103.98974014414559, 10.059699676850506], [103.98974205969806, 10.059699860633565], [103.98974388416217, 10.059699953861273], [103.989745709052, 10.05969977584496], [103.98979087599784, 10.05969478224243], [103.98995148232609, 10.059668899885791], [103.98996096985121, 10.059669185751467], [103.9899959239627, 10.059661011860435], [103.99000048888175, 10.059658848937218], [103.99002250119766, 10.059642427344814], [103.99003884148979, 10.05963603306497], [103.99005545022438, 10.059632984549106], [103.99009704513679, 10.059636936475352], [103.99044071551087, 10.059750122740004], [103.99047765344713, 10.059756779896386], [103.99048084537485, 10.059757508129602], [103.99048403687746, 10.059758507606855], [103.99048704549428, 10.059759778047226], [103.99049005368596, 10.059761319731633], [103.99049278776157, 10.059763132238732], [103.99049543032342, 10.059765125434716], [103.99049789014124, 10.059767299179175], [103.99054452766235, 10.059813572987942], [103.99055818940097, 10.059828150816912], [103.99057057221555, 10.059843811655648], [103.99058158530073, 10.05986028411979], [103.99060424371118, 10.059897298690865], [103.99060130960417, 10.059906697324813], [103.99060193461501, 10.059915378117559], [103.99050406533318, 10.060018300454947], [103.9904560813602, 10.060074374235061], [103.99042222297007, 10.060081916955745], [103.99040022906875, 10.06008658466519], [103.99033459995, 10.06010845442376], [103.9909494123925, 10.060626935583098], [103.99180417570291, 10.06102137333821], [103.99196251807906, 10.061101814495157], [103.9923585568923, 10.061156852048152], [103.99247308654715, 10.061251420898781], [103.99259350557284, 10.061313630200713], [103.99262757950719, 10.061401836995774], [103.99259328913648, 10.06156914243786], [103.99289983440491, 10.06162196258938], [103.9932504052428, 10.06164139636194], [103.99346153481659, 10.061628066965701], [103.99375433369022, 10.061486382763615], [103.99413166477548, 10.06142819010148], [103.99415397800601, 10.061570085255415], [103.99551698670545, 10.060384294255291], [103.99569871283745, 10.06056431618082], [103.9955146091867, 10.060681755866558], [103.99611727037981, 10.061217840243598], [103.99608043090629, 10.061265161590319], [103.9964341742789, 10.061651139109193], [103.99587960931889, 10.061867561870518], [103.99494287110466, 10.06308501733007], [103.99478665691431, 10.062866878820303], [103.99431685179539, 10.062960373484087], [103.9940106464053, 10.063039832144582], [103.99412187103408, 10.063441444522566], [103.9940471290049, 10.063515018398641], [103.99408868257785, 10.06372168005733], [103.99392859750395, 10.0637046180434], [103.9937845939809, 10.06367166753258], [103.99335057042889, 10.063518201937308], [103.99331875113715, 10.063622039951246], [103.99333479832276, 10.0637452096473], [103.99334009008462, 10.063920532278786], [103.99333528980847, 10.064015098931415], [103.99316455358546, 10.064334182883197], [103.99285026056575, 10.064216794739087], [103.99237487482883, 10.064610636269636], [103.99206756691495, 10.064577072713558], [103.99200344383429, 10.065327327465594], [103.991976399661, 10.065644280542816], [103.99175999380859, 10.066054431692839], [103.99150303783217, 10.066783051946008], [103.99208683018736, 10.066786028520589], [103.99245822057368, 10.066855494795055], [103.99234579343656, 10.067749435064885], [103.99208330302595, 10.06804984233467], [103.99183298669394, 10.068266001412308], [103.9917474912699, 10.068622285451957], [103.9905208279785, 10.068062990235225], [103.98995743283528, 10.069187244157298], [103.98984704147692, 10.069651354078578], [103.98998021410947, 10.069669190414295], [103.99000207548187, 10.069749331684783], [103.98998377241078, 10.06984333488902], [103.99015602737629, 10.069897397377117], [103.99037591137366, 10.070006324589645], [103.99023940892691, 10.070249782170588], [103.99020533445157, 10.070336166222974], [103.99003353419748, 10.071154245976281], [103.98964487045858, 10.071101296036511], [103.9891034877745, 10.071972149151607], [103.9888351644767, 10.072148676151444], [103.98853063715569, 10.072199108658864], [103.98848473444941, 10.072206722892522], [103.98838097479253, 10.072165694828797], [103.98853314007246, 10.072405619955594], [103.98899953868595, 10.072631112490127], [103.9893020995457, 10.072497042823024], [103.98931255204651, 10.072522103876024], [103.98944528713669, 10.072354770250577], [103.9898141709474, 10.072048923931824], [103.98979134813914, 10.071999974286452], [103.9899646455478, 10.071855758806834], [103.99003671628962, 10.071800264871017], [103.99019958317602, 10.071674929866486], [103.99015240341754, 10.071566268891033], [103.99042033692379, 10.071404839435923], [103.99036053368413, 10.071317316101252], [103.99098562470685, 10.070879134209108], [103.99112262268454, 10.07078504241367], [103.99135335579537, 10.070608274771216], [103.99181733154832, 10.070224725084037], [103.99236178695787, 10.069774572077813], [103.99299474120834, 10.069555563826759], [103.99347288386619, 10.069270314336958], [103.99431063792345, 10.070175474340257], [103.99439792846795, 10.070071088212226], [103.994479660765, 10.069962172814828], [103.99460557271772, 10.069721409582124], [103.99466761861154, 10.069599534706395], [103.99470916535536, 10.069518043954], [103.99477130240172, 10.06939616919294], [103.99481275785855, 10.0693146782846], [103.99485153617353, 10.06925334580468], [103.99519571954443, 10.068868070984974], [103.99528638070613, 10.068766492592053], [103.99537987466654, 10.068661934801485], [103.99544330084127, 10.068590875040925], [103.99554767036733, 10.068474127775994], [103.99560936009584, 10.068404964043857], [103.99567123226353, 10.06833580057692], [103.9958635250182, 10.06811774172851], [103.99590561669315, 10.068037517435165], [103.99593983876093, 10.067972470848689], [103.99602402187116, 10.06781211264547], [103.99610857080772, 10.06765112206821], [103.99613437470673, 10.067601975658528], [103.99621308801144, 10.067438806198036], [103.99625790344705, 10.067190504626799], [103.99614734712056, 10.067120264640538], [103.9959240886597, 10.066481323744707], [103.99588095435188, 10.06629292368732], [103.99597917076362, 10.065966494600813], [103.99597848223416, 10.065881051431342], [103.99602373113912, 10.065764937175524], [103.99604456754574, 10.065624464098445], [103.99607507003715, 10.065486899022028], [103.99642306623313, 10.06505135767601], [103.9965402979152, 10.06493462958264], [103.99659599586356, 10.064904696581841], [103.99666138748975, 10.064859859852996], [103.99673329765267, 10.0648474015822], [103.99738364093821, 10.064407979034524], [103.99740261210331, 10.064411262796101], [103.9976936469496, 10.06417201473161], [103.99807362355901, 10.06399754804949], [103.99823049733318, 10.063672201663561], [103.99837324214604, 10.063043401059968], [103.99829803029412, 10.063008296420062], [103.99852021484392, 10.06274869015387], [103.99844797745011, 10.062618835146385], [103.9984210890623, 10.062366265312223], [103.99842080725637, 10.062135073745452], [103.99850608355852, 10.061914771239987], [103.99852701133614, 10.061773303485577], [103.9985898839898, 10.061586601373488], [103.9985482655171, 10.061479396533434], [103.99856381074717, 10.061219567377892], [103.99845396507756, 10.06104444788566], [103.99836831277537, 10.060680940171975], [103.99785361292582, 10.06025141167571], [103.9984126515433, 10.059616370691247], [103.99850513190326, 10.058687948662282], [103.99857426385113, 10.058701344404303], [103.99857093418562, 10.05861246140008], [103.99857909797886, 10.058524590371745], [103.99857941639873, 10.058436436213075], [103.99852656834025, 10.058334820089149], [103.99852583621936, 10.058218002778231], [103.99802218464352, 10.05311539079636], [103.99764223952867, 10.051860034796137], [103.99749346469785, 10.051316324310058], [103.99717883814756, 10.050713230611281], [103.99757544706148, 10.050509856065194], [103.99741395854912, 10.050224170794218], [103.99659087348657, 10.048354132543171], [103.99644243464186, 10.04789007779538], [103.99640497902301, 10.047688124072105], [103.99610074623259, 10.04732808091586], [103.99595257044619, 10.047107242844136], [103.99592553487882, 10.04706922740011], [103.99583332694561, 10.047054620712814], [103.99568071789152, 10.047045708641106], [103.9955245584299, 10.047031999097287], [103.99539546195413, 10.04703858366139], [103.99498110694245, 10.047098530490715], [103.99464148751208, 10.04714511894311], [103.99437652289245, 10.047171658417104], [103.99418636440346, 10.047198221460482], [103.99390781732231, 10.04721804911089], [103.99358177253562, 10.047217550975109], [103.99345960936611, 10.04722405496064], [103.99339834379693, 10.04725759568322], [103.99334385731913, 10.047331562267958], [103.99326212974702, 10.047499699620126], [103.99315318476857, 10.047688138689853], [103.99303074147488, 10.047815798181876], [103.99280634491663, 10.04797702636768], [103.99261600006298, 10.0480642566561], [103.99239858167448, 10.048137973520268], [103.99213363400898, 10.048211526971246], [103.99186179475724, 10.048258306800005], [103.99163770945574, 10.04827812559663], [103.9915289667246, 10.04827795873174], [103.99144507252801, 10.04825558788777], [103.99121965022283, 10.048430375614434], [103.99111118668105, 10.048485000511969], [103.99111966472908, 10.04848890137751], [103.99122994413536, 10.049431827644987], [103.99114189594032, 10.049440462667045], [103.99105695428274, 10.049446028329069], [103.99098157891778, 10.049459655599634], [103.9908553246433, 10.049514885960749], [103.99088892322514, 10.049497758752624]]]], "type": "MultiPolygon"}, "properties": {"id": 16, "area": 1748201.82, "perimeter": 9291.86}}, {"type": "Feature", "geometry": {"coordinates": [[[[104.00150693101543, 9.919186720108284], [104.00150040976638, 9.919096927524997], [104.00149467203592, 9.918971421863036], [104.00144356682007, 9.918694944803072], [104.00143072155343, 9.918626209701479], [104.0013724445954, 9.918328383841876], [104.00137774716471, 9.91813851852929], [104.00137772346571, 9.917973238398053], [104.00139844550792, 9.917838278392667], [104.00144508485008, 9.917630391338554], [104.00146704114367, 9.917523462059473], [104.00149896942288, 9.91715388965668], [104.00147412891897, 9.916997071728018], [104.00143229389802, 9.9168621091728], [104.00140606566252, 9.916778797234416], [104.00140725069669, 9.916718762894286], [104.00140315948558, 9.91658991427821], [104.00137134975945, 9.916458764076873], [104.00132360661247, 9.916371441864506], [104.00126436637649, 9.916288804180482], [104.00119304254048, 9.91623688990188], [104.0010718905679, 9.916210127536806], [104.00099966222639, 9.916213636767287], [104.00091527381231, 9.91623810436441], [104.00087016769987, 9.916276373576796], [104.00083963933628, 9.91632307313869], [104.00080995377267, 9.916415433934594], [104.00079127242121, 9.916527521744428], [104.00075687214331, 9.916601882772978], [104.00071659400032, 9.91664350452885], [104.00064852077543, 9.916673150029482], [104.00051477714716, 9.916711377682091], [104.00044148151524, 9.916757199793508], [104.0003407702117, 9.916781371686934], [104.00027095211433, 9.916819061515563], [104.00013778013471, 9.916901231941672], [104.00001783032963, 9.916983693261693], [103.99989440288086, 9.917074286773556], [103.99976484213789, 9.917180332192482], [103.99972412073821, 9.917213454073321], [103.99964714859387, 9.917278167417388], [103.99953366141821, 9.917368323529557], [103.9994798963951, 9.917403595900563], [103.99943188187048, 9.917435260210343], [103.99931386386444, 9.917506422167625], [103.99921594444814, 9.917553473066654], [103.9990536187224, 9.917617245112595], [103.99894413036098, 9.917656141234886], [103.9988312670886, 9.917695574773482], [103.99866959385552, 9.917749944360386], [103.99849394210648, 9.917821562384365], [103.99829780465386, 9.917931847627806], [103.99797685186638, 9.918145200805283], [103.99782312586424, 9.918250305098999], [103.99777511368109, 9.918280251260677], [103.99782892667845, 9.918393351513755], [103.99789479895892, 9.918492003286675], [103.9980352411094, 9.918606860638057], [103.99814236945112, 9.918680890591308], [103.99825475337477, 9.918717044168066], [103.99863077493528, 9.918870951488348], [103.99882171473429, 9.91906083866761], [103.9990097928337, 9.919633903502492], [103.99902075215974, 9.920043322464098], [103.99876765135878, 9.92061202115454], [103.99842306993561, 9.920950203459661], [103.9981937499026, 9.921111704636958], [103.99806754044035, 9.921111515783917], [103.99790721607148, 9.920997532806023], [103.99770133434943, 9.920678689870499], [103.9975295201712, 9.920564689518507], [103.99720861690693, 9.920564118217142], [103.99692201453752, 9.920495424592447], [103.99668154648457, 9.920313056966062], [103.99656739211483, 9.920062524486926], [103.99653337341934, 9.91976663314572], [103.99654190126293, 9.919616374992724], [103.99650607175093, 9.919610625024177], [103.99639930971675, 9.919595365332734], [103.99626115121028, 9.919597508697567], [103.99592659551224, 9.919640044014706], [103.9958177672988, 9.919664021459349], [103.9957162999935, 9.91970473684296], [103.99559152021827, 9.919783753406385], [103.9954517481917, 9.919886797951445], [103.99535498315784, 9.91995337918821], [103.99500810179954, 9.920124375750362], [103.99469175967732, 9.920242163090835], [103.99437676012055, 9.920376317387376], [103.99425565976226, 9.920434272111118], [103.99415406132282, 9.920500755276313], [103.99404220956588, 9.92059317224726], [103.99395981944309, 9.920681203258923], [103.99388900534231, 9.920772687511924], [103.99383778172833, 9.920874418285749], [103.99380481585689, 9.920963518408177], [103.99377578993884, 9.921099821463796], [103.99376521166576, 9.921218611715668], [103.993765913402, 9.9213555021302], [103.99378140029363, 9.921484548695238], [103.99381368329871, 9.921602680311407], [103.99385756782523, 9.921707719158725], [103.99391457582927, 9.921818112330534], [103.99397545653758, 9.921900753720356], [103.99437809026976, 9.922244307721515], [103.99459455316834, 9.922440745656901], [103.99468856587607, 9.922504539978902], [103.99478808257452, 9.922547185294869], [103.99490750856182, 9.92257069244172], [103.99503253468488, 9.92256979574049], [103.99514299277092, 9.922554048886136], [103.99566694396549, 9.922580334496542], [103.99580113280606, 9.922610644708588], [103.99603697582148, 9.922657563310265], [103.99614182903245, 9.922669384495853], [103.99625457342123, 9.922709065543401], [103.99629983226885, 9.92275081517205], [103.99639091430794, 9.922882778084], [103.99648125964497, 9.923138880646457], [103.99654154672771, 9.923252533305929], [103.9965896123512, 9.923307578223904], [103.99665118012784, 9.923358936359309], [103.99671488455485, 9.923384619627164], [103.99679511179825, 9.923399206545472], [103.99701176402587, 9.92341327478658], [103.9971711616355, 9.923417944218144], [103.99738298111795, 9.923431733726591], [103.9975059765642, 9.923447107905671], [103.99759450224236, 9.92346179748629], [103.99771218127174, 9.923495065939806], [103.99781951852387, 9.923552640696986], [103.99799836068284, 9.923663667761979], [103.99813968504913, 9.92373955728056], [103.99849739206789, 9.92394705409617], [103.9986278082211, 9.924000142337269], [103.99876701603405, 9.924028831421813], [103.99909066031326, 9.924028230082866], [103.99912549933218, 9.924026021733583], [103.99922128126386, 9.92400663499755], [103.9995968416498, 9.924048063611304], [103.99968924202847, 9.92403355414464], [103.99980482440154, 9.924006511445247], [103.9999749607967, 9.923965806868592], [104.00042330171821, 9.923821086612742], [104.00058418604011, 9.923747547010258], [104.00066743762663, 9.923692246129907], [104.00075957950503, 9.92360748292307], [104.00081821479789, 9.923548347888284], [104.00091145814324, 9.923398577334398], [104.00095002675783, 9.923281998389038], [104.00097666590295, 9.923033846731386], [104.0009949325917, 9.922834507127204], [104.00099701241409, 9.922725649626246], [104.00099396178936, 9.922632426419916], [104.00102998937909, 9.922387091603428], [104.00102925301233, 9.922090345915906], [104.0010529010152, 9.921890290973577], [104.00108540904198, 9.921740972461185], [104.00111897672606, 9.92161453071282], [104.00113978790584, 9.921481198385047], [104.00117561559969, 9.921247255617045], [104.00119170950822, 9.92109755100735], [104.00121958656402, 9.920935024875739], [104.00124299748481, 9.920831262361935], [104.0013741573011, 9.920090590353675], [104.00140089323627, 9.919898586942649], [104.00142289920849, 9.919698619905262], [104.00146206869869, 9.919546056250928], [104.00148916138637, 9.919419604808665], [104.00150485581533, 9.919292684345383], [104.00150693101543, 9.919186720108284]]]], "type": "MultiPolygon"}, "properties": {"id": 18, "area": 373913.66, "perimeter": 3289.42}}, {"type": "Feature", "geometry": {"coordinates": [[[[104.00361848696093, 10.116434446221458], [104.00358687548649, 10.116163515908639], [104.00341058204933, 10.116166776194383], [104.00330636426375, 10.11611661960101], [104.00308014347925, 10.115951904162182], [104.00279603554146, 10.115929956475487], [104.00258172087509, 10.115025304298271], [104.00163233907351, 10.11529818690568], [104.00151325259426, 10.11518634440231], [104.0008326867408, 10.11451027679387], [104.0007158237005, 10.11425892744803], [104.00114101956184, 10.114088416825405], [104.0014194514422, 10.113233876642079], [104.00177784270763, 10.113307383806937], [104.00176524247685, 10.113253567959406], [104.00176032624104, 10.113187196086226], [104.00170982685239, 10.113035855777838], [104.00169558257669, 10.112923900748331], [104.00169934428732, 10.112851303386828], [104.00171861590323, 10.11277990488595], [104.00173431598203, 10.112716909552192], [104.00175121422598, 10.112646140360336], [104.00175959418216, 10.112596424919053], [104.0017462885349, 10.112526695004089], [104.00172479380369, 10.11244203426172], [104.00170827230822, 10.112327544170721], [104.00166671130552, 10.112237880249625], [104.00163009819136, 10.112134842426437], [104.00161513219594, 10.112076773498494], [104.00156348577815, 10.112018558641028], [104.00147517652228, 10.111948805604028], [104.00138168696535, 10.111865663316692], [104.00124168029615, 10.111770877470395], [104.0010931545779, 10.11169768779031], [104.0010197458075, 10.111669367170764], [104.00093642719894, 10.111617794925538], [104.00082952133654, 10.11159602378064], [104.00023688469454, 10.111595125001191], [104.00005148243933, 10.11158987079419], [103.99983618258695, 10.111564679835283], [103.99973098740972, 10.11155782936863], [103.99966759001721, 10.111546159974296], [103.99957905925191, 10.111560943898917], [103.99951056642387, 10.111598994839545], [103.99946543483287, 10.111635453805619], [103.99942872087114, 10.111657007127416], [103.99937023026936, 10.111658545685293], [103.99920490444815, 10.111651694053288], [103.99908311036998, 10.111639845327593], [103.99901460074715, 10.111629795497482], [103.9988692589106, 10.11168102035473], [103.99871709215172, 10.111720300013001], [103.99884513807821, 10.111937218997351], [103.99835762702199, 10.112164231452569], [103.99824478010608, 10.112090190710205], [103.99821526011917, 10.112179746720514], [103.99815465864725, 10.112306687057108], [103.99803125370947, 10.112391940884551], [103.99795456628547, 10.11247726588808], [103.99787761742101, 10.112613403541948], [103.9978284820001, 10.112818841258672], [103.99777489017451, 10.112897329912412], [103.99770977841928, 10.11293185943523], [103.99762847526169, 10.11293399577762], [103.99755639491381, 10.112931625436879], [103.99747046835842, 10.112973085083084], [103.99729377790057, 10.112998131509606], [103.99717532900014, 10.112947228014066], [103.99705922031163, 10.112917033018364], [103.99692672850331, 10.112919091002123], [103.99675718595108, 10.112865758517428], [103.99663416070818, 10.112823979723649], [103.99650581426606, 10.112800818176463], [103.99650889534779, 10.11281447550627], [103.99651478532458, 10.112840795187996], [103.99651505680795, 10.112842242238191], [103.9965281049073, 10.112900850910082], [103.99652946415495, 10.112906910772804], [103.99655238719181, 10.113011013132956], [103.99667332233908, 10.113574843208875], [103.99670792035153, 10.113623267953828], [103.9968069978495, 10.11392630860039], [103.99687193181663, 10.114182100578985], [103.99691817976279, 10.114425477181877], [103.99695190316677, 10.114684205139353], [103.99696090831442, 10.114878248822766], [103.99696379998599, 10.115072283163324], [103.9969507337934, 10.115435639826918], [103.99693195664501, 10.115540311340718], [103.99688188230033, 10.115762022039355], [103.99676295626473, 10.116310024474965], [103.99664712258752, 10.116864179757185], [103.99647483590967, 10.117692385882568], [103.9963902696765, 10.118089628958682], [103.99634328743602, 10.118317402019201], [103.99629015303866, 10.118511350568033], [103.99625578180151, 10.118609849941864], [103.99618091598242, 10.118813077911636], [103.99609667572405, 10.119000830598067], [103.99602189149581, 10.119151618143714], [103.9958909757811, 10.119370040264512], [103.99580371447972, 10.119505438145495], [103.99569160026245, 10.119662316599928], [103.99558263153554, 10.119791532949785], [103.99547980523457, 10.119902223673916], [103.99531264595551, 10.12007348392702], [103.99516228746803, 10.120237446274784], [103.99499102491126, 10.120465028366429], [103.99485704383804, 10.120658942931609], [103.9947604070435, 10.120837453873493], [103.99464816186766, 10.121077422754157], [103.99457621420115, 10.121339062582761], [103.99447296724341, 10.121776329904309], [103.99439780120531, 10.122111833465656], [103.99429137894242, 10.122595297674096], [103.99424244854889, 10.12278373692245], [103.99418218173258, 10.122927674741316], [103.9939855819604, 10.123367781950929], [103.99392368292372, 10.123505026515604], [103.9938173467293, 10.12364166020389], [103.99366165622078, 10.123829302136734], [103.99354953939479, 10.123986179696985], [103.99333138530322, 10.12432146271992], [103.99303850631482, 10.124767659519152], [103.99273932024893, 10.125220265715589], [103.99249640729379, 10.125573773638473], [103.9922285340558, 10.12595825501088], [103.99199175243105, 10.126299837236946], [103.99178131768518, 10.126656468794605], [103.99225027030383, 10.126642545998882], [103.99247806928172, 10.127255365886679], [103.99263066195046, 10.127240502118651], [103.99291221125006, 10.127618959696742], [103.99363991107884, 10.128385802075591], [103.99421855747545, 10.128366258960332], [103.99773026033105, 10.126874285190754], [104.00240057483833, 10.122031992111678], [104.00247717547165, 10.119811522226183], [104.00244438756711, 10.118764379587482], [104.00240788226327, 10.118116683607523], [104.00244396552034, 10.118031024980143], [104.00270338086044, 10.11773467583291], [104.0027145659186, 10.117463086824442], [104.002854894641, 10.117409682854134], [104.0029163157294, 10.11722397329761], [104.00361848696093, 10.116434446221458]]]], "type": "MultiPolygon"}, "properties": {"id": 19, "area": 1190252.33, "perimeter": 5401.83}}, {"type": "Feature", "geometry": {"coordinates": [[[[104.01035363860605, 10.013794334968338], [104.01002051413029, 10.01403525324754], [104.01021240719126, 10.014115824925785], [104.01002060534809, 10.014035253381996], [104.01035363860605, 10.013794334968338]]]], "type": "MultiPolygon"}, "properties": {"id": 20, "area": 0.1779, "perimeter": 136.09}}, {"type": "Feature", "geometry": {"coordinates": [[[[104.01104126841746, 10.01371406365839], [104.01089580309652, 10.013878586551064], [104.0104980802548, 10.013521764397455], [104.0108958029611, 10.013878676966277], [104.01104126841746, 10.01371406365839]]]], "type": "MultiPolygon"}, "properties": {"id": 21, "area": 0.2979, "perimeter": 166.024}}, {"type": "Feature", "geometry": {"coordinates": [[[[104.012210041452, 10.095833226969882], [104.01220592034439, 10.0956616132243], [104.01213334749706, 10.094837644484432], [104.01200217035756, 10.094456351250471], [104.01192135869623, 10.093771971008929], [104.01172159714025, 10.093130181004174], [104.01172984826925, 10.092801263449665], [104.01173168571242, 10.092671791888657], [104.01164630645046, 10.092415429413043], [104.01165945261361, 10.092410385630853], [104.01157326790614, 10.092204202271622], [104.01122999035084, 10.091802612998757], [104.0112014271738, 10.09174551882232], [104.01119573228169, 10.091649760901914], [104.01098525185336, 10.091461928325854], [104.01095046707805, 10.091476795247248], [104.01086421883603, 10.091373594310376], [104.01081386958776, 10.091303176803734], [104.01074406269178, 10.091187975017712], [104.01078450374328, 10.091173478162736], [104.01074273405085, 10.091101084236323], [104.01071304164768, 10.091127260559153], [104.0106756088345, 10.09102268531705], [104.01063668054675, 10.090881308949916], [104.0105792590686, 10.090600304396117], [104.01049107863183, 10.090628835156163], [104.01031005276049, 10.09069366537015], [104.01028070028035, 10.090555286871744], [104.0102654475788, 10.090384560727744], [104.01020899815447, 10.090305815905246], [104.01001846453822, 10.090383199538367], [104.00993691920439, 10.090307853178988], [104.00988049722348, 10.090211025346877], [104.00981247051664, 10.090065356174287], [104.00970468812183, 10.090144670835532], [104.00963610733372, 10.090184351532233], [104.00945781211821, 10.08977134214018], [104.00951207025803, 10.089670067583025], [104.00940138670374, 10.089315295480926], [104.00973287417176, 10.089244541057313], [104.00985251802229, 10.089225098711449], [104.00987604361552, 10.08802767740367], [104.00998943522143, 10.08803969012317], [104.00999864927131, 10.087859325868447], [104.00989478084396, 10.087824633129173], [104.00971429363469, 10.08723268931421], [104.00918006852453, 10.086525121366051], [104.00905625464877, 10.086286422487374], [104.00884533944168, 10.086388639371068], [104.00847599587938, 10.085733937175528], [104.00850980241474, 10.085701980596042], [104.00839705913465, 10.085563839452087], [104.00818724082733, 10.085364161899449], [104.00769143285967, 10.084897152856167], [104.00756341741388, 10.084782767820354], [104.0074077742116, 10.084597004095617], [104.00737368853721, 10.08445237967456], [104.00680580479204, 10.083865823661053], [104.00629340476453, 10.083333056200424], [104.00624650192857, 10.083157761839557], [104.00630371395577, 10.083093743154503], [104.0061179648307, 10.082787591523092], [104.00592513485202, 10.08263793753684], [104.00573364028058, 10.082570020584416], [104.0055530406194, 10.082477436547709], [104.00549239175234, 10.082521649077286], [104.00532641902714, 10.082589573400845], [104.00531510924982, 10.082706824679601], [104.00498360349704, 10.082793487964569], [104.00498588713037, 10.082612390206055], [104.00435319464175, 10.082528349889223], [104.0043416160814, 10.082463052909585], [104.00400312729901, 10.0825221281685], [104.00385714837691, 10.08252181847656], [104.0038327659901, 10.082536248237847], [104.0039345385639, 10.08274661589702], [104.00344902860918, 10.083068667601921], [104.00316851399526, 10.083578547617158], [104.00331668605078, 10.083755622145048], [104.00339830778985, 10.083898148439394], [104.0035364856565, 10.083988409502243], [104.00342192405101, 10.08450324073424], [104.00314351269988, 10.084532749247384], [104.00272928420448, 10.0849553579419], [104.00274533230846, 10.085199683243012], [104.00269156899729, 10.085512889979283], [104.00270776699276, 10.085659476968447], [104.0026250389774, 10.086000126184636], [104.00271545571039, 10.086000262390835], [104.00271522244576, 10.086152339936117], [104.00298300573868, 10.086152743192809], [104.00298242814226, 10.086529501306298], [104.00270771571866, 10.086525651829916], [104.0027076361096, 10.086577549872946], [104.00247808121297, 10.086577203992501], [104.0024679018294, 10.086670496842904], [104.00236511660489, 10.087238599633894], [104.00249902871798, 10.087433826446262], [104.00291190703679, 10.087537069387146], [104.00281338847701, 10.087762596635878], [104.00281310501394, 10.08794740428973], [104.00351957585012, 10.088476942876076], [104.00246795026152, 10.089194971546705], [104.00203777401991, 10.088650386759612], [104.00150269557348, 10.08904143717423], [104.00129094346782, 10.089329179100833], [104.00084695934117, 10.089872172563139], [104.00070896441713, 10.09001744134794], [104.00064387827378, 10.090097812106082], [104.00082844504242, 10.090163642116204], [104.00074901557231, 10.090433862429533], [104.00107747296678, 10.090555063042643], [104.00124786355467, 10.09076182819181], [104.00161985582938, 10.090933816831932], [104.00157001919052, 10.09106538562316], [104.00144953305625, 10.091335092014955], [104.00072366582174, 10.091016457497489], [104.00062948437122, 10.091267758726236], [104.00046506905142, 10.091919853091216], [103.99997192053628, 10.091741079269491], [103.99988271318622, 10.092020416379228], [103.99978259178596, 10.091981657465155], [103.9996629431181, 10.092357782649424], [103.99998739593488, 10.092473463026973], [103.99996218697666, 10.092549915785387], [103.99982311597748, 10.092504678389528], [103.99959699263546, 10.09264285105444], [103.99943935974585, 10.092564583926846], [103.99923971541635, 10.09274908890694], [103.99911570024716, 10.092939133472102], [103.99897491525768, 10.093117217756582], [103.99889799380314, 10.093416102780903], [103.99890632052515, 10.093518645846943], [103.99902693972423, 10.09351882903489], [103.99902671573615, 10.093663673255664], [103.99892849238763, 10.093931242392712], [103.99920878072287, 10.093932391323529], [103.99908930838751, 10.0947835559632], [103.99879566169881, 10.094747034404058], [103.99875971619824, 10.095039742977551], [103.99869226552032, 10.095408894594215], [103.99866823862288, 10.095546559842909], [103.9985887527276, 10.09561533511004], [103.9984919940429, 10.09593805930339], [103.99846186704806, 10.096067216259126], [103.99880847377533, 10.096078412084905], [103.9988305295709, 10.0966838631964], [103.9988448766953, 10.096905310873193], [103.99884447415309, 10.09716543367262], [103.99904638341717, 10.097170261177927], [103.99904341126486, 10.09755804579083], [103.99864999920716, 10.09754488027426], [103.99863728721695, 10.097740699415898], [103.99813635107809, 10.0983430945496], [103.99785321517757, 10.09882249479988], [103.99797097213305, 10.099139939602042], [103.99816696881454, 10.099781369228793], [103.99839557324248, 10.0997533268545], [103.99840935668165, 10.09998508093028], [103.99844741481833, 10.100390739569805], [103.99803741593581, 10.100362991151002], [103.99807090597517, 10.100595679373532], [103.99813168092123, 10.100767288736924], [103.99858904232896, 10.100672506648406], [103.99869087814565, 10.10066633248013], [103.99842707337574, 10.101152724433682], [103.9985966629261, 10.101113109494493], [103.99877822158933, 10.101652167298132], [103.99842955920323, 10.101786083759928], [103.998513211611, 10.102032591306616], [103.9987654187729, 10.102318956856484], [103.99889866932908, 10.10241337165503], [103.9990250191241, 10.102368175488309], [103.99925649482974, 10.102490587172731], [103.99929825003657, 10.10268947271818], [103.99939004298837, 10.10298264646629], [103.99990278524987, 10.103600596186666], [104.00041536804555, 10.103791154206666], [104.00065483953806, 10.10399549289656], [104.00078219821634, 10.104065486059426], [104.00091726087095, 10.10416903473239], [104.00113540565302, 10.104358060697479], [104.00138246822796, 10.104314492991204], [104.00181376034163, 10.10456107351584], [104.00208083036281, 10.10467910680254], [104.00278789923483, 10.10466335718903], [104.0032311377074, 10.104677497431615], [104.00323072463318, 10.104946571330144], [104.00359939715747, 10.104974070493563], [104.00359933016469, 10.10501774075526], [104.00391064699149, 10.105021554902315], [104.00389350565993, 10.105132468097414], [104.0041919068829, 10.10516917354027], [104.00450909530892, 10.105211783929404], [104.00485656907837, 10.105199738542607], [104.0048665262918, 10.10537099921849], [104.0053107661802, 10.105387398587876], [104.00528199851844, 10.104568829752822], [104.00558921818617, 10.104566668763972], [104.00558628741682, 10.104394695307528], [104.00612389175916, 10.104395501388302], [104.00690073558813, 10.104396664634189], [104.00688019616824, 10.104762271652215], [104.00790365510878, 10.104714525388015], [104.00806166331292, 10.103530778286672], [104.00811593319123, 10.103123540175055], [104.00868056280035, 10.102931346495462], [104.00899718654614, 10.102563377544698], [104.00952971233889, 10.102842919557697], [104.00992096468161, 10.102238535262721], [104.01015404893487, 10.101783280887814], [104.01047525561331, 10.101942707493494], [104.01057250616762, 10.10183137028324], [104.01045226582497, 10.101759492695027], [104.01026877882244, 10.101637612067588], [104.01050745874973, 10.101101625156344], [104.01066681383423, 10.101131698660902], [104.01087949862494, 10.10137414550518], [104.01089596403044, 10.101406900144083], [104.01092811150957, 10.101447363318433], [104.0109432738496, 10.101497114031217], [104.01094974358111, 10.101563126537334], [104.01103873986683, 10.101600509511194], [104.011049291752, 10.101621863088951], [104.01105962332356, 10.101668261278927], [104.01118712463325, 10.101705249248942], [104.01118752690125, 10.101499284600411], [104.01113431264311, 10.10145200908833], [104.01117486393831, 10.10136536128856], [104.01132901589344, 10.101336657049504], [104.01134083575627, 10.101001596767867], [104.01140070776366, 10.100929896037625], [104.01150192541316, 10.100849667141425], [104.0115338601197, 10.100668342061491], [104.01152128054815, 10.100418597316777], [104.01148939609868, 10.100264302159268], [104.01088025146623, 10.100332385622426], [104.01094398309607, 10.09945726343807], [104.01132806478307, 10.099427995970021], [104.01138883467905, 10.099002954885714], [104.01159915038117, 10.09900082526973], [104.01172874990795, 10.098069290955568], [104.01181565998793, 10.097734793814409], [104.01207721676565, 10.096726963467782], [104.01215036856725, 10.096379245236609], [104.01220952167965, 10.096117762170605], [104.012210041452, 10.095833226969882]]]], "type": "MultiPolygon"}, "properties": {"id": 22, "area": 2611921.09, "perimeter": 8697.89}}, {"type": "Feature", "geometry": {"coordinates": [[[[104.00971032150878, 9.948538747033195], [104.00990117073418, 9.949783689934373], [104.0100684664076, 9.950372360720706], [104.01083860710744, 9.950035333067579], [104.01092178485658, 9.950217099967082], [104.01103035231938, 9.950190766891097], [104.01107476294976, 9.950132061571248], [104.01110138234154, 9.949894216614206], [104.01107137335923, 9.94983567374976], [104.01108813122806, 9.949728465151384], [104.01132028904462, 9.94926298239263], [104.011261359579, 9.948781793984828], [104.01184782493007, 9.948747930692088], [104.01188350842075, 9.949038669489806], [104.01195363162091, 9.949045100915491], [104.01190398065488, 9.949316547044836], [104.01215646359691, 9.949288705661335], [104.01237902800827, 9.949264165854682], [104.01263689247936, 9.949235789455194], [104.01288928412404, 9.949207947379564], [104.01312407122978, 9.949182068634526], [104.01378543033219, 9.949012777688699], [104.01360955730793, 9.9484846745541], [104.01344478906292, 9.948464543459492], [104.01314452969362, 9.948361394246746], [104.01272276181993, 9.94809432479946], [104.0119720256877, 9.947651006813429], [104.01194571000744, 9.947623391608335], [104.01193127179124, 9.94764271952236], [104.01187620691054, 9.947690921210837], [104.01174482925549, 9.947786208557766], [104.01165920460323, 9.947839700134987], [104.01158371742919, 9.947883532001342], [104.01150294859454, 9.94792202160621], [104.01142090778639, 9.947957254364924], [104.01134782291507, 9.947980113223606], [104.01128140889793, 9.947994030649769], [104.01109915895239, 9.94801627787461], [104.01101706991064, 9.948022577413676], [104.01094747572797, 9.948028533536135], [104.01088473306862, 9.948026723905592], [104.0108074988473, 9.94801874479971], [104.01074867561492, 9.948018387527563], [104.01067962082341, 9.948029588497478], [104.01059502349875, 9.948066716039643], [104.0104687924927, 9.948135156906776], [104.01039458566574, 9.948176458725765], [104.0103182696519, 9.948225533195327], [104.01024532988279, 9.94827334676867], [104.01016920497973, 9.948316544457326], [104.01010186026906, 9.948342937655339], [104.01005224409458, 9.94834530621437], [104.00999479190305, 9.948342871252665], [104.0099532097758, 9.948339555372641], [104.00990604426345, 9.948349793670756], [104.00986597640625, 9.948370711420731], [104.00982889359577, 9.948408089206977], [104.00978812585805, 9.948470235504995], [104.00975506457097, 9.948501742151333], [104.00971032150878, 9.948538747033195]]]], "type": "MultiPolygon"}, "properties": {"id": 24, "area": 64797.09, "perimeter": 1387.87}}, {"type": "Feature", "geometry": {"coordinates": [[[[104.0140017114531, 10.066136050912789], [104.01273820983833, 10.064750840042997], [104.01223837569597, 10.065158056624304], [104.01205048100424, 10.065311033201763], [104.01157364233083, 10.06565318370319], [104.01127035203035, 10.066039350865738], [104.01120901089986, 10.066121809245397], [104.0111204147817, 10.066188585510279], [104.01090867038413, 10.066608431596158], [104.01058956138908, 10.066714197336536], [104.01038929052092, 10.066724117839707], [104.00980944854409, 10.066943781442896], [104.0096542084275, 10.067039391343176], [104.00949133092166, 10.067178027431448], [104.00923986194246, 10.067319425267392], [104.00938450363806, 10.067415389467165], [104.00882661257808, 10.068080106926315], [104.00856109754108, 10.068640376449974], [104.00876679327314, 10.06872404479176], [104.00886341326488, 10.068781782723045], [104.008979833753, 10.068837651312611], [104.00915853865025, 10.068912057000723], [104.00926617246634, 10.068926321505753], [104.00936213420411, 10.068815976650972], [104.009612837548, 10.069061554289425], [104.00976352167866, 10.06938591586368], [104.01037256130081, 10.069227778084457], [104.01110764370813, 10.068672812731966], [104.01172640782526, 10.068356279426546], [104.01217154291822, 10.068047174110104], [104.0125863623943, 10.067511804773039], [104.01317432239786, 10.066866744901764], [104.01341275740639, 10.066715831208604], [104.0140017114531, 10.066136050912789]]]], "type": "MultiPolygon"}, "properties": {"id": 25, "area": 130145.69, "perimeter": 1660.83}}, {"type": "Feature", "geometry": {"coordinates": [[[[104.0216717206697, 9.90972799584082], [104.02167050022653, 9.909563346364257], [104.02165292290353, 9.909359252159732], [104.02165470710844, 9.909197771524276], [104.02161223828034, 9.908991562284232], [104.02155517182204, 9.90885341557407], [104.0214657803105, 9.908745783438016], [104.02135422909018, 9.908638752607658], [104.02111442436046, 9.908372135265251], [104.0209662289561, 9.908255829613271], [104.02083308578848, 9.908198225431963], [104.02065978190862, 9.90816660371624], [104.02051163625143, 9.908141799042697], [104.02040441439594, 9.908067956807884], [104.02035114067968, 9.90795585517013], [104.02029447264479, 9.90779501439658], [104.02023406751461, 9.907633083282496], [104.02020235602264, 9.907492350521418], [104.02016078439408, 9.907296992342772], [104.0200958486458, 9.90711534402238], [104.0200166203135, 9.906979968310672], [104.01992214876631, 9.906854787813673], [104.01979956951818, 9.906744576179893], [104.01966702257138, 9.906653789711367], [104.01952823609864, 9.906589667017245], [104.01939167003282, 9.90656632510588], [104.01921577257282, 9.906563089630474], [104.01907960889105, 9.906576547520325], [104.0189471528629, 9.906673916799008], [104.01890708074012, 9.906764275494234], [104.01895167944713, 9.90688423111268], [104.01904138744781, 9.906961484515588], [104.01915800127868, 9.907035159774468], [104.01924989683393, 9.907113139585762], [104.0193485261487, 9.907200893948902], [104.01942782346917, 9.907288711038943], [104.01950103582398, 9.907422269950336], [104.01954135686967, 9.907536794413758], [104.01954747467684, 9.907719172429834], [104.01959230006779, 9.90787158767522], [104.01966951740401, 9.908010306000897], [104.01970841234268, 9.908164973152356], [104.0197183096126, 9.908319417995944], [104.01968407791469, 9.908469459749726], [104.01958907940252, 9.908580897313193], [104.01946709569174, 9.908687685010685], [104.01934468110261, 9.908777202570315], [104.01923455361823, 9.908882741320737], [104.01917758317633, 9.908992424875212], [104.01920408624483, 9.909077634774663], [104.01928040750613, 9.909142934042553], [104.01936673810934, 9.90922298544327], [104.01941614122461, 9.909300271490608], [104.01941745453239, 9.909400363975571], [104.01935333511501, 9.90953490174575], [104.01931083913914, 9.909661423425954], [104.01930677239406, 9.909761417789522], [104.01934571595733, 9.909820063160645], [104.01942927043454, 9.909865390801452], [104.01952620880826, 9.909862455386786], [104.01962785834625, 9.909817935285515], [104.01971617085184, 9.909789490138133], [104.01981284642292, 9.909779140144515], [104.01989290218856, 9.909784860422384], [104.01998894752667, 9.909831652444845], [104.02005943933256, 9.90989260324157], [104.02013108231554, 9.909977154269209], [104.0201915971158, 9.91006385936656], [104.02024208152983, 9.910213027640058], [104.02025065237359, 9.910276421565966], [104.0202523615632, 9.91035526683834], [104.02027427427217, 9.910461989134129], [104.02030868990033, 9.9105618576696], [104.0203695083723, 9.910627948304423], [104.02043927576202, 9.910685552599277], [104.02062027488832, 9.910756516471297], [104.02071903048792, 9.910758284955415], [104.02081449054397, 9.910768819068013], [104.02091270096193, 9.910832069662023], [104.02101365234583, 9.910891707495491], [104.02113263916215, 9.910902365500778], [104.02125696060678, 9.910881566268898], [104.0213328402727, 9.9108117828176], [104.02137705041957, 9.910697559894933], [104.0213766836915, 9.91057314681584], [104.02135840304035, 9.910413988414463], [104.02137817003184, 9.910239875178384], [104.0214403930919, 9.910092043125207], [104.02162985338074, 9.909861752036935], [104.0216717206697, 9.90972799584082]]]], "type": "MultiPolygon"}, "properties": {"id": 31, "area": 69938.26, "perimeter": 1363.3}}, {"type": "Feature", "geometry": {"coordinates": [[[[104.02302284527812, 9.94609325608973], [104.02298311573648, 9.945127105185096], [104.02249098749368, 9.94457450441711], [104.02226477648438, 9.944286658886012], [104.02187735910398, 9.944352922964475], [104.02149017361373, 9.94425969323009], [104.02092465428838, 9.94381864901934], [104.02102093775524, 9.943019690915902], [104.01973814992151, 9.943763512615218], [104.01947547429808, 9.943779772083916], [104.01861483883145, 9.94352681740023], [104.0183020065467, 9.94360376328227], [104.01819896684292, 9.943656056172609], [104.01780987662279, 9.943681535570372], [104.01735611766708, 9.943650953829577], [104.0170201757448, 9.94362822687556], [104.01713342226847, 9.944140234534958], [104.01741689603135, 9.944183048481149], [104.01764768422277, 9.94482922179888], [104.01753838410121, 9.945916043797398], [104.01704613683548, 9.946630161416872], [104.01695736975374, 9.946712763776263], [104.01695205881225, 9.947099826373258], [104.01598521531344, 9.948240923511406], [104.01620330434996, 9.948344222628974], [104.01613762557592, 9.948478304732172], [104.01679428259894, 9.94877617954654], [104.01659814337341, 9.949312785394175], [104.01611097061922, 9.949176638059342], [104.01606216959011, 9.949306675835539], [104.01610873013527, 9.949335676261972], [104.01615286418169, 9.949464221000012], [104.01614634644955, 9.949555079479243], [104.01625205761643, 9.949610114792328], [104.01635353616066, 9.94962861595767], [104.01642858491232, 9.949696717173808], [104.01657237644213, 9.949655876244467], [104.01669057812863, 9.949713641951265], [104.01765601460498, 9.950403281013358], [104.01808648759898, 9.950336180094126], [104.01846065998697, 9.950164928909247], [104.01824325069681, 9.949783151339993], [104.01879331534917, 9.949509259791885], [104.01990777609079, 9.9500123981377], [104.02043339017479, 9.949556461583805], [104.02143997044213, 9.948990001038442], [104.02168020169016, 9.948293328456153], [104.0218077815611, 9.947923076884372], [104.02265977875598, 9.946848796295875], [104.02302284527812, 9.94609325608973]]]], "type": "MultiPolygon"}, "properties": {"id": 32, "area": 390836.88, "perimeter": 2953.3}}, {"type": "Feature", "geometry": {"coordinates": [[[[104.02413099533406, 9.918141997631707], [104.02413114952883, 9.917971925172683], [104.02407794249248, 9.917748521940528], [104.02391755522835, 9.917546214415074], [104.02360738926166, 9.917184109780818], [104.0233935522015, 9.916800984359263], [104.0232549054027, 9.916258200413449], [104.02303085996768, 9.91561999647748], [104.02292368137203, 9.91557725814184], [104.02278444873461, 9.915566391072517], [104.0227199759425, 9.91563004272629], [104.0226875997657, 9.915821497957927], [104.02260172559629, 9.915991448463343], [104.02248366315222, 9.916033866454926], [104.02225864938464, 9.916065463054917], [104.021926564817, 9.915979908567504], [104.02172298222723, 9.915947701588838], [104.02156224257821, 9.915989968005496], [104.02144116996821, 9.91609576300007], [104.02132623671348, 9.916181132672458], [104.02115467471047, 9.916265878999958], [104.0209937353379, 9.916382738103081], [104.02090792174474, 9.916510283075155], [104.02082174037575, 9.91676540456046], [104.02070362821188, 9.916967225343786], [104.02054281041174, 9.917062836603101], [104.02024273010197, 9.917104993627165], [104.02003900797298, 9.917168355170638], [104.01991433615035, 9.917302896719512], [104.01987708308366, 9.917335212358282], [104.0198226290939, 9.917406653523987], [104.01977743787006, 9.917504690254745], [104.01974391645038, 9.91760455200304], [104.01967011356884, 9.918062855686097], [104.01965173164433, 9.918411925697818], [104.01964602747474, 9.918446456457305], [104.01962004339175, 9.918505280092456], [104.01955006052461, 9.918594601336398], [104.01948593587066, 9.918668831476603], [104.01942090309407, 9.918740438237002], [104.01940474125854, 9.91875479123359], [104.019407388314, 9.91875307712107], [104.01940884829946, 9.918752446300369], [104.01941030815318, 9.918751905895519], [104.01941195012627, 9.918751546583616], [104.01941350077617, 9.918751277556915], [104.0194150511625, 9.9187511893619], [104.01941660141712, 9.918751191582718], [104.01941815140823, 9.918751374635232], [104.01941970126755, 9.918751648103568], [104.01942125086339, 9.918752102403593], [104.01942270913601, 9.918752646988832], [104.01942416714515, 9.918753372405742], [104.01942562502252, 9.918754188238506], [104.01942690038526, 9.918755094225835], [104.01942808442483, 9.918756090498366], [104.0194291770094, 9.918757267471959], [104.01943108834077, 9.918759801858918], [104.01943181589607, 9.91876115914166], [104.01943254345139, 9.9187625164244], [104.01951059170709, 9.918958378934956], [104.0196038296599, 9.919181297576284], [104.01963123198465, 9.919400957363095], [104.01970549712894, 9.91950214882863], [104.0197065897169, 9.919503325801424], [104.01970777375993, 9.919504322073102], [104.01986583950512, 9.919608798041233], [104.01987440375711, 9.919614144845479], [104.01987695501822, 9.919615595153669], [104.01987841316382, 9.919616230152956], [104.01988123905315, 9.919616957525898], [104.02004121981012, 9.919658868259074], [104.02004450192197, 9.91965941545138], [104.02004796747003, 9.91965923957781], [104.02020349471839, 9.91962826853577], [104.02020522801844, 9.919627818934757], [104.02020687025836, 9.919627278787452], [104.0202084215697, 9.919626557677995], [104.0202098819524, 9.9196256556064], [104.02021125127496, 9.919624662988511], [104.02030832260122, 9.919532306206094], [104.02031051383186, 9.919530501018718], [104.020311791699, 9.919529689101694], [104.02031452929057, 9.919528427191834], [104.02045202969647, 9.91947735789032], [104.02045376286398, 9.919476998703825], [104.02045549576853, 9.919476820349017], [104.0204572284101, 9.919476822825915], [104.02068757106186, 9.919482305747618], [104.02068921238045, 9.919482398508883], [104.02069076224454, 9.919482671971549], [104.0206923119772, 9.919483035850071], [104.0206937702554, 9.919483580430004], [104.02069686880083, 9.919484941098021], [104.02069659522583, 9.919484940707138], [104.02069914583282, 9.9194868430885], [104.02070133114746, 9.91948910661209], [104.02070305997817, 9.91949173114762], [104.02070387860059, 9.919493178974019], [104.02075532344766, 9.91960997959144], [104.02075586613027, 9.91961305451233], [104.0207557703395, 9.919616218937097], [104.0207551273985, 9.91961938258016], [104.02075402876176, 9.919622364740079], [104.02075229230867, 9.919624984324573], [104.0207433460602, 9.919631481498342], [104.02074188633588, 9.919631931493045], [104.02074024449088, 9.919632200395437], [104.020738693969, 9.919632379012253], [104.02072474058632, 9.919633082404694], [104.02089435099305, 9.919637574250881], [104.02090619527544, 9.919644914867371], [104.02096812026808, 9.919703773736616], [104.02102911248413, 9.919777007415096], [104.02109156510853, 9.919849339007955], [104.02117595152548, 9.919951629613111], [104.02148422825253, 9.920170062631579], [104.02169462227212, 9.920286185676225], [104.02176387854962, 9.920320461695432], [104.02183305059933, 9.9203499455299], [104.02188710433545, 9.920365935808741], [104.02194563631332, 9.920375151257407], [104.02201611876347, 9.92038139999605], [104.02208669463676, 9.920386111780113], [104.02228275454995, 9.920388289809534], [104.02235454185913, 9.920375100882543], [104.0224297159672, 9.920353146403896], [104.02249842237875, 9.92032639064928], [104.02259415667038, 9.920275441844119], [104.02268651696399, 9.920224397792856], [104.0227652863674, 9.920175594780053], [104.02276053601433, 9.92018137464975], [104.02283475653203, 9.920125151029797], [104.02297732508836, 9.919974630219064], [104.02303448006023, 9.919864042221151], [104.02312082074988, 9.91968740155313], [104.02317462283679, 9.919562070937959], [104.02321498584506, 9.919460138974541], [104.0232651912967, 9.919299450540992], [104.02327773578945, 9.919264025265257], [104.0233068489603, 9.919185042983013], [104.0233475254407, 9.919055444121948], [104.02343231012111, 9.918882508196663], [104.02350380022386, 9.918759191792084], [104.0235559819934, 9.918682140984048], [104.02372308799174, 9.918463028835294], [104.0237778198875, 9.918388151593437], [104.02381557136185, 9.918326270157156], [104.02385585143006, 9.918218370513527], [104.02399151677041, 9.918237550408115], [104.02413099533406, 9.918141997631707]]]], "type": "MultiPolygon"}, "properties": {"id": 33, "area": 169684.89, "perimeter": 1705.46}}, {"type": "Feature", "geometry": {"coordinates": [[[[104.03032476065574, 10.076381720054817], [104.02878336919143, 10.075162987661116], [104.02862270369526, 10.075351455279753], [104.028257876381, 10.075649395606272], [104.02779677158935, 10.076026040068136], [104.02800258926597, 10.076220998236446], [104.02785465937211, 10.07637178044163], [104.02766704388993, 10.076583807412941], [104.02749593298473, 10.076739257897975], [104.02727206900923, 10.07690747178776], [104.0271075574163, 10.07704186473453], [104.02697111531755, 10.077197545367863], [104.02688973334033, 10.077322382758434], [104.02683410036089, 10.077433152218067], [104.02665634191408, 10.077454235612462], [104.026319732949, 10.077481239454066], [104.0261655547566, 10.077598919887466], [104.02612927786815, 10.077824815600204], [104.02610205554245, 10.078285351888958], [104.02606404893442, 10.078945780817614], [104.02605188166764, 10.079155617166291], [104.02604427015486, 10.07930714220979], [104.02604717339902, 10.079443221329322], [104.02604985765463, 10.079479391281096], [104.02605552563307, 10.07953410064007], [104.02606302032201, 10.079587456390858], [104.02608176136201, 10.079686668808273], [104.02609953817027, 10.07975893609661], [104.02610488146887, 10.079848545275208], [104.0261258784018, 10.079839985947965], [104.02619213865265, 10.079824619986054], [104.02623000904427, 10.079819701463798], [104.02628842942136, 10.07979989389061], [104.02631463593356, 10.07978510336922], [104.02633582787138, 10.079767954858715], [104.02641828354079, 10.07972069548744], [104.0265180975949, 10.07965736705945], [104.02656878288796, 10.079623805228392], [104.02660613960896, 10.079595739619537], [104.0266384711983, 10.079572549229354], [104.02667636886204, 10.079548914734756], [104.0267208331655, 10.079526917118244], [104.0267765405068, 10.079490559575136], [104.02678832767064, 10.079478460815345], [104.02679556106008, 10.079460840201122], [104.02679722758025, 10.079444206180352], [104.02679224980395, 10.079416622395334], [104.02679010286067, 10.07938732477535], [104.02679407099387, 10.079356498855454], [104.0268085169292, 10.07933554320751], [104.02682140221864, 10.07932118563753], [104.02685812181117, 10.079292034101417], [104.02689154897912, 10.079268302761456], [104.02691667429794, 10.079244107452896], [104.02696017436176, 10.07919507425637], [104.02701426915635, 10.079138280509778], [104.02702925839903, 10.07912012850196], [104.02704715995122, 10.07910695350238], [104.02707171858597, 10.079095957998303], [104.02708340302193, 10.079091725207679], [104.02709088993068, 10.07908793848418], [104.02710413223551, 10.079079006329048], [104.02711500555984, 10.079067900815902], [104.0271250601292, 10.079055166655579], [104.02714663009968, 10.0790289771027], [104.02716563332913, 10.07901110207913], [104.02718244504216, 10.078994489731592], [104.02721013481437, 10.078963516923569], [104.02722475882956, 10.078945545213683], [104.02725309567863, 10.078908786750384], [104.02726269366129, 10.078896323177734], [104.02729669676239, 10.07885297250362], [104.02731708089831, 10.07882660041078], [104.02733060954017, 10.078808988789358], [104.02734121243202, 10.078795622499138], [104.02734779302818, 10.078787675370178], [104.02735391467708, 10.07878162630515], [104.0273656986323, 10.078771697484076], [104.0273717273322, 10.078766823684242], [104.02737693385268, 10.078762672030246], [104.0273832373144, 10.078757075301079], [104.02738835404716, 10.078751928950444], [104.02739374633214, 10.07874551718011], [104.02740261586383, 10.078732057992747], [104.027419532746, 10.078705861763241], [104.0274384619566, 10.078676142215516], [104.02746461488401, 10.078635402335443], [104.0274821722523, 10.0786079412044], [104.02749625461288, 10.078585990433972], [104.0275033866994, 10.07857524121669], [104.02751179451107, 10.078565578807023], [104.02751974232338, 10.078558537782213], [104.0275336253543, 10.078548159880038], [104.02754412804018, 10.078540941677742], [104.02755810191077, 10.078530835150193], [104.02756815052145, 10.078522169653345], [104.02757746976934, 10.078513141452097], [104.02759044398991, 10.07850032103532], [104.02760972350487, 10.078480638072753], [104.0276284558642, 10.078460773496051], [104.0276417066848, 10.078445964336431], [104.02765148592606, 10.078434314747522], [104.02765943847062, 10.078424018775813], [104.02767360994116, 10.078403514768546], [104.02768879040286, 10.078379305176641], [104.02769866772032, 10.078362954131888], [104.02771046520549, 10.078343712542832], [104.02772418088372, 10.07832293663559], [104.02773542542232, 10.078307491696737], [104.02774995735261, 10.07829006232035], [104.0277662226345, 10.078272725836102], [104.02778285035865, 10.0782571077593], [104.02779636960845, 10.078245915587479], [104.02780833429215, 10.078237162405792], [104.02782687270599, 10.078225163668568], [104.02786147721062, 10.078207310896815], [104.02789844871741, 10.078192987699538], [104.0279314895743, 10.078183812552753], [104.02795713518222, 10.078178153032582], [104.02797401884355, 10.078174741374234], [104.02801901108846, 10.078165944954538], [104.02804137035606, 10.078161546546848], [104.02808070543907, 10.078153103698373], [104.02813145146432, 10.078140246793877], [104.02817891351562, 10.078127023530463], [104.02822765444495, 10.07811271710279], [104.02826863807572, 10.078099936651716], [104.02830332484255, 10.078088232188827], [104.02836074369453, 10.07806670490738], [104.02839424819807, 10.078052376703553], [104.02843168307326, 10.078033081265197], [104.0284666639018, 10.078007362834445], [104.02848886222937, 10.077988136058508], [104.02852120167256, 10.077959339732026], [104.02855125337996, 10.077935241732744], [104.02858906040133, 10.077910973965428], [104.0286240346371, 10.077889776271876], [104.02865151977232, 10.077873902392597], [104.0287065752299, 10.07784631385177], [104.02876134554673, 10.077826591025177], [104.02883463688102, 10.077806804186485], [104.02889661285276, 10.077788447841812], [104.02895548719066, 10.077769815817346], [104.02900477991427, 10.07775243593742], [104.02905371136363, 10.077732523906592], [104.0290801933958, 10.077716286898987], [104.02909425986411, 10.077705185865971], [104.02911573047835, 10.07768442094775], [104.02913592969159, 10.077659585527613], [104.0291549492639, 10.077630318075327], [104.02917534786609, 10.077593819362859], [104.02920710785364, 10.077524154422472], [104.02923879521754, 10.077441650401827], [104.02926708834582, 10.07737189009896], [104.02929482066892, 10.077311351354846], [104.02930699057084, 10.077286866144654], [104.0293281238715, 10.077247023100684], [104.02936149941291, 10.077195714749214], [104.02939924521183, 10.077150651274247], [104.02943652459477, 10.07711263952401], [104.02948785938356, 10.077071121587085], [104.02955370588107, 10.077026007690966], [104.0295994594048, 10.07699542204107], [104.02963325082139, 10.076971871750333], [104.0296677750017, 10.076946333362102], [104.02973837592508, 10.076894173799877], [104.0297785642995, 10.076863399372384], [104.0298354719792, 10.07681664521962], [104.02988525933276, 10.076772593385314], [104.02994418215418, 10.076720326745038], [104.02999387837369, 10.076676184347846], [104.0300796592552, 10.076599905408937], [104.03016315632722, 10.07652561233539], [104.03023550822586, 10.076461249079642], [104.03029835942898, 10.076405280926814], [104.03032476065574, 10.076381720054817]]]], "type": "MultiPolygon"}, "properties": {"id": 37, "area": 95788.06, "perimeter": 1532.37}}, {"type": "Feature", "geometry": {"coordinates": [[[[104.03790386134287, 10.018835120689264], [104.03781715492948, 10.01809567070674], [104.03776546889709, 10.017812959248282], [104.03758184683647, 10.017682324293911], [104.03745027929878, 10.017638560801538], [104.03720631428867, 10.017605581043943], [104.03704729237103, 10.017624346837124], [104.03691420938571, 10.017620092694251], [104.03678653810634, 10.017659155170458], [104.03664728876412, 10.01769340941908], [104.03634409078633, 10.017746964682486], [104.03602696406828, 10.017780880008196], [104.03577107610863, 10.017793271234224], [104.0355505038586, 10.017795946729644], [104.03543968154884, 10.017789462714736], [104.03527058177036, 10.017774759751363], [104.03498530085095, 10.017737380630342], [104.03486000268812, 10.017711255960123], [104.03451547147029, 10.017644317983136], [104.03430043337319, 10.017604324200631], [104.0341441508709, 10.018643795074189], [104.03307855073028, 10.019836509416916], [104.03059506120081, 10.018650644545415], [104.02961718967845, 10.018649261629307], [104.02596355905561, 10.02148619224613], [104.02421325901335, 10.020774199064842], [104.02320940921459, 10.02119283036165], [104.02224881002579, 10.021788373458397], [104.02119879424927, 10.022582065903794], [104.01994837882421, 10.022805938044428], [104.01989245270464, 10.023245276441024], [104.01911500512153, 10.023784384084555], [104.01808718101998, 10.023687234652279], [104.01808680560671, 10.027893089261138], [104.01874071583819, 10.027810222765185], [104.01894032378145, 10.028789982535525], [104.0180867427427, 10.028985036300165], [104.01808637539494, 10.032998123950149], [104.01998382710904, 10.032994997339323], [104.02091444764301, 10.032712528258296], [104.0212685588517, 10.0319793179861], [104.0225322768236, 10.030980420282638], [104.02361262136425, 10.032796430646943], [104.02341639804082, 10.033858259382507], [104.02290077191529, 10.035561035903859], [104.02419203735454, 10.035382511658277], [104.02548764055761, 10.034416831301712], [104.02693386885284, 10.032555704198039], [104.02791540260701, 10.031946525997695], [104.02852183877927, 10.030948296429127], [104.03144916259964, 10.028106611582874], [104.03168093556168, 10.027804769703422], [104.03239652376283, 10.026948457590574], [104.03263310964154, 10.026533330959365], [104.03285444388342, 10.02619377012613], [104.03356700374476, 10.024962587624023], [104.03425635204924, 10.024139959048533], [104.03471014247994, 10.023716545723618], [104.0351638928577, 10.023384451483574], [104.03563784696534, 10.023213143892477], [104.03592357339892, 10.022876564034435], [104.03624246311631, 10.022183340327272], [104.0364301363977, 10.021518323659457], [104.03678169206825, 10.021138254421519], [104.03705621458913, 10.020981042547913], [104.03733618817913, 10.020774923129151], [104.03752284221291, 10.020633863282212], [104.03770970406882, 10.020345968493286], [104.03779253751284, 10.020019954264539], [104.03789206866557, 10.019432933043692], [104.03790386134287, 10.018835120689264]]]], "type": "MultiPolygon"}, "properties": {"id": 40, "area": 2228866.22, "perimeter": 7614.74}}, {"type": "Feature", "geometry": {"coordinates": [[[[104.04012356459089, 10.061441686169639], [104.03848441685135, 10.062204771341001], [104.03859038163061, 10.062366129953348], [104.03843411382388, 10.062550088366295], [104.03810020978139, 10.062803418687645], [104.03808500367475, 10.063103486462758], [104.0376557117396, 10.063840405914704], [104.03689307120263, 10.064245395107989], [104.03640034592074, 10.06467833753619], [104.0360987396968, 10.065119684629334], [104.03603029866545, 10.065322932990357], [104.03593519800197, 10.065859234436914], [104.03571542927241, 10.066042921460603], [104.03538155211244, 10.066528616446284], [104.0349766499886, 10.067172890257734], [104.03438060942028, 10.067946459714884], [104.03374970923983, 10.068660304622448], [104.0334274992567, 10.068895472695507], [104.0329699745208, 10.069140847113246], [104.03301403570312, 10.069271017091117], [104.03310309301142, 10.069452244882983], [104.03317824494415, 10.069659854316198], [104.03319494642497, 10.069719371223186], [104.03323861333492, 10.069933536516002], [104.03325481033191, 10.070090158837688], [104.03325765717793, 10.07026764826725], [104.03324269872378, 10.07045532949815], [104.03322024243217, 10.070591101707665], [104.03318197482216, 10.070746200481953], [104.03313689217926, 10.070882121563688], [104.03308164428962, 10.071044610403087], [104.03306719025822, 10.07113518620304], [104.03306583661549, 10.071251729719009], [104.03313299339918, 10.071499743540366], [104.03318045721731, 10.071674854744174], [104.03320015014738, 10.071747847764197], [104.03351983995817, 10.07168139163712], [104.03393883054625, 10.071525021472771], [104.03433841219389, 10.071415277765306], [104.03452487741849, 10.071364093995298], [104.03489373724717, 10.071364613134469], [104.03615736222685, 10.071408341214768], [104.03679153415008, 10.071599102770042], [104.0369919438651, 10.072261586091864], [104.03702981369871, 10.072192380916032], [104.0371407477315, 10.072133494987865], [104.03733249751419, 10.072087289882779], [104.03757541172584, 10.072053814399085], [104.03771609520376, 10.072054011162521], [104.03793766038162, 10.072020595969851], [104.03818902920698, 10.07200828906036], [104.03836366396527, 10.072000033923164], [104.03849586753398, 10.071932587759967], [104.0386920442076, 10.07185266307065], [104.03891368724484, 10.071764274728324], [104.0390841116383, 10.071701221567526], [104.03919918804209, 10.071680315189425], [104.03928435305791, 10.071714158852522], [104.03938650695756, 10.071798749236253], [104.03950572630272, 10.071815823016477], [104.03958674845747, 10.071811686341206], [104.03969336856953, 10.07170631997518], [104.03973196984883, 10.071571202607542], [104.03980445616493, 10.071474287728114], [104.03994940985531, 10.071358124772098], [104.04000179343329, 10.071347528638158], [104.04005419429883, 10.071324726431936], [104.04007382093255, 10.071316797175745], [104.04009098270394, 10.071309949475005], [104.04010960473477, 10.071302742142802], [104.04015168753803, 10.071285983403424], [104.04015743862432, 10.071283640600667], [104.04030233117551, 10.07121051515796], [104.04041326508886, 10.071151085595023], [104.04044727331458, 10.071102308514538], [104.04052740290662, 10.071084065545913], [104.04059980355346, 10.07104745747654], [104.04074167387103, 10.07091781795927], [104.04082342125415, 10.070852289868554], [104.04088664168883, 10.070791256802897], [104.040964354616, 10.070804474954686], [104.04104959540383, 10.070720145234652], [104.04122038031306, 10.07053041933479], [104.04135694640183, 10.070344804982748], [104.04144239145032, 10.070180276894607], [104.04153221388513, 10.069952373589686], [104.04161346020882, 10.06972445836276], [104.04170759818312, 10.06941220331835], [104.0417376400859, 10.069264506032974], [104.0417634953979, 10.069044922619405], [104.04178074679994, 10.068909775354053], [104.04174265501177, 10.068749325471693], [104.04175138390356, 10.068576282299848], [104.04178997791125, 10.068445414132349], [104.04184981129059, 10.06832732397], [104.04184585109581, 10.068094950637665], [104.04170523670558, 10.067917631829378], [104.04159911693132, 10.067799130858026], [104.04144174601187, 10.06760045066086], [104.04127164426671, 10.067372277283154], [104.04116977935935, 10.06714826719577], [104.04105931285322, 10.066877952407406], [104.04097451467302, 10.06664980683417], [104.04094490048888, 10.066430236892995], [104.04087696445926, 10.066278063721947], [104.04078762020244, 10.06616817527243], [104.04077964882596, 10.06580505554318], [104.04081851720834, 10.065480065759067], [104.04081386411784, 10.065286570114393], [104.0408104188942, 10.065142171765505], [104.04079000143027, 10.064483466432192], [104.0408166937596, 10.06373621925874], [104.0408638734959, 10.063533573147977], [104.04097069919597, 10.063280377093152], [104.04109881924045, 10.063065275463803], [104.04115020122559, 10.062858476006527], [104.0412699470894, 10.062500325314844], [104.04129718879648, 10.062397018132128], [104.04131309082462, 10.062312772903224], [104.04131010354101, 10.062231575616174], [104.04130071676813, 10.062159772672642], [104.04127876644525, 10.062069236296997], [104.04121288794867, 10.061881803982917], [104.0411658019137, 10.061759948975338], [104.04112802008386, 10.061703748539655], [104.04104305853596, 10.06165670505045], [104.04094229620746, 10.061622207379296], [104.04085729051523, 10.061606447555777], [104.0407060462747, 10.061593760322753], [104.04053602599532, 10.061568569608767], [104.04035964600922, 10.061524653961593], [104.04014863789509, 10.061452570876154], [104.04012356459089, 10.061441686169639]]]], "type": "MultiPolygon"}, "properties": {"id": 41, "area": 691130.9, "perimeter": 3697.19}}, {"type": "Feature", "geometry": {"coordinates": [[[[104.04031509607466, 9.991964712123519], [104.04025530065874, 9.991806492198755], [104.04018097875567, 9.991795087630962], [104.04004761321586, 9.99186949662921], [104.0398821372523, 9.992011401891885], [104.03969728565686, 9.99218067630607], [104.03949916574554, 9.992315212564902], [104.03925513927095, 9.992403844350605], [104.03901286900634, 9.99247593227587], [104.03874231265085, 9.99261995188891], [104.03856319675022, 9.992731457827139], [104.03808573131388, 9.993096889887045], [104.0378739125264, 9.993242617687596], [104.03773696859595, 9.993395772954289], [104.03756791340443, 9.993616514635972], [104.03740265035141, 9.99380001015473], [104.03718620586524, 9.993991210225952], [104.037022913378, 9.994071001296957], [104.03677641977323, 9.99422581213853], [104.0366402162688, 9.994370740093247], [104.03655550569468, 9.994545486457088], [104.03628847989498, 9.995414462996662], [104.03618895875609, 9.995612877559063], [104.03598593627625, 9.99592172642857], [104.03578790870266, 9.996181395909014], [104.03562622120702, 9.996286143225321], [104.0354766249744, 9.996354831415802], [104.03526927776852, 9.996496766162402], [104.035152663063, 9.996656096872305], [104.03502251068842, 9.997034666962596], [104.03479141287059, 9.997457399691003], [104.03473388059219, 9.997697373247654], [104.0347275297457, 9.997929913807273], [104.03469677615095, 9.998068387828793], [104.03463556938426, 9.998262334576426], [104.03452694642125, 9.998509741162918], [104.03449807226782, 9.998673443788904], [104.034528524172, 9.998747084823252], [104.03458924057018, 9.998769683245593], [104.03466449406942, 9.998768341792767], [104.034804678258, 9.998840779936257], [104.03505756785636, 9.99887386375059], [104.0353078363313, 9.99889003596149], [104.0356326374439, 9.998834431397617], [104.03589073801527, 9.998730722734276], [104.03617832929059, 9.998542425752177], [104.03647206026345, 9.998333883910597], [104.03675965086774, 9.998145586391011], [104.03729077802063, 9.997831225840024], [104.03759817893595, 9.997694853770987], [104.03788086404792, 9.997556096289319], [104.03812224106804, 9.997408872580202], [104.0382897562545, 9.99724644682057], [104.03847556739345, 9.99698151475728], [104.03861167370994, 9.996711721660771], [104.03867460138001, 9.996459819870616], [104.03866431152437, 9.995930059118729], [104.03871532990964, 9.995714578392464], [104.03877819864839, 9.995504267770096], [104.0387963646359, 9.995364510009265], [104.03875714471074, 9.995169157428485], [104.0387146816012, 9.995074523620906], [104.03910847128795, 9.994928775980629], [104.03929767634317, 9.994843233119985], [104.0395851709325, 9.994655023199124], [104.03977588428862, 9.994469663009493], [104.03997270440323, 9.994222466671625], [104.04014444405475, 9.993972884759483], [104.0402943037116, 9.993650306922845], [104.04027683171998, 9.993361494457469], [104.04018390020879, 9.99315666460254], [104.04007859710792, 9.992863300485709], [104.04011023775942, 9.992545893978612], [104.04026383007886, 9.992227842049486], [104.04031509607466, 9.991964712123519]]]], "type": "MultiPolygon"}, "properties": {"id": 42, "area": 206983.12, "perimeter": 2231.59}}, {"type": "Feature", "geometry": {"coordinates": [[[[104.00977671616424, 10.015110565787843], [104.00977671616424, 10.015110565787843], [104.00981529312665, 10.01505537887584], [104.00985597677668, 10.014994408479794], [104.00985044013812, 10.014915196427442], [104.00984583063082, 10.01488679919529], [104.00982775544495, 10.014774567031965], [104.00983044025932, 10.014748260110501], [104.0099581441467, 10.014627743850292], [104.01025822227524, 10.01434337759041], [104.0104658336391, 10.01422234592979], [104.01002051413029, 10.01403525324754], [104.01035363860605, 10.013794334968338], [104.0104980802548, 10.013521764397455], [104.01089580309652, 10.013878586551064], [104.01104126841746, 10.01371406365839], [104.01108721900563, 10.013729592280491], [104.011157129819, 10.013765228355311], [104.01127975062454, 10.013627344304018], [104.0113512032635, 10.013546979616757], [104.01133493288704, 10.01344749873375], [104.01133574000674, 10.01339578229757], [104.01136645442043, 10.013291216798596], [104.01139791472939, 10.013114862542936], [104.01145478911853, 10.012962324886567], [104.01143468422046, 10.012743128342207], [104.01136019507909, 10.012658299610006], [104.01124255400947, 10.012760386529417], [104.01121888122861, 10.012548237134576], [104.01120665506986, 10.012428328302539], [104.01120604967045, 10.01234523563406], [104.01145069824268, 10.012343154011734], [104.01149987439877, 10.012336535529109], [104.01148283434156, 10.012019785230441], [104.01093744727682, 10.011774680945054], [104.01099301020838, 10.011523226945458], [104.0111103873496, 10.011292478541517], [104.01106961495283, 10.011291333604225], [104.01103231394701, 10.011286757980525], [104.01098937751647, 10.011268792580822], [104.01091590016937, 10.011239570740338], [104.01068770311895, 10.011159669424702], [104.01064245948425, 10.011159602841072], [104.0105950082204, 10.011171829499984], [104.01053724943114, 10.011184040978865], [104.01048294834911, 10.011201953709822], [104.01043659669172, 10.011210836593689], [104.01038687000245, 10.01121971450122], [104.01034847604002, 10.011214052207118], [104.01020383608356, 10.011193676535733], [104.01003420947023, 10.011168743212657], [104.00982401479632, 10.011128108134226], [104.00968159439063, 10.011087572873162], [104.00944891269745, 10.010957212311643], [104.00934733373559, 10.010871891118537], [104.00930435010937, 10.010824721259796], [104.00924565355973, 10.010793260487498], [104.00919587603632, 10.01077528476645], [104.0091530074999, 10.010772961103056], [104.00907377731224, 10.010808739054621], [104.00890857716558, 10.010873413373586], [104.00870033356519, 10.010991369099514], [104.00869129547436, 10.010996419007707], [104.0084265403959, 10.011146207683925], [104.008306978299, 10.011251726501559], [104.00891760696994, 10.011359319100038], [104.00843365382684, 10.014056599238256], [104.00828219315586, 10.014506462989582], [104.00783684315188, 10.014582385702216], [104.00782029131068, 10.014791401535225], [104.00793963558203, 10.014952517595415], [104.0079940600824, 10.015095364034867], [104.00806402330646, 10.015217257098689], [104.00820046717423, 10.015350821693419], [104.0082463979718, 10.015258394724702], [104.00838748546693, 10.015337083983708], [104.00840449723133, 10.015307091240544], [104.00849472275414, 10.015360660164918], [104.00857787511583, 10.015447039390319], [104.00907352204341, 10.015287465383544], [104.0090702590709, 10.014970192974308], [104.00922009691229, 10.014810559843367], [104.00960843199755, 10.014980028961402], [104.00977671616424, 10.015110565787843]]]], "type": "MultiPolygon"}, "properties": {"id": 0, "area": 0.0, "perimeter": 0.0}}, {"type": "Feature", "geometry": {"coordinates": [[[[103.84232264908759, 10.377724596195895], [103.84169919929869, 10.376945423788516], [103.84167337515845, 10.375844165969383], [103.839313430816, 10.375279136177637], [103.83836159088585, 10.375684568968639], [103.83665795134131, 10.375036336681585], [103.83665915296622, 10.375332977103234], [103.83673231701572, 10.375324358286226], [103.83657600139357, 10.375791188334144], [103.83648883815715, 10.37581279735879], [103.83565580260118, 10.375783500719669], [103.83592084458924, 10.37546318063119], [103.8362984939824, 10.375006843781687], [103.83657774702993, 10.375005793060048], [103.83629725998432, 10.374899071526562], [103.83621162766461, 10.374930990487067], [103.83613348471505, 10.37496229202099], [103.8361217861389, 10.374966969214423], [103.83604818888664, 10.375051170449321], [103.835974657562, 10.375147396439976], [103.83593774632821, 10.375199577613815], [103.83588464647873, 10.375263749962755], [103.83575398403661, 10.375343764684123], [103.835704910691, 10.375403876836234], [103.83563125391315, 10.375516195600303], [103.83561476402578, 10.375584421667666], [103.83563500929174, 10.375640699054056], [103.83558988439907, 10.375777035661093], [103.83554903795941, 10.375833186718193], [103.8355284389155, 10.375901313869184], [103.83551204850113, 10.375965652468077], [103.83555683489821, 10.375989794363855], [103.83557307057474, 10.376042085386256], [103.8355443014873, 10.376130447662463], [103.83550353129353, 10.376150434544174], [103.83543809485491, 10.376218559361373], [103.83536057242237, 10.376258541401699], [103.8353073237893, 10.37630652979178], [103.83523791804059, 10.376394807959857], [103.83515622686687, 10.37646289907953], [103.83511933232333, 10.376507033611198], [103.83507437638359, 10.376563176090235], [103.83505779131175, 10.376719642854528], [103.83505359704282, 10.37675986697799], [103.8350738678483, 10.376804029400395], [103.83510226579158, 10.376848299052272], [103.83511848481957, 10.376908455797846], [103.83511435629399, 10.376960795104667], [103.8350897982407, 10.377000886672791], [103.83508970489376, 10.377045097358438], [103.83507724978567, 10.377105285169835], [103.83502003188963, 10.377173336479492], [103.83498329448172, 10.377229495948093], [103.83494645714967, 10.377289723690259], [103.83495037992834, 10.377378063153769], [103.83495426031877, 10.377486473724586], [103.83497445663416, 10.377522679849507], [103.83498253972975, 10.377586888243318], [103.83497018429327, 10.377643098177634], [103.83498641153719, 10.37769936728094], [103.83503520754965, 10.377727586045093], [103.83504735926864, 10.37776784399995], [103.83505935863818, 10.377880249449577], [103.83507556236394, 10.37790442267015], [103.83512440735446, 10.377952712719676], [103.83513254126568, 10.37799287194544], [103.83511610188896, 10.37803704879699], [103.83507120508868, 10.378065073624196], [103.83498957299953, 10.378104956622968], [103.8349528524621, 10.37815306955296], [103.83490776252697, 10.378229282904064], [103.83488711197582, 10.37832163996981], [103.83487880662217, 10.378405885624115], [103.83487042675054, 10.378482174974291], [103.83487845025029, 10.37857459140805], [103.83490281328696, 10.3786268992857], [103.83491905755483, 10.378675121866904], [103.83494751333623, 10.378735303953833], [103.83499625011301, 10.37879164036267], [103.83502154981274, 10.378789613290726], [103.8350467799605, 10.378777279243346], [103.83504320969445, 10.378738214393483], [103.83505356843204, 10.378719430393733], [103.83508205989183, 10.378719489371877], [103.8351105832946, 10.378747666168076], [103.8351308454365, 10.37879598746789], [103.83515523392201, 10.378836270747337], [103.8351836843493, 10.378855767951322], [103.83521233173485, 10.37886848475156], [103.83527744205921, 10.37886861949776], [103.83535912346153, 10.378848717323955], [103.83543666154047, 10.378844899677437], [103.83552220190309, 10.378857101276287], [103.83558746090709, 10.378873329388323], [103.83563228147689, 10.378881468654559], [103.83575060532536, 10.378893737998153], [103.8358238836272, 10.37891793879676], [103.83588500795112, 10.378946182936753], [103.83601147599728, 10.37895051287408], [103.83608889742908, 10.378958719466642], [103.83613373499438, 10.378958812138068], [103.83622761079437, 10.378959006142704], [103.83626826465542, 10.378951043588227], [103.8363621151106, 10.378963262138287], [103.83643551852927, 10.37897146034659], [103.83648043903507, 10.378975531216621], [103.83654965017512, 10.378979742663631], [103.83659457906649, 10.378979835459532], [103.83661495175012, 10.378975809048619], [103.83668439638771, 10.37895588126217], [103.83673337720916, 10.378939889281142], [103.83678639281536, 10.378915949471432], [103.83681902754917, 10.378899923726234], [103.83683338708171, 10.37888928489661], [103.83685167903698, 10.378875941860363], [103.83687215997747, 10.378863869093413], [103.83689250713606, 10.378871957660854], [103.83691692975266, 10.378896147765365], [103.83691829287153, 10.378899314957817], [103.83692910726619, 10.37892429066713], [103.83694544496748, 10.378928302468124], [103.83701072939792, 10.378932505709885], [103.8370594769277, 10.378940562474103], [103.83707583975936, 10.378932640092392], [103.83712076864883, 10.378932732814286], [103.83715338642958, 10.378924753562226], [103.83721129592209, 10.378918544300081], [103.83722682374753, 10.378916858534106], [103.83728792464126, 10.378912916113476], [103.83734517474454, 10.378872891818435], [103.83738194410365, 10.378844849903928], [103.83740644286333, 10.378832875800482], [103.83745540670343, 10.378824930234355], [103.83750036944284, 10.37880892984489], [103.83754926744847, 10.378788869077388], [103.83759825657684, 10.378768898900782], [103.83765952464543, 10.378728882831052], [103.83773295354469, 10.378724965742823], [103.83779815519158, 10.378725100164544], [103.837859321889, 10.378733272819824], [103.83792464014294, 10.37872138281535], [103.83795736612417, 10.378705357137687], [103.83803479593995, 10.37870958520116], [103.83806737148433, 10.378721676972175], [103.83814492645465, 10.3787098121381], [103.83820204291432, 10.378689858612098], [103.83823476032883, 10.378677901375244], [103.83828348259162, 10.378697982543095], [103.8383194283931, 10.378714149719663], [103.83832836908965, 10.378718236624394], [103.83833916200228, 10.378710031469693], [103.83836513834939, 10.378690194590531], [103.83839778970659, 10.378666212558537], [103.83845085430407, 10.37866234377158], [103.8385120210142, 10.378670516302888], [103.83854873973138, 10.378666523427466], [103.83860584780575, 10.37865054788758], [103.83865895455777, 10.378626607944556], [103.83876500950687, 10.378610733145008], [103.8388383554151, 10.378602837553268], [103.83889141164843, 10.378602946752805], [103.83893631507168, 10.378615154219752], [103.83895665809997, 10.378625231689], [103.83896888229526, 10.37863122396128], [103.8390137112993, 10.378635384698672], [103.83907480359714, 10.378635510404175], [103.83913198607492, 10.378627581488026], [103.83919316969154, 10.378627707358804], [103.83923814921532, 10.378603660187087], [103.8392546061458, 10.37859438172057], [103.8392951995116, 10.378571681680922], [103.83935231588565, 10.378551727944144], [103.83942573621131, 10.378551878936237], [103.83942984555793, 10.378551887386786], [103.8394951722692, 10.378535928585544], [103.8395482130361, 10.378499873298717], [103.83959320920424, 10.378467869952525], [103.83966665473159, 10.378455996295036], [103.83971961963029, 10.37845610516854], [103.83977675998057, 10.378468247260622], [103.83985006376358, 10.378480422560587], [103.83990711280589, 10.378492564442377], [103.83992472691108, 10.37849757323532], [103.83996424464355, 10.378508774973604], [103.84000095480577, 10.378508850401504], [103.84004157481176, 10.378516980425623], [103.84007425008298, 10.378525094123127], [103.84011509498488, 10.378513062975493], [103.84016411746634, 10.378477089738647], [103.84018863296568, 10.37845706888121], [103.84019146782704, 10.378455176075732], [103.84024990086239, 10.378416961882031], [103.84030697510637, 10.378417079098192], [103.84036401563682, 10.37843328937127], [103.84037331954754, 10.378438371485743], [103.84040068374748, 10.378453435881637], [103.84045368940781, 10.378477684422537], [103.84055146667164, 10.378489909812522], [103.8406290048674, 10.378486000492606], [103.8407269658423, 10.378454105695479], [103.84078820869085, 10.378425932774928], [103.8407963440141, 10.378422152212652], [103.8409024658249, 10.37837427137961], [103.84094337786127, 10.378330144395868], [103.84095098475889, 10.378317050423721], [103.84095859222354, 10.378303685219842], [103.84098022254977, 10.378265937844384], [103.84101700837712, 10.378229848953666], [103.84109444667749, 10.378230007802348], [103.84114351000778, 10.378218083787292], [103.84119254084585, 10.378178041910017], [103.84125775925897, 10.378170129087469], [103.84130254645, 10.378194270225514], [103.84133513041007, 10.3782023836076], [103.8413514764659, 10.37820241712344], [103.84138410241043, 10.378190459367707], [103.8414127020076, 10.378182471433293], [103.84145753951077, 10.378182563354809], [103.84151876504306, 10.378162617643786], [103.84156361086283, 10.37815873148778], [103.84158808428496, 10.378158781649999], [103.84164115729703, 10.378150843855055], [103.841714636346, 10.378122876648005], [103.84176358318636, 10.378122976947218], [103.84179607583523, 10.37813109009574], [103.84185734239236, 10.378135193703065], [103.84190535129515, 10.378147135887833], [103.84192251033795, 10.37815142035254], [103.84195932029418, 10.378147427267779], [103.84200253257498, 10.378138655514762], [103.84202841148519, 10.378121620860622], [103.84208890019237, 10.378104657088782], [103.84213633919325, 10.378083417268103], [103.84216900060991, 10.378054462251463], [103.84217961322466, 10.378045081248986], [103.84221420328059, 10.378010886343688], [103.84222289432482, 10.37795964115256], [103.8422316768733, 10.377908305737307], [103.84224909700717, 10.377831311307736], [103.84228811470383, 10.377775878892855], [103.84232264908759, 10.377724596195895]]]], "type": "MultiPolygon"}, "properties": {"id": 2, "area": 261915.58, "perimeter": 2268.44}}, {"type": "Feature", "geometry": {"coordinates": [[[[103.84257814355729, 10.368455375342258], [103.84283222116427, 10.367649971303402], [103.84497767495427, 10.367307351476295], [103.84519608394113, 10.367272536009843], [103.84521069932829, 10.367270215084927], [103.8452253143396, 10.367268074980615], [103.84522721149776, 10.367277933645173], [103.84605476714918, 10.366505699199681], [103.84882449852347, 10.364589993472913], [103.84956122210447, 10.364372779692895], [103.85038431420848, 10.364295695030743], [103.85084879067328, 10.364893798308538], [103.85105454058038, 10.36537393498423], [103.85108878816395, 10.365593703136097], [103.85103459146994, 10.36601554251714], [103.850637386534, 10.367026079499292], [103.84987794262103, 10.367763384512587], [103.84834239269605, 10.367619234878514], [103.84737133677511, 10.368236490762806], [103.84762050805567, 10.368648547554818], [103.84852947009126, 10.370151575964838], [103.8488362908728, 10.370772236687195], [103.84873828474821, 10.37113675636619], [103.84869891914204, 10.371273106896002], [103.84869855490838, 10.37144931731152], [103.84873939561945, 10.371571274168787], [103.84884411453571, 10.371714516622182], [103.84898014875436, 10.371860986861515], [103.84916556454324, 10.372017773495301], [103.84928960511861, 10.372135197379428], [103.84943032735812, 10.372311150945869], [103.84954686990956, 10.372477743184506], [103.84963915297759, 10.37262936847139], [103.8497298919479, 10.372777012524452], [103.84986721411283, 10.373052049576591], [103.85003208742648, 10.373295950481763], [103.8503863699398, 10.373620880914709], [103.85048244344733, 10.37370606151358], [103.85068712256506, 10.373777447823182], [103.85080565958506, 10.373818733933659], [103.85103404676069, 10.373862682953284], [103.85247502005744, 10.373875173224889], [103.85460222292048, 10.373232018142863], [103.85552528426707, 10.372731365252587], [103.85680483486412, 10.372862854851679], [103.85760768255643, 10.372872145518343], [103.86033425863987, 10.372779035511751], [103.86153750924096, 10.372125494314107], [103.86261092560157, 10.371776015269367], [103.86369611129018, 10.371747244701984], [103.86527982385454, 10.371978664573255], [103.86746976797046, 10.37217971681925], [103.86838613496893, 10.372365686872719], [103.8697883209694, 10.372868143133394], [103.86994599919453, 10.372973510332104], [103.8699780600299, 10.3729237564993], [103.86999087705678, 10.372907507571474], [103.87000058132459, 10.372895230643161], [103.87004249774522, 10.372803183583963], [103.8700842528642, 10.372746125415532], [103.870097145077, 10.372692265484725], [103.8701644248307, 10.372657408123036], [103.87024146905273, 10.372625824689923], [103.8702959769571, 10.372584613474507], [103.87033140560646, 10.372540290882878], [103.87035708259434, 10.372486275161833], [103.87043087093973, 10.372438863303737], [103.87049502015486, 10.372416838155946], [103.87054634696622, 10.372413774280616], [103.870603949405, 10.372423380284676], [103.87066171287682, 10.372398087786737], [103.87070020832901, 10.37237275755267], [103.8707579528247, 10.372356958198285], [103.87081878297428, 10.372350748484152], [103.87085092676345, 10.372350811406372], [103.87090533940636, 10.372357246712594], [103.87092525133372, 10.37235493498872], [103.87095977732379, 10.372351024460002], [103.87100464602622, 10.372335199860405], [103.87103672376601, 10.37232260503531], [103.87109448736926, 10.372297222045216], [103.87113304233327, 10.372287804283909], [103.87118098405767, 10.372287898082348], [103.87125147490784, 10.372291200385352], [103.87130600430842, 10.372284887840584], [103.87137333061447, 10.37227236192665], [103.87141510080421, 10.372253366807588], [103.87145349855243, 10.372231200687647], [103.87146645026185, 10.372193162802638], [103.87147159272227, 10.372178797441139], [103.87148251956967, 10.372148711801545], [103.8715466812874, 10.37212035765998], [103.87157875916671, 10.372107672366974], [103.87165903097667, 10.372060182474966], [103.87168460340025, 10.372012676050112], [103.87171752529657, 10.371988871785359], [103.871732797493, 10.371977781030925], [103.87178085573113, 10.371965217363588], [103.87183546989799, 10.37196215970253], [103.87187713608684, 10.371949493116691], [103.87191874880338, 10.371917840018188], [103.87197968927794, 10.371902046680766], [103.87200219770685, 10.371879849443935], [103.87203427536525, 10.371867254513853], [103.87208555509355, 10.371841949079446], [103.8721273567167, 10.371807131920196], [103.87217217180621, 10.371772320641009], [103.87222357453075, 10.371731103008532], [103.87227166441744, 10.371702626911368], [103.87232941485011, 10.371683753284836], [103.87237108728873, 10.371667922242985], [103.87240327531907, 10.371645743875634], [103.87245453607666, 10.371629931543612], [103.87251545738819, 10.371623721676151], [103.87256992054785, 10.371604751175903], [103.87260849429511, 10.371585840063863], [103.87266296374375, 10.37156370515847], [103.87271421817739, 10.37155105717207], [103.87274942871095, 10.3715702027019], [103.87278540398339, 10.37157217154355], [103.87281033111178, 10.371573485943639], [103.87290970962708, 10.371561022235037], [103.87296098294476, 10.371538881042241], [103.87301970002365, 10.371538995579918], [103.87305065661762, 10.371539055961716], [103.87307948143108, 10.371554934188538], [103.87309228127101, 10.371593112789933], [103.87310817960999, 10.371634461835152], [103.87312417574594, 10.371672556257826], [103.87317532891939, 10.371710809653852], [103.87325225898456, 10.371736365289223], [103.87331936127062, 10.37179047176866], [103.8733642452292, 10.371812800495816], [103.87343460065806, 10.371838252860462], [103.87349864242829, 10.371870112118271], [103.87358838235716, 10.371882944627737], [103.8736108274083, 10.371892571985146], [103.8736235361874, 10.371930659980084], [103.87368438817435, 10.371959348585223], [103.87372918715756, 10.371978512696964], [103.87377735569946, 10.371956365325566], [103.87381262312954, 10.371946940830554], [103.87387031064748, 10.371959710817482], [103.87390225902463, 10.37196619226616], [103.8739375075895, 10.371966260925252], [103.87398552174643, 10.37197584764843], [103.87401753001073, 10.371998151210569], [103.87406230387602, 10.372029972834886], [103.87409759958342, 10.372052282791625], [103.87412632671754, 10.372071415552613], [103.87417121724397, 10.372090489371805], [103.87422240222409, 10.372112830253172], [103.87429287407438, 10.372125715468353], [103.87439226865155, 10.372151224161058], [103.87445298228212, 10.372157671133094], [103.87449147414942, 10.372179987269236], [103.87457154712, 10.372186471894238], [103.8746133106695, 10.372170731148277], [103.87467421950707, 10.372170849654907], [103.8748247833916, 10.372180635754495], [103.87486963289233, 10.37217439418303], [103.87496571802329, 10.372164997430382], [103.87502022835466, 10.372168267830695], [103.87507473850842, 10.372171628632964], [103.87514840043761, 10.372187593856383], [103.87520921796711, 10.372187712084301], [103.87525403591155, 10.372197382820326], [103.8753149857072, 10.372222906915342], [103.8753533863318, 10.372245222774712], [103.87537897426841, 10.372235688883936], [103.87542712375127, 10.372223124842824], [103.87546226221963, 10.37223268632952], [103.87558416498553, 10.37223608757857], [103.87568341471265, 10.372242609183187], [103.87572501148581, 10.372264931207981], [103.87585006295431, 10.372246187654524], [103.8759045135203, 10.372233545365411], [103.87595260639795, 10.372249551169894], [103.87601014617891, 10.3722908905293], [103.87604535074749, 10.372313200104252], [103.8760998548602, 10.372319634714131], [103.87615755491508, 10.372326165929598], [103.87620871178466, 10.372316681598933], [103.8762536841094, 10.37229452764668], [103.87629533122754, 10.372291444063713], [103.87634333908336, 10.37230428524341], [103.87638825484844, 10.372310701199487], [103.87644591405349, 10.372291736237742], [103.87649730990726, 10.372253772697293], [103.87656467399238, 10.37222207851586], [103.87663849621586, 10.372203235279944], [103.87669283021303, 10.372203340652803], [103.8767184716907, 10.37221288358681], [103.87674729032966, 10.372232016300565], [103.8768209334245, 10.372257564730546], [103.87690106008672, 10.372283125713631], [103.87700983548547, 10.372321399821576], [103.8770867721402, 10.372343880585033], [103.87713796990658, 10.372359892233817], [103.87721161306771, 10.372385440577668], [103.87727251572252, 10.372388722985606], [103.87734939897834, 10.37239203634106], [103.8774070865792, 10.372404896117105], [103.87746157199116, 10.372420823672652], [103.87751918078948, 10.372427354469462], [103.87756402422156, 10.372424186501265], [103.8776025351167, 10.372437009104834], [103.87762816414273, 10.37245288075176], [103.87766012534887, 10.372452942639974], [103.8777146170345, 10.372465705762295], [103.8777305287096, 10.372500635420403], [103.87772725723038, 10.372538782752851], [103.87771752111767, 10.372567333946416], [103.87774965872161, 10.372570560571521], [103.87777851513628, 10.372570616437585], [103.8778265545317, 10.37256754503254], [103.87790033304054, 10.372570852248712], [103.8779258768453, 10.3725836497161], [103.87797706220528, 10.372605990018998], [103.87803475630264, 10.372615594883118], [103.87807318859724, 10.37262199806132], [103.87812122175409, 10.372622091004246], [103.87815339059938, 10.372609495630813], [103.8781789595795, 10.372609545100591], [103.8782205755096, 10.372622283228448], [103.87823989370183, 10.372596914958082], [103.87827189257258, 10.372577900024176], [103.87833608254917, 10.37258127900382], [103.8783552467956, 10.372587644879086], [103.87838418473757, 10.372546382773862], [103.87844188758801, 10.372505266706241], [103.87848684731708, 10.372489441218121], [103.87853814917102, 10.372499033630605], [103.8785668703959, 10.372521330404254], [103.87859888530615, 10.372540469139459], [103.87861487574223, 10.372581818131357], [103.87865008072178, 10.372604037022018], [103.87870771473011, 10.372597819629549], [103.87874301973555, 10.372569317825603], [103.87876230026758, 10.372563026285073], [103.87879112549001, 10.372578904020886], [103.8788038848449, 10.372591676710366], [103.87884879448224, 10.372601256719909], [103.878896827643, 10.372601349546754], [103.8789576452959, 10.372601467070053], [103.87898965400257, 10.372623770160336], [103.87904096213516, 10.372630198102366], [103.87911471814652, 10.372598606138132], [103.87916608257798, 10.372576464117655], [103.8792268338516, 10.37256392384374], [103.87928788419016, 10.372538636106162], [103.87936798235565, 10.372532461977068], [103.87943210631795, 10.372523002169062], [103.87954107959376, 10.372507390533372], [103.87961158956112, 10.372501107421483], [103.87965323669967, 10.372498023403086], [103.87971088313961, 10.372485477043], [103.87974310834062, 10.372444221148779], [103.87975473595527, 10.37242887362178], [103.87976233490815, 10.372418943013859], [103.87980398203548, 10.372415858975213], [103.87984251812972, 10.372415933333185], [103.87988418411948, 10.372403265694354], [103.87992586861198, 10.372381195282573], [103.87995476256489, 10.372362174183767], [103.88001556772983, 10.372368620290045], [103.88004772403079, 10.372362353506766], [103.88007975426592, 10.372327335597621], [103.8800990785217, 10.37229880281232], [103.88015031399398, 10.372295737220455], [103.88018234766348, 10.372305382623365], [103.88020150571217, 10.372314912782876], [103.88020278255975, 10.372315728949264], [103.88023671060733, 10.37233722191608], [103.8802816389372, 10.372337308546735], [103.88031693133206, 10.372315135345698], [103.88036823562015, 10.372277080572104], [103.88042852548006, 10.372220508737492], [103.88043575291371, 10.372213741801092], [103.88047416875315, 10.372182081386379], [103.88051270701206, 10.372134599176261], [103.8805160943535, 10.372083794397607], [103.88052585762735, 10.371994848220613], [103.8805836452123, 10.371956896314321], [103.88060928915611, 10.371918792044946], [103.88072805433967, 10.371845968327957], [103.88082425123275, 10.371779610724477], [103.88091089527755, 10.371741623928875], [103.8810359175487, 10.371691053392118], [103.8810904716105, 10.371672081594765], [103.8811611224172, 10.371640483155874], [103.88122825946542, 10.37163111918832], [103.88129889160972, 10.371609013899247], [103.88133096910093, 10.371596327606584], [103.8813534042085, 10.371564636317416], [103.88139515496182, 10.37155522345291], [103.8815554504991, 10.371492062963112], [103.88161000449968, 10.371473091073533], [103.88166456452666, 10.371451045191474], [103.88174140619529, 10.3714289517459], [103.88178958054483, 10.371403548329893], [103.88185376028001, 10.371365518061378], [103.88192744108032, 10.371371988558133], [103.88198506241864, 10.371372099349285], [103.88202359414801, 10.37132778133106], [103.88207816050733, 10.371302480569833], [103.88216156456423, 10.371286728447776], [103.88218521578956, 10.37128677390672], [103.88220320533172, 10.371286808482438], [103.88222879904066, 10.371274200046017], [103.88226736620884, 10.371258361721527], [103.88231211176726, 10.371258447708506], [103.88233782589764, 10.371277573970488], [103.88233137146649, 10.371309296043952], [103.88231845830492, 10.371328348080345], [103.88232161081724, 10.3713505953948], [103.88234402511944, 10.3713760441285], [103.88237608394238, 10.371372850911127], [103.882414541015, 10.371366595988812], [103.88243056516956, 10.37134438551894], [103.88248521850207, 10.371274692751134], [103.88252054163841, 10.371236697317624], [103.88257832885984, 10.371198745028995], [103.88259437797274, 10.37116378655949], [103.88261238486976, 10.37115496080671], [103.88270342542624, 10.371110020254218], [103.8827322277877, 10.371090998712416], [103.88278679405505, 10.371065697824868], [103.88279326083105, 10.371027646949164], [103.88279979412982, 10.371002253827905], [103.88284146603075, 10.370986421392029], [103.88291850254697, 10.370957999213879], [103.88298566420318, 10.370935977287532], [103.8830883049447, 10.370936174286477], [103.88317440113558, 10.370944566964239], [103.8831876396795, 10.370945858129943], [103.88326121052958, 10.370961821327228], [103.88337344580418, 10.370958872236548], [103.88342799944235, 10.370939990437435], [103.883472854857, 10.370930583249576], [103.88350155792423, 10.370962282370897], [103.88352712489691, 10.371009978334643], [103.88355273538863, 10.371035433118278], [103.88366482968213, 10.371057889326302], [103.88375459471841, 10.371058061426888], [103.88389236797825, 10.371070983151156], [103.88396924471317, 10.37107754971559], [103.8840237612268, 10.371077654188054], [103.88408148003697, 10.371074600379698], [103.88411023884677, 10.371077819890077], [103.8844659079455, 10.371084829967653], [103.88461007966627, 10.371094599231027], [103.88474151638495, 10.371079028792664], [103.88480888566264, 10.371044168422426], [103.88504929512307, 10.371012893939291], [103.88518718611206, 10.370965510758543], [103.88531220730299, 10.370915028909993], [103.8854073606108, 10.37086810637342], [103.88541485586806, 10.370864413825435], [103.88553027649532, 10.370820151937123], [103.88559133222236, 10.37079169855422], [103.88566502076014, 10.370747356848154], [103.88573237736051, 10.37071891547835], [103.88580936407114, 10.370715898173131], [103.88583564215159, 10.370726888192314], [103.8858476863532, 10.370731883845226], [103.88588619145031, 10.370747779450529], [103.88595673797523, 10.370722508535206], [103.8860015871379, 10.370716265385042], [103.88608483141638, 10.37073550123801], [103.88613608379805, 10.37077049802213], [103.88617126415251, 10.370805554520675], [103.88624481649485, 10.370831100644184], [103.88632177242157, 10.370843905202483], [103.88640830418495, 10.370863147250509], [103.88649797173377, 10.37086648280464], [103.88662301626493, 10.370850808974748], [103.8867319764273, 10.370841523639925], [103.88686660927121, 10.3708258680064], [103.88694671311826, 10.370816527556906], [103.88704292593586, 10.370788140937826], [103.8871101849655, 10.370762863496086], [103.88716473855814, 10.37074389063636], [103.88725767006436, 10.370712333285663], [103.88730902753203, 10.370693354308145], [103.88735714063372, 10.370652218273356], [103.88738612646699, 10.370585640093115], [103.8873967035423, 10.370546783219972], [103.88739909484245, 10.370538017842343], [103.88742151082842, 10.370515819281222], [103.88747925414181, 10.370500107263856], [103.88755620536756, 10.370468338547962], [103.88766531239776, 10.370430392657857], [103.88771979285605, 10.370402016742037], [103.88778713077726, 10.370383068120042], [103.8878063197069, 10.370376775844102], [103.88785440196203, 10.370351461717588], [103.88789297474239, 10.370332548707795], [103.88797638448325, 10.370313630646443], [103.88805323780575, 10.370285206852753], [103.88810133231785, 10.370253563890898], [103.88814632835299, 10.370218660202383], [103.88819441670246, 10.370190181623572], [103.88826815904825, 10.3701649162649], [103.88829706461543, 10.370139565576272], [103.88835807183902, 10.370088870271221], [103.88838062817749, 10.370041356623714], [103.88841596277634, 10.369997031693876], [103.88847044958875, 10.369965310420715], [103.88851864146919, 10.369930503165849], [103.8885603252607, 10.369908341165885], [103.88863731290257, 10.36985767619559], [103.88864693821353, 10.369838617626671], [103.88867586827463, 10.369800609305651], [103.88871446566971, 10.369768948184111], [103.88874965977229, 10.369749938227972], [103.88878173663812, 10.36973734157357], [103.88882669030438, 10.369677122416954], [103.88882039664753, 10.369626299062755], [103.88885263880466, 10.369575548966283], [103.88887500047316, 10.369534182903772], [103.88889440282223, 10.369511978500253], [103.88892000228215, 10.369496205107234], [103.88896955048693, 10.369421167135892], [103.88899776623481, 10.369374749132223], [103.88905733981805, 10.36930976589963], [103.88913242517478, 10.369251050537347], [103.8891857470971, 10.36920775421519], [103.88926076635352, 10.369183123918276], [103.88932031711596, 10.369176998627767], [103.8893515114374, 10.36919568269589], [103.88938906076287, 10.369186441604363], [103.88941723438943, 10.369161722295564], [103.88945479561953, 10.369146333220447], [103.88948629997681, 10.36914639304649], [103.88950483732337, 10.369146428247031], [103.8895548057482, 10.369137210717533], [103.88957675176725, 10.369121791978463], [103.8895987158203, 10.369097060862744], [103.88962376678626, 10.369081557603348], [103.88970206744152, 10.36906000742861], [103.88976777229975, 10.369035359327919], [103.88978974228394, 10.369007554209814], [103.88980532620536, 10.368976572558825], [103.88980871578474, 10.368970973463751], [103.88982731438611, 10.368939364650718], [103.88986488747375, 10.368917827548701], [103.88989619727545, 10.368924034962841], [103.88990019719306, 10.36893335496296], [103.88990556091413, 10.368945751550342], [103.88993724036254, 10.368949699368454], [103.88996193338356, 10.368930398108414], [103.88999008297007, 10.36891806510909], [103.89002132543081, 10.368911885973924], [103.89003378355233, 10.368891747789625], [103.8900557909285, 10.368891789540834], [103.89007607518121, 10.368885680022746], [103.89009645687378, 10.368876406276954], [103.89010580426577, 10.368859336187967], [103.89011952786981, 10.36884589086992], [103.89013296177643, 10.368840582059232], [103.89014520768824, 10.368835723053289], [103.89015908978126, 10.368834754855612], [103.89018409556724, 10.368842577695723], [103.8902012841365, 10.368831760886728], [103.89021071689089, 10.368817764955722], [103.89023420632347, 10.36880696009507], [103.89024818078161, 10.368805449598133], [103.89027174351331, 10.368803957284152], [103.89030144249148, 10.368793164194276], [103.8903201864146, 10.36878081332817], [103.8903359168791, 10.368768456746716], [103.89034123581901, 10.368756803716282], [103.89034371186807, 10.368751383706115], [103.8903594423302, 10.368739027123347], [103.89037343182466, 10.36872974123837], [103.8903938103515, 10.368722094878176], [103.890415741439, 10.368714361048484], [103.89042681473647, 10.36870199563231], [103.89044400923535, 10.368688104820894], [103.89046118292524, 10.36868497296803], [103.89049250163625, 10.368686569340845], [103.89050939105955, 10.368688771240143], [103.89051742502029, 10.368689780999075], [103.89053779777207, 10.36868511820645], [103.89054256478089, 10.368675543596344], [103.89054870643744, 10.368663440062615], [103.8905675446325, 10.368649552359834], [103.89058949668923, 10.368630969146455], [103.89062860721995, 10.36861711986348], [103.89068186014696, 10.368609354965248], [103.89071775360874, 10.368606348985612], [103.8907211323319, 10.368606355388286], [103.89075994199014, 10.368606428929949], [103.89079281011206, 10.368609565209047], [103.89082404344377, 10.368608087387557], [103.89086313299453, 10.368605087447127], [103.89090073736313, 10.368614561511727], [103.89093194378896, 10.368627007040443], [103.89094763229211, 10.368636349171144], [103.890960115796, 10.36865029623003], [103.89096008592061, 10.368665756585145], [103.89097414557293, 10.368667410629222], [103.89099288963887, 10.368654969310448], [103.89100220692859, 10.368653449958703], [103.89101935947487, 10.368661257859152], [103.89103185189221, 10.368670593932313], [103.89105064220463, 10.368681478933194], [103.89105216472043, 10.368696942228713], [103.89105212576581, 10.368717103978652], [103.89106459425497, 10.368738826417253], [103.89107863906379, 10.368748165428938], [103.89109900866909, 10.368745130006346], [103.89111938141801, 10.368740467176602], [103.89113343513642, 10.368745195202766], [103.89114592162215, 10.368757605260654], [103.89115529739608, 10.368773083427527], [103.89116148004841, 10.36878701854747], [103.89116930029274, 10.368804121180155], [103.89118021640579, 10.368825840675145], [103.8912052103453, 10.36883981141492], [103.89123486162484, 10.368853700559505], [103.89126762344526, 10.36886461200247], [103.89130988816576, 10.368872467433182], [103.89132706465358, 10.368867888951158], [103.89134744037628, 10.368861689112807], [103.89137246121439, 10.368861736478499], [103.89138339532661, 10.368874143589174], [103.89140208230062, 10.368891266787227], [103.89143648190095, 10.368905255313877], [103.89145529912635, 10.368902216930728], [103.8914724787564, 10.368896011034986], [103.89148976454045, 10.368882120338627], [103.89149598299464, 10.368877521107562], [103.89151935122769, 10.3688821763345], [103.89153193201888, 10.36889304955678], [103.89153813266883, 10.368897672291952], [103.89155373582221, 10.36890394023286], [103.89158027920695, 10.368919450877051], [103.89160217433086, 10.368930341722846], [103.89163812615922, 10.36894442357766], [103.89166312606366, 10.368955320294349], [103.89170220082295, 10.368960005226725], [103.8917257546663, 10.368963123790133], [103.89174446853659, 10.368966323607044], [103.89176311516925, 10.368957046470687], [103.8917881689931, 10.36894000604122], [103.89181952961596, 10.368919903539428], [103.89183992016343, 10.368906018696533], [103.89188211452507, 10.3689030245067], [103.89190558594633, 10.368901531900233], [103.8919541935995, 10.36888761000541], [103.89198694638277, 10.368903222772031], [103.8920118818402, 10.368900195926168], [103.89205884578438, 10.368886270906948], [103.89208706865014, 10.368883250271223], [103.89211829904579, 10.368883309319875], [103.89216678834467, 10.36888340099469], [103.89221683596011, 10.368880421607397], [103.89224495565225, 10.368883548763918], [103.89231375915324, 10.368861979987589], [103.89234354939494, 10.36885118687803], [103.89237792918733, 10.368828106436476], [103.89239522103097, 10.368811051287908], [103.8924218210989, 10.368797178141033], [103.89245790017351, 10.368792635317773], [103.89249224736267, 10.368786461805806], [103.89253756443118, 10.368774161014853], [103.89256727536429, 10.368757129320342], [103.89260806839769, 10.368723121142276], [103.89263000222742, 10.368713940575061], [103.8926455445696, 10.36870438628551], [103.89266282384845, 10.368693840746468], [103.8926910557533, 10.368686118660326], [103.89275977379108, 10.368661475621856], [103.89278802955452, 10.368641367156275], [103.89280996650912, 10.368630559169757], [103.89284440795348, 10.36862284879626], [103.89286935853626, 10.368611956084592], [103.89290069816413, 10.368602702847125], [103.89293986108942, 10.36860901520657], [103.89295228558356, 10.368606235899236], [103.89296790738719, 10.368602829745377], [103.89297257046853, 10.36859976454818], [103.89298198794785, 10.368593634325968], [103.8930009204907, 10.368578119240185], [103.89303051307758, 10.368575101105442], [103.89304210440068, 10.368578196988494], [103.89306026740506, 10.368582932689014], [103.89308992763175, 10.368592210681054], [103.89310399930989, 10.368587626241029], [103.89312439587621, 10.368570576910484], [103.89315564713634, 10.368559786480118], [103.89317910947959, 10.368562995175362], [103.89319790595958, 10.368570715653167], [103.89320253614004, 10.368584738220607], [103.89321034169824, 10.368609525784956], [103.89323056618099, 10.368634427198069], [103.89325868273363, 10.368639181671805], [103.89329155977472, 10.368637706711931], [103.89332590101856, 10.368634607099052], [103.89334162231677, 10.368626951759945], [103.89334320481036, 10.36861131350408], [103.89332287386212, 10.368594277723494], [103.8933040775513, 10.368586466841284], [103.89329004155393, 10.36857251693826], [103.89329636643564, 10.368560052044591], [103.89330416683171, 10.368540085755427], [103.89330119218518, 10.368519918310584], [103.89330580797613, 10.368493978833099], [103.89330590016317, 10.368493526948054], [103.893338712672, 10.368478128443096], [103.89334775199603, 10.368478687969438], [103.89336373053065, 10.36847971264718], [103.89340759846418, 10.368461170580428], [103.89342689328858, 10.368447193151995], [103.89343109960525, 10.368444217497846], [103.8934609076952, 10.368424111897946], [103.8934858759894, 10.36840399716551], [103.89352506988975, 10.368346750011613], [103.89354391090137, 10.3683313251305], [103.89356431629996, 10.368309664784046], [103.89358462742176, 10.368289541259042], [103.89359871108249, 10.368278718403987], [103.89363161800344, 10.36826169263243], [103.89365820597402, 10.36825405776927], [103.893692641274, 10.368249511703068], [103.89374114544539, 10.368241827747429], [103.8937833397141, 10.368238833301861], [103.89382245303332, 10.368223446624055], [103.89385180032191, 10.368205509999896], [103.89385527453246, 10.368203346665902], [103.89385600680541, 10.368202443928245], [103.89387413047253, 10.368180146376174], [103.89389144306553, 10.368152241761575], [103.89390702341868, 10.36812288729154], [103.89391965798907, 10.368105823274602], [103.89392124305783, 10.368088828841323], [103.89392905574502, 10.36806244331796], [103.89394160786098, 10.36804076814192], [103.89395580072096, 10.368020633058656], [103.89397299208119, 10.368008279042268], [103.89399491991544, 10.368002172367053], [103.89401675069608, 10.367999049097316], [103.89404022795844, 10.367994482339911], [103.89406681902668, 10.367985220034184], [103.8940809910199, 10.367975934323495], [103.89409498924267, 10.367962037281995], [103.89412315337191, 10.367942018929241], [103.89414830109217, 10.367923531891174], [103.8941639402298, 10.367911084527263], [103.8942157445095, 10.367849250034132], [103.89424857480688, 10.367824539045573], [103.89429547099357, 10.367798227137264], [103.89433302594544, 10.367785911458967], [103.89435961403527, 10.367778186122859], [103.89438620195023, 10.367770551195942], [103.89441442192576, 10.367768976932716], [103.89444100098035, 10.3677659529875], [103.89446922373448, 10.367762932135463], [103.8944785439393, 10.367759875684984], [103.89449736715545, 10.367753672715605], [103.89451146569822, 10.367735074428218], [103.8945254935895, 10.367705716999799], [103.89453959803303, 10.367684044719953], [103.89456622500958, 10.36765606719001], [103.89460702932685, 10.367616001165155], [103.89461956366665, 10.3676035479315], [103.89464771297301, 10.367591214506273], [103.89468538889446, 10.36756343858953], [103.89470412077867, 10.36755723543517], [103.89473069981386, 10.367554211464812], [103.89477283253036, 10.367535665932978], [103.8948135864668, 10.367521819215597], [103.89485423432959, 10.367515657298936], [103.89489023684698, 10.367503338630707], [103.89493099667558, 10.36748641790666], [103.89495440357211, 10.367470911115241], [103.89496719587697, 10.367466776240986], [103.8949763195527, 10.36747095235222], [103.89498735098556, 10.367480285527266], [103.89499510994557, 10.36748183712705], [103.8950060767863, 10.367477246757442], [103.8950139657594, 10.36745863676224], [103.89502166602502, 10.367443190825965], [103.89503576087932, 10.367426491154387], [103.895079629098, 10.367407677609886], [103.89511883669705, 10.36739066352876], [103.89515009662853, 10.367375261906199], [103.89520327860234, 10.367356737098548], [103.89525180325276, 10.367338293934692], [103.89530501192502, 10.367305845736325], [103.89533318494098, 10.367281125870342], [103.89535204071817, 10.367257925483349], [103.89538484121466, 10.367248674738528], [103.89542713273244, 10.367242515837274], [103.89545062188772, 10.367231710577663], [103.89549914650611, 10.367213267374419], [103.8955362437252, 10.367201493159317], [103.89554291381847, 10.36719942622508], [103.89557580562087, 10.367190175631743], [103.89558989818147, 10.367174651283065], [103.89559813746992, 10.367163817348066], [103.89561333466708, 10.367143684070305], [103.89566502053128, 10.367095772520173], [103.89569017416407, 10.367074120948349], [103.89572465073992, 10.36704796630136], [103.89575901554362, 10.367032480038475], [103.8957778622634, 10.367013981022744], [103.89580757581328, 10.366995412011724], [103.89583262026387, 10.366983072643087], [103.89586552399237, 10.366967583622992], [103.89589367025252, 10.36695678707817], [103.89591396017752, 10.366947603185668], [103.89592968445226, 10.36693832030341], [103.89594220675994, 10.36693210540855], [103.89595783365306, 10.366925986756737], [103.89597353713644, 10.366927553255476], [103.89598440084838, 10.366929110662799], [103.89600477030582, 10.366926074919714], [103.89601454826796, 10.366922386399203], [103.89602505745431, 10.36691833760435], [103.89603319570419, 10.366912566530885], [103.8960470030216, 10.366902918394775], [103.89606740815917, 10.366881257872596], [103.89609865327522, 10.366873541131877], [103.89613155386296, 10.366859679490611], [103.89614873624592, 10.366851936336678], [103.89616518463299, 10.366846000040633], [103.89627228211393, 10.36680723361473], [103.89629432209513, 10.366790187150885], [103.89631004704415, 10.36678054260273], [103.89631928108243, 10.366774773578609], [103.89632567478917, 10.366773971874476], [103.8963427552856, 10.366771743641776], [103.89636465044794, 10.366782634165556], [103.89637561153337, 10.366781027327196], [103.896388142656, 10.366770201425766], [103.89639757784907, 10.36675475870781], [103.89640792256975, 10.366741216345755], [103.89641643646073, 10.366730021255318], [103.89643985206048, 10.366709903359387], [103.89646024227275, 10.366696018201951], [103.8964836400388, 10.366685212690829], [103.89650565334532, 10.366682089588046], [103.8965290213394, 10.366686834858017], [103.89654463055675, 10.366689938153165], [103.89655156939057, 10.36669058405718], [103.89656188641159, 10.366691507535798], [103.8965649095442, 10.36668645014433], [103.89657123027747, 10.366676064640707], [103.89658386758923, 10.36665746350995], [103.89659012157946, 10.366634239395957], [103.89660574256277, 10.366631194703341], [103.89662298958935, 10.366637375071072], [103.89663704037044, 10.366643639852832], [103.89665574534561, 10.366651450367922], [103.89667062195534, 10.366655637224795], [103.8966776495097, 10.3666576394705], [103.89669646656687, 10.366654600769724], [103.89671984061843, 10.366656181621929], [103.89673397977758, 10.36666398356712], [103.89674172696355, 10.366671683109015], [103.89676360725547, 10.3666903489987], [103.8967917297626, 10.366691938753272], [103.89680890606706, 10.366687359966532], [103.89682609136673, 10.366678079778618], [103.89684647273891, 10.366668805584306], [103.89686530761284, 10.366656454484586], [103.89687626557865, 10.366656475036546], [103.8969106859739, 10.366659613594049], [103.89693723534587, 10.366672049809832], [103.89696533692577, 10.366684579346169], [103.8969824660128, 10.366704682901934], [103.89699025990218, 10.366735708788207], [103.89701681516387, 10.366745071005347], [103.89704173278447, 10.36675126573432], [103.89706055572451, 10.366745153019778], [103.89708557936083, 10.366743662935122], [103.89709654926142, 10.366737445082995], [103.89710442910146, 10.366723536428099], [103.8971137670637, 10.36671116750846], [103.89712473990207, 10.36670341265893], [103.8971466558381, 10.366703453744986], [103.89716389095088, 10.366715872481358], [103.89717328755002, 10.366720591513701], [103.89718259888423, 10.366722145970408], [103.89719199859584, 10.366725237594363], [103.89721390865563, 10.366728352668586], [103.89725300677277, 10.366720740945267], [103.89727339695294, 10.366706855734295], [103.89728427847113, 10.366699100707956], [103.89729049991381, 10.366692873949068], [103.89729681854982, 10.366683573368467], [103.89732499429962, 10.366657316318689], [103.89733908969157, 10.366640254890244], [103.89737355433843, 10.36662024804094], [103.89738918430288, 10.366612501909046], [103.89740803401683, 10.366592375382542], [103.89741584913789, 10.366564543168565], [103.89742373207028, 10.366549007096697], [103.8974456804857, 10.366532050789582], [103.89747385033421, 10.366508867717913], [103.89748474117204, 10.36649623046005], [103.89750057397767, 10.366477906512383], [103.8975052400964, 10.366473213836782], [103.89752250769693, 10.366468635181695], [103.8975428035956, 10.366456286777213], [103.89756775645284, 10.366444037507266], [103.89759443861718, 10.36643477506674], [103.89759912546602, 10.36641923300275], [103.89761945677465, 10.366388350223689], [103.89763520170587, 10.366368217866313], [103.89764620112392, 10.36634653961743], [103.89767115120478, 10.366335736923599], [103.89771031415286, 10.366341958280792], [103.89776661525795, 10.366315753861764], [103.8978010710356, 10.36630035795235], [103.89782301371498, 10.36628638519864], [103.89784963700937, 10.36626012519095], [103.8978933687028, 10.366264818078045], [103.8979152934178, 10.366260248120259], [103.89793101466839, 10.366252502131077], [103.89796062911516, 10.366237910846893], [103.89796355468928, 10.366236108085992], [103.89796940549215, 10.366232683387231], [103.89798732765401, 10.366220059273342], [103.89799107110328, 10.366220337516648], [103.89801079300159, 10.366221640201248], [103.89802326483203, 10.366241825398284], [103.8980543947071, 10.366246585086131], [103.89806546469309, 10.366235756379757], [103.89810140826548, 10.3662063493786], [103.89812335368775, 10.366190930018126], [103.89815314350388, 10.366180136342997], [103.89817818193822, 10.366170870775552], [103.89820320259447, 10.366170917597673], [103.8982282380929, 10.366163189022878], [103.89825483183421, 10.36615238935741], [103.8982689121404, 10.366143193690176], [103.8982860795967, 10.366143225811584], [103.89829391519339, 10.366152462485307], [103.89829854281447, 10.366167931577394], [103.89831103830267, 10.366175730379076], [103.89834393873151, 10.366161868501273], [103.89835802783557, 10.366148061839866], [103.89838462157172, 10.366137262163331], [103.89839095500265, 10.366120186163243], [103.89840340644892, 10.366103212019704], [103.89841294474549, 10.366081531007577], [103.89843488445152, 10.366069095206297], [103.89844886463439, 10.366064510350082], [103.898473982465, 10.366061483327954], [103.89849271126383, 10.36605681693983], [103.89851930205572, 10.36604755424816], [103.8985490005303, 10.36603676036396], [103.89857714955923, 10.366024426576988], [103.89859752773837, 10.366016779674407], [103.89862885213583, 10.366015301248675], [103.89864437899855, 10.366013702868559], [103.89867881107912, 10.366010693246677], [103.89870703658744, 10.36600613501436], [103.89872576538023, 10.366001468612273], [103.8987351561219, 10.366009261592986], [103.89876181752871, 10.366010848440835], [103.89878512678818, 10.365998505586914], [103.8987992072455, 10.365989219483533], [103.89881026530134, 10.365984629148429], [103.89883062588751, 10.365986204211792], [103.89884458554597, 10.365992378315909], [103.89886182655512, 10.366001722969639], [103.89887743266532, 10.366006453559521], [103.8988947091884, 10.365997173425818], [103.89890412958478, 10.365989415609798], [103.89893543661307, 10.365949150414536], [103.89896048673026, 10.365933736796089], [103.89898397860934, 10.365921394268263], [103.89900114019572, 10.365924500344658], [103.89901518806911, 10.365932302020573], [103.89902769838967, 10.365932325398793], [103.89904013807555, 10.365921499215778], [103.8990480238421, 10.365904426101126], [103.89904968821483, 10.365893579782423], [103.89906531207389, 10.365888997969838], [103.89908092714357, 10.365889027147311], [103.89910129651466, 10.365885991202433], [103.89910904960279, 10.365890616695937], [103.89912320947239, 10.365887569147544], [103.89915765049766, 10.365879858070848], [103.89917482965927, 10.36587374215611], [103.89919047436437, 10.365858220535248], [103.89919360840591, 10.365842856365632], [103.89920460184136, 10.365824252049645], [103.89921713007655, 10.365814872615127], [103.89923432112148, 10.365802518297347], [103.89925945081443, 10.365793252812596], [103.8992750658799, 10.365793281980377], [103.89928723022537, 10.365783178567925], [103.89930314421778, 10.36577009856555], [103.89933137865594, 10.36576083887398], [103.8993595098911, 10.365757817409026], [103.89937786444003, 10.36575785168806], [103.89938161046969, 10.36575677374108], [103.89940026049705, 10.365745507081545], [103.89941114193252, 10.365737751977962], [103.89943616548797, 10.365736261705162], [103.8994597309125, 10.365733231705073], [103.89947270039026, 10.365731899744226], [103.89948941469149, 10.365730122715723], [103.8995284919801, 10.365733360096423], [103.89955029587871, 10.365744250235645], [103.89957218816781, 10.365756677541032], [103.89958935268005, 10.365758246588793], [103.89960198685354, 10.365741182323392], [103.89961287706537, 10.365728816221353], [103.89962384085844, 10.365725762683649], [103.89964420143504, 10.365727337694816], [103.89967386730788, 10.365733631494273], [103.89970672046815, 10.365744542248105], [103.89972077145165, 10.365750716485087], [103.8997224032645, 10.3657569579532], [103.89971133627652, 10.365766249723949], [103.89972536660346, 10.365783273352354], [103.89975203970636, 10.365778712128751], [103.89976292698765, 10.36576788301855], [103.89977555512793, 10.365753983151741], [103.89979428096714, 10.365750853682778], [103.89981764603019, 10.36575713571011], [103.89984740030049, 10.365764966661484], [103.89987551983062, 10.36576809313987], [103.89990053753708, 10.36576967682533], [103.89991148670147, 10.365774308263717], [103.89992242984307, 10.365782104107737], [103.89995685311773, 10.365783705338474], [103.8999818708262, 10.3657852890177], [103.9000162910047, 10.365788517650936], [103.90003346446932, 10.365785385271927], [103.9000491001831, 10.365774565009893], [103.9000616311458, 10.365763738955282], [103.90008191503615, 10.365757628782442], [103.900103842789, 10.365751431262687], [103.90013982428628, 10.36574996137485], [103.90015543642774, 10.365751527497029], [103.90019461983965, 10.36574698956965], [103.90021653279749, 10.36574856744005], [103.90023371795452, 10.36573928706097], [103.90024472009851, 10.365716071713791], [103.90026654758617, 10.365714575415781], [103.90027593836037, 10.3657223683533], [103.90029153588294, 10.365731619455355], [103.90032440660934, 10.365733308163389], [103.90035252614378, 10.36573643460018], [103.90036810578545, 10.36575508850583], [103.90038367958238, 10.365776816405472], [103.90041971714994, 10.365793881036302], [103.90043367958624, 10.365798608487049], [103.9004587975573, 10.365795490895968], [103.90047598855627, 10.365783136509004], [103.90048541475525, 10.365772304649308], [103.90049795447204, 10.365756867584764], [103.90051832692053, 10.365752204139875], [103.90053237190529, 10.365761542748649], [103.9005463107903, 10.365778656585116], [103.90057441847077, 10.365788021403961], [103.90060253216934, 10.36579422181406], [103.90063395662878, 10.365788132369243], [103.90065733666832, 10.365786548526403], [103.90067768832029, 10.365792824876475], [103.90069330046803, 10.36579439097281], [103.90070746925896, 10.365786641949683], [103.90072000604431, 10.365772741873341], [103.90074185123653, 10.365761933147002], [103.90076377880746, 10.365755825993142], [103.9007903724387, 10.3657450261109], [103.90082316388414, 10.365740385785008], [103.900854491177, 10.365737370142869], [103.90087633361358, 10.365728007992834], [103.90089828162529, 10.365711141847173], [103.90092649832377, 10.365711194409123], [103.9009373445048, 10.365721973633178], [103.90098429270279, 10.36571591306934], [103.90100000784632, 10.36571133133072], [103.90101562291275, 10.36571136041377], [103.90102191496858, 10.365715983141353], [103.90102189435571, 10.365726832535552], [103.90102962084622, 10.365745471785008], [103.90104212532385, 10.365748569079479], [103.90104834066479, 10.365745506648949], [103.90105457678918, 10.36573150441242], [103.90106399695595, 10.3657238369412], [103.90108282286063, 10.365716096573857], [103.9010953479481, 10.365708344471877], [103.90111572313474, 10.365702234402534], [103.90113291118504, 10.36569141697619], [103.90114543918992, 10.365682127874573], [103.90116736400122, 10.365677467278365], [103.90117357040972, 10.365679106249555], [103.90118606011804, 10.365689978937795], [103.90120331595581, 10.365691548069682], [103.90121108967936, 10.36568532411943], [103.90122372067468, 10.365669887194347], [103.90123780998, 10.365655899574797], [103.90125178135335, 10.365655925586037], [103.90127212425426, 10.3656668128915], [103.90128150921589, 10.36567767979616], [103.90129247591307, 10.365673089202964], [103.90130180200941, 10.365666868140302], [103.9013174110654, 10.365670061615392], [103.90132516126529, 10.365676224054667], [103.90134084996384, 10.36568556568906], [103.90136273940807, 10.365699529873948], [103.9013798979231, 10.365704263233315], [103.90138620766648, 10.365699573556755], [103.90139088539183, 10.365688732830169], [103.90139865310357, 10.36568567328204], [103.90142221267729, 10.365685717132122], [103.90144877675914, 10.365690467993408], [103.90147380631777, 10.36568581315438], [103.90150515128097, 10.365673485050666], [103.90152231872193, 10.365673516997887], [103.90152550294572, 10.365679761347664], [103.90153477909476, 10.365699850061464], [103.90154418466167, 10.365699867563757], [103.90156605917022, 10.365673598391195], [103.90160204649573, 10.365669054343517], [103.90163801631762, 10.36567373227788], [103.90165836506846, 10.365681545564314], [103.90167551192005, 10.365692426898912], [103.9016880045642, 10.365701762570954], [103.90170362272053, 10.365700164211228], [103.90171459233, 10.36569403660563], [103.9017240037305, 10.365690980107235], [103.90173021923596, 10.365687827251449], [103.90174437616098, 10.365686316583396], [103.90175057982825, 10.365689402129712], [103.90176772960022, 10.365698746461867], [103.90177875827209, 10.365709616410482], [103.90179429077361, 10.365705034292677], [103.90180061217669, 10.365694196616694], [103.90181314307979, 10.365683370490242], [103.90183496473145, 10.365684948080714], [103.90186782380617, 10.365692784622205], [103.90190378780471, 10.365700536522745], [103.90192250762362, 10.365700571335651], [103.90199291240667, 10.3657007022564], [103.90203983418178, 10.36570856492897], [103.90205690447993, 10.365711670673598], [103.90207726799157, 10.36571170853354], [103.9021038379183, 10.365713385345733], [103.90211632783354, 10.36572416758806], [103.90212570099669, 10.365741272872691], [103.90213509182071, 10.365749065758521], [103.9021475992265, 10.365750626012794], [103.90215857191609, 10.365742870982219], [103.90216646042768, 10.365724260783363], [103.90217434293778, 10.365708814991557], [103.90218677668435, 10.36570106267579], [103.90221024186064, 10.36570273370796], [103.9022211910612, 10.365707365069499], [103.90226338788672, 10.365702832489191], [103.90229316005218, 10.365701260406922], [103.90231498753703, 10.365699763969275], [103.90233690633795, 10.365698267699829], [103.9023540737829, 10.36569829960274], [103.90236504046733, 10.365693708972131], [103.90238386342904, 10.36568750552463], [103.90239948141169, 10.365685997542515], [103.90241820123146, 10.365686032326522], [103.90243710659692, 10.365684530450872], [103.90245894007815, 10.36567986959587], [103.90247145330966, 10.365678355841645], [103.902485510006, 10.365681546376502], [103.90249335154682, 10.36568770895856], [103.90250738785349, 10.365701658478027], [103.90253395487093, 10.365704872252707], [103.902541810977, 10.365703349843955], [103.90255116052454, 10.365684742348542], [103.90255895187036, 10.365669205964863], [103.90258556891257, 10.365646019534957], [103.90260747006378, 10.365653835646226], [103.90262624882041, 10.365670958388593], [103.90264503939932, 10.365681842726419], [103.90267005130097, 10.365686500192789], [103.90270283381633, 10.365686561078933], [103.90272630207954, 10.365686604663896], [103.90277323278309, 10.365689765824698], [103.90278726893166, 10.365703805744289], [103.90279820341314, 10.365716212488373], [103.90282157453998, 10.365719329892976], [103.90282943064543, 10.365717807477147], [103.90284349625311, 10.365716296590929], [103.90286067551662, 10.365710090063072], [103.90287320347522, 10.365700800891352], [103.90289359335966, 10.365686915305549], [103.90291239576459, 10.365691561224482], [103.9029186700421, 10.365705586728083], [103.90292794919375, 10.365724138408613], [103.90293888950332, 10.365733471152142], [103.90295924120555, 10.365739747360198], [103.90298892496911, 10.365736638045922], [103.90301240196867, 10.365732070616007], [103.90303589660083, 10.365718190784209], [103.90306394249055, 10.365712004415666], [103.90308898658459, 10.365699664459234], [103.90311255489652, 10.365695097191242], [103.9031532024196, 10.365688934202467], [103.90318142785661, 10.365684375572107], [103.90321111452336, 10.365679729238767], [103.90324709601778, 10.36567825900199], [103.90328462116027, 10.365681402635941], [103.90332047608923, 10.365698557022771], [103.90332977562734, 10.365706349705892], [103.90334864882475, 10.365721845167975], [103.9033658104567, 10.365724951013288], [103.90338454482529, 10.365717300750296], [103.90339396510993, 10.365709542795964], [103.90339709039242, 10.36569869915658], [103.90338615879541, 10.365684755433383], [103.90337843216363, 10.365666116232775], [103.90339872780056, 10.365653767442327], [103.90342695631155, 10.36564758138018], [103.90346759492887, 10.365646119757244], [103.90351611906917, 10.365627584890712], [103.90354427079902, 10.36561371365748], [103.90356612752493, 10.365596756740182], [103.90359117467077, 10.365582789333025], [103.90361629825126, 10.365576687907726], [103.9036350033608, 10.365584498023521], [103.90364283312297, 10.365596898983414], [103.90366317320414, 10.365609323140328], [103.9036819048233, 10.365603119445785], [103.9037006596983, 10.365584619763876], [103.90372105552638, 10.36556756971483], [103.90373979859854, 10.365555308435187], [103.90376957947062, 10.365549125220124], [103.90378995460459, 10.365543014977815], [103.90381810050305, 10.365532217716073], [103.90384616397347, 10.365516718875838], [103.9038697409824, 10.365507540555928], [103.90389943634402, 10.365498283162482], [103.90393387433267, 10.365492108563505], [103.90395736890964, 10.365478228660924], [103.90398706426632, 10.365468971259068], [103.90400900065372, 10.36545816247237], [103.90403092832348, 10.365451964679247], [103.9040558750651, 10.365442788883291], [103.9040715019187, 10.365436579411968], [103.90409499067572, 10.36542577349553], [103.90410750098785, 10.365425796675021], [103.90412008792042, 10.36543359542695], [103.90414191538505, 10.365432098863756], [103.90415598986213, 10.365425886512108], [103.90417168444985, 10.365432154015688], [103.90419037504346, 10.365447649091685], [103.90420907725711, 10.365456996172943], [103.90422324305031, 10.365450783987505], [103.90423422439524, 10.365438417887214], [103.90423735835928, 10.365422963242379], [103.90422486854902, 10.365412090667187], [103.90420914457405, 10.36542137397391], [103.90419041895461, 10.365424413291876], [103.90417172255289, 10.365411992212799], [103.90417175775113, 10.365393367408316], [103.90419205624627, 10.365379481566455], [103.9042124344378, 10.365371743886136], [103.90423283005477, 10.365354784213757], [103.90423597580613, 10.36533309116334], [103.9042454194647, 10.365312946782742], [103.90425631546698, 10.365297416103514], [103.90426884917888, 10.36528505287705], [103.90428294397591, 10.365268081529985], [103.90429246117932, 10.365257340131], [103.9043189722299, 10.365241838371261], [103.90433615127166, 10.365235722173015], [103.90435343051104, 10.365224904735774], [103.90437063602609, 10.365204774725726], [103.90438940860102, 10.36517687218521], [103.90443328711483, 10.365152180554105], [103.90444270735773, 10.365144422566393], [103.90445525266932, 10.36512591133767], [103.9044615915612, 10.365105761200335], [103.90447248737472, 10.365090320924278], [103.90448344837533, 10.365088713803784], [103.90449603820808, 10.365094975542371], [103.90450067483513, 10.365105833566734], [103.90450850462176, 10.365118234507156], [103.90451634311778, 10.365126024451758], [103.90452721024202, 10.365125773335953], [103.90453507230315, 10.365121086468312], [103.90454915239405, 10.365111890512695], [103.904567889774, 10.365102612766597], [103.90459448613909, 10.36509027556041], [103.90462107959976, 10.365079475350488], [103.90463680644844, 10.36506865502321], [103.90465873391001, 10.365062547596612], [103.90467425473656, 10.365064113329804], [103.90468054683772, 10.36506873598827], [103.90468673294178, 10.365081133882304], [103.90469145798937, 10.365093529071908], [103.90470550598187, 10.365101330505464], [103.90472276181586, 10.365102899447747], [103.90473682739157, 10.36510138847663], [103.90474769997748, 10.365098244179443], [103.90475555896244, 10.36509518471649], [103.90476809264734, 10.365082821468876], [103.90478382529484, 10.36506892713687], [103.90480412084199, 10.365056578252075], [103.90483226086361, 10.365048854894189], [103.90484943118234, 10.36504734966327], [103.90486979466145, 10.365047387344019], [103.90488851445177, 10.365047421982133], [103.90489243950609, 10.365048242952726], [103.9049636382131, 10.36506311184075], [103.90498856459585, 10.36506469495982], [103.90503084393048, 10.365064773174241], [103.90506683422898, 10.365058601321604], [103.90513566532961, 10.365021569301309], [103.9051482105967, 10.365003058042872], [103.90518429128745, 10.364948967980123], [103.90519601146372, 10.364932173021666], [103.90520471019384, 10.364919621839448], [103.90522038970332, 10.364885475096457], [103.90524234937673, 10.364862279818706], [103.90527993277972, 10.364834502416464], [103.905312747452, 10.364817475221438], [103.90534397155282, 10.364820697372387], [103.9053690834508, 10.364820743799877], [103.9053893936241, 10.364800619469959], [103.90541135327949, 10.364777424179527], [103.90545045101096, 10.364769811434018], [103.9054801258062, 10.364771403291414], [103.90549845525857, 10.36478472773752], [103.90550985407329, 10.364793066711801], [103.90552400208495, 10.364796257282325], [103.90554272782873, 10.364793127472097], [103.90558019942861, 10.364776199267826], [103.90560367632904, 10.364771631642395], [103.90564584692906, 10.364780931598446], [103.90566464046823, 10.364790278764387], [103.90570061896798, 10.364790345245645], [103.9057240900743, 10.364788851609239], [103.90574280116154, 10.364793497193563], [103.90575373573547, 10.36480590384257], [103.90577096804707, 10.364819949542895], [103.90579907599523, 10.364829223497848], [103.90583186133665, 10.364827747061149], [103.90584283970215, 10.364816917899688], [103.90586159730437, 10.364796881082235], [103.90587268759815, 10.364775112272142], [103.90589613450905, 10.364737996242896], [103.90592908985869, 10.364694749756653], [103.90598381724942, 10.364679390379186], [103.90600259631593, 10.364696422520712], [103.90601663853597, 10.364707297896032], [103.90603859524535, 10.364685639558724], [103.9060511521986, 10.364660889853184], [103.90607296802688, 10.364665541151501], [103.9060885537638, 10.364681120799137], [103.90610734748208, 10.364690377527955], [103.90612773716785, 10.364676491724673], [103.90614806158966, 10.3646487727599], [103.90617313460743, 10.364620972148725], [103.90618987488328, 10.364605361774837], [103.90620286490399, 10.364593089721366], [103.90622645642604, 10.364576135813373], [103.9062451704043, 10.364579244369153], [103.90624598611848, 10.36458250070789], [103.90624979244444, 10.364597877778724], [103.90626389976654, 10.364622676715637], [103.9062873301713, 10.364642791436301], [103.90631389136827, 10.364649078894312], [103.90635920161722, 10.364639850086858], [103.90639677332705, 10.364618220543292], [103.9064218434279, 10.364591956910441], [103.90643906614082, 10.364562604784833], [103.90645164637506, 10.364525468656527], [103.90647520877705, 10.364523975132489], [103.90648449679257, 10.364537915724004], [103.90649698954596, 10.364547251215278], [103.90651424536414, 10.364548820060316], [103.90653762513601, 10.364547326194797], [103.90655169663849, 10.364542650732322], [103.9065892798951, 10.364514873168003], [103.90661744314313, 10.364494763243233], [103.90663782394772, 10.364485578814826], [103.90666916572332, 10.364474787188199], [103.90671611673376, 10.364467098359698], [103.90677238774879, 10.36445635270465], [103.90680684004161, 10.364442492791893], [103.90684117482282, 10.364442556111992], [103.90686931474897, 10.364434832569756], [103.90688969265194, 10.364427185124024], [103.90692881378203, 10.364407095376427], [103.90698983609839, 10.364394821438399], [103.90703991801604, 10.364373214879924], [103.9070852511611, 10.364351780383624], [103.90713213701022, 10.36433016791848], [103.90718074612593, 10.36431479705306], [103.90721354025392, 10.364308619062264], [103.90725117395215, 10.364302540398707], [103.90729337939112, 10.364293305733606], [103.90734025655196, 10.364276304235037], [103.90738567248434, 10.364259390449192], [103.90741538514278, 10.364240820309695], [103.90744519760904, 10.36421772974883], [103.90749360384561, 10.364213117494074], [103.90752655137034, 10.364222490625085], [103.90753902681713, 10.364241048073978], [103.9075467450066, 10.364264298186457], [103.90755298464583, 10.364296858016278], [103.90757632651714, 10.364315525890708], [103.90760751000705, 10.364340356225163], [103.90763882847023, 10.364341950909036], [103.90765135335448, 10.364334198539048], [103.90766234319237, 10.364317221312689], [103.90768109216144, 10.36430170496725], [103.90772647309754, 10.364303415950321], [103.9077468365393, 10.364303453446254], [103.90774531626566, 10.364286362769516], [103.90774223190452, 10.364275507644246], [103.90770937856969, 10.364264597703318], [103.90769690599888, 10.364244503260926], [103.90770788716955, 10.364232137031188], [103.90773913757293, 10.364221345128547], [103.90778928169625, 10.364215199024208], [103.90782052615258, 10.364207571524265], [103.90784699620505, 10.364213768275643], [103.90785482322131, 10.364227706140927], [103.90788137864979, 10.364237067468597], [103.90790958065172, 10.364244894820253], [103.90792520160714, 10.36424175915289], [103.90793143723036, 10.3642278471748], [103.90792050835749, 10.364212366596563], [103.90791897347427, 10.364203051329758], [103.90792052584385, 10.36420305418728], [103.90793467691554, 10.364204617240416], [103.90795028021357, 10.364210884392781], [103.90796907379564, 10.364220231426303], [103.90797681527339, 10.36423109512164], [103.90798464229596, 10.3642450329841], [103.90798305224098, 10.364265101533471], [103.90797360307847, 10.364288320039323], [103.90796105206022, 10.364309995830506], [103.90795636880662, 10.364323910666474], [103.90796099977395, 10.364337842646629], [103.90797183428135, 10.364354950466975], [103.90801572548756, 10.364371938304792], [103.90804849330085, 10.364379774048277], [103.90807506045985, 10.364382896950687], [103.90809378022162, 10.364382931400067], [103.908095367555, 10.364364309437825], [103.90811732970504, 10.36433966736138], [103.90813768721073, 10.364342869243723], [103.90816106119631, 10.364344449258196], [103.90818458319583, 10.364364473602835], [103.90820958627646, 10.36437383204821], [103.90824866066296, 10.3643786053649], [103.90827678307976, 10.36438019410706], [103.90831277037212, 10.36437555888275], [103.90835022143267, 10.36436947975392], [103.90838000212518, 10.364363296100224], [103.90841135520371, 10.364346446712652], [103.90843009243596, 10.36433716873227], [103.90847383563741, 10.364335712176125], [103.90849742414345, 10.364320295093192], [103.90850988957705, 10.364295545111665], [103.90853969926074, 10.364273901033275], [103.90856474016427, 10.364263097630845], [103.90857564151906, 10.36424458320267], [103.90858354114978, 10.36421982482244], [103.90859608923986, 10.364199686004053], [103.90861639917645, 10.364179561455945], [103.90863370433507, 10.364154820366766], [103.90864625224968, 10.36413477195777], [103.90866034981906, 10.364116172990169], [103.90867600552079, 10.364094502876053], [103.90869794743179, 10.36408061975475], [103.9087229854327, 10.36407135333854], [103.90874960462143, 10.364046719775414], [103.90875097724079, 10.36404518529335], [103.90877001144848, 10.364023611796242], [103.90880282586555, 10.364006584229138], [103.90882632013391, 10.363992703951554], [103.90885136100597, 10.363981900524838], [103.90886543516606, 10.363975778369554], [103.90887174188899, 10.363972625537384], [103.90888781109791, 10.36397392083715], [103.90889665940932, 10.363978909761402], [103.90889919743897, 10.363988950165169], [103.90890291376114, 10.364003694161827], [103.90890598070382, 10.364023861689281], [103.90892476566312, 10.364037819667676], [103.90894347964516, 10.36404092806626], [103.90895454919664, 10.364030098958406], [103.90896233425882, 10.364017726809768], [103.90897013677535, 10.363996042249724], [103.90897803924916, 10.36396974685746], [103.9089999813085, 10.363955773302465], [103.90902968792001, 10.363940367418268], [103.90905327637047, 10.363924950291056], [103.9090766794762, 10.363910979414637], [103.90910319578794, 10.363892493651779], [103.90913145302612, 10.363870846661921], [103.90918152016195, 10.36385701516819], [103.90921121811684, 10.363846220266076], [103.90923790840853, 10.363832345826715], [103.9092770061248, 10.363824642192208], [103.90931620667192, 10.363810790720459], [103.909339509636, 10.363801521067865], [103.90936308061879, 10.363795416328353], [103.90937716356768, 10.363784592737717], [103.9093990054761, 10.363775320397886], [103.90942878304878, 10.363770764054443], [103.90946000728054, 10.363773895390825], [103.90948500460205, 10.36378632773703], [103.90948972694737, 10.363800259866586], [103.9094896863121, 10.36382195869105], [103.90951000621703, 10.363845231898232], [103.90952406596884, 10.363846794713398], [103.90955840933614, 10.363842246739623], [103.90959122945141, 10.363822145088319], [103.90961784296809, 10.363800495036477], [103.90962726880508, 10.36378966288675], [103.90963194029723, 10.36378198643368], [103.90964301269443, 10.36376962030004], [103.90966174698178, 10.363761879243796], [103.90968831986724, 10.363761928010822], [103.90971332887601, 10.363768121927434], [103.90972115004374, 10.363785224163683], [103.90973052374962, 10.363802238836673], [103.90975706753001, 10.363817838423156], [103.9097879138162, 10.363827749940898], [103.90980964121796, 10.363830863818148], [103.90983437916438, 10.36383552022296], [103.90983520083721, 10.363835612142598], [103.90986076367223, 10.363838642641335], [103.90988550162022, 10.363843299042284], [103.90990263447178, 10.363861774538808], [103.90991501602765, 10.363881778323782], [103.90991644256508, 10.363900225006203], [103.90994124882542, 10.363917177572135], [103.90996909439453, 10.363920302662226], [103.90999548466321, 10.363920351069597], [103.91003271850757, 10.363932715407396], [103.91005597528381, 10.363948128117464], [103.91006991497294, 10.363965060743816], [103.91009925811525, 10.363997482085942], [103.91014416825399, 10.364006786478258], [103.91018139349008, 10.364023761800377], [103.91020153979204, 10.36404224280794], [103.91020926730947, 10.364060610631324], [103.91021225790266, 10.364072821746918], [103.91021223202866, 10.364086654749089], [103.91020687804121, 10.364117475454238], [103.91022092326686, 10.364126813652755], [103.91023963727119, 10.364129921976904], [103.91026154716243, 10.36413312657161], [103.91027715067871, 10.364139303201698], [103.91029438621432, 10.364151721257349], [103.91030685590952, 10.364173443020116], [103.91030991432045, 10.364198221539786], [103.910316094888, 10.364213693338034], [103.91032548013588, 10.364224559994684], [103.91036920878756, 10.36423087859253], [103.91038806923036, 10.364204512835236], [103.9103974470184, 10.36417053507898], [103.91039441176189, 10.364133370145666], [103.91039445808418, 10.364108597317482], [103.91041166891466, 10.364085392957525], [103.91045562954136, 10.364065311636873], [103.91049310656807, 10.36404530883941], [103.91052757016726, 10.36402530051487], [103.9105447666172, 10.364009781148582], [103.91056206283179, 10.363989741359342], [103.91058090870928, 10.36397115100222], [103.91060743102892, 10.363949410286528], [103.91063247471705, 10.363937069717183], [103.91064341233772, 10.36394793920924], [103.91065901568457, 10.36395420623257], [103.91067473941183, 10.363944922595083], [103.91067632946243, 10.363924763610669], [103.91068889464574, 10.363895402699896], [103.91068908099473, 10.363893413975163], [103.91069520550246, 10.36384116700334], [103.91068583174192, 10.363824152355578], [103.91065619179189, 10.363803936153591], [103.91064536864177, 10.363780680414536], [103.91065308242595, 10.363757549050717], [103.91067667078958, 10.36374213179914], [103.91069542516031, 10.363723631678322], [103.91071427963058, 10.363700430310516], [103.91071430565053, 10.363686506894961], [103.91069871093258, 10.363675628873633], [103.91068932568649, 10.363664762227716], [103.91067682996076, 10.363656963894236], [103.9106847439433, 10.36362443003771], [103.91071756667314, 10.363602881677352], [103.91076298826526, 10.36358280298587], [103.91078327775668, 10.363573527705267], [103.910800579844, 10.363550323487805], [103.91081624111777, 10.363525579258164], [103.9108350013795, 10.363503914715064], [103.91084754625909, 10.363485403210719], [103.91086476850712, 10.363456050819973], [103.91088050656049, 10.363439082168], [103.91088681882835, 10.363432945705323], [103.91091959254463, 10.36343761674253], [103.9109524950709, 10.363422216525251], [103.91096502558521, 10.363411390018234], [103.91098067248429, 10.363394330781889], [103.91098854285761, 10.363385123158533], [103.91099013001251, 10.363366501171116], [103.91099957892642, 10.363343282561532], [103.91102617491757, 10.363330944799998], [103.91106683925817, 10.363315558781382], [103.91110284075639, 10.363303238232806], [103.91115447461661, 10.36328163384896], [103.91124674966822, 10.363257029830649], [103.91126676281559, 10.36324901978124], [103.91130468716007, 10.363233899952924], [103.91135932867422, 10.363215375050709], [103.91139378352332, 10.363199977626268], [103.91142988491909, 10.363183046204664], [103.91146268173782, 10.363175330768419], [103.91149926315848, 10.363145832933068], [103.91151177626524, 10.36314431881889], [103.91151641615171, 10.36315354934272], [103.91150644503394, 10.36316302437346], [103.91150643052362, 10.363170799788698], [103.91152265686455, 10.363185747471952], [103.91153961288845, 10.363201148549868], [103.91159713481645, 10.36320496066779], [103.91160646048188, 10.36319882970184], [103.91161908801703, 10.363184929333071], [103.9116295391583, 10.36316288789261], [103.91164362166809, 10.363152245020084], [103.91166691288466, 10.363149213606787], [103.91169268075468, 10.363140219521476], [103.91173177243796, 10.363135679993533], [103.91177396901968, 10.363131055726246], [103.91181472461838, 10.363115669776452], [103.91184276710943, 10.363111110031609], [103.91187565236191, 10.363104931720011], [103.91191941276887, 10.363094162268197], [103.91196958532736, 10.363072645489085], [103.91201798259335, 10.363072733954073], [103.91205315292066, 10.363065384443008], [103.91206971340718, 10.363048055582668], [103.9120869038304, 10.363035700539411], [103.91210872825576, 10.36303574042492], [103.9121494550079, 10.363035814851642], [103.91219321556642, 10.363024954949669], [103.91221514579968, 10.36301721957846], [103.91224958913132, 10.36300797006231], [103.91229489311777, 10.363001904808778], [103.91231692612016, 10.36298802159351], [103.91234651826406, 10.362984911228784], [103.91237782501835, 10.362992743860856], [103.91239961473786, 10.363011408561515], [103.91239491737927, 10.363033008479826], [103.91238859032218, 10.363047101214487], [103.91240106315921, 10.363067195490322], [103.91242460236921, 10.36307808794218], [103.9124667613742, 10.363093625419147], [103.9125041950476, 10.363096767799178], [103.9125308735228, 10.36308913149019], [103.91254807841618, 10.363069001004702], [103.91256062318024, 10.363050489426561], [103.9125825591338, 10.363039680027915], [103.91259973825458, 10.363033382548322], [103.91261846940301, 10.363027268725938], [103.91264361015541, 10.363011763743813], [103.91266855934964, 10.363001050252867], [103.91270606698805, 10.363013505193694], [103.91271853681401, 10.363035226871157], [103.9127404064243, 10.36306003972082], [103.91276393689205, 10.363075633563424], [103.9127810782996, 10.363089588323176], [103.91280297384479, 10.36310047774768], [103.91282335439884, 10.363091292911621], [103.91285766600822, 10.363103742001803], [103.91287313512395, 10.363133063767563], [103.91289348117141, 10.363142413351806], [103.91291071676568, 10.363154831270686], [103.91292941071845, 10.363168698444381], [103.91299561236957, 10.363169994613338], [103.91304515284071, 10.363193682578492], [103.9130763597389, 10.36320612598131], [103.91312782996599, 10.363223307781288], [103.91316223005867, 10.363237294008066], [103.91318723036113, 10.363248189071511], [103.91324357498765, 10.363246754844715], [103.91325608523407, 10.363246777663615], [103.91327645451558, 10.363243650391567], [103.91329207521393, 10.363240604869523], [103.91331236158958, 10.363232956836901], [103.91334367142498, 10.363239161964493], [103.91336703377114, 10.363246980014306], [103.91339833486373, 10.363257886552157], [103.91343274943671, 10.363264097332943], [103.9134874302062, 10.363273509486772], [103.9135139828907, 10.363284407355977], [103.91355948399404, 10.363270566840196], [103.9135844074581, 10.363273686289073], [103.91359843560691, 10.363292246351556], [103.9136129341219, 10.363303393475025], [103.9136187700881, 10.363307834308454], [103.91364688691534, 10.363312406168104], [103.91368596700617, 10.363314104819294], [103.91374075642283, 10.36331420467776], [103.91381259599298, 10.36332825906829], [103.91383450587895, 10.363331463418703], [103.91386106732058, 10.363337659844337], [103.91391730619982, 10.363344000752383], [103.91395637504014, 10.363351756964551], [103.91400020372457, 10.36335337381688], [103.91406904703508, 10.363358200653382], [103.91408467646902, 10.36335045367677], [103.91414092694735, 10.363350556128637], [103.91420191710964, 10.36335536863403], [103.91423003092933, 10.363361567856659], [103.91425669511864, 10.363361616410744], [103.9143283784608, 10.363361475694889], [103.91438060903702, 10.363362655731851], [103.91443955518837, 10.363337176398561], [103.9144614968131, 10.363323292866555], [103.91450538005691, 10.363295525797719], [103.91452568672219, 10.363276937852884], [103.91455393768246, 10.363258454777224], [103.91458991908641, 10.363256892841193], [103.91462114317908, 10.363260114088531], [103.9146460666574, 10.363263233455688], [103.91468050425387, 10.363257057680052], [103.91470563620679, 10.363246253948985], [103.91473067969501, 10.363233913048138], [103.91474632622348, 10.36321694402861], [103.91475112346741, 10.363190642817049], [103.91475116642286, 10.36316749738142], [103.91477311960018, 10.3631473754084], [103.91478246248914, 10.363131931925423], [103.91478093025718, 10.363121079678267], [103.91477474663174, 10.363107144955501], [103.91477160226246, 10.363079292288587], [103.91477953325992, 10.363037355472805], [103.91478347426143, 10.363029587196204], [103.91479676385143, 10.363003301432578], [103.91482504648025, 10.362967730488997], [103.91486891012788, 10.36290126692277], [103.9148893050424, 10.362884306531587], [103.91491900558961, 10.36287197408438], [103.91493465494092, 10.362853468052116], [103.91494721398583, 10.36282718095227], [103.91495193146326, 10.362794641151197], [103.91493947859605, 10.36276369754202], [103.91493335820573, 10.36271567754952], [103.91493964817423, 10.362672291148], [103.9149647318614, 10.362638251378069], [103.91496012642943, 10.362610396054507], [103.9149382538138, 10.362587120348882], [103.91494452633425, 10.362553136780663], [103.91497276009733, 10.36254387567273], [103.91498065616553, 10.362520744516392], [103.91498312956634, 10.362516499642291], [103.91497804541768, 10.362500577854714], [103.91496656549643, 10.362486633503853], [103.91496041927566, 10.362452536938376], [103.9149589157201, 10.362426224262464], [103.91495899605914, 10.362382916978845], [103.91497619506137, 10.36236586035544], [103.91500286487218, 10.362362834839617], [103.91503410917498, 10.362355116206519], [103.91504353763968, 10.36234274688276], [103.91503417524866, 10.362319493930851], [103.91502957551538, 10.36228856460415], [103.91503585657098, 10.362249970027406], [103.91506091723853, 10.362228316672637], [103.9150954120617, 10.36219121998638], [103.91511418637883, 10.362161779750659], [103.91515330675193, 10.362141688955617], [103.91518311580232, 10.362120044222388], [103.91520187568922, 10.362098379401672], [103.91521752515143, 10.362079782939867], [103.91525507588103, 10.362069001732554], [103.91529117411132, 10.362053606859766], [103.91532553734656, 10.362038208829622], [103.91536302826162, 10.36201043001088], [103.91538807464282, 10.361996461637386], [103.91542095101434, 10.361994984370272], [103.91544605401909, 10.361999731416255], [103.915451626601, 10.361998475770944], [103.91546633473874, 10.361995066831879], [103.91548516295822, 10.361985788585999], [103.91549925987032, 10.361967279700606], [103.91552267094424, 10.361948787735964], [103.9155603444628, 10.361921009224334], [103.91559481909083, 10.361894761904235], [103.91561513699267, 10.36187002587279], [103.9156668219372, 10.361820573873775], [103.91566884142674, 10.361814881574066], [103.91567388973151, 10.361800876854407], [103.91567618484169, 10.361794280933365], [103.91572164022642, 10.361755667072133], [103.91576383659316, 10.361751042267747], [103.9157721261858, 10.361761906783517], [103.91577321912202, 10.361763445775372], [103.91582644152822, 10.361771317866888], [103.91585613624285, 10.361762059328624], [103.91589834399551, 10.361751286498395], [103.91594841055183, 10.361737453914802], [103.91598753065588, 10.361717453423893], [103.9160079256015, 10.36170040254117], [103.9160172913199, 10.36167257258682], [103.91602983281452, 10.361655688271556], [103.91604869548226, 10.36162778514164], [103.91607063976478, 10.361612364485936], [103.91607183188462, 10.361609654283841], [103.91608475955792, 10.361581469142964], [103.91609578048894, 10.36154740374835], [103.91612386598074, 10.361519517351377], [103.916170853548, 10.361491755664899], [103.91620070246667, 10.361448502387386], [103.91621947379126, 10.361420599079908], [103.9162555035141, 10.361392817496752], [103.9162784532412, 10.361376856176312], [103.91629774550685, 10.361363510172357], [103.91633695117005, 10.361346583804803], [103.91654662870025, 10.36123855988394], [103.91663275057194, 10.361183022131724], [103.91685198756808, 10.361090385407259], [103.91695204044616, 10.361056571743013], [103.91705056384053, 10.36101036880251], [103.91709607601189, 10.360990289336463], [103.91720543745991, 10.36095947605715], [103.91729004382093, 10.360933319342381], [103.91737912460691, 10.360907170706845], [103.91756376666832, 10.36085642209812], [103.91759346125329, 10.360847163391497], [103.9176747545105, 10.360834924056947], [103.91773896901294, 10.360824190803061], [103.91779367806986, 10.360818141771865], [103.91785788972942, 10.3608089454965], [103.91792501779429, 10.36080282849974], [103.91800638516412, 10.360799901673388], [103.9180626437341, 10.360795392406594], [103.91811744993558, 10.360786179067484], [103.91814559498013, 10.36077538049848], [103.91815810797473, 10.360773866118647], [103.91820030402458, 10.360769331397229], [103.91821912075761, 10.360766200993332], [103.91825656542296, 10.3607632850933], [103.9182784755277, 10.360766308310415], [103.91830037963038, 10.360772586355509], [103.91831599166669, 10.360774151588094], [103.91833323020079, 10.360785032220067], [103.91833632924335, 10.360788111838346], [103.91834728137937, 10.36079120565321], [103.91835513447279, 10.360791219849622], [103.91836764463325, 10.360791242464432], [103.91838317669252, 10.360786659517506], [103.91839103828816, 10.360782062704603], [103.9183989085525, 10.3607727644711], [103.91840513497905, 10.360763553678265], [103.91840980354844, 10.360757323673019], [103.91840734254369, 10.360754878094333], [103.91842069537596, 10.360743600701182], [103.9184360818091, 10.360718945972675], [103.91844187299544, 10.360698161626512], [103.91848782544986, 10.360686852738588], [103.91854144136208, 10.36067935500677], [103.91858554651232, 10.360679434707832], [103.91864856436855, 10.360673852604089], [103.91866581590706, 10.3606776810877], [103.91867154425822, 10.360690982036086], [103.91867917639519, 10.3607117906396], [103.91870209996483, 10.360709933398173], [103.91871756352752, 10.360692963834406], [103.91872900939461, 10.360675896599394], [103.91875768930603, 10.360672151095951], [103.91877694627783, 10.360677881853395], [103.91880368058638, 10.360689322087318], [103.91882464822399, 10.36070825611883], [103.9188380365501, 10.360727266871498], [103.91883992268166, 10.360744358191353], [103.91884182280624, 10.360753854908436], [103.9188475618274, 10.360761369490094], [103.91887047840424, 10.36076330953822], [103.91888958406874, 10.360752042515045], [103.91890302486847, 10.360742573504615], [103.91891072681163, 10.36072549950113], [103.91891842525617, 10.360710324148117], [103.91892420591788, 10.360695235743693], [103.91894339956036, 10.360685777120652], [103.91895108750964, 10.360676297718895], [103.91896453180182, 10.360664930054833], [103.91899703644937, 10.360666887407806], [103.9190084333402, 10.360676401272544], [103.91900465095505, 10.360697279670468], [103.91898927522452, 10.360716148064492], [103.91897966266485, 10.36072942130584], [103.91898153831197, 10.360752208577495], [103.9189930266868, 10.360761632195826], [103.91904856355082, 10.360752329603477], [103.91906007623967, 10.360748553076117], [103.9190792310186, 10.3607106145185], [103.91909079948636, 10.360676549989373], [103.91914250826183, 10.360663352741991], [103.91916734944239, 10.360661498928867], [103.91919200832567, 10.360659463960252], [103.91921328788727, 10.360657784538896], [103.91925732602814, 10.36064466383894], [103.9192746090345, 10.360631404432581], [103.91929955900444, 10.360620057519577], [103.91931671224424, 10.360627683105498], [103.91932628284377, 10.360637193663475], [103.91933968867448, 10.360646711142477], [103.91936836508397, 10.360644864234924], [103.91939129913204, 10.360637310991228], [103.91940664704367, 10.360633541371605], [103.91941814890757, 10.36063564160753], [103.919427642507, 10.36063737657041], [103.91943144994686, 10.360652482285849], [103.91942191124863, 10.360675248960824], [103.91941612694947, 10.360692326438365], [103.91940841471595, 10.360715005996223], [103.91941604673654, 10.360735904996849], [103.91942743315913, 10.360751114800191], [103.91944852344015, 10.360753051511926], [103.9194562148712, 10.360741673446483], [103.9194639063017, 10.36073029538084], [103.91946583789539, 10.360722704237132], [103.91947160821489, 10.360713221362252], [103.91947163250941, 10.360700021217838], [103.91947166046471, 10.360684832010566], [103.91947360254106, 10.360671544914021], [103.91947555160597, 10.360654460515619], [103.91948516397673, 10.360641277670087], [103.9195501732798, 10.360645192267679], [103.91957699909868, 10.360656542191506], [103.91960566502803, 10.360660391215662], [103.91966245814821, 10.360663115610885], [103.91967331532763, 10.360618561953205], [103.92017759819149, 10.358560060513984], [103.92639940452695, 10.357866264984755], [103.92885585298136, 10.35428777047479], [103.92926116988818, 10.35435168755346], [103.93010957776941, 10.354749196971412], [103.93105136229876, 10.355219380082822], [103.93150554144925, 10.355431205138116], [103.93214667262019, 10.355676269561815], [103.93343342001883, 10.355450154923377], [103.93452607846093, 10.355351175798434], [103.93468791310643, 10.35533654197193], [103.93487254621509, 10.355848600931314], [103.93509752309862, 10.35647257087199], [103.93515728732211, 10.356447631488702], [103.9351584655038, 10.356452606243945], [103.9353778441758, 10.35637831040419], [103.93544728506079, 10.356354834538767], [103.9354691223772, 10.35634745901251], [103.93614490831774, 10.357131525502593], [103.93626669320192, 10.357403157203038], [103.9368087171518, 10.357925786363388], [103.93666244168159, 10.35832886060115], [103.93708203023243, 10.359661371192923], [103.93829598655103, 10.360937405071358], [103.93848164916376, 10.36113256814142], [103.93936573545916, 10.361921603070376], [103.94071398211202, 10.363125080471345], [103.94130988355592, 10.363656928078035], [103.94188207279835, 10.364276072053906], [103.94254163316997, 10.366714828910682], [103.94092018335992, 10.367291287110968], [103.94037832824029, 10.367483917768732], [103.93760836992463, 10.368468559266617], [103.94049117885045, 10.374179883274223], [103.94320662316544, 10.379622731152425], [103.94414044440222, 10.381501131275053], [103.94467506296213, 10.382576156705625], [103.9475575692036, 10.38152619522072], [103.94751356515887, 10.382871458125326], [103.94616540137453, 10.384932710812963], [103.94521683220363, 10.386382826335728], [103.94479652481782, 10.3870254748211], [103.9446106473208, 10.387872679742012], [103.942534369665, 10.387893129862105], [103.94203915279164, 10.387927258942298], [103.9419462713988, 10.387930261893215], [103.94165867721559, 10.387939435839225], [103.94167090174703, 10.388101024107367], [103.94172705299114, 10.388262598374574], [103.94178322902842, 10.388461693832108], [103.94185029175739, 10.388701493805284], [103.9418826564761, 10.388989965719686], [103.94192608403029, 10.389219869618662], [103.94193198833634, 10.389443650627383], [103.94197555124737, 10.389648781750672], [103.94201908132682, 10.389872447357108], [103.94201886077788, 10.389996764049094], [103.9420059715981, 10.390158218214184], [103.94198035337517, 10.39049378455256], [103.94197996756282, 10.390711225737888], [103.94204221123576, 10.390990889162593], [103.94204169310626, 10.391282920352909], [103.94207903205807, 10.391444552262028], [103.94209762447362, 10.39156881124442], [103.94217254502398, 10.391755371903844], [103.94220992040259, 10.391948015319244], [103.9422095566658, 10.392153070031629], [103.94220300170971, 10.392296000652841], [103.94220902756595, 10.392451339646062], [103.94226501424623, 10.392706219146623], [103.9423276033264, 10.392842941100188], [103.94241504683626, 10.393023285023732], [103.94245233098933, 10.393216018664742], [103.9424520996368, 10.39334648336474], [103.94240790797267, 10.393495496610248], [103.94241409907576, 10.393557711105696], [103.94242647847051, 10.393632232444142], [103.94245757156763, 10.39376275158643], [103.9424698879037, 10.393924339957762], [103.94255742309022, 10.394104684009037], [103.94261989910098, 10.3942538826293], [103.94264477115573, 10.394390629401107], [103.94261325923226, 10.394496266742207], [103.94259415677672, 10.394607983274701], [103.94263781972523, 10.394757239610838], [103.9427128515337, 10.394881596623256], [103.94279425071434, 10.394968805184789], [103.94286948403989, 10.395031049194301], [103.94298705599557, 10.395062355263116], [103.9430043967625, 10.39506862383331], [103.94301378405265, 10.395079489623582], [103.94299837570786, 10.395116531951226], [103.94299432775368, 10.39513325121614], [103.94299218465606, 10.395157297193705], [103.94299161235297, 10.395171038885142], [103.94299942788959, 10.395192751434728], [103.9429993947281, 10.39521146674463], [103.94298678092704, 10.395217592882274], [103.94297580521554, 10.39522697671079], [103.94297421423343, 10.395248672924385], [103.94298205444227, 10.39525646200714], [103.94299613233547, 10.395248710989138], [103.9430070913865, 10.395248730020963], [103.94301182380829, 10.39525805071685], [103.94302596547304, 10.395265850741644], [103.94305264355171, 10.395259658612671], [103.94306680716255, 10.395255072174482], [103.94307300912249, 10.395259693976286], [103.94307144281464, 10.39526746672329], [103.94305735659265, 10.395279919175165], [103.9430587848016, 10.395298546610364], [103.94307922520188, 10.395307894581256], [103.94308861506426, 10.395317313775672], [103.94309479219862, 10.395335949456639], [103.9430947619255, 10.395353037348416], [103.9430962814622, 10.395371664942065], [103.94310574359183, 10.395391843337606], [103.94310405840864, 10.395415166811741], [103.94308842253099, 10.395425989150615], [103.94307897467998, 10.395449299145367], [103.94309455561844, 10.395469488166], [103.94311654584129, 10.395480375836954], [103.94313222900053, 10.395494416989948], [103.94313371554536, 10.395531669481251], [103.94314462511585, 10.395559625855645], [103.9431508742034, 10.395589201561396], [103.94315237452429, 10.395618678609772], [103.94315231670538, 10.395651317386926], [103.94315683349242, 10.395679262661593], [103.9431662954741, 10.39569953146777], [103.9431708954203, 10.395732087919184], [103.94317083776282, 10.395764636284085], [103.9431723879297, 10.395817530230964], [103.94317854858096, 10.39584547835932], [103.9431878833678, 10.395885999322259], [103.94319100833452, 10.395926328679039], [103.94319093402166, 10.39596827990454], [103.94319086371245, 10.396007970826835], [103.94318143939277, 10.396017990241122], [103.94316414040478, 10.39603965918256], [103.94315313455634, 10.396066040494519], [103.94314834445773, 10.396089268164456], [103.94315304934582, 10.396114139743709], [103.9431670805061, 10.396132789060184], [103.9431843300094, 10.396139057464918], [103.9432000599691, 10.396126698275983], [103.94321256886516, 10.396128257003895], [103.94321411035119, 10.396134498135774], [103.94321096123541, 10.396159356078867], [103.94321877408584, 10.396182605629933], [103.94322658405461, 10.396207482599047], [103.94324058207282, 10.396244847222109], [103.94324526775236, 10.396280568255017], [103.94326551504552, 10.396347418168737], [103.94328117375196, 10.396375292371102], [103.94329362484982, 10.396409489872761], [103.94332189308385, 10.396433679053608], [103.94333609026654, 10.39646173154145], [103.94335320459305, 10.396492772701382], [103.94334841161871, 10.396517627792337], [103.94333276176107, 10.396536315994663], [103.94331831707167, 10.39654488009925], [103.94330650337538, 10.396563303721887], [103.94329703900748, 10.396595926169043], [103.9432891353437, 10.396623940292693], [103.94329047784734, 10.396639403143542], [103.94329693988257, 10.396651891272407], [103.94332668472362, 10.396667403426475], [103.9433409190653, 10.396674480301954], [103.94335440646849, 10.396690777945143], [103.94336194856567, 10.396712218775178], [103.94335432864915, 10.396734718236504], [103.94335520187721, 10.39675732285219], [103.94336044865967, 10.396785631040492], [103.94337145217614, 10.396812140972882], [103.94338958503825, 10.396835318020447], [103.94338021471707, 10.396866403621983], [103.94336921990208, 10.396886546503065], [103.94335573462675, 10.396920608570214], [103.94334781734756, 10.39695630772485], [103.94335253074767, 10.396976387458935], [103.94334304443196, 10.3970213963667], [103.94335085715024, 10.39704473632704], [103.94337749406564, 10.397061870506354], [103.94338683467049, 10.397099136627322], [103.94338832108296, 10.397136479527822], [103.94336917855004, 10.397167728990716], [103.94336448233415, 10.39718951022687], [103.94337073162701, 10.397218995515987], [103.94340484143913, 10.397245093492355], [103.94341586162523, 10.397262200563015], [103.94340796371611, 10.397286959851815], [103.943392305655, 10.397310259072428], [103.94338441302675, 10.397332034760481], [103.94338745758566, 10.39736621593118], [103.9433938092578, 10.397389462942142], [103.94340456907979, 10.3973988845076], [103.94341559759681, 10.397411290148193], [103.94340871531821, 10.397429812744019], [103.94340154705152, 10.397455115772987], [103.9434030693321, 10.397472206358216], [103.94340778242153, 10.397492466915676], [103.94341866235351, 10.397588775002175], [103.94343464416447, 10.39764051863207], [103.94344975690917, 10.397667306931597], [103.94345603503676, 10.397680518037804], [103.94348276061483, 10.397699189375315], [103.94352063134843, 10.397715981391958], [103.94354260525202, 10.397736181489389], [103.94354823257571, 10.397755901157224], [103.9435425473015, 10.397768910676534], [103.94352206270474, 10.397784426060243], [103.94348286456561, 10.397795207520444], [103.94344830468539, 10.39781693692595], [103.94342781191497, 10.39783706332114], [103.94341998882368, 10.397871135215187], [103.9434308984903, 10.397899091581332], [103.94344028571511, 10.397910047774497], [103.94344153898366, 10.397924335108119], [103.94346197395943, 10.397936847486635], [103.9434760217054, 10.39794618434461], [103.94348538427711, 10.397971064002602], [103.94350772894349, 10.397988190724936], [103.94351445506521, 10.39800628487703], [103.9435235636746, 10.398019862543908], [103.94354635937468, 10.398040154480364], [103.94357364190998, 10.398053763684052], [103.94359426963682, 10.398060580408252], [103.94361472271551, 10.398062876208321], [103.9436420292651, 10.398062923588581], [103.94365106656271, 10.398065199578825], [103.94366474549403, 10.398076524861839], [103.94368980035715, 10.398110382567936], [103.94370116412615, 10.398139786312296], [103.94372850231524, 10.398173557564656], [103.94373755892718, 10.398216519164942], [103.94373967890257, 10.398257118008996], [103.9437510028327, 10.398309034369548], [103.9437623506107, 10.398347479323954], [103.94376223874906, 10.398410677395187], [103.94376445405477, 10.39844901609428], [103.94376440220451, 10.398478309620701], [103.94376432234841, 10.39852342526779], [103.94377112381831, 10.398550560785495], [103.94378467144114, 10.398584488935521], [103.94380058971302, 10.39862059109487], [103.94380966634732, 10.398652251178337], [103.94381871898032, 10.3986974730793], [103.94384138725789, 10.39873819797778], [103.94384813305383, 10.398796796911189], [103.94384575404374, 10.398850949809493], [103.94385110034172, 10.398926272608108], [103.94385308847966, 10.39904137103499], [103.94387799974703, 10.399156418810174], [103.94388704456028, 10.39920607090276], [103.94390724654666, 10.399298688233808], [103.94391089669614, 10.399351947464586], [103.94391090802081, 10.39939715368086], [103.94393629359645, 10.39945063143449], [103.94397722676767, 10.39954328471674], [103.94400672478666, 10.399595232586885], [103.94404306815986, 10.399649543047357], [103.94409536989083, 10.399717352621929], [103.94414094945112, 10.399764807745258], [103.94417216145403, 10.399828783422054], [103.94421993688282, 10.39987398203235], [103.94424411209565, 10.399888941986022], [103.9442629159803, 10.39989430891324], [103.94429800209936, 10.399884966841729], [103.9443276526078, 10.399902377414458], [103.94437072576157, 10.399921167433677], [103.94442853727224, 10.399971988976908], [103.94447968450032, 10.400021352364432], [103.94449577853837, 10.400061432943772], [103.94450648909097, 10.400098791822508], [103.94449297580667, 10.40014867605102], [103.94449283588577, 10.400176161177338], [103.94450887824705, 10.400193819392054], [103.94452017480863, 10.40020966113516], [103.94453613703487, 10.400220990341955], [103.94454758844141, 10.400252564109657], [103.94455668117375, 10.400275182963052], [103.94457023310326, 10.400306760369373], [103.94459068592603, 10.40036095283036], [103.94459294512595, 10.40037451860402], [103.94460887555906, 10.400403839819685], [103.94462468254524, 10.400451333712711], [103.94464286020175, 10.400501001609435], [103.94465183780889, 10.400537091708276], [103.94465859943892, 10.400586830240133], [103.9446699635375, 10.400616143542837], [103.94468124014632, 10.400643286796122], [103.94469946048741, 10.400668814653896], [103.9447153987741, 10.400693705671118], [103.94474263764855, 10.400732178120903], [103.94476303514907, 10.40076602768704], [103.94477758532497, 10.400801223310621], [103.9448039886918, 10.400847379362531], [103.94481762528524, 10.400882754227084], [103.94482651015629, 10.400919657872711], [103.94483112390348, 10.40094452927236], [103.94483794803455, 10.400958916661779], [103.94484486493117, 10.400972490500154], [103.94485155524045, 10.401010927355383], [103.94484007161009, 10.401049242324573], [103.94482630080375, 10.401089813641958], [103.94482857545519, 10.401146325329325], [103.944844493964, 10.40118242744404], [103.94485801017105, 10.401234257154787], [103.94487162937163, 10.401279486938451], [103.94487841516965, 10.401315573235934], [103.94487148175524, 10.40136302773694], [103.94486903152112, 10.401405878969323], [103.94486894381262, 10.401455515222601], [103.94487809996832, 10.40149395634714], [103.94490294460907, 10.401543635776621], [103.9449143125948, 10.401570779181059], [103.94493699734022, 10.401602372388883], [103.94494387431841, 10.401638549255273], [103.94495971750922, 10.401665609995097], [103.94497340426693, 10.401724311338807], [103.94496861510918, 10.401798712447517], [103.9449754087536, 10.401830368549152], [103.94498678074811, 10.401855251648431], [103.94499813293778, 10.401891345850048], [103.94499118371039, 10.401947751151898], [103.94499111981693, 10.401983915999015], [103.94499109601652, 10.401997387404542], [103.94499102812938, 10.40203581255448], [103.94501606234999, 10.402081604571887], [103.94502283827416, 10.402123296417546], [103.94503407119683, 10.402175212580406], [103.9450659660156, 10.40221477801758], [103.94510689635517, 10.402257704352705], [103.94516594690516, 10.402331221439185], [103.94520913651006, 10.402387713532477], [103.94524217280505, 10.402453229286996], [103.94528992083555, 10.402514249879973], [103.94533088109766, 10.402540269122907], [103.94536052664326, 10.402560663213123], [103.94538437274045, 10.402606995623453], [103.94542413187692, 10.402640878655447], [103.94544695180883, 10.402647699068634], [103.94546628341631, 10.402664639633546], [103.9454786760417, 10.402680483243623], [103.94550613198157, 10.402699607759542], [103.94553459220967, 10.402718914835392], [103.94555958023557, 10.402739210438888], [103.94558446209655, 10.40276791420999], [103.94560679684045, 10.402790917592478], [103.9456178063189, 10.402814263034312], [103.94564963499784, 10.402839633557713], [103.94568172522018, 10.402872056697651], [103.94569930966237, 10.40289577515783], [103.94571341057231, 10.402926901409522], [103.94573064406724, 10.402942482145285], [103.94574001795682, 10.402961123310146], [103.94575522070872, 10.40298890620687], [103.94578027824339, 10.403021588413583], [103.94580059487623, 10.403049651388482], [103.94581470138554, 10.40307761321195], [103.94583811503367, 10.40311029257217], [103.94584746979359, 10.403139783189205], [103.94586000172734, 10.403180219199681], [103.94585858076967, 10.403209148710866], [103.9458647471959, 10.403234022782453], [103.9458819752919, 10.403252677523268], [103.9458929929399, 10.403271411938531], [103.94590885463128, 10.403288075242875], [103.94594463535626, 10.403299348237766], [103.94597915997987, 10.403297870908895], [103.94599156684804, 10.403305667821977], [103.94599638808629, 10.403316525644025], [103.94599315876258, 10.403335145016529], [103.94598691290915, 10.403355296185394], [103.94599472021909, 10.403381890926966], [103.94601672209502, 10.403386539990864], [103.94603080029528, 10.40337878885849], [103.94603865177842, 10.403380339440314], [103.94604493681598, 10.403389753193395], [103.9460386050582, 10.40340683019319], [103.94604011665173, 10.403430068793046], [103.94606054124377, 10.403448729050092], [103.94609656361048, 10.40347835616432], [103.94612940337888, 10.403500111895692], [103.9461623426103, 10.40351725676324], [103.94618423388162, 10.403532845525792], [103.94620948659272, 10.403558475872089], [103.94624170493506, 10.403570104329672], [103.9462871423954, 10.403595046246558], [103.94631535203891, 10.403601152614481], [103.94635782222382, 10.403599688973248], [103.9463970154402, 10.403592071622276], [103.94642360827277, 10.403582805078933], [103.94644873443994, 10.403576610021888], [103.94647382220717, 10.403592204286515], [103.94648796719798, 10.403598376760058], [103.94651925427391, 10.40362022018406], [103.94656326062777, 10.40362807164661], [103.94659777716402, 10.403631205271626], [103.94663220778901, 10.403631264722732], [103.94667604518986, 10.4036313404111], [103.94671853735795, 10.40361739984756], [103.94677498613146, 10.403612886260952], [103.9468125995383, 10.40362072665402], [103.94685022393372, 10.403622328605312], [103.94688319331252, 10.403622385507349], [103.94691880658426, 10.403625068928665], [103.94694818440506, 10.403642026747164], [103.94694651964753, 10.40365386790048], [103.94695277208318, 10.403681816125632], [103.9469683727638, 10.403691155525069], [103.94697623524459, 10.403686467646974], [103.94699671721727, 10.403672579477789], [103.94700295760217, 10.403655502299355], [103.94700772750713, 10.403643666503504], [103.94702819594588, 10.403637463363918], [103.94704891290087, 10.40364572663809], [103.94706148320805, 10.40366446369575], [103.94707550951141, 10.403686186874628], [103.9471037691302, 10.40371580048841], [103.94711624286342, 10.40373752098723], [103.94713034665595, 10.403767110177744], [103.9471380547874, 10.40379822534578], [103.94714439857046, 10.403826173725527], [103.94715194298628, 10.403846529533459], [103.9471469493683, 10.403881691348511], [103.9471391592745, 10.403897138432805], [103.94713271729677, 10.403924974343285], [103.947120150611, 10.403956054534342], [103.94712949994404, 10.403988709544782], [103.94715138859306, 10.404005835251356], [103.94718433064264, 10.404021443012557], [103.9471936909642, 10.404047859583793], [103.94718892280964, 10.40405870084863], [103.94717637808434, 10.404077304166403], [103.94716694121693, 10.404094375833761], [103.9471756735412, 10.40411437204074], [103.94719035778648, 10.40412551809792], [103.94722174727318, 10.404141123177732], [103.94724683512555, 10.404156717385598], [103.9472891512126, 10.404190966262647], [103.94730949017061, 10.404206461863147], [103.947329917595, 10.404223585038483], [103.94734703811888, 10.404251551999717], [103.94734700518691, 10.404270267312908], [103.94733291886106, 10.404282629521457], [103.94732029648881, 10.404293457243016], [103.94731489206043, 10.404302579576395], [103.94732327149664, 10.4043155230029], [103.94733751629816, 10.404316903755259], [103.94734860550192, 10.404295043074448], [103.94736057553128, 10.40429162804486], [103.94737205742098, 10.404306113831318], [103.94737833440375, 10.404320138579932], [103.94738460884173, 10.40433560992269], [103.94741744052104, 10.404362066961482], [103.94744095387134, 10.404390135353774], [103.9474611849792, 10.4044150336508], [103.94747103855875, 10.404420656209766], [103.94747221007809, 10.40442960905884], [103.9474533855011, 10.404435815058704], [103.94743765526442, 10.404448174437125], [103.9474266604113, 10.404468317447657], [103.94741555227607, 10.404500937175643], [103.9474296809432, 10.404516422060846], [103.94745159700423, 10.404517996860816], [103.9474799114467, 10.404516508668893], [103.9475222931339, 10.404513507715626], [103.94754092790133, 10.404511369943442], [103.94755973053472, 10.40451764081432], [103.94756756297167, 10.404530040817592], [103.94755465770598, 10.40454593115579], [103.94753884425019, 10.404553679362317], [103.94752629952356, 10.404572282693271], [103.94751530467117, 10.404592425706744], [103.94750430965827, 10.404612659131896], [103.94751350406598, 10.40462958210534], [103.94753723270426, 10.404639116317416], [103.94756861299308, 10.404608068543414], [103.94759851278243, 10.404587958116396], [103.94761411623087, 10.404595760480747], [103.94761254186542, 10.404608144268131], [103.94760156069309, 10.404620511840456], [103.94758738016957, 10.404634501320773], [103.94757640169884, 10.40464533188569], [103.94758112341346, 10.404660890960852], [103.94758574282726, 10.404682688316326], [103.94759986594498, 10.404701337619695], [103.94762177931698, 10.404704449415133], [103.9476344044, 10.40469208467588], [103.94763910586921, 10.404667229364918], [103.94764224648905, 10.404647072809194], [103.94765791020556, 10.404620608969132], [103.94769088700758, 10.404616506834838], [103.94772729278546, 10.404636008247849], [103.94780726499691, 10.404653957307145], [103.94783549933712, 10.404698036806021], [103.94787183383319, 10.404706146115643], [103.94789070826401, 10.404723537819365], [103.94791535910515, 10.404728010497601], [103.94791566042673, 10.404712460080315], [103.94794314673435, 10.40471449650595], [103.9479696034813, 10.404730725905894], [103.94797835112945, 10.404742042527545], [103.94800177052895, 10.404771647731268], [103.94803936774449, 10.404788800439812], [103.94806921842624, 10.40479662732252], [103.9481083710895, 10.404812155278668], [103.94812094436489, 10.404829264880366], [103.94812868550358, 10.404841664713933], [103.94813502939203, 10.404869613077873], [103.94815151993832, 10.40489233499485], [103.94816402095479, 10.4048985949798], [103.9482079581326, 10.404893969193152], [103.94822365564127, 10.404900234679932], [103.9482330460962, 10.404909563328692], [103.9482313802656, 10.404922037374943], [103.94822359003642, 10.404937574898188], [103.94822045770995, 10.4049530300292], [103.9482218916409, 10.404968583435195], [103.94825794711224, 10.404979585420072], [103.94830980524787, 10.404988987183913], [103.94834266439197, 10.404999893244213], [103.94834738344973, 10.405016989316543], [103.94834424286982, 10.405037145880856], [103.94834886504118, 10.405057406221259], [103.94837559423583, 10.405074540183094], [103.94841623535822, 10.405074610141225], [103.9484460916356, 10.405079272565207], [103.94850403069043, 10.405110383747667], [103.9485471051389, 10.405128992424956], [103.94860908695044, 10.405146277444896], [103.94866232584614, 10.405149533484169], [103.94868434154361, 10.405146406927358], [103.94870007177083, 10.40513404748753], [103.94872106809473, 10.40513932753037], [103.94873840684001, 10.40514713282777], [103.9487744598136, 10.405159581350915], [103.94881050993388, 10.40517365728899], [103.9488402666488, 10.405183020952144], [103.94887165093424, 10.40520169989238], [103.94889829154033, 10.405217296648772], [103.94892795138115, 10.405229824572638], [103.94894684827284, 10.405234468103652], [103.94896876439681, 10.405236042802752], [103.94898592033867, 10.405243938185372], [103.94899063943491, 10.405261034249962], [103.94901729099756, 10.405270392557858], [103.94904086182255, 10.405265822051836], [103.94905815557054, 10.405247226824446], [103.94909270245775, 10.405233181880025], [103.94915078194242, 10.405236355748631], [103.94919624700584, 10.405245836794744], [103.9492400928963, 10.405241210711404], [103.94927930006206, 10.40522572715726], [103.94930763644717, 10.405211761927873], [103.94933743123092, 10.40519942662593], [103.94935946595085, 10.40518545056258], [103.94938465481708, 10.405143542473557], [103.94939817728536, 10.405140220448494], [103.94944486670293, 10.405128547051737], [103.94949881246589, 10.405145366032952], [103.94953020503101, 10.405159343477733], [103.9495740851879, 10.405187265885852], [103.94961010793918, 10.405216983041397], [103.94964455371331, 10.40526062100091], [103.94968944310236, 10.40528592316677], [103.94970491950842, 10.405314158427263], [103.94970819687656, 10.405320131276772], [103.94973008576439, 10.405337256817775], [103.94978809447326, 10.405380844813099], [103.94981228764897, 10.405385949450377], [103.94985834390857, 10.405422916802824], [103.94987083421304, 10.405435324751563], [103.94988392453978, 10.405470156016321], [103.94989584438655, 10.405495401552031], [103.94993240250572, 10.405532352588747], [103.95000283734387, 10.405572887855715], [103.950079762069, 10.405610269810317], [103.95015222770266, 10.405638512438411], [103.95020788841919, 10.405666997454581], [103.95025512697448, 10.405706859980656], [103.9502654217799, 10.405721343634713], [103.95031240962936, 10.405747915092784], [103.950379750314, 10.405782206514086], [103.95043934168929, 10.405808709160345], [103.95049736688252, 10.405842984580921], [103.95055136904136, 10.40587987505414], [103.95060366523217, 10.405900036289992], [103.95065096698262, 10.405903824300824], [103.95069147017016, 10.405878397427163], [103.95072350880862, 10.405888578545136], [103.95077249678323, 10.405920397289677], [103.95081123540265, 10.405963952079489], [103.95085845890355, 10.406012494091827], [103.95093579053434, 10.406078446883882], [103.95096423181505, 10.406108964617394], [103.95099086992158, 10.40612609821535], [103.951022114109, 10.406172804576547], [103.95105026403424, 10.4062132671742], [103.95107066998895, 10.40624286700784], [103.95108944024821, 10.406267762590364], [103.95109572028021, 10.406280159855614], [103.95111604028793, 10.406306685515872], [103.9511520746951, 10.406329892832547], [103.95118504169578, 10.406331486313773], [103.95121174208997, 10.4063129974925], [103.95122718407818, 10.406308774555123], [103.95123971776572, 10.406296409514637], [103.95124758562747, 10.40628864751813], [103.95130958093802, 10.406246169419685], [103.95138177961927, 10.406218265185288], [103.95145708867744, 10.406187382647596], [103.9515167699284, 10.406162530975312], [103.95157965841305, 10.406131536733264], [103.9515826758926, 10.406129462411236], [103.95163305943585, 10.406094378193579], [103.9516895765151, 10.40605098651637], [103.95175885039323, 10.40602434296231], [103.95180781409485, 10.406017826626059], [103.95188039420822, 10.406032959262564], [103.95192587949084, 10.406083306401948], [103.9519570152559, 10.406192216273011], [103.9519695264726, 10.406245038554994], [103.95198586182538, 10.406304557899935], [103.95198822091047, 10.406313422356874], [103.952006871204, 10.406354772753714], [103.95204358393745, 10.406407998073908], [103.9521258221264, 10.406488605805684], [103.95218839783716, 10.406532201199571], [103.95226678434068, 10.40656958515058], [103.9523796553341, 10.406628727018767], [103.95245486697434, 10.406653718990382], [103.95252390073607, 10.406660075418587], [103.95258664368357, 10.406660182623154], [103.95262745682284, 10.406666490812107], [103.95267107767789, 10.406686275251465], [103.95269935717357, 10.406704948529839], [103.95272751823984, 10.406739172549836], [103.95274951227839, 10.406748522602507], [103.95280284285263, 10.406751778125551], [103.95284359729295, 10.406739370804146], [103.952893795746, 10.406758081497308], [103.952921973064, 10.406782993043612], [103.95294074886147, 10.406804814510757], [103.95299087758076, 10.406811138560395], [103.95304121069425, 10.40680498602865], [103.9530756687915, 10.406789493904457], [103.95314471882102, 10.406786537742844], [103.95321368838455, 10.406777342967512], [103.95331736309674, 10.406768116982857], [103.9533957286732, 10.406765176661485], [103.95346469287695, 10.406759055846978], [103.95350231488985, 10.406762284457834], [103.95354940820711, 10.40678098975392], [103.95357705460083, 10.406796135790788], [103.95361313205157, 10.406794750717681], [103.95364356834554, 10.406781150334654], [103.95366092509201, 10.40677873879457], [103.95368741709193, 10.40677498664296], [103.95377834831822, 10.406793766651838], [103.95377907800615, 10.40679431037079], [103.95381282190701, 10.406821853294662], [103.95389135411722, 10.406828135210986], [103.95392654092466, 10.406813729185352], [103.95392891720714, 10.406812738697974], [103.95396664691444, 10.406806564538858], [103.9539797737573, 10.406820691259318], [103.95400411283977, 10.406847042773581], [103.95399359128447, 10.406910313590016], [103.95401023641475, 10.40694949056639], [103.95405726502644, 10.407005445628437], [103.9540948385062, 10.40703661154998], [103.95411611612901, 10.407090352826586], [103.95411976473612, 10.407145510665634], [103.95417315514129, 10.407166938978197], [103.95422005977575, 10.407189169946099], [103.95425458750717, 10.40718615473793], [103.9543079453681, 10.407173768699026], [103.95435175629544, 10.4071893942664], [103.95439570149625, 10.407232867106387], [103.95441755559337, 10.407270244684879], [103.95445194346216, 10.407295166680019], [103.95450213127279, 10.407320115573972], [103.95453981249968, 10.407341878730142], [103.95461813503603, 10.407363801480992], [103.95467142272342, 10.407391829651509], [103.95474984210733, 10.407410588098374], [103.95483454154888, 10.407441834138513], [103.95489096146055, 10.40745431665305], [103.95496297151166, 10.407482467044352], [103.9550069490124, 10.407507405297057], [103.9550633421107, 10.407535348275163], [103.9551887960913, 10.407554186617011], [103.9552735279339, 10.407566807622961], [103.9553739203633, 10.40755450137678], [103.95543348848126, 10.407542216121287], [103.95549306192619, 10.407526856838102], [103.95552769183726, 10.407517603204223], [103.9555622412349, 10.407502110966206], [103.95561563140264, 10.407471099786642], [103.95564075795583, 10.407412103108186], [103.95569101046495, 10.407399801974432], [103.95571917741495, 10.407430861320957], [103.95575046021939, 10.407455777907229], [103.95579443778463, 10.40748071605485], [103.95584138631014, 10.407477721774852], [103.95588856058104, 10.407449864428628], [103.9559575410512, 10.407434430620766], [103.95601404686303, 10.407450077523718], [103.95607988987163, 10.4074532633414], [103.95615443812603, 10.407439737606346], [103.95616467028194, 10.40743785631248], [103.95623674528315, 10.407428575748227], [103.95631211314085, 10.407416407554798], [103.95640633268242, 10.407382391498626], [103.95646594393482, 10.407345152262991], [103.95653187284644, 10.407298701654373], [103.95659160231182, 10.407245911639023], [103.95661366614294, 10.407215027975852], [103.95664192454623, 10.40719328648231], [103.95666072754699, 10.407199556835527], [103.95668581082383, 10.40721822435481], [103.95673908260493, 10.407202763734471], [103.95674100286277, 10.407201410802577], [103.95676084599542, 10.407187159268823], [103.95677373935474, 10.407177959051998], [103.9568083315166, 10.407137693712725], [103.95682399743441, 10.407109601974739], [103.95685226644933, 10.407081712426962], [103.95689941383507, 10.40706931542187], [103.95705202954261, 10.407013970379188], [103.95710344295846, 10.407016860291536], [103.95711592815277, 10.407032432403993], [103.95713783634336, 10.407038707990852], [103.95716614304072, 10.407041829978427], [103.95718496761434, 10.4070356234071], [103.95721621278429, 10.407029528289645], [103.95726013675299, 10.407032676726395], [103.95731975322808, 10.40704516422957], [103.95733860990653, 10.407073224056738], [103.9573510629265, 10.407107421089714], [103.9573510144872, 10.407135448895508], [103.95739486863205, 10.40717901160249], [103.95743565509459, 10.407200870098785], [103.9574857786922, 10.4072102674702], [103.95754533606014, 10.407204129849271], [103.95759246188857, 10.407204209636452], [103.9576300359196, 10.407235284749703], [103.95763626250942, 10.4072787837245], [103.95764106094323, 10.407303112822069], [103.95764251049663, 10.407309896216793], [103.95769571791696, 10.407331685295581], [103.95772076894599, 10.407369068079484], [103.95773952373219, 10.40740327576579], [103.9577928278133, 10.407421990966471], [103.95786187799042, 10.407419033793078], [103.95792772633808, 10.407419145213947], [103.95799354253496, 10.407437881551935], [103.9580626626655, 10.407447310972989], [103.95810019366255, 10.40745044848355], [103.95814730346108, 10.407459840656532], [103.95817869387278, 10.407475444704433], [103.95820990162932, 10.407491048440493], [103.95825393838072, 10.407481810415616], [103.9582946336177, 10.407503668652705], [103.95834159875814, 10.407543981646313], [103.95836669277408, 10.407556501004326], [103.95837928544745, 10.40756276075983], [103.95842627181753, 10.407590777670405], [103.9584920612641, 10.407625064823153], [103.95856412032688, 10.407677987545343], [103.95871156349217, 10.407709338615078], [103.95878052256074, 10.407706290679885], [103.95884647835888, 10.40769708960277], [103.95892186786995, 10.407672353484404], [103.95897823938093, 10.407660062165322], [103.95903161851948, 10.4076352888497], [103.9590756335713, 10.407585636259478], [103.95910081874163, 10.40754526436581], [103.95912903947914, 10.407545312010708], [103.95916671563016, 10.407570239070482], [103.95919169701976, 10.407595144696788], [103.95922308750184, 10.407610748645512], [103.9592575454189, 10.4075952558462], [103.95928895194223, 10.407601547321416], [103.95929522688066, 10.407617108873293], [103.95932344762551, 10.40761715650139], [103.95934855243276, 10.407623437335749], [103.9593641751875, 10.407620299260119], [103.959405036734, 10.407598669196291], [103.95943640547993, 10.407573858670037], [103.95949924545918, 10.407570800253538], [103.95957138483762, 10.407577160418965], [103.9596529151075, 10.40759284890212], [103.95971875277606, 10.407599198406079], [103.95979717257642, 10.407617955635038], [103.95983788941363, 10.407627336783259], [103.95988812051915, 10.407627421471474], [103.95990383988732, 10.40762120950463], [103.95991637330577, 10.407608844111035], [103.95994471213082, 10.407593340920496], [103.95997281479994, 10.40760893925524], [103.96001046428482, 10.407649417137407], [103.96002923007158, 10.40767738625283], [103.96005110634468, 10.407702286582113], [103.96012642628367, 10.407717964480437], [103.96017971456853, 10.407745991761972], [103.96022980089634, 10.407777178080485], [103.96029875454231, 10.407777294249597], [103.96033642025253, 10.40780836921511], [103.96035299386286, 10.407836515445553], [103.9603645717116, 10.407848740646187], [103.96038064567804, 10.407848767721418], [103.960399099491, 10.407845724776573], [103.96040074388554, 10.407845456308543], [103.960443044759, 10.407836576708728], [103.96046870939463, 10.407835987043846], [103.96048377252325, 10.40783962891476], [103.96048403050877, 10.407848941845096], [103.96047433887662, 10.40785516399169], [103.96044610738407, 10.407861354913901], [103.96043047949773, 10.407867476648711], [103.96042993074467, 10.407867927787374], [103.96041474940453, 10.407879927091189], [103.96042065489186, 10.407897929141125], [103.96043040475959, 10.407910964973963], [103.96044601477985, 10.407915240655948], [103.96046483049562, 10.407914187393784], [103.96048155511308, 10.407907615441497], [103.9604961779114, 10.4079017632494], [103.96054960015718, 10.407905017650368], [103.96055576255297, 10.40793296551481], [103.96058080341533, 10.407976496131008], [103.96059328633945, 10.407993514714759], [103.96060586028362, 10.408010714276474], [103.9606276721683, 10.408019973084066], [103.9606277633424, 10.408020063650152], [103.96065606474218, 10.40802634976662], [103.96068428553018, 10.408026397276693], [103.96072813964334, 10.408017158604629], [103.96075328722053, 10.407998575943001], [103.96077531360115, 10.407989300521933], [103.96079412745793, 10.407989332188475], [103.96080968609242, 10.40802353433228], [103.96085081696847, 10.408057779513362], [103.96090066684299, 10.408067175900907], [103.96094152307536, 10.408048619658349], [103.96098854717252, 10.408054846836865], [103.96103232647158, 10.408089186864338], [103.9610730973406, 10.408120357384666], [103.96110444545462, 10.408160734133524], [103.9611357127995, 10.40819496268774], [103.96116390163898, 10.408213635095848], [103.96121090963004, 10.40822926512528], [103.96125480714856, 10.408247963945126], [103.96132060234234, 10.40827917651883], [103.96135198773347, 10.408297854286262], [103.96137388540762, 10.408310368042436], [103.9614052867812, 10.408319733334862], [103.96144297391812, 10.408338421688626], [103.96146797695769, 10.40835085024663], [103.96150560471898, 10.408350913499433], [103.96153703804536, 10.408341653838827], [103.96155900504348, 10.408313753269988], [103.96157784031998, 10.408301307989474], [103.9616029185669, 10.408323139573314], [103.96161547940174, 10.408348024146859], [103.96163105938435, 10.408369839765653], [103.9616436523162, 10.408376008985094], [103.96167312601858, 10.4083910670059], [103.96166559870385, 10.408413386267513], [103.96164036508428, 10.408428894828495], [103.96165293150732, 10.408450524556761], [103.96168422018096, 10.408472366571504], [103.9617217840907, 10.408509679681469], [103.96173744487703, 10.408537643487856], [103.96177139467858, 10.40855216654583], [103.96180016690646, 10.408550225809293], [103.96182318692041, 10.408547371280548], [103.9618346575607, 10.408568908748858], [103.96181891151892, 10.408590671731321], [103.96181885835675, 10.408621683162336], [103.96183453496576, 10.40864042490629], [103.96187845923781, 10.40864357272316], [103.9618910360687, 10.408659144816529], [103.96189098291327, 10.408690156247788], [103.96191595392182, 10.408721300126436], [103.96196293553379, 10.408752390560263], [103.96199744217935, 10.408761761012942], [103.96204762561136, 10.408789782784032], [103.96207580387126, 10.408814693567924], [103.96211340504732, 10.408830307674346], [103.96216040249563, 10.408852176022217], [103.96220438080522, 10.408877113323186], [103.96221996100944, 10.408898838503653], [103.9622481445588, 10.408920675253837], [103.96227636016921, 10.408923796647269], [103.96230780948507, 10.408905224441963], [103.96233283382055, 10.408905266445254], [103.96236741061257, 10.408927023503491], [103.96239870464949, 10.408945791433043], [103.96242382031822, 10.408945833582662], [103.96243636453538, 10.408927139225161], [103.96244580338656, 10.408908530068564], [103.96246145791899, 10.40888685731342], [103.96247731120847, 10.40885578198013], [103.96256197908454, 10.408852850013067], [103.96264360135531, 10.408868447498811], [103.96271252865336, 10.408884114084096], [103.96280962902968, 10.408927765397296], [103.96291319775733, 10.408980830438843], [103.96298837890248, 10.409024535361038], [103.96302274123846, 10.409064916989337], [103.96305720542867, 10.409099150727517], [103.96305092603347, 10.409139464225825], [103.9630570407334, 10.409195439881046], [103.96308518725755, 10.40923897552558], [103.96310711269247, 10.409288739210893], [103.96312587885497, 10.409316708160803], [103.9631383166671, 10.409360217472328], [103.96314399298117, 10.409405523703397], [103.96314462486826, 10.409409864567703], [103.96319154811374, 10.409475221112249], [103.9631945205198, 10.409552890525415], [103.96318825690055, 10.409583981965987], [103.96320697515846, 10.409639978740472], [103.96323818896528, 10.409652327163302], [103.96329783791663, 10.409646279056789], [103.96335435521824, 10.409655686248877], [103.9633888301724, 10.409683681502836], [103.96341379615482, 10.409717899294176], [103.96344206593876, 10.409742810119031], [103.96352035271433, 10.409786429716373], [103.96354852592972, 10.409814414399543], [103.96358928661974, 10.409851823072458], [103.96364882851844, 10.409854996809518], [103.96370856358264, 10.409852022801166], [103.96376490368276, 10.409858265184825], [103.96379315219515, 10.40989565288584], [103.96384640938612, 10.409942304534253], [103.96391222111548, 10.409964204130043], [103.96399055047243, 10.409982960218928], [103.9640219201456, 10.410011040624706], [103.96406578629548, 10.410048364024396], [103.9641635595718, 10.410072667775658], [103.9642382345365, 10.410092140993296], [103.96432916749853, 10.410110918083443], [103.96438876885594, 10.410132807198018], [103.96443268273545, 10.410142193129266], [103.96509943685162, 10.41043877579118], [103.96536458688844, 10.41069644244085], [103.9692964174244, 10.409964309911915], [103.96978793830183, 10.409597144238884], [103.9701159442487, 10.409249417272225], [103.9704862902724, 10.408706649280678], [103.97087305085553, 10.409153203883161], [103.97193033563721, 10.410373983422135], [103.97292427647562, 10.41152160203619], [103.97407346113515, 10.41284849006232], [103.97507753579816, 10.414007782449062], [103.97568993842462, 10.41656195148936], [103.97608176527405, 10.41819580881579], [103.97656592999145, 10.42021497498679], [103.97700275348572, 10.422036601683248], [103.9755489972282, 10.42443486012157], [103.97476665416497, 10.425725302477437], [103.97384932441504, 10.427279615830212], [103.97360196379056, 10.428435767385773], [103.97340110818936, 10.428821046594777], [103.97311509850772, 10.429983553164], [103.97319800375396, 10.430652019950463], [103.97318446139641, 10.430992491593269], [103.97339010254586, 10.431564780694629], [103.9729677578624, 10.432815485705852], [103.97033286440738, 10.43384291856793], [103.97035881116348, 10.4345408562019], [103.9703564647277, 10.434578102291493], [103.97037734824302, 10.434597485190874], [103.97038957841883, 10.43460283980057], [103.9703964128134, 10.434612254033667], [103.97039912785509, 10.434627086194293], [103.97039208907195, 10.43463051020732], [103.9703960074014, 10.434635941454877], [103.97039863110591, 10.434650773464135], [103.97037678329124, 10.43466149635321], [103.97035483939719, 10.434675021871097], [103.97036130706657, 10.43468524921025], [103.9703703412037, 10.434690146461131], [103.97038244135769, 10.434718375235516], [103.97037986326853, 10.434730576659694], [103.9703776687258, 10.434732019623858], [103.97038194460674, 10.434742062505137], [103.97037936651734, 10.434754263929277], [103.9703579684998, 10.434769056127596], [103.97035796758225, 10.434769598601475], [103.97038926907295, 10.434785743913894], [103.9703860346481, 10.434807980045367], [103.97038886365952, 10.434809431334806], [103.9703859056931, 10.43483022132331], [103.97038687156308, 10.434853187716167], [103.9703856733201, 10.434859605022664], [103.97038646614914, 10.434876875136972], [103.97037568532336, 10.434932641824098], [103.97036859300945, 10.434967710145838], [103.97037074045332, 10.434994114174284], [103.97037252835887, 10.4350170819293], [103.97037387563448, 10.435030555634562], [103.97037149749715, 10.435032540769672], [103.97037203145265, 10.435040859610709], [103.97037347006571, 10.435054333467328], [103.97035847023488, 10.435066423891255], [103.9703405303234, 10.435088726061355], [103.97034049010159, 10.435112504499424], [103.97035812407815, 10.43516307435025], [103.97036334809187, 10.43520657145235], [103.9703791698549, 10.435248549104907], [103.9703764906354, 10.435266536764988], [103.97037867310087, 10.435272236373685], [103.97037516113866, 10.435296551533122], [103.97036089474864, 10.43530701574584], [103.9703450020232, 10.435306989404834], [103.97033503965908, 10.435310860632812], [103.9703524730404, 10.435318032120447], [103.97036317421, 10.43530937025049], [103.97038435869965, 10.435312841038304], [103.97038604991695, 10.435338973072437], [103.9703843079284, 10.43534285792568], [103.97038555301002, 10.435362750753427], [103.97037143396541, 10.435394100513014], [103.97035898850977, 10.435408003420777], [103.97035409286966, 10.435440363004478], [103.970354072988, 10.435452116604804], [103.97035930862705, 10.435488742370836], [103.97036639762881, 10.4355096394225], [103.97038747014918, 10.435525315721245], [103.97041229928703, 10.435534036477017], [103.97041401986763, 10.435542809347204], [103.97039810357967, 10.435556706504032], [103.97036978006108, 10.43556190349026], [103.97034683674119, 10.435572262907659], [103.97031677199446, 10.435580892680385], [103.97029199304845, 10.435596492979581], [103.97029012209222, 10.435622619108562], [103.97030956231634, 10.435631330939415], [103.9703113655138, 10.435645257462976], [103.97032365188797, 10.435671407059182], [103.97033247324664, 10.435694115234194], [103.97034476849495, 10.435715020915792], [103.97033412912954, 10.43574113251112], [103.97031121516208, 10.435734132762008], [103.97028993058893, 10.43573581531821], [103.97028814209708, 10.435767185512168], [103.97029513104316, 10.435793235915236], [103.97030049334967, 10.435808976589799], [103.97030566716906, 10.435828152629156], [103.97032690769899, 10.435852508816824], [103.97034277995739, 10.435864650409332], [103.97034973342686, 10.43591167646676], [103.97035497503512, 10.435944776152176], [103.97036560266268, 10.435979602603458], [103.97036372864986, 10.4360075369786], [103.9703600958197, 10.436049301560152], [103.97034940642912, 10.4361049779792], [103.97035465385153, 10.436134641996741], [103.97035643059317, 10.436164209848837], [103.97034579702363, 10.436186885775497], [103.97033333975622, 10.436207750427503], [103.97034213482112, 10.436246009518843], [103.9703508413033, 10.436282641037058], [103.97033142461702, 10.436313982009612], [103.97032244416653, 10.436385302631562], [103.97031535211157, 10.436420190122426], [103.97032231736296, 10.43646025443182], [103.97032401178862, 10.436484487806093], [103.97032041718487, 10.436503649309488], [103.9703151607554, 10.436533295914588], [103.97029926215505, 10.436536705235767], [103.97028683133371, 10.436541928556256], [103.97027437695371, 10.436561075370864], [103.97027617128032, 10.436580245807555], [103.9702920405127, 10.436594195649812], [103.97030617432674, 10.436608142614427], [103.97030971141766, 10.436622976137366], [103.97030608453478, 10.4366612146362], [103.97030596659607, 10.436730922521436], [103.97031300269146, 10.436783102230452], [103.97032341813981, 10.436835377953937], [103.97033047183047, 10.436877160247775], [103.97033041293918, 10.436911968983946], [103.97032681542322, 10.436932848320412], [103.9703337953688, 10.436964233047972], [103.97033373647739, 10.436999041783986], [103.97033360110278, 10.437079056670354], [103.97034065449273, 10.437121019788263], [103.9703511850014, 10.437159281755365], [103.97036170358159, 10.437204595881598], [103.97036162113594, 10.437253328111472], [103.97035452906076, 10.437288215600574], [103.97034735176437, 10.437319486445968], [103.97033671524431, 10.437343880202414], [103.9703189133532, 10.437392492643461], [103.97031539523526, 10.437420424289582], [103.97031878959577, 10.437465636192996], [103.97030824440616, 10.437490030099351], [103.97030446603965, 10.437509824183985], [103.97030105516693, 10.437528353102081], [103.97030457620275, 10.43755267991599], [103.97028682110734, 10.437573626190835], [103.97026914572025, 10.437601443950564], [103.97025136139698, 10.437639658971747], [103.97024426929875, 10.43767454645654], [103.97025836796755, 10.437709288252725], [103.97025831487734, 10.437740661319435], [103.970275878436, 10.437778934949465], [103.97030412245273, 10.43782084278857], [103.97033940564097, 10.43785914579344], [103.97036399032994, 10.43790448323802], [103.97038877529313, 10.437939423569643], [103.97042751177005, 10.437988129733494], [103.97044508698627, 10.438019532020753], [103.97046975126419, 10.438071831356407], [103.97047682258226, 10.438103216231964], [103.97047678725305, 10.438124101472566], [103.97046607115074, 10.438141533333022], [103.97043783582916, 10.438148448298032], [103.97039547258683, 10.438137890218595], [103.97038127384435, 10.438162278068939], [103.97040596764309, 10.438197127836052], [103.9704411240611, 10.438256406332686], [103.97045879216034, 10.438286904647915], [103.97047647616903, 10.438308000083516], [103.97048515258282, 10.43836244281923], [103.97048867318034, 10.438387040867893], [103.97049566463791, 10.438411644669312], [103.97052737608055, 10.438455637726863], [103.97053617351274, 10.438492540627346], [103.97055027744632, 10.438524208394238], [103.97056256363598, 10.438550538807691], [103.97059432862113, 10.438562887555747], [103.97061914301742, 10.438580468710976], [103.97062602250831, 10.438617278018615], [103.97062596899156, 10.438648922322306], [103.97063306372985, 10.438666474113386], [103.97064361144217, 10.438694609894311], [103.97065069425628, 10.438719213844152], [103.97066479821076, 10.438750881606602], [103.97065938553948, 10.438764886583076], [103.97066290309581, 10.438791292876019], [103.9706823522386, 10.438794851191771], [103.9707228976768, 10.43880016229778], [103.97074944447361, 10.438819554565107], [103.97075645078837, 10.438835388368824], [103.97075987426321, 10.438863421931053], [103.97075985041549, 10.438877526249364], [103.97078639156514, 10.438900263768959], [103.97080399911805, 10.438912589044259], [103.97080570474351, 10.438930222317078], [103.97079864798063, 10.438944224572356], [103.97078097209555, 10.438972313593357], [103.97079858255648, 10.438982921035453], [103.9708145518284, 10.43899180791948], [103.97081453409709, 10.439002295745926], [103.97079851407484, 10.439023425744375], [103.9708020377592, 10.439046215544225], [103.97082495182528, 10.439053305681442], [103.97085151653255, 10.439062119702584], [103.97086564436496, 10.439079683138887], [103.97087620693614, 10.439099048920292], [103.97089025229744, 10.43911136829108], [103.970915034048, 10.439148297657376], [103.97093088830518, 10.43917119829094], [103.97093603240828, 10.439208004718735], [103.97093077567271, 10.439237832154205], [103.97093594636804, 10.439258906842195], [103.97095710729128, 10.439276481923033], [103.97096944381867, 10.43927306667683], [103.97097072332411, 10.439272616733062], [103.97098361032819, 10.43926775579712], [103.97099244939696, 10.4392800665419], [103.97099414021157, 10.439306469806818], [103.9709914556324, 10.439327621897975], [103.97099053047917, 10.439334582132293], [103.9709887713584, 10.439348593164464], [103.97099047409205, 10.439367944270089], [103.97100836898916, 10.439372404119343], [103.97101877732231, 10.439374952906693], [103.97104531822664, 10.439397871231662], [103.9710699232984, 10.439431274205171], [103.97107347664665, 10.439436524016775], [103.97107158753452, 10.439473409209661], [103.97105747981054, 10.439497978063486], [103.97105983719929, 10.43950828899775], [103.97106445956892, 10.439529543601084], [103.9710768222035, 10.43956473455359], [103.97108381968833, 10.43958581226429], [103.97108733148053, 10.439615654220724], [103.9710943110912, 10.439647310170015], [103.97109070136226, 10.43967542249627], [103.97108016470466, 10.43969475333542], [103.97109944251119, 10.439745687520986], [103.97111704416476, 10.439761538860907], [103.97114357044185, 10.439793136759665], [103.97115413014991, 10.439814220366689], [103.97115053829793, 10.439831754454735], [103.97114345479234, 10.439861578868578], [103.97115218467002, 10.43988446769714], [103.97115213715792, 10.439912585921451], [103.97115208353476, 10.439944320637583], [103.97115743998765, 10.439963587378877], [103.97116615795287, 10.439993528366214], [103.97118202433722, 10.440009286417691], [103.97120493542751, 10.440018184777047], [103.97121203618363, 10.440032210477309], [103.97119613130072, 10.440039236325996], [103.97117849113084, 10.440046168888452], [103.97115900325242, 10.440065484909999], [103.97113237901988, 10.44009184129334], [103.97110942636849, 10.440107535072919], [103.97109533053411, 10.440125051767204], [103.97109346525201, 10.440147832640612], [103.97110931956965, 10.44017073326702], [103.97113576920663, 10.440193651435735], [103.9711481497469, 10.440218264147207], [103.9711375040112, 10.440248082661832], [103.97113563873097, 10.44027086353542], [103.97112683749455, 10.440290197247966], [103.97111611217983, 10.440313053863658], [103.97110904943742, 10.440330582203202], [103.97109842141784, 10.440349912889902], [103.97109310022616, 10.440363827610874], [103.97108951111328, 10.440379734275867], [103.97108775779505, 10.440390309640458], [103.97110187393231, 10.440414834815043], [103.97115479127645, 10.440450002502292], [103.971195345019, 10.440504588410255], [103.97121995324369, 10.440536183129085], [103.97122878044013, 10.440555546027507], [103.97123932535978, 10.440585399624815], [103.97125340867528, 10.440629363436676], [103.97125163458611, 10.440652234874202], [103.97125156630466, 10.440692649169584], [103.97126555859239, 10.440736432005139], [103.97129554973924, 10.440771652131588], [103.97130616523792, 10.440813801950116], [103.97131131810897, 10.44084545487086], [103.97132194537265, 10.440880642942275], [103.97137483884195, 10.440930005327331], [103.97139596721807, 10.440966928615028], [103.97142064316678, 10.441012537377073], [103.971445245497, 10.441047658160103], [103.97147521302499, 10.441096892177143], [103.97151409680795, 10.441112778715164], [103.97154943912946, 10.441116363282482], [103.97159352925456, 10.441132258425268], [103.97161294603886, 10.441155074510656], [103.97163061837402, 10.441183222049506], [103.97163233595914, 10.441193803159184], [103.9716411751049, 10.44120611388845], [103.97165174374378, 10.441221953567952], [103.97168352980202, 10.441222006148635], [103.97171532471295, 10.441216814812906], [103.97174894946025, 10.441209818249405], [103.97177361700845, 10.441206332957842], [103.9718107801783, 10.441213446597818], [103.97183192937779, 10.441238073786794], [103.97183188497237, 10.44126438376585], [103.9718494926977, 10.441276708990246], [103.97185480807555, 10.44126622992396], [103.97186195634174, 10.441252137386345], [103.97187611987772, 10.441248634717352], [103.97188842687522, 10.441262759425591], [103.97189551883866, 10.441282029025853], [103.97190598150672, 10.441306548127383], [103.97193596988132, 10.441343486032357], [103.971958872243, 10.441357628256158], [103.97200307451097, 10.441361227422934], [103.97202426827792, 10.441359454208204], [103.9720437412416, 10.441348998542319], [103.97205261015229, 10.441343678862248], [103.97206847939408, 10.441357809452468], [103.97207018814812, 10.441373634473948], [103.97206841121341, 10.441398223751408], [103.97208244192791, 10.44141931306865], [103.97211774585942, 10.441445681475212], [103.9721477667567, 10.44146336154142], [103.97215670916528, 10.441468620248942], [103.97219538961434, 10.441496802478897], [103.97220949688949, 10.44152666193542], [103.97222359822021, 10.441560047471206], [103.97224826579276, 10.441556562144163], [103.97225723473686, 10.441546089108211], [103.97227131288987, 10.441539060191406], [103.97228546743966, 10.441540891830678], [103.97231906263528, 10.441551435195473], [103.97232779858736, 10.441570797916135], [103.97234191182415, 10.441597131287576], [103.97238078108276, 10.441621697306056], [103.97238955560792, 10.441618185712022], [103.97238958502888, 10.4416007361371], [103.97238960576071, 10.44158844006358], [103.97240992303753, 10.441564785536995], [103.97241083795544, 10.441563882922805], [103.97244435950014, 10.441563938296312], [103.97247792787948, 10.441590394210746], [103.9725220034932, 10.441614968811953], [103.97254324716387, 10.441637787861987], [103.97255031540213, 10.441671161769593], [103.97255027989416, 10.441692227837176], [103.97255009584381, 10.44169304124624], [103.97254309903413, 10.44172566862451], [103.97253766276528, 10.441753687539359], [103.97255179894124, 10.441820616178985], [103.97256233518702, 10.4418557136523], [103.97256933266465, 10.441876881747158], [103.97259761543711, 10.44189618632933], [103.97263642571703, 10.441901584759083], [103.97266127599262, 10.441898099702954], [103.97268767614374, 10.441896335042518], [103.9727017159109, 10.44191209000886], [103.97268943193406, 10.44193847019425], [103.97271234336345, 10.441947278041114], [103.97272465347322, 10.441959594473548], [103.9727334750114, 10.441982393002922], [103.97274933258628, 10.44200348530957], [103.97277049958397, 10.442017624613625], [103.97281114566003, 10.442017691712545], [103.97285177696196, 10.442026528800332], [103.97287652402666, 10.44203009573727], [103.97289771783707, 10.442028322466621], [103.97290658355597, 10.442024901421801], [103.97290978485508, 10.442022284741066], [103.97292432717663, 10.442010826346543], [103.97293840823099, 10.442002079566917], [103.9729543131811, 10.441995053635283], [103.97298252520694, 10.442002152372085], [103.97303560822289, 10.441993469946937], [103.97306384993975, 10.441982938275611], [103.9731222158745, 10.441983034571104], [103.97316815065784, 10.441988444690832], [103.97320163085067, 10.442013092136738], [103.97324397402518, 10.442035945946689], [103.97326339677105, 10.442055326271092], [103.97326151975635, 10.442085159322193], [103.97325972510114, 10.442120326850453], [103.97326141915494, 10.442144921862518], [103.97326176685836, 10.442155410293664], [103.9732755324958, 10.442171255196861], [103.97331085426934, 10.442187135650764], [103.97335330053217, 10.442203027849814], [103.97337091141591, 10.442213544748814], [103.97339206385018, 10.442236363595926], [103.97339743219125, 10.442248668557218], [103.97339911743093, 10.442278507483264], [103.97339018049787, 10.442324241505492], [103.97339367183505, 10.44236637951871], [103.97340949402157, 10.442408537864761], [103.97342175685739, 10.44244897250238], [103.9734252451563, 10.4424929187615], [103.97342624654505, 10.442494909489149], [103.97343753477553, 10.442517440831043], [103.97345510125281, 10.442554358122335], [103.9734726736676, 10.442587749332475], [103.97350267710667, 10.442615917107805], [103.97352207343322, 10.442651029161295], [103.97350787424868, 10.442675688382641], [103.97349378724437, 10.442687961266616], [103.97348835103881, 10.442715980199303], [103.97348651486757, 10.442775830290463], [103.97349178305677, 10.442793379014041], [103.97350234317024, 10.442814372139887], [103.97352706657448, 10.44283204335078], [103.97356066195489, 10.442842586592935], [103.97357483726144, 10.44283212210323], [103.97357658747181, 10.442823354969454], [103.9735572206406, 10.442770702929572], [103.97355023798602, 10.442740674446341], [103.97358030046632, 10.442733762236468], [103.97358731582759, 10.442744352071184], [103.97359608710103, 10.442797077056461], [103.97360133765227, 10.442825113607196], [103.97362601984383, 10.442867286548458], [103.97364183615238, 10.442912970964791], [103.9736647032713, 10.442948179143986], [103.97366650938251, 10.44296047822995], [103.97364876284738, 10.442976271178619], [103.97363639942638, 10.442995599089386], [103.97364866824296, 10.443032507639051], [103.97366279047503, 10.443053597044063], [103.97367691559869, 10.443072968614521], [103.97368929948809, 10.443095772992116], [103.97371035473212, 10.443122117750708], [103.9737190938528, 10.443139672191458], [103.9737438969252, 10.443164305285942], [103.9737649757486, 10.443176636132232], [103.97379857406376, 10.443185461517302], [103.97380382159697, 10.443215306311581], [103.9738001942621, 10.443253996913164], [103.97379322293231, 10.443271525463489], [103.9738160841629, 10.443310259713517], [103.97384597279367, 10.443352441218794], [103.97389016059792, 10.44341914808661], [103.97390771531688, 10.443463117516744], [103.97391295693487, 10.44349648838981], [103.9739075912607, 10.443536893967234], [103.97392514598793, 10.443580863396516], [103.97392864926105, 10.443615949244117], [103.9739479513127, 10.443652869370764], [103.97397095120489, 10.443663485531061], [103.97399041848035, 10.443656465419854], [103.97400978255887, 10.443656497317702], [103.97402045748211, 10.44366356708197], [103.97402920256214, 10.44367759543484], [103.97403628558736, 10.443702289732837], [103.97404325979431, 10.443737381296742], [103.97405727888801, 10.443765522696554], [103.97406966283077, 10.44378832706109], [103.97408733249098, 10.443818282723804], [103.97410489318499, 10.443858726064065], [103.97411725646606, 10.443893826502174], [103.97412780753767, 10.443920244348812], [103.97417901695117, 10.443939586559056], [103.97419315095851, 10.443953714194642], [103.97422654009993, 10.443978361393878], [103.97427243402805, 10.444008273107844], [103.97431657791878, 10.444046861541125], [103.97437487042544, 10.444090898014146], [103.9744224849621, 10.444129672972101], [103.97446309001235, 10.444154332025528], [103.9744823804644, 10.444198213872058], [103.97447529700116, 10.444228128774725], [103.97449114007243, 10.444257990998372], [103.97450526833724, 10.444275554289455], [103.97453875480063, 10.444296675528209], [103.97455459788124, 10.444326537749042], [103.97456514323287, 10.444356391251242], [103.9745739737739, 10.444373945821571], [103.97458809901153, 10.444393317355779], [103.9746110016513, 10.444461887771437], [103.97459496396388, 10.444493505781278], [103.97457727926336, 10.444526838918634], [103.97458782173784, 10.444558410254245], [103.97459837590645, 10.444583019840847], [103.97459651068372, 10.444605891151895], [103.97459473103075, 10.444632198281363], [103.97459467196181, 10.444667368673949], [103.97458622750285, 10.444691856584418], [103.9745861769363, 10.444721963886925], [103.97459170268469, 10.444749367988617], [103.97460268577282, 10.444790523781155], [103.97461907191355, 10.444823370507766], [103.9746382803464, 10.44486173704433], [103.97466580531194, 10.444897404886671], [103.97468787749341, 10.44491660866768], [103.97471524286493, 10.444938533532884], [103.974745622473, 10.444960463354724], [103.97475939650263, 10.444971425935549], [103.97478130438209, 10.444979689519165], [103.9748088708134, 10.44499067478646], [103.97481991374202, 10.444996208118047], [103.97483643254145, 10.445004462833452], [103.97485842721254, 10.445015438931879], [103.97488049941444, 10.445034642700406], [103.9748859522168, 10.445051106756768], [103.97489686252798, 10.445081232087292], [103.97491062275786, 10.445100422183364], [103.9749298588627, 10.445122333661605], [103.97494089724555, 10.445130579358969], [103.9749711033124, 10.445147084120967], [103.97499855551263, 10.445171721483423], [103.97502346384026, 10.445188217529237], [103.97504819874493, 10.445199198121127], [103.97508124093027, 10.445212995159194], [103.97511428797326, 10.445223898999584], [103.9751362826701, 10.445234875079942], [103.97515836870902, 10.445245851309], [103.97517762319471, 10.445256822882039], [103.97520226661854, 10.445267893724637], [103.97522983309129, 10.445278878957353], [103.97525183234642, 10.445287142660305], [103.97528221657707, 10.445306360064288], [103.9753096871663, 10.44532005751008], [103.97533998006338, 10.445339274758746], [103.97537293093706, 10.445353071617745], [103.97540049287518, 10.445366769206164], [103.97541973357984, 10.445385968287159], [103.97543633450867, 10.445399738275194], [103.97545824243774, 10.44540800181447], [103.9754720212126, 10.445416161584234], [103.97548296358043, 10.445427209896025], [103.97548577679305, 10.44543815443974], [103.97549406589012, 10.44545182035693], [103.97552086937672, 10.445482062191294], [103.97554559325765, 10.445499642846453], [103.97559151103115, 10.445515540473867], [103.97560218605412, 10.445522610189258], [103.97567806369167, 10.445538466600611], [103.97569049782929, 10.44553143483966], [103.97572226085803, 10.445545500951106], [103.97573273244404, 10.445564956851769], [103.97573983927983, 10.445575546793965], [103.97577164640829, 10.445563302912124], [103.97580172124529, 10.445549157518524], [103.9758317485074, 10.445563401594557], [103.97584759768128, 10.445589737677011], [103.97587933996937, 10.445616190263104], [103.97590407266819, 10.445628526976487], [103.97593583859529, 10.4456408752332], [103.97600469183982, 10.445651476108408], [103.97604357931229, 10.445665644294822], [103.97605587803763, 10.44568492235934], [103.9760876262595, 10.445707848844798], [103.97610358149143, 10.445725415068992], [103.97613179984015, 10.445728987464646], [103.97615300267647, 10.445721970074098], [103.97617605276434, 10.445702750013941], [103.97620070595126, 10.445708034392984], [103.97621663752282, 10.445685186146932], [103.97623788440852, 10.445651858760026], [103.97627152424374, 10.445636091743632], [103.97632456952242, 10.445650283121228], [103.97637404964675, 10.445666186482088], [103.97640223575878, 10.44568901668231], [103.97643223975886, 10.44571718420424], [103.97644982143753, 10.445745331352308], [103.97645867557777, 10.445748871963161], [103.97651337984537, 10.4457542055973], [103.9765381184831, 10.445763016181862], [103.97656813430385, 10.445784131529107], [103.9765858014389, 10.445815804901459], [103.9766086633468, 10.445854448558924], [103.97660330688886, 10.445889519862504], [103.97660326573897, 10.445914112019638], [103.9766209475587, 10.445937015393106], [103.97663498180395, 10.445956296282375], [103.97666855691189, 10.445979225707875], [103.97670559132523, 10.446009122569896], [103.97673379201258, 10.44602327315805], [103.97674967365265, 10.446030260958215], [103.97678499302292, 10.446047949300661], [103.97680096298163, 10.446056745494964], [103.97681682390694, 10.446076119783136], [103.97682197452679, 10.446109490470553], [103.9768343412189, 10.446142782570805], [103.97686081824469, 10.446149878141565], [103.97688026218405, 10.44615687177308], [103.97691560803634, 10.446158737941538], [103.97692976585515, 10.446158761138992], [103.97697021515, 10.446167597432948], [103.9769932417923, 10.446162391227203], [103.97702329290523, 10.446162440457647], [103.97704098656078, 10.446178291646584], [103.97705685929779, 10.446190613760614], [103.97706915508344, 10.446211700036447], [103.97707797992067, 10.44623278062641], [103.97710086836987, 10.446255602091224], [103.97711149055318, 10.44629431608039], [103.97712203621005, 10.44632416950957], [103.97715906481439, 10.44635759240399], [103.97718908965132, 10.446373373368333], [103.9772154458973, 10.446398099169272], [103.9772384051584, 10.446433216854075], [103.97725609884006, 10.446449068032097], [103.97728786203812, 10.446463133994902], [103.97730015784958, 10.446484220262766], [103.97730009605222, 10.44652119891355], [103.97729302170646, 10.446545779556375], [103.97728055824689, 10.446570351374689], [103.97728936255822, 10.446603728038914], [103.97731937548923, 10.446626651567769], [103.97736527600321, 10.446653036783843], [103.97738469052707, 10.446677660794604], [103.97735814878105, 10.446709261750119], [103.97734924776708, 10.44673374899067], [103.97733687851516, 10.446756603125687], [103.97734559436651, 10.446788261804347], [103.97737027147134, 10.446833960567083], [103.97738265577243, 10.44685676481641], [103.9774125480861, 10.446897228183728], [103.9774337953394, 10.44691832910108], [103.97745145975277, 10.446951720265272], [103.9774566161908, 10.44698165527536], [103.97747420392085, 10.44700627629111], [103.97748117872355, 10.44704127738268], [103.97749175223055, 10.447054494929022], [103.97750416585102, 10.447059759178499], [103.97753246677145, 10.44706866593477], [103.97756953960538, 10.447075688380316], [103.97758184708704, 10.447089812887668], [103.97758363585079, 10.447112599789534], [103.97758717172344, 10.447128427780656], [103.9775871452949, 10.447144249941854], [103.97756229176599, 10.447149453197266], [103.97754822811156, 10.447147712340547], [103.97753761789775, 10.447156464996675], [103.97754106544802, 10.447170484591696], [103.977549901971, 10.447184603419355], [103.97755865017425, 10.447196913850313], [103.97756047412629, 10.447198634674814], [103.97756045056579, 10.447212739001241], [103.97755165841184, 10.44722673856379], [103.9775551029428, 10.447242566405649], [103.97755332925102, 10.447265437889413], [103.97756390307035, 10.447278474609], [103.97759392514632, 10.447295973374255], [103.97763100661622, 10.447297842310023], [103.97765577183515, 10.447290830653362], [103.97769109442028, 10.447306710656541], [103.97771042370724, 10.447327718006235], [103.97773513351729, 10.447353887676153], [103.9777492737278, 10.447364489084931], [103.97778287277116, 10.447373223663377], [103.9778198659304, 10.447373284181229], [103.97782338732569, 10.447397791755954], [103.97782162255845, 10.447415328913156], [103.97783748648234, 10.4474329853207], [103.9778497912728, 10.447448737241004], [103.97786747930618, 10.44746802405779], [103.97789575416301, 10.447492572120838], [103.97790272902151, 10.447527573204956], [103.9779008582757, 10.44755388021136], [103.97790265883671, 10.447569614948595], [103.97791852880998, 10.447583654858464], [103.97794154090568, 10.447587218587218], [103.97795212199625, 10.447595915502081], [103.97799962323559, 10.447648432493754], [103.97803672607645, 10.44769225286572], [103.97805968552052, 10.447727370497683], [103.97807728224109, 10.447746657154541], [103.9780913904937, 10.447776425968247], [103.97810194519067, 10.447800945040388], [103.97811421198725, 10.447839480864547], [103.97813721248741, 10.447850006331384], [103.9781618191143, 10.447883318397777], [103.97821287399317, 10.447941085101029], [103.97826229334471, 10.447993695605154], [103.97831699889707, 10.44805327651239], [103.97835411344204, 10.448090135099477], [103.97837344870284, 10.448107616330624], [103.9784105778882, 10.448135704913128], [103.9784494484471, 10.448160270245491], [103.97845992933365, 10.4481743013246], [103.9784952755822, 10.448176076917045], [103.97853234555808, 10.448184907504837], [103.9785782990167, 10.448179738646985], [103.9786436876888, 10.448186897642847], [103.97868788531349, 10.448193931602948], [103.97872127828269, 10.44821677011754], [103.97875313020756, 10.448232553928893], [103.97878665250103, 10.448232608671269], [103.9788008162947, 10.4482291057082], [103.97883613633567, 10.448246613014188], [103.97887502743428, 10.44825888221561], [103.97889442183605, 10.44829571181154], [103.97891202737858, 10.448309754508722], [103.97891024820154, 10.448335971260407], [103.97889076324846, 10.448353479494772], [103.97888187088705, 10.448372813274494], [103.97889772346917, 10.448397340973006], [103.97893304338402, 10.44841493868163], [103.97895778245656, 10.44842365867833], [103.97900372720996, 10.448423733677714], [103.9790407534019, 10.448458874206139], [103.97904946103239, 10.4484955959379], [103.97908841429498, 10.44852540526265], [103.97912016619466, 10.44854643280751], [103.97914664649429, 10.448551719952684], [103.97916423173368, 10.448577968306152], [103.97917479527428, 10.448597243429848], [103.97919248345447, 10.448616530178915], [103.97922591444994, 10.448616584728093], [103.97925247721611, 10.448627206343412], [103.97926832411896, 10.448655169695037], [103.97927356938392, 10.448686732253973], [103.97929655252445, 10.448707745476021], [103.97930888062218, 10.448709573840498], [103.97934596529011, 10.448709634338133], [103.97937599919804, 10.448720171193445], [103.97938135929819, 10.448737629570873], [103.97940076537807, 10.448767497387019], [103.97942538395179, 10.448793757199452], [103.97944125691623, 10.448806079203871], [103.97946600175442, 10.448811363493185], [103.97946413127715, 10.448837580100278], [103.97944116977146, 10.448858427964304], [103.97943584275994, 10.448875959322637], [103.97946226484879, 10.448916236029056], [103.97948871012086, 10.448942589229016], [103.97951157576753, 10.448979334039755], [103.97952393698048, 10.449016152131511], [103.9795327591971, 10.449038950496744], [103.97954690255547, 10.449047743584055], [103.97956621176014, 10.449080956499884], [103.97959091569466, 10.449110832944557], [103.97961734955854, 10.44914405747479], [103.97965092553227, 10.449166805784428], [103.97967921226822, 10.449184391948721], [103.9797056954914, 10.44918796121534], [103.97970566058977, 10.449208936884867], [103.97970562568807, 10.449229912554358], [103.97972313997805, 10.449243955061371], [103.97975317094239, 10.449256300131303], [103.979777969409, 10.449284278051833], [103.97979382180543, 10.449308986534808], [103.97984674766926, 10.44934053638784], [103.97988917210034, 10.449370351279063], [103.97995095798478, 10.44940200596712], [103.9799843774905, 10.449409022193505], [103.98003919126702, 10.449403867569691], [103.98008870436387, 10.449400422141057], [103.98012394469566, 10.449411057823921], [103.9801646919903, 10.449405789851983], [103.98024592968346, 10.449384946435247], [103.98030074931408, 10.44937626568341], [103.98032907096824, 10.449372876121176], [103.98039440661559, 10.449357160291532], [103.980438648022, 10.449337974428836], [103.98043947129955, 10.449337252468107], [103.98047751783582, 10.449308201538795], [103.98049346071791, 10.449278481737304], [103.9805447179976, 10.449269795143621], [103.98057476642241, 10.449271652301743], [103.98058184466977, 10.449299601322805], [103.98056581901382, 10.449324167474668], [103.9805817601147, 10.449350503493054], [103.98061882158879, 10.44936457776548], [103.9806505998105, 10.44936987341173], [103.98066477234897, 10.449361126449547], [103.98067367604584, 10.449334921276353], [103.98069491402947, 10.449306837507521], [103.98071778444894, 10.449285808578045], [103.98074971496234, 10.449254396935165], [103.98074449266178, 10.449208910886902], [103.98074800448403, 10.449184324365715], [103.98078689278144, 10.44919840159038], [103.98081868540123, 10.449195017630343], [103.98083469647004, 10.449179221465645], [103.98083822539733, 10.44914432793115], [103.98083480379931, 10.449114576610233], [103.98086131030044, 10.449104131861537], [103.98088250457313, 10.449102358082616], [103.98089530351572, 10.449095688365501], [103.98090901677517, 10.449088477659135], [103.9809250132758, 10.449081451490857], [103.98093202332234, 10.449095476849642], [103.9809336920279, 10.449135713184308], [103.98092130866928, 10.44916715663958], [103.98093358757042, 10.449198640205308], [103.98094767574906, 10.44924070499089], [103.98097583926305, 10.449277548733784], [103.9810023342192, 10.449274065727701], [103.98102527555052, 10.449265333008242], [103.9810554241746, 10.449261855938893], [103.9811065579913, 10.44927251735667], [103.98113840730272, 10.449290018775308], [103.98115771639486, 10.449323412428], [103.98117184526333, 10.449340975447685], [103.98118610912877, 10.449332228610057], [103.98120021656123, 10.449307659306621], [103.98121083830485, 10.449291944774474], [103.98125496221704, 10.449288490403138], [103.98128848178746, 10.44929026272363], [103.9813273846725, 10.449295569882171], [103.98136976424404, 10.449297447005613], [103.98139814813544, 10.449311597500143], [103.9813891647037, 10.449330840793925], [103.98138217924303, 10.449357049107011], [103.98137855588166, 10.449393841161653], [103.98138548046184, 10.449404340279816], [103.98140493925989, 10.449402563646917], [103.98143328714903, 10.449383351817565], [103.98144922409931, 10.449357158047606], [103.98146860309713, 10.449348419507983], [103.98151460741413, 10.449367752140747], [103.98155339288846, 10.449388790880555], [103.98157106957188, 10.449415129672827], [103.98158863483022, 10.44945358357668], [103.98158154350068, 10.449488561748451], [103.98157090422926, 10.449514854543397], [103.98160975498597, 10.449551625182169], [103.98163086948675, 10.449542889452136], [103.98162570647028, 10.44951666140111], [103.98164336451794, 10.449499150030011], [103.98168394193398, 10.449541257810225], [103.98172087737662, 10.449576307485406], [103.9817580157411, 10.449599151779845], [103.98178974171657, 10.449636001240943], [103.98180742442699, 10.449658723525491], [103.9818125873108, 10.44968504198658], [103.9818497315382, 10.449704360187669], [103.98189206487912, 10.449734174675223], [103.98190615335922, 10.449776149012047], [103.98192025053162, 10.449812879429283], [103.98194310185073, 10.449858484495563], [103.98195720187695, 10.449893497075825], [103.98197132797023, 10.449912777898442], [103.981973028715, 10.449933756391696], [103.98197297643708, 10.449965310318252], [103.9819817133589, 10.449984582392569], [103.98199400692636, 10.450007295920072], [103.98200996855368, 10.450021335787435], [103.98202583299906, 10.450038901589304], [103.98204524840055, 10.450063344514424], [103.98205582370153, 10.450075657797328], [103.98207169698843, 10.450087889265653], [103.98208409628562, 10.450101923348111], [103.98210516438772, 10.450121215431524], [103.98212459702201, 10.450135260926455], [103.98216000582443, 10.45015457627803], [103.98218289793017, 10.450175589156597], [103.98220276886467, 10.45020075611318], [103.98220933201479, 10.450208903899929], [103.98223048563476, 10.450231722207421], [103.982250976807, 10.450268462985775], [103.98228512690477, 10.450275660988124], [103.98231523789438, 10.450294967728793], [103.98233984815569, 10.450326471250676], [103.98235925476786, 10.450356248489907], [103.98237155122075, 10.450377244168756], [103.98238218031706, 10.450412251102367], [103.98239443905447, 10.450456030705311], [103.98240142599631, 10.45048406995729], [103.98240496798262, 10.450496371821705], [103.98241203758708, 10.450529655140832], [103.98242257535023, 10.450564661925085], [103.98243658411698, 10.450599674338582], [103.98245070159005, 10.45062419906129], [103.98247186109175, 10.45064349127079], [103.98250005693569, 10.450660986636935], [103.98251776863579, 10.45066625929259], [103.98254991329662, 10.450671012875254], [103.98258662910695, 10.45067333272511], [103.9826237908565, 10.450682163004188], [103.98265197788608, 10.450704992689188], [103.98270676000614, 10.45071909545827], [103.98273854708583, 10.450719146985056], [103.9827596834278, 10.450752453099104], [103.98274905587266, 10.450771693766466], [103.98275604868594, 10.450796206928265], [103.98280023513092, 10.450810292507406], [103.98283199335566, 10.450827793619375], [103.982835526688, 10.450845339399198], [103.98284423183084, 10.450883869294676], [103.98286548271714, 10.450903161627805], [103.98289177597275, 10.45091125096257], [103.98291845254288, 10.450908491398653], [103.98292923989919, 10.45090308411957], [103.98293967878283, 10.45088745964626], [103.98298205275873, 10.450892862650058], [103.98301028917172, 10.450885856211118], [103.98302447323184, 10.450870147389764], [103.98304393779799, 10.450864934989545], [103.98306164368994, 10.450873733699824], [103.98307213653607, 10.450880712471653], [103.98308279173699, 10.450899987626514], [103.98308622507176, 10.450922777175863], [103.98309151425202, 10.450928029677382], [103.98312154268336, 10.450942092278957], [103.98313568339398, 10.45095260305091], [103.98314982425504, 10.450963023409866], [103.98318167669811, 10.450978806800729], [103.9832117166464, 10.450985907638717], [103.98323106103216, 10.450998144674355], [103.98325572045682, 10.450999992861027], [103.98329464675953, 10.450991285867431], [103.98331757949688, 10.450987796906896], [103.98334414560452, 10.450996609948225], [103.98336173701256, 10.45101942241834], [103.98337767858465, 10.451045667897315], [103.98342003825069, 10.451059750435785], [103.98344643034733, 10.451063319253365], [103.98349236103239, 10.451072163629204], [103.98350655090354, 10.451052928701742], [103.98350128785326, 10.451031854034474], [103.98349428048755, 10.451016110890366], [103.98352608791431, 10.451003866251938], [103.9835525800126, 10.451002191288424], [103.98357022938342, 10.450989923731175], [103.98359153811859, 10.450974226413967], [103.98362160704802, 10.450963787205316], [103.98366216585195, 10.450962134995176], [103.98367989476283, 10.450957010160177], [103.98370809951606, 10.450969171091275], [103.98372742361676, 10.45099370418634], [103.98374687086276, 10.450998979583407], [103.98375760120433, 10.450972777272183], [103.98377351775001, 10.45095887947202], [103.98379113829867, 10.450964061498546], [103.9838035580111, 10.450965799430012], [103.98383715450227, 10.450976432056649], [103.98386178228745, 10.450997447629238], [103.9838918397188, 10.450993970151034], [103.98391844047059, 10.45098180746413], [103.98393436581522, 10.450962575322892], [103.98394853535856, 10.450955636463183], [103.98400489637447, 10.45095400976414], [103.98401914860372, 10.450952314969296], [103.98404739082252, 10.450941782353349], [103.98405618280704, 10.450927782606103], [103.98406688134041, 10.450920838128807], [103.98408980242942, 10.450924401281], [103.9841056728585, 10.45093844090181], [103.98412865649898, 10.450959453796456], [103.98415340175198, 10.450964647321165], [103.98417460166272, 10.45095952806933], [103.98419590469912, 10.450947266382272], [103.9842170249002, 10.450935094810838], [103.98423467125973, 10.450924635463837], [103.98425059658257, 10.450905403305667], [103.98425748051176, 10.450885252407256], [103.98425775602999, 10.450884348725902], [103.98427896756675, 10.450872177297631], [103.98431961203477, 10.450873960822964], [103.98435851801835, 10.450877549787286], [103.98440288232176, 10.450894619053706], [103.98441319743648, 10.450898613877639], [103.98443620122376, 10.450907421073405], [103.98445210625746, 10.450900484994623], [103.98445284131918, 10.450897864214825], [103.98446101565575, 10.450870663208047], [103.98447349008323, 10.450839219752481], [103.98449111157579, 10.45078843630002], [103.98452998106592, 10.450758753321622], [103.98457776452453, 10.450751868728924], [103.98461257216994, 10.450748127615748], [103.98461723151733, 10.45074759266491], [103.98465733805386, 10.450743227216117], [103.98469443163751, 10.450738043182811], [103.98474743038791, 10.450725832638392], [103.9847739570278, 10.450703181887597], [103.98480751135193, 10.450683978161978], [103.98484644920079, 10.450668218805102], [103.9848729499088, 10.450661299809035], [103.98494368317601, 10.450640528654239], [103.98495430195624, 10.450626531828231], [103.98502679111445, 10.450593376951531], [103.98506397899651, 10.450586384772734], [103.98510986150688, 10.450569009160342], [103.98514349567533, 10.450556767302738], [103.98520716399693, 10.450555152177104], [103.98525298323278, 10.450576201830723], [103.98527240443491, 10.450597299312044], [103.98530062351392, 10.450600780509742], [103.98532534554468, 10.450620078284091], [103.98536416017214, 10.45062366697758], [103.98540846113599, 10.450623738418896], [103.98544544029109, 10.450632568078339], [103.98548432335096, 10.450650080420898], [103.98550544853377, 10.45069034812512], [103.98551956045557, 10.45071839880891], [103.98555131303463, 10.450739425742471], [103.98556714038172, 10.450779684902153], [103.98559183641062, 10.450814804834794], [103.9856555077617, 10.450811381373228], [103.98568018459706, 10.45080265111645], [103.98570320284409, 10.450802688215076], [103.98574190028181, 10.45082200848226], [103.98577904490602, 10.450841326242685], [103.98580908208692, 10.450850144674883], [103.98583206584165, 10.450871157452099], [103.9858461037063, 10.450888720131886], [103.98586912493388, 10.450886948969902], [103.98588848949674, 10.450886980168756], [103.98590618388135, 10.450902830896002], [103.98593446267485, 10.450925570037848], [103.98594507265172, 10.450916907511932], [103.9859521320228, 10.450901096663584], [103.98602628753918, 10.45090998614319], [103.98604042835233, 10.450920496791028], [103.98608106125523, 10.450929332263891], [103.98610580060124, 10.450938142136657], [103.98612169416067, 10.450938167731685], [103.98614645074638, 10.450936489757055], [103.98617474962137, 10.450947023197603], [103.98621180027244, 10.450967968186536], [103.98621348971574, 10.450995998840934], [103.98623520199706, 10.451012579321592], [103.98623638796144, 10.451013485357947], [103.98624077328425, 10.451012949942266], [103.98627530840649, 10.4510083040825], [103.98628939815052, 10.450994312798109], [103.9863053858782, 10.45099262069456], [103.98634589863957, 10.45101899600341], [103.98634882010843, 10.451019904832972], [103.98636890546751, 10.451025994813724], [103.98638380065347, 10.451022131043088], [103.98639540617872, 10.451019075691205], [103.98640681654283, 10.451023614691007], [103.9864219695663, 10.451029606317164], [103.98644139681815, 10.45104708723365], [103.98648020290443, 10.451055919716824], [103.98652603656198, 10.451068289598823], [103.98656139762926, 10.451061294307165], [103.98659146930264, 10.451049136977694], [103.98662326801562, 10.451042135947445], [103.98664984863476, 10.451042178709788], [103.98665816464697, 10.451039841357849], [103.98671701686777, 10.451023028854232], [103.98680176533409, 10.451033653035985], [103.98689006740354, 10.451049617258933], [103.98696961515776, 10.451056706938639], [103.98701556035637, 10.451056780803157], [103.98704735327732, 10.451053305816309], [103.98707029162729, 10.451046380910679], [103.98710391999656, 10.451037664931691], [103.98716227336561, 10.45104652875076], [103.9872099454675, 10.451051849299407], [103.9872452007953, 10.451053623793578], [103.98727698214897, 10.451057200956097], [103.9873176265284, 10.451059074513967], [103.98737996887886, 10.451086298481858], [103.98739010076481, 10.451090654568027], [103.98745361768356, 10.4511257463144], [103.9874906567391, 10.451153833744751], [103.98752414782429, 10.451173145440332], [103.98755062274068, 10.451181957991052], [103.98757363524295, 10.451185521042426], [103.98760193700981, 10.451194336522653], [103.98761953734478, 10.451211904849815], [103.98764242991052, 10.45123291735654], [103.98765136131497, 10.451245227825554], [103.98766541085847, 10.451255738257819], [103.98769012464882, 10.451280189368433], [103.98769540532273, 10.451290685720826], [103.9876936410739, 10.451308222953859], [103.98768118976028, 10.451325743028443], [103.98769358936629, 10.451339776906215], [103.98792322425442, 10.451340145504755], [103.9881405051247, 10.451354417679127], [103.98829245870529, 10.45137925365236], [103.98832540654809, 10.45139567118886], [103.98834192621602, 10.45140383482288], [103.9883612622607, 10.451421315481818], [103.98837711279307, 10.451447650997343], [103.98839653441448, 10.451468657887508], [103.98840886846091, 10.45146695982113], [103.98842478217423, 10.451454689205379], [103.98843905734363, 10.451438980278589], [103.98846194702445, 10.451461800979247], [103.98849359996623, 10.451488071409525], [103.98852893516198, 10.451496898084487], [103.98854485168283, 10.451482909625465], [103.98854843696667, 10.451468901400673], [103.98857490055187, 10.451484675629953], [103.98859959698179, 10.45151979534696], [103.98862433660199, 10.451528514617241], [103.9886367390696, 10.45154083062339], [103.98864729191338, 10.451567067223879], [103.98868780806424, 10.451591543585199], [103.98873381601103, 10.451609157374328], [103.98877080973561, 10.45160921664684], [103.98882743353003, 10.45161455130086], [103.9888981125477, 10.451626960650941], [103.98896339955355, 10.45164107919171], [103.98899699646587, 10.451651620873916], [103.9890252013624, 10.451663871759816], [103.98905342901793, 10.451662199120111], [103.98908522479546, 10.4516570060949], [103.98928840480814, 10.451692321086794], [103.98945153007479, 10.45170026721951], [103.98947573408313, 10.451701390899059], [103.9896453114764, 10.451729690121127], [103.98980769571736, 10.451799929261709], [103.98990124192346, 10.451849082526365], [103.98997726188017, 10.451891155557295], [103.98999916567374, 10.451902492160317], [103.9902067060238, 10.452008787547939], [103.99039028485122, 10.45207734242388], [103.99053161761897, 10.45211789220745], [103.9906129655164, 10.452141619813547], [103.99061442405325, 10.452143430396921], [103.99061102580963, 10.452154816977288], [103.9905950866514, 10.452182729067669], [103.99060563098926, 10.452214299949057], [103.9906232515919, 10.452219572019123], [103.99064098637254, 10.452210830295392], [103.99065158492854, 10.452209129372642], [103.99065513315279, 10.452217814660212], [103.99064623578327, 10.452240584467896], [103.9906532292515, 10.4522650974854], [103.99067803735707, 10.452287921098558], [103.99070443821223, 10.452286245398899], [103.9907204460256, 10.452272256975123], [103.99072831063458, 10.452266663938092], [103.9907363511533, 10.452265230167837], [103.99075123133149, 10.452270588269773], [103.99076283760508, 10.452267080696883], [103.99077163788036, 10.452247836827702], [103.99078756583374, 10.45222679607875], [103.99080174958394, 10.452211086897282], [103.99081774472411, 10.45220487394405], [103.99082834740265, 10.452200641465076], [103.99085116600374, 10.452211165756923], [103.99089543586724, 10.452230494312037], [103.99091387326047, 10.452239022528452], [103.99091432761834, 10.452240469857346], [103.99091650467844, 10.452249785843806], [103.99090597464203, 10.452265500860333], [103.99091123541656, 10.452288293266255], [103.99093769345565, 10.452307593395611], [103.99097659413744, 10.452314617240159], [103.99100299219735, 10.45231465935356], [103.99101888863605, 10.452312966870242], [103.99105607942113, 10.452304256159412], [103.99107371711234, 10.45229904035365], [103.99128251263984, 10.45242025517335], [103.99128552415674, 10.452421977817211], [103.99128373464414, 10.452455156443245], [103.99127830274783, 10.452481367479907], [103.99127826007738, 10.452507587109261], [103.99128005838892, 10.452525130049972], [103.99129765901172, 10.452542698186107], [103.9913295291293, 10.452547992937422], [103.99134897103096, 10.452556703556898], [103.99139491648151, 10.452556776801272], [103.99141786059909, 10.452546325496234], [103.99144264863472, 10.452525389249384], [103.99145326720252, 10.45251139219796], [103.99146213598824, 10.452506162394165], [103.99150440786389, 10.452518435488793], [103.99157505589649, 10.452550102126375], [103.99165453861738, 10.452597514644332], [103.99175512730028, 10.452641434667893], [103.99179043142469, 10.452669518858565], [103.99182401429805, 10.452688830266734], [103.99189290704871, 10.45273269976317], [103.99192639006918, 10.452757254941952], [103.99196341857008, 10.452792213230094], [103.9920198887247, 10.452836062919452], [103.99204634408989, 10.452857080799564], [103.99204632983839, 10.452865850814366], [103.99199506646352, 10.452878065329264], [103.99197209956192, 10.45290253061635], [103.9919720484251, 10.452933994174153], [103.9919932342619, 10.452937554005862], [103.99200557408432, 10.452932329714027], [103.99203564869279, 10.452918363620881], [103.99205329213532, 10.452909621673598], [103.99206214946376, 10.452911444030162], [103.99207099268837, 10.452921945988768], [103.99207094714423, 10.452949973871108], [103.99205503069483, 10.452963962508695], [103.99204082992554, 10.452990159599175], [103.99205670935274, 10.45299895491827], [103.99207790944594, 10.45299374472982], [103.99209737975134, 10.45298500568866], [103.9921114465702, 10.452985028081986], [103.99213446500114, 10.452985064724286], [103.9921627755963, 10.452988635886305], [103.99218578271758, 10.452995634289339], [103.99220685445253, 10.453013207903183], [103.99222627070672, 10.453037740663397], [103.99225625705107, 10.453078112477474], [103.99225798419698, 10.45308326875343], [103.99224205922998, 10.453102501326768], [103.99223153480847, 10.453114780712042], [103.99223680142005, 10.453134047011671], [103.99226136138525, 10.453141047881134], [103.99227908193262, 10.453141076082126], [103.99229496710188, 10.453146345301457], [103.99230910529977, 10.453158663935278], [103.99232497343627, 10.453174421006176], [103.99233380816014, 10.4531901668846], [103.99233204694445, 10.453205986315007], [103.99232845901442, 10.453221712425854], [103.9923390435015, 10.453228691050802], [103.99235494277282, 10.453225280664869], [103.99236737115467, 10.45322177434272], [103.99238152653805, 10.453223514708], [103.99240974875194, 10.453225277453324], [103.99242389268395, 10.453234069993838], [103.99244687986332, 10.45325336448275], [103.99246448338319, 10.453269214720718], [103.99249264879057, 10.453305967107125], [103.99250667584299, 10.453330491278706], [103.99253496944768, 10.453344550262546], [103.99258438605997, 10.453344628862178], [103.99263217552122, 10.453334216985992], [103.99266755376625, 10.453316733170762], [103.99268875093816, 10.453313331192968], [103.99273120683745, 10.45332488112209], [103.99274700229552, 10.453329155636563], [103.99278231509861, 10.45335199579731], [103.99284408351953, 10.453395763359753], [103.99289700003604, 10.453434363313217], [103.9929499994021, 10.453478207330509], [103.99298883780848, 10.453523746677387], [103.99304523962952, 10.453553582108308], [103.99308413465945, 10.453564222206234], [103.99313537817399, 10.453564303624926], [103.99318664162695, 10.453552088930516], [103.99319551041637, 10.45354685907889], [103.99338113901786, 10.453478892269567], [103.99343241373175, 10.453459715768918], [103.99346597637022, 10.45343526719748], [103.99348365379787, 10.453405549461397], [103.99350498494657, 10.453375837524758], [103.99353152543169, 10.45334441601364], [103.99366769407895, 10.453246624703134], [103.99402674344063, 10.452977583418454], [103.99407631661566, 10.452937337931084], [103.99407915132151, 10.452935443757706], [103.99411883924847, 10.45290765955188], [103.99417358764053, 10.452886770590025], [103.99418528817395, 10.452881454785782], [103.99421965858933, 10.452865777449597], [103.9942567890387, 10.452837898758412], [103.9942796446741, 10.452825638848328], [103.99431154033556, 10.452815201520675], [103.99441597566664, 10.452740143591125], [103.99446015089536, 10.452705223840315], [103.99452383025748, 10.452640589175438], [103.99470422813098, 10.45253057131856], [103.99488646953851, 10.452410158800014], [103.9951836052398, 10.452242551665146], [103.99525959023569, 10.45219366813756], [103.99531087587376, 10.45216752955003], [103.995369220439, 10.452125579877158], [103.99543996775817, 10.452095945947706], [103.99548240172751, 10.452064458977803], [103.99553716126955, 10.45203651758866], [103.99560788025319, 10.45202442366034], [103.9956662907161, 10.451998205862878], [103.99569636508565, 10.451984239411955], [103.99586956397232, 10.451919777535592], [103.99594376254446, 10.451902354672542], [103.99608162960416, 10.451883404919188], [103.99614889441828, 10.451860817526354], [103.99622126334143, 10.451845109551746], [103.99626906937554, 10.4518242092531], [103.99630965088161, 10.451808541486137], [103.99637333654987, 10.451796345868797], [103.99645639239807, 10.451780745120185], [103.99649531006307, 10.451777280434133], [103.9965871320331, 10.451763411327306], [103.99666487019121, 10.45176009827789], [103.99670917430537, 10.451758359906028], [103.99679211346518, 10.45175849071646], [103.9968450922242, 10.451758574262497], [103.99691579699433, 10.451755250060804], [103.99696000409145, 10.451757037601359], [103.99700244745635, 10.45177636244425], [103.99704287852352, 10.451797401953527], [103.99705354307352, 10.451811432752136], [103.99704823108682, 10.451820194423526], [103.99703406452991, 10.451825416037082], [103.9970165126189, 10.451834158413776], [103.9970005050955, 10.451848147168095], [103.99698282241434, 10.451881391213025], [103.99698634550106, 10.451905808230583], [103.99699335925197, 10.451918025019202], [103.99701635507361, 10.451932075258423], [103.99704090372406, 10.451946127943804], [103.99706036816562, 10.451940914681009], [103.99707280197899, 10.451933972491638], [103.99709044814608, 10.451923422004066], [103.99710289330297, 10.451909427630662], [103.99711880090149, 10.451900773070646], [103.99714345500442, 10.451906055869973], [103.99716115586217, 10.451918289497643], [103.99718057798182, 10.451939386294221], [103.99720704774693, 10.451951633737968], [103.99721948722886, 10.451941165451304], [103.99722124804286, 10.451925436393356], [103.99723186924761, 10.451909630883973], [103.99726723008303, 10.451902724812026], [103.99728487042653, 10.451895790817392], [103.99729191515763, 10.45188874971563], [103.99728663966965, 10.45187481782792], [103.99734675728675, 10.451866142494127], [103.99737855574898, 10.451859230797549], [103.99738917897871, 10.451842159505924], [103.99741404105997, 10.451831710778901], [103.99742638918768, 10.451821242339673], [103.99743754113844, 10.451816196785943], [103.99744585928457, 10.45181250296105], [103.99751127185728, 10.451805644191763], [103.99753237202368, 10.451805677419785], [103.99755883612563, 10.45182145092623], [103.9976189086855, 10.451840803448674], [103.99764191862499, 10.451846083620952], [103.9977019307957, 10.451846178098743], [103.99774615476545, 10.451837477668501], [103.99779028448535, 10.451830585340439], [103.99783796829144, 10.451828852131408], [103.99788746196124, 10.451837700065555], [103.99791749687384, 10.451848235217556], [103.99794224233187, 10.451853518099343], [103.99797402960253, 10.45185356811389], [103.99799878900002, 10.451850171380528], [103.99803048492792, 10.451850221245733], [103.9980764387417, 10.451845049591526], [103.99810302513758, 10.451841565311094], [103.99813309373305, 10.45183112471654], [103.99815084513753, 10.451811894700931], [103.99817199029847, 10.451783899975865], [103.99819147154929, 10.451768198779224], [103.99821452372592, 10.451747168839095], [103.99824104677687, 10.451726234767985], [103.99826931389677, 10.451699969079003], [103.99830461701032, 10.451672087018824], [103.99832766075717, 10.451656301001588], [103.99840374766293, 10.451600455065734], [103.99842857724548, 10.451553298589573], [103.99844807253923, 10.451528827351556], [103.99846573822133, 10.451506071080557], [103.99848706601837, 10.451478076618953], [103.99849769816764, 10.451455399704034], [103.99853128269179, 10.451416936611631], [103.99861270681433, 10.451336506712765], [103.99864279506468, 10.451313769949834], [103.99867817552591, 10.451294567599625], [103.9987082607232, 10.45127372949519], [103.9987665765681, 10.451249319219334], [103.99880013857057, 10.451224870052839], [103.99883370071275, 10.451200330469899], [103.99888328141711, 10.451154840256672], [103.99904781149957, 10.451027254811933], [103.99913448530936, 10.450976759665691], [103.99935376842103, 10.450824848514308], [103.99940159104636, 10.450793369449315], [103.99946879215389, 10.450753241137672], [103.99952722437223, 10.45071309905859], [103.9995819972356, 10.450676477331477], [103.99962266428773, 10.450664244951005], [103.99965264413086, 10.450652086221442], [103.99967924444758, 10.450639831777519], [103.99970217688809, 10.450636432042169], [103.99975701603468, 10.450615451813922], [103.99980647696638, 10.450587591767649], [103.99986664476206, 10.450547361930191], [103.99988612310484, 10.450533378461612], [103.99991793266575, 10.450519414316034], [103.99994790612199, 10.450511233713923], [103.99994973369236, 10.450510784513325], [103.9999797853313, 10.450510831602227], [104.00001697020558, 10.4505055555049], [104.00003461041499, 10.450498621351155], [104.00006457909586, 10.450493424355262], [104.00007874843841, 10.45048639434858], [104.00008424733979, 10.450474920527716], [104.00008938043763, 10.450463717372307], [104.00010356654704, 10.450446199497028], [104.00011592017033, 10.45043220485273], [104.00014070184393, 10.450414793985713], [104.00016904875672, 10.450395580443232], [104.00018324035086, 10.450374626883235], [104.00021154910044, 10.45032214133764], [104.00025231970054, 10.450245083001196], [104.00027182589739, 10.450213649865015], [104.00029654712539, 10.450176890533436], [104.00031075546194, 10.450145449098704], [104.00031608698002, 10.450124391245472], [104.00033727274935, 10.450127950519333], [104.0003708064839, 10.450121041229817], [104.00038679137931, 10.450121066255447], [104.00040972666551, 10.450115858213898], [104.00041862326903, 10.450093088094881], [104.0004293215803, 10.45008605263754], [104.0004388211743, 10.450086067508218], [104.0004504216401, 10.450086085667225], [104.00046284693067, 10.450084387272138], [104.00047702433505, 10.450072294137511], [104.00048233908522, 10.450061724149093], [104.0004982550236, 10.450047735064102], [104.00052656548525, 10.45005130547671], [104.00054406680042, 10.450074116914505], [104.0005634893383, 10.450095032687543], [104.00058466673325, 10.450103835879217], [104.00060586651264, 10.450098625107412], [104.0006112584495, 10.450096915700206], [104.00062717423987, 10.450083017021282], [104.00063595435917, 10.4500759785552], [104.00065899773045, 10.450060282769774], [104.00066778622298, 10.45004800036846], [104.00068196939354, 10.450032290717841], [104.00069590813396, 10.449998046042346], [104.0006961833157, 10.449997323169798], [104.00069092459391, 10.449972813049856], [104.00068208114709, 10.4499623113186], [104.00068383902864, 10.44994830007156], [104.00071050075158, 10.449897529742742], [104.00078138409769, 10.449782092960854], [104.00081671189118, 10.449738478795478], [104.00086627519345, 10.449703566527642], [104.00088218821011, 10.449691385674846], [104.00090339921385, 10.449679122693722], [104.00094235281297, 10.449652963871234], [104.00098301131607, 10.449645975242655], [104.00102713230596, 10.44964432638305], [104.00104831531215, 10.449649603449346], [104.00106237089162, 10.449656587216518], [104.0010818984883, 10.44966891389832], [104.00109419620833, 10.449689908914554], [104.00108885364261, 10.449717928559531], [104.00107997946016, 10.44972668473706], [104.00107288754154, 10.449763381284505], [104.00108344702213, 10.449786091428647], [104.00109931819954, 10.449800130238447], [104.00112577944543, 10.449817711704865], [104.00117169383965, 10.44983704142111], [104.00120530776479, 10.449837093959742], [104.00122475528585, 10.449842368302507], [104.00124777351779, 10.449842404276616], [104.00128313419377, 10.449835407331108], [104.00130955155345, 10.449823242871673], [104.0013290326731, 10.449807451055916], [104.00135553863139, 10.449797004575936], [104.00138204458801, 10.449786558093658], [104.00140498805399, 10.44977619645628], [104.00142271117483, 10.449774506299836], [104.00145805223471, 10.449779805457833], [104.0015004267878, 10.449785025185589], [104.00153047562553, 10.449786789966048], [104.00158346230391, 10.449781719187508], [104.00160816314423, 10.449814939297365], [104.001620427328, 10.44985700044815], [104.00163100918883, 10.449865696611496], [104.00165216988607, 10.449884987603376], [104.00167700934709, 10.44988855249371], [104.00170164941014, 10.449902604967212], [104.00174236008694, 10.449920208633117], [104.00179705462865, 10.449932499763488], [104.00183942906608, 10.44993780986007], [104.00189240755763, 10.449937892553859], [104.00195079468332, 10.449925777937834], [104.00199320267637, 10.449910021859855], [104.0020179981772, 10.449883840809816], [104.00204637833802, 10.449843651350587], [104.00208872564, 10.449808637215543], [104.00212236173743, 10.449794766104489], [104.00214888998461, 10.449770305591615], [104.00216480295782, 10.44975812467276], [104.00218775215625, 10.449744146470481], [104.00221966123368, 10.449724938293144], [104.00224087766081, 10.449709239538844], [104.00225506635256, 10.449690003718953], [104.00226742819945, 10.449670765049182], [104.00228518484427, 10.44964800868883], [104.00230111464364, 10.449625249478409], [104.00232054321545, 10.449585046031542], [104.00235067276786, 10.449536089217265], [104.00238078000822, 10.449501146366005], [104.00238581001113, 10.449497266453653], [104.00239669310265, 10.449488875021645], [104.00241260590809, 10.449476784501801], [104.00243735127273, 10.449482067030596], [104.00244619778923, 10.449490670049167], [104.00245679347336, 10.449490686567785], [104.00246913832419, 10.449482116586234], [104.00249394223862, 10.449450601146477], [104.0025168941333, 10.449434905077451], [104.002569903181, 10.449415729751918], [104.00259996594481, 10.449408724399392], [104.00263363261011, 10.44937559532791], [104.0026920308234, 10.449356428379714], [104.00272382073904, 10.449354669655545], [104.00276795002868, 10.449347776616712], [104.00278924955094, 10.449337231488968], [104.00280863635139, 10.449323247689136], [104.00282456609624, 10.449300488449602], [104.00283519512494, 10.449279529210301], [104.00285284095858, 10.449268978386364], [104.0028776252693, 10.449249759040336], [104.0029076962041, 10.449237600134053], [104.00292716326848, 10.449230578246246], [104.00294662745766, 10.44922536461114], [104.00297842555112, 10.449218452337218], [104.00299962811147, 10.449211433147536], [104.00303152027477, 10.449202803169195], [104.00305271722922, 10.449199310071098], [104.00307737397317, 10.449202874566355], [104.00311802950901, 10.449197693914648], [104.0031480922418, 10.449190688508866], [104.0031675397615, 10.449195962733114], [104.00319579691231, 10.449175573399334], [104.00321710474057, 10.449159784305106], [104.00323822413736, 10.449147611433023], [104.0032595290891, 10.449133630589763], [104.00326668708693, 10.449112665931956], [104.00327723881261, 10.449082846089114], [104.00329142741253, 10.449063610218142], [104.00331439029848, 10.449040952310156], [104.0033603854322, 10.449009469774394], [104.00339048145455, 10.448981488597381], [104.00345235887482, 10.448957082967958], [104.00349485513874, 10.448943135076151], [104.00350538716975, 10.44892570176485], [104.00352314081194, 10.448904753582577], [104.00356383792935, 10.448873353186956], [104.00361153794087, 10.44886113121846], [104.00365749125861, 10.44885595873499], [104.00369284604076, 10.44885257802275], [104.00373701427182, 10.448821092588554], [104.00377065033948, 10.448807130881947], [104.00379713949725, 10.448807172065239], [104.00383950550909, 10.448817725828388], [104.00386247665826, 10.448789823940709], [104.00388553928866, 10.448761831780418], [104.00391022656223, 10.448746138302615], [104.003965125917, 10.448744415370244], [104.00400924965122, 10.448740957837394], [104.00403757668401, 10.448734040060426], [104.00406584019099, 10.44870958207234], [104.00407289301768, 10.448697296871648], [104.00409238482973, 10.448674633510079], [104.00413854216058, 10.448655989744852], [104.00421921754264, 10.448643186020758], [104.0042840080316, 10.44862493282863], [104.00432091975196, 10.448618932488136], [104.00436413907595, 10.448609777485348], [104.00442891980771, 10.448597672328024], [104.00448444105244, 10.44860698064967], [104.00451217030282, 10.44863143519286], [104.00451823219012, 10.44866806184544], [104.00453363501926, 10.448689513624053], [104.00454595643475, 10.448695680831205], [104.00457365723857, 10.448680444042969], [104.00459833903061, 10.44866818619341], [104.00462309268394, 10.44866822461386], [104.0046507304658, 10.448692769416608], [104.00468155562375, 10.448723376830944], [104.00470928490023, 10.448747831358002], [104.0047432640941, 10.448747884085604], [104.00479505983054, 10.448744890413092], [104.00480031671347, 10.448770756672024], [104.00480701573949, 10.448808830916114], [104.00486834784643, 10.448840299360617], [104.00493878308083, 10.448833718062959], [104.00500923605952, 10.4488159255715], [104.00506165298309, 10.448766731802271], [104.00512068556974, 10.448692865545764], [104.00514809609399, 10.44863016145681], [104.00519830366461, 10.44853403991438], [104.00511265636437, 10.448398649351688], [104.00424085245892, 10.44721098818198], [104.00380527214435, 10.446617473726826], [104.00490712688247, 10.443903721424178], [104.00596685021321, 10.442002259666221], [104.00740843383169, 10.439415509458609], [104.0084001611819, 10.437635809709178], [104.00922251538745, 10.43616026692001], [104.01037113759591, 10.434382247291733], [104.01148971508286, 10.4326508300204], [104.01063207470223, 10.431177140540845], [104.01002474926602, 10.430317285689664], [104.01037004797547, 10.42976222606174], [104.01018427577883, 10.428355836584572], [104.01035245676078, 10.428043807200272], [104.0106652089968, 10.42750641817995], [104.01123479010045, 10.426504697807909], [104.01153475309896, 10.425966745728479], [104.01153475323989, 10.42596665531553], [104.01187708660011, 10.425375333373717], [104.01252392343285, 10.424259897916748], [104.01269727871211, 10.42396532465124], [104.01269727885268, 10.42396523423827], [104.01288490237017, 10.42359880409958], [104.01311664629887, 10.423169603803018], [104.01342151636892, 10.422643501158852], [104.01379426991244, 10.421984774735032], [104.01379427005261, 10.42198468432203], [104.01406846560661, 10.421507086207335], [104.01444570236652, 10.420841494262852], [104.01466377547014, 10.420449612510088], [104.01500364147621, 10.419851230524127], [104.01535286505667, 10.41922510540299], [104.0153528651964, 10.41922501498996], [104.01574897882819, 10.418515508918798], [104.01613103450761, 10.417859234408663], [104.0164473830314, 10.417286221126878], [104.01671455541856, 10.416797036742047], [104.01679970435211, 10.416661183716492], [104.01685985811653, 10.416565074783184], [104.01691847909788, 10.416456034424115], [104.01695612555079, 10.416326167347863], [104.01774464007664, 10.415053704115655], [104.01882723459063, 10.41330664904116], [104.01971534860064, 10.41187330353407], [104.02026789761085, 10.410981661541616], [104.02023442886127, 10.410889299374125], [104.0202157850404, 10.410837555007566], [104.0202122503773, 10.410759975055026], [104.02018990813039, 10.410737790313446], [104.02013767796687, 10.410730388582273], [104.02007425468334, 10.410756151770931], [104.02002575789453, 10.410756079097231], [104.0199512026512, 10.410715281352063], [104.01992886609627, 10.410689389654292], [104.01987677817431, 10.410648715981447], [104.01980589295366, 10.410596983690304], [104.01975006616448, 10.410552597445077], [104.01969040250255, 10.41044916551995], [104.0196159894907, 10.410375186215347], [104.0195713106757, 10.410327200127075], [104.01951538142656, 10.410290137171213], [104.01945950298892, 10.41021989258375], [104.01945587150729, 10.410146019430286], [104.01950826541683, 10.410046372108559], [104.01953826054795, 10.409961518967956], [104.0195532605297, 10.409887673760483], [104.01958691550949, 10.409858159073922], [104.01962438837619, 10.409780731032736], [104.01965804234963, 10.409692176416776], [104.01966562181082, 10.409633147863149], [104.0196694793984, 10.40955928593786], [104.01972546425309, 10.409500239550972], [104.01975922623178, 10.409400745066183], [104.01974809989719, 10.409330567620605], [104.01972953636506, 10.409286146830437], [104.01968858535737, 10.409249196779808], [104.01965143549695, 10.409175273361845], [104.01965895764394, 10.409094003034392], [104.01966653708539, 10.409034974477917], [104.01967787809032, 10.408964830718226], [104.01967049633576, 10.408894658884236], [104.01967434809521, 10.408824594307367], [104.019715433734, 10.408713809131843], [104.0197193485929, 10.408662188973095], [104.01973063779617, 10.408566186910157], [104.01973069422799, 10.408529298343732], [104.01971210238536, 10.408503412248944], [104.01967112893006, 10.408481199542829], [104.0196301723583, 10.408447956427137], [104.0195817366669, 10.408408192328544], [104.01951833554057, 10.4083600877484], [104.01946241798576, 10.408315610916361], [104.0193768405154, 10.408256442614224], [104.01930967220702, 10.408223160133717], [104.01925748208176, 10.408189900116987], [104.01922021300254, 10.408134330386407], [104.01920917247482, 10.408067860000152], [104.01920179651427, 10.407993981217972], [104.01917214152239, 10.407916452463867], [104.01907901773977, 10.407835121489414], [104.01904175427242, 10.407775935214222], [104.0190045416523, 10.407683567309753], [104.01900464899768, 10.407613497119744], [104.01904963349328, 10.407521252616506], [104.01905338849026, 10.40745480443548], [104.01902736434573, 10.4073919280837], [104.01903493817116, 10.407336606478566], [104.01900889118598, 10.407288648295259], [104.01900898176736, 10.407229518094738], [104.01900906680808, 10.407174004420039], [104.01900536189017, 10.407148140637199], [104.01898687752931, 10.407052184312167], [104.01896464311075, 10.406959838890094], [104.01893862456156, 10.406893346005738], [104.01891633351, 10.40683797955967], [104.01889403692475, 10.40678622963828], [104.01889900883143, 10.406640852420695], [104.01912405217747, 10.40681577845999], [104.01934900197102, 10.406932658829819], [104.0195153034326, 10.407059034916212], [104.01962766755095, 10.407100431902949], [104.02003796353843, 10.40719326845349], [104.02033586938137, 10.407261795871436], [104.02033596071142, 10.407261796008168], [104.02074609685499, 10.40733998446214], [104.02114158078975, 10.407384245480621], [104.02120284135587, 10.407398712766406], [104.02150679270625, 10.4074559464752], [104.0219277949944, 10.407535957935464], [104.022079106882, 10.407550740247217], [104.02232334859166, 10.407594774173242], [104.02258210459007, 10.407643621455547], [104.02286006749993, 10.4076744144574], [104.02326574624658, 10.407741743486044], [104.02355395048728, 10.407824719670648], [104.0238616304522, 10.407893077574913], [104.02441275700484, 10.407988287816146], [104.0244280046464, 10.407991294094225], [104.02480901641485, 10.408064280626085], [104.02516752884067, 10.408158570933919], [104.02541952944793, 10.408206049746974], [104.02568815022389, 10.40825490917436], [104.02598823845861, 10.408391877631777], [104.02638108581284, 10.408611349617779], [104.02657845442432, 10.40873053503915], [104.02668548796922, 10.408795157988935], [104.02692757584357, 10.408936289330045], [104.02703285531767, 10.409013477047816], [104.02706916486724, 10.40904011221012], [104.02709368895496, 10.409069261546387], [104.02711453917462, 10.409051480877578], [104.02712112383394, 10.409045613723846], [104.02728820766107, 10.408897943925618], [104.02732497606506, 10.408862465694924], [104.02793602903296, 10.408282641090729], [104.02794756412868, 10.408264394568679], [104.02811645993869, 10.408368980535876], [104.02832431201264, 10.408501561540202], [104.02840259359242, 10.408554930323621], [104.02847120122348, 10.4086035833492], [104.02853715295808, 10.408657114779345], [104.02857634852377, 10.408708165659055], [104.02860586672548, 10.4087567611302], [104.02864020360202, 10.40881992025777], [104.02865007868186, 10.40887318832128], [104.02865028710684, 10.408916858333198], [104.028645636681, 10.408972727013696], [104.02861410965048, 10.409045463463023], [104.02858997658899, 10.409120742366701], [104.02854142196067, 10.409220125720191], [104.02851962685934, 10.409258971431223], [104.0285075092803, 10.409300182135208], [104.02850769948637, 10.409355967522623], [104.0285421277336, 10.409419126794793], [104.02858863365475, 10.409467656857224], [104.0286228535121, 10.409487146111385], [104.02866201623328, 10.409499319144665], [104.02870594634891, 10.409499383783327], [104.02875218158705, 10.409484895239153], [104.02880813778458, 10.409443839428485], [104.02885687178015, 10.409407474485015], [104.02888113264689, 10.409368722790104], [104.02892008690496, 10.409337225779527], [104.02897848741482, 10.409310549273115], [104.02900534584519, 10.409305796852111], [104.02904442821713, 10.409310646229153], [104.02907865175035, 10.409327694276953], [104.02912756855513, 10.409352087411776], [104.02915938847728, 10.409388480400983], [104.02919613470972, 10.409428587580285], [104.02926483081835, 10.40954025876691], [104.02934342727168, 10.409688471530316], [104.0293900615316, 10.40977334788708], [104.02947143513282, 10.410018668771615], [104.02952549654913, 10.410144965391298], [104.02957457490831, 10.410244492296302], [104.02963353141348, 10.410334449873098], [104.02967517528164, 10.410397529216768], [104.0297240706262, 10.410436388392046], [104.02980952740641, 10.410455952751711], [104.02996338753819, 10.410478058644422], [104.03017578376522, 10.410505042248905], [104.03035641127858, 10.410522304890293], [104.03047604422903, 10.410529713365904], [104.03053703516514, 10.410542008589324], [104.0305931783902, 10.410559088611244], [104.03061278930076, 10.410576024673302], [104.03062507181886, 10.410607596978908], [104.03062521081048, 10.410636800737555], [104.03061071166658, 10.410682799951443], [104.03054763208874, 10.410784603492884], [104.0305209088783, 10.41082100095483], [104.03045276906619, 10.410886450838092], [104.03041632847284, 10.410947064856021], [104.03036547986218, 10.411053768615568], [104.03036829763258, 10.411184872288933], [104.0303686786782, 10.41129644307737], [104.03041590056641, 10.411477248857622], [104.03044539267977, 10.411604684686235], [104.03049932658452, 10.411694544339799], [104.0304995089769, 10.411694725434144], [104.03056051195077, 10.411760183803233], [104.0306119630045, 10.411800312388207], [104.0307391340565, 10.411897512417184], [104.03078893240212, 10.411943515429599], [104.03081336127076, 10.411975648005289], [104.0308282033042, 10.412005777437797], [104.03085179560051, 10.412047673440767], [104.03088132810495, 10.412087136980045], [104.03091648292667, 10.412092432457616], [104.03095943120306, 10.412077486726877], [104.03112756830572, 10.412019506661299], [104.03120308435172, 10.41196862401202], [104.03128095676439, 10.41192995061283], [104.03135406196242, 10.41190329521103], [104.03143218309347, 10.411881529459219], [104.03148573225488, 10.41186225931845], [104.03157837858828, 10.411838164028955], [104.03166126700793, 10.411804289785284], [104.0317465300296, 10.411770418991335], [104.03177577054345, 10.41176078750028], [104.03185860022853, 10.411705033052755], [104.03188458880611, 10.411671256395254], [104.0319145123172, 10.411632331917593], [104.03196795479023, 10.411562068326438], [104.03200675886544, 10.411508781071435], [104.0320133087822, 10.411464940097718], [104.03201143773809, 10.41143347346734], [104.03198691650726, 10.411401973738077], [104.03196474872951, 10.41138467236513], [104.03194412104831, 10.411375781696542], [104.03190014637943, 10.41134416311636], [104.03187570220373, 10.411322247322166], [104.03186094266273, 10.411297994931752], [104.03185869498077, 10.41127412248382], [104.03186565841514, 10.411259214435812], [104.03189118503711, 10.411228963226339], [104.03189438608419, 10.411225984259689], [104.03192529868774, 10.411197458775728], [104.03196171017589, 10.411156193021599], [104.03202982791026, 10.411105389761847], [104.0320529600746, 10.411088425823435], [104.03209317658175, 10.41106787030338], [104.03216269601035, 10.411057031827829], [104.03216515117421, 10.411064268494126], [104.03221887378875, 10.411051056179863], [104.03228703051643, 10.411035333357626], [104.03233335178436, 10.411024460966088], [104.03233938476892, 10.411021034062381], [104.0323687277081, 10.411003898341942], [104.03239305631365, 10.410980788006524], [104.03240755885236, 10.410932347542746], [104.03241108722375, 10.41089356530129], [104.03240365597934, 10.410854676645675], [104.03237413335427, 10.410808522655811], [104.03234724843155, 10.410769696008595], [104.0323129531587, 10.410739266994305], [104.03225299732826, 10.41070644975143], [104.03227155063067, 10.410697706736716], [104.0333579586587, 10.410007808856658], [104.03380663854523, 10.409720766373491], [104.03491882737113, 10.409009201141902], [104.03540297434105, 10.408699513973925], [104.03671630160868, 10.407716360174293], [104.03845605422521, 10.406414203070995], [104.03998376944558, 10.405704935289329], [104.04184440118985, 10.404602294195879], [104.04349057672903, 10.403626638744276], [104.04511690672699, 10.40266279038772], [104.04533747342188, 10.40253200346998], [104.04645978726403, 10.401857298883495], [104.04653724432622, 10.401723776986865], [104.04791525289424, 10.401824907294836], [104.04791581313948, 10.401435586522224], [104.04738872253341, 10.400760175426218], [104.04809892631798, 10.400357027900846], [104.04871410043773, 10.399604567026888], [104.04913225848044, 10.3991831038853], [104.0501125128967, 10.398206474968358], [104.05063830647588, 10.39768263142617], [104.05116258476242, 10.39738726049035], [104.05140910919683, 10.397429647865158], [104.0525695495119, 10.398306926900366], [104.05316318300684, 10.398755664756735], [104.05370144871489, 10.39922168395739], [104.05419548327308, 10.399129335434777], [104.05460777875822, 10.399101428078948], [104.0553715773248, 10.397796279384327], [104.05636488609217, 10.396807171298246], [104.05726947656174, 10.3959064525576], [104.05748434791975, 10.394689416539574], [104.05803738779724, 10.393806021528855], [104.0582829720464, 10.392436227441983], [104.05874377777735, 10.391219076476217], [104.05892785094244, 10.389880208864923], [104.05935817816807, 10.389423395942234], [104.05935808707217, 10.388966895826348], [104.05999918722698, 10.387794654396856], [104.06061437120711, 10.386669933686587], [104.06133136302456, 10.385359007454298], [104.06278424720149, 10.383712470860855], [104.0640460412126, 10.382282661245453], [104.0651976986631, 10.38097737798719], [104.06710777673167, 10.378812642320613], [104.06716438709276, 10.378686771780554], [104.06651418733587, 10.378343135231553], [104.06646611728496, 10.378301841539443], [104.06642363271621, 10.37824979610341], [104.06626594601552, 10.378163870687308], [104.0654772876578, 10.377434881180193], [104.06555092405537, 10.377280191866237], [104.06610002992525, 10.377621614212961], [104.06644521784861, 10.3777614987663], [104.06655619506155, 10.377746458951334], [104.06661005106007, 10.377763981529114], [104.06675199405137, 10.377809832101029], [104.06745641484079, 10.378037720702366], [104.06830272023663, 10.376156798976227], [104.06889517447325, 10.374318932748995], [104.06957245273665, 10.37221780213543], [104.06917719054287, 10.371235284495425], [104.06884445191926, 10.37087761206223], [104.0678690376545, 10.36982858322351], [104.06713290517291, 10.369364943759576], [104.06641932101027, 10.368974839781167], [104.06515875506393, 10.367775511889038], [104.06450192777348, 10.366694355038325], [104.06437718970056, 10.364312406641215], [104.06548449791447, 10.361409078316889], [104.06699000056133, 10.360180751752582], [104.06743994773092, 10.359827656590872], [104.0682820648218, 10.359166774666832], [104.06928166176067, 10.358533677515501], [104.07107995756779, 10.357394689792212], [104.07170164764464, 10.35584129650485], [104.07227115909325, 10.354176080260324], [104.07229921281983, 10.35409402136062], [104.0725346421503, 10.353001767762363], [104.07189819183337, 10.351575812179075], [104.07061957213483, 10.348711322321583], [104.07059053133528, 10.348646366145745], [104.07104270778584, 10.348586300618889], [104.0717699707265, 10.34848980164416], [104.0718257008599, 10.348468628364062], [104.07163722083989, 10.347532228014543], [104.07159141626687, 10.347304594280917], [104.07158524816853, 10.347274206869294], [104.07140275524246, 10.346367922297372], [104.07102536644038, 10.344344218859282], [104.07087649975298, 10.343759130396784], [104.07074125841207, 10.343227042809572], [104.07081632076182, 10.342484841136265], [104.07082983563252, 10.34234987053516], [104.0708097505838, 10.342347221774492], [104.07018957894788, 10.342265655352147], [104.06966169399354, 10.340596806683397], [104.06856829101474, 10.340424733356118], [104.06865453536332, 10.33992241639205], [104.06896754018621, 10.338523763718324], [104.0691471236344, 10.33800620084356], [104.06929563291476, 10.337442123352538], [104.06946946755936, 10.337055020442916], [104.0695657593536, 10.33661546401186], [104.06956155165422, 10.336352623877945], [104.0696066351413, 10.335967609320567], [104.06977228172536, 10.33549053295225], [104.0699288149368, 10.334932975529963], [104.07005913651737, 10.334513536206604], [104.07045157501464, 10.33337863536354], [104.07065324788924, 10.33279509819027], [104.07074196048553, 10.332488168995969], [104.07087211329079, 10.332191511716186], [104.0709609641774, 10.331782323941752], [104.0709935131126, 10.331414018984729], [104.07098812530906, 10.330943133645377], [104.07097908994554, 10.32993002827737], [104.07099550739919, 10.329269934534125], [104.07101363475724, 10.328964900420553], [104.07102195103963, 10.328824859555755], [104.07105389290426, 10.328297785995817], [104.07110213917775, 10.327126169692166], [104.07119186487955, 10.326541578840166], [104.07139000110857, 10.325463469102248], [104.07152049515813, 10.324844484283972], [104.0716936247834, 10.324026101673228], [104.07179755150752, 10.323809064030462], [104.06615944404976, 10.325284152083974], [104.06335633125799, 10.322229430852813], [104.06696544571186, 10.320853120581283], [104.0710568249594, 10.317844252940509], [104.07091552499132, 10.32354252663952], [104.07198164113962, 10.323324957926243], [104.07234501267267, 10.322467315811178], [104.07261653352612, 10.32187636470784], [104.0727117169505, 10.321506605080897], [104.0728006650663, 10.32122399671146], [104.07285104968635, 10.32096529713769], [104.07308574987731, 10.319848898248823], [104.07332048974965, 10.318769478627882], [104.07357186202292, 10.317677693871998], [104.07360965611758, 10.317410930566774], [104.0737186535821, 10.316951226243845], [104.07386943173174, 10.316314997430487], [104.07404898750333, 10.315937482366486], [104.07435805258035, 10.315326145031037], [104.07484225299613, 10.3145673004675], [104.07484225311742, 10.314567210053127], [104.0749111439511, 10.314463685633019], [104.07504663888456, 10.314259617414038], [104.07534735302696, 10.313677110188937], [104.07568240011771, 10.31227332191922], [104.07556360066451, 10.312215391033709], [104.07385643355396, 10.311383048816772], [104.07441470351192, 10.30924303904655], [104.07426947289186, 10.307315480662917], [104.07419259790633, 10.306294598977159], [104.07407787082086, 10.304769786950768], [104.07397291975686, 10.30337645046441], [104.07397291999972, 10.303376269635567], [104.07397760033905, 10.301998628729255], [104.07398207547185, 10.300705615499197], [104.07411634551059, 10.299913398688995], [104.07469635812025, 10.298630364458607], [104.0751271981495, 10.297677146510969], [104.07514415324255, 10.29749236126773], [104.07511097951088, 10.29731175970381], [104.07489092040628, 10.296855690594976], [104.07434684927509, 10.295713581295681], [104.07434684939632, 10.295713490881209], [104.07295401343775, 10.292782945902745], [104.07248224475278, 10.291790294039439], [104.07207098885578, 10.290948081042242], [104.07126878044686, 10.289850833090638], [104.07072418987762, 10.28911106259421], [104.07054569019101, 10.28871670861999], [104.07021353266136, 10.287989605721332], [104.0700299160328, 10.287329516104581], [104.0698214946204, 10.28651460360418], [104.0696874427521, 10.285862174432385], [104.06958777988432, 10.285636276714037], [104.06946752999117, 10.285241909150574], [104.06945545626142, 10.284921734885591], [104.06951438039921, 10.284556266795532], [104.06952869800958, 10.284500499984112], [104.06989111937763, 10.283099373386236], [104.07003535902838, 10.282564129203735], [104.07047091926962, 10.280947821300176], [104.07056393882739, 10.280549215847651], [104.07071995345203, 10.279878364769152], [104.07094575244828, 10.27897741013722], [104.07089606513912, 10.276626652820218], [104.07094329931975, 10.275855749169876], [104.0712362648268, 10.274021983813277], [104.0713096144207, 10.273516662490966], [104.07132307895859, 10.27334805683241], [104.07156839802339, 10.27258962056345], [104.0721450211229, 10.271078647171892], [104.07244139613809, 10.270231399613321], [104.07274143557132, 10.269373397147117], [104.07302165126288, 10.266482301654065], [104.07344003252669, 10.265120753001574], [104.07368192789049, 10.26445579870903], [104.07424872878345, 10.26289752001825], [104.07467348110379, 10.261747548127193], [104.07611684476902, 10.25784016862502], [104.07692600871164, 10.254616215222056], [104.07675547571489, 10.25345425225542], [104.07653048134362, 10.251921969212672], [104.07633217697668, 10.25057118345022], [104.07645683871361, 10.249153730571793], [104.07662441156201, 10.247248364022035], [104.07490569226357, 10.243350775864181], [104.07461510206055, 10.242691813668968], [104.07421619534838, 10.241253513640125], [104.07359553985273, 10.239015112125388], [104.07251494779449, 10.236145190280357], [104.07188979594684, 10.234484531253752], [104.07151141475708, 10.23347970430078], [104.07115034518745, 10.232228157355738], [104.07097778426298, 10.231103077690703], [104.0707622430849, 10.22969765490379], [104.06992993407131, 10.225303836619364], [104.06787271991028, 10.221575656887333], [104.06542554892995, 10.218236091713306], [104.06481798016289, 10.217925248477432], [104.06411801423077, 10.217567174461383], [104.0628659431418, 10.216925903068852], [104.06134716747586, 10.216019804754575], [104.06033427631337, 10.21522649652168], [104.0584344493558, 10.213521507704208], [104.05800398295888, 10.213135033902828], [104.05697512249232, 10.210900661514406], [104.0568570783001, 10.210656200143776], [104.05678681583196, 10.21044498591132], [104.05647604950862, 10.210363461467876], [104.0561647097686, 10.210300651838073], [104.05579335124415, 10.210275282393912], [104.05463896301058, 10.210308880182263], [104.05454248248728, 10.210311732170835], [104.05423587287484, 10.210260861938789], [104.05352909503398, 10.209965052728386], [104.05312617914538, 10.209727252576473], [104.0528564306597, 10.209490538600258], [104.05281996595367, 10.209458481770204], [104.0520851560811, 10.208455044455114], [104.05191883847046, 10.208206627354972], [104.05182480630417, 10.208090948048072], [104.05153789397387, 10.20792428099788], [104.0511693670365, 10.20776952665328], [104.05109160254244, 10.207704230592174], [104.05104313643182, 10.207574056953982], [104.0510322446446, 10.207530552427354], [104.05006223907988, 10.20632904999027], [104.04908703534137, 10.20532409957076], [104.04903130299209, 10.205363985943114], [104.04768613909577, 10.206326760612763], [104.04759349500024, 10.206392996698279], [104.04609528259233, 10.207209441900483], [104.04462291319766, 10.208011720805784], [104.04477154955224, 10.208751521017644], [104.04457656453631, 10.209410915109347], [104.0441983310928, 10.210690298325934], [104.04328898338734, 10.210808193360474], [104.04292911078954, 10.211305241722748], [104.04276476694706, 10.211532314085549], [104.04229687484137, 10.21205760047217], [104.04038681134395, 10.213305712042233], [104.03980516074157, 10.214799627531562], [104.03940977547872, 10.214913805634566], [104.03868467396653, 10.214352481145129], [104.03839224893474, 10.214402066731576], [104.03751112038674, 10.214374779098343], [104.03714919421088, 10.214452564789624], [104.0369783310906, 10.21438704290172], [104.03676196775908, 10.214542068042899], [104.03662038157584, 10.214681105470442], [104.03584237895114, 10.214663724580122], [104.03461798803558, 10.214495164869074], [104.0342649716655, 10.214283000365661], [104.0345087529897, 10.212409595702903], [104.0335050885476, 10.212480674555973], [104.03266402764378, 10.212146292941318], [104.03228737509454, 10.211996659480942], [104.0317784759257, 10.211965550195215], [104.03153009732985, 10.212229837144472], [104.03141468159794, 10.21257243310318], [104.0313252278017, 10.212575830768161], [104.03100650705508, 10.212320403579868], [104.03042533968296, 10.21271033937367], [104.03015240369308, 10.212790053693169], [104.0298157975193, 10.213650677046072], [104.02931315721695, 10.214017035233214], [104.02768575329546, 10.214557622048837], [104.02729220999652, 10.214720159729762], [104.0269261277908, 10.21377949870307], [104.02668193530384, 10.213678332255725], [104.02661610900583, 10.213504912084145], [104.02524386599978, 10.213150572394278], [104.02381327586032, 10.212875164159337], [104.02313182684854, 10.212994419971642], [104.02239294951076, 10.212818748648136], [104.02162083821405, 10.213261190668693], [104.02066555333455, 10.213875510747144], [104.02049333936272, 10.21422696982977], [104.0198412910043, 10.21439770761282], [104.019575233387, 10.213845064456006], [104.01938260573597, 10.213445148874369], [104.01859409082192, 10.213866854388723], [104.0182274380626, 10.213141189375708], [104.01707506369917, 10.213649241825744], [104.01696590218367, 10.21358696549549], [104.0158066416034, 10.21454192141084], [104.01576672982037, 10.21534248152759], [104.01615504047236, 10.216169626145122], [104.01620659612941, 10.216662370597048], [104.0160407228426, 10.216739971245575], [104.01535177808078, 10.216799435258874], [104.01536291172843, 10.217041762311936], [104.014496973078, 10.216867330682076], [104.01321348703176, 10.216969303296915], [104.01323357109973, 10.217146997456783], [104.01259421634349, 10.21730752241077], [104.01254194491426, 10.217048588043935], [104.01218834676602, 10.217286391427995], [104.01212406444886, 10.217062971870847], [104.0119408779163, 10.216941271303897], [104.0117573852217, 10.216900671828423], [104.01161299584724, 10.216835538124089], [104.01157415494464, 10.216688195020835], [104.01136057783287, 10.216384806255697], [104.0111626087933, 10.215842656540538], [104.01094848723999, 10.21517941772051], [104.0103735258432, 10.21435822595891], [104.01005614642511, 10.21425060840459], [104.00996947494446, 10.215774773056667], [104.00974462425734, 10.215801197753159], [104.00947155447578, 10.215784964633642], [104.00961001038658, 10.216624127139395], [104.00906735915129, 10.216696817456816], [104.00845407573918, 10.216819128252116], [104.00845112164006, 10.217494337634479], [104.00805433086305, 10.218336128984294], [104.00787116246347, 10.218321928765969], [104.0078537514509, 10.217951203995083], [104.00755149057352, 10.21786349786095], [104.00741290204775, 10.218121602064425], [104.0069997511761, 10.218382907722775], [104.00679489551129, 10.218345166402006], [104.00641949427165, 10.218275973905273], [104.00644465103137, 10.217588863694875], [104.005894366763, 10.21627865115464], [104.0059838678004, 10.216008809791768], [104.00542144874095, 10.215702357169995], [104.00420547589698, 10.215472576559815], [104.00421902138804, 10.216155767089198], [104.00429975099752, 10.216658592929043], [104.00402221475389, 10.216756089531232], [104.00319653566446, 10.21675872046177], [104.00319644438954, 10.216758720322721], [104.00325633590622, 10.216337481317503], [104.00284315483697, 10.216265243617231], [104.00273830830709, 10.216599345092648], [104.0025379712724, 10.217237544650422], [104.00268486122471, 10.217336953093639], [104.00249719273161, 10.217810708467246], [104.00173383483097, 10.217003952398253], [104.00188108729174, 10.216753006734047], [104.00177454338127, 10.216710982194215], [104.00177235419163, 10.216710074707478], [104.00169058424429, 10.216643404916441], [104.00101084844454, 10.216825544638802], [104.00121794725281, 10.217296828976451], [104.0013901208266, 10.217688585722994], [104.00075048928765, 10.2177886900345], [103.99991228465063, 10.217919952702538], [103.99961794487585, 10.217321321028088], [103.9985131715645, 10.217190602822402], [103.99863561407253, 10.21786247783021], [103.99895628540584, 10.219014756603636], [103.99868727198896, 10.219088211418274], [103.99854281807306, 10.218483209066708], [103.99798537736177, 10.218670955120036], [103.9976459613056, 10.218239880225187], [103.99649778928735, 10.21883104494608], [103.9971984863142, 10.219428407453155], [103.99654117055574, 10.220148807210212], [103.99594416209169, 10.220826080796098], [103.99582056526111, 10.22094749660842], [103.99601178418811, 10.221356011960891], [103.99555688549596, 10.221688845848199], [103.99528516849975, 10.221969793838536], [103.99392831812665, 10.223542793239673], [103.99376452767935, 10.223625448532777], [103.99392709066188, 10.223799296007423], [103.99363944615031, 10.223991521521688], [103.99340699299988, 10.224491330734454], [103.99299008893914, 10.224056694938117], [103.99214666595846, 10.224932940137087], [103.99190829908743, 10.22478691154574], [103.99176466367004, 10.224994549375507], [103.99159788645129, 10.22494564645813], [103.99151021110146, 10.22560779230362], [103.99169553275507, 10.225589998667717], [103.9919378476022, 10.226008993503571], [103.99196960572995, 10.226874576380581], [103.99210522936174, 10.227171436220557], [103.99215980610296, 10.227291048627244], [103.99198774363785, 10.227350634429806], [103.99226365497276, 10.227996620615016], [103.9924407921656, 10.227902956507394], [103.9927048693515, 10.2278970388819], [103.99276142882829, 10.227917831767], [103.99323242332194, 10.228091165195517], [103.99372837245743, 10.228184701164594], [103.9940414668343, 10.228120812835739], [103.99441855592042, 10.227878274977378], [103.9950841526734, 10.227707430225744], [103.99562221535598, 10.22743222965099], [103.99593266344712, 10.227251429971124], [103.99615518632918, 10.227085954809802], [103.996531012856, 10.226947840659498], [103.99707981432326, 10.226633414432126], [103.99874988614047, 10.226134913265177], [103.99928547765136, 10.226210057227568], [103.99961047136115, 10.226356394502202], [104.00082050540186, 10.22626277340299], [104.00073833058093, 10.228031780668141], [104.00073833043967, 10.228031871082038], [104.00186517610132, 10.227905388961375], [104.00239456731744, 10.22786153348089], [104.00315299314737, 10.227689005545228], [104.00350588594739, 10.227388102781326], [104.0041471541271, 10.227304180585563], [104.00395966282841, 10.22819022519409], [104.00443746094285, 10.229396173231645], [104.00507270257626, 10.229434028111758], [104.00519535508356, 10.229863591352347], [104.00605846635486, 10.230291294739933], [104.00618527846812, 10.23092447669103], [104.00623935469193, 10.231194625823417], [104.00638970494892, 10.231599638011291], [104.00662771590419, 10.231865725967046], [104.00707840697513, 10.23236956341471], [104.00739304052352, 10.233380689251517], [104.0080410834065, 10.233231943196671], [104.00866617736165, 10.232751250683148], [104.00876763625878, 10.232958090621262], [104.00918014154063, 10.232831680755318], [104.00931343573785, 10.233052673142637], [104.00967607337675, 10.232766606411497], [104.00977829292431, 10.231942815609424], [104.01005450494482, 10.232121347326654], [104.01050515641425, 10.23199960422249], [104.01023940780708, 10.231842968858551], [104.01042199281697, 10.231409074313978], [104.0105937780787, 10.231410779159336], [104.0106447549088, 10.231680742237424], [104.01108829703892, 10.23190952358041], [104.01124606608455, 10.231944389072785], [104.01147926550378, 10.231897723607167], [104.0116968463662, 10.232036564569288], [104.011877612241, 10.232194698855505], [104.01165381097636, 10.232781061264122], [104.01222386357563, 10.232834265584433], [104.0126971846963, 10.233110466517273], [104.01292302506766, 10.233041547130355], [104.0130765766536, 10.232969354985471], [104.01324866822134, 10.232950354062233], [104.01349298775453, 10.23291455351131], [104.0136389134258, 10.232994788136992], [104.01412129936699, 10.232953465710183], [104.01442155441039, 10.232810064529794], [104.01476291951185, 10.23330504908674], [104.01513611928756, 10.234476741129367], [104.01572190276661, 10.234692889432205], [104.01587845020173, 10.23541453777039], [104.01557317867952, 10.236155842270726], [104.01720178885671, 10.236231316713454], [104.01823617739083, 10.235509534932614], [104.01920303427721, 10.23483475575472], [104.0215711089109, 10.235150174075969], [104.02144018440409, 10.235534423417333], [104.02026555558749, 10.236586292552078], [104.02000568525588, 10.237371248175084], [104.02270176525988, 10.237923124112664], [104.02335132839114, 10.237920188288848], [104.02467728903328, 10.236996194004075], [104.02482065902953, 10.237263577826011], [104.02531904962244, 10.2370214520615], [104.02638423909714, 10.238109694387278], [104.02654996062189, 10.237955869396936], [104.02681465542578, 10.237847214598366], [104.02706037315002, 10.238101817050465], [104.02759348049187, 10.237962810667243], [104.02925313914825, 10.23853491681232], [104.03024716332187, 10.23917811482633], [104.03038956330361, 10.239736448637496], [104.02963713219489, 10.240413289155416], [104.02938340469662, 10.240573859918428], [104.02881710837899, 10.240932075924075], [104.02812098755945, 10.241674002116273], [104.02737796135003, 10.24246594806797], [104.02698305003449, 10.243158219404746], [104.02698152880143, 10.243199174901356], [104.02695197179652, 10.243987093113631], [104.02694341573537, 10.244216823564974], [104.02719971616487, 10.244232385842954], [104.0272589525981, 10.244914467490558], [104.02697787685766, 10.245108540099846], [104.02697159752746, 10.246203810454071], [104.02697148653733, 10.246217101202248], [104.02697136442042, 10.246237896325372], [104.02685887266462, 10.246688990688511], [104.02654628911178, 10.247076322841593], [104.02623068286394, 10.247224233086662], [104.02590603303864, 10.247376288884919], [104.02466583050276, 10.247754399222], [104.02419955841182, 10.248299819661382], [104.02388864842236, 10.24866355332914], [104.02397233209295, 10.249597203493524], [104.02384530458905, 10.249875493488027], [104.02385368442027, 10.249887802105713], [104.02388693003248, 10.24993694575929], [104.02395992738525, 10.250079726416725], [104.02404871301914, 10.250225242604634], [104.02408791346281, 10.250321319976244], [104.02409735999272, 10.250352888394298], [104.02413206187337, 10.250466137890813], [104.02414702592428, 10.250531800572967], [104.0241317886016, 10.250710436907875], [104.02409746028518, 10.250897363404071], [104.0240241264976, 10.251102134807482], [104.02402036964074, 10.251111622806425], [104.02398591973294, 10.251196471373882], [104.02392866935794, 10.25132848279977], [104.02392416715809, 10.251470336218778], [104.02392120178581, 10.25156110781691], [104.02391293134026, 10.25165892395801], [104.02390004975825, 10.251726987044709], [104.0238911491918, 10.251757714863224], [104.02346461900414, 10.251665500128361], [104.01917240668165, 10.251588384534713], [104.01866892162268, 10.251558797193685], [104.01866883033757, 10.251558797058506], [104.01849364768023, 10.251441993663835], [104.01849292040352, 10.251440003473672], [104.018333405033, 10.251043481619854], [104.01771750365094, 10.251224933837921], [104.01712143894385, 10.2504833757295], [104.0157180749072, 10.251832347187317], [104.01528269806123, 10.251076106915912], [104.01477294009115, 10.250190643654614], [104.01242118154707, 10.25209278365099], [104.01208887274628, 10.253066858875103], [104.01163363845451, 10.253181362694367], [104.010988533604, 10.252460063375871], [104.01058724056, 10.252818312940313], [104.01062521241715, 10.253177042892442], [104.01002367301612, 10.253511934480457], [104.01026361318931, 10.254019880919937], [104.00925790669748, 10.254797190614102], [104.0094156449453, 10.255452298002634], [104.00897051325285, 10.256057671133695], [104.00849305157611, 10.256908107166817], [104.00848388086804, 10.257349675558293], [104.00878240967702, 10.2576322189718], [104.00764252455535, 10.259395284973962], [104.00849514868214, 10.25951375295035], [104.00897504360587, 10.259693498638642], [104.00910726227558, 10.260796840331196], [104.00782962476913, 10.26202037828847], [104.00723545559254, 10.262122006661553], [104.00634522404363, 10.262880855414785], [104.00649478048727, 10.263217513262818], [104.00689005602614, 10.26386837134478], [104.00710231890268, 10.264034512953952], [104.00765871629955, 10.264629738905516], [104.0079426366666, 10.265035585792381], [104.00853473972703, 10.264679076133607], [104.00863702665517, 10.264710152563978], [104.00898595829736, 10.265108140558954], [104.00946827413756, 10.26549972957359], [104.00989282441877, 10.265641507151127], [104.0105647745305, 10.266195402836921], [104.01048164542063, 10.266944176913269], [104.0113757906035, 10.267681675360347], [104.01136057463276, 10.268019348879145], [104.01089083219483, 10.26811511303687], [104.01079217468815, 10.26851341895066], [104.01041917810443, 10.268919448300005], [104.00917636704695, 10.269206986129534], [104.00903993075573, 10.269593661234133], [104.00910229472714, 10.269940583681606], [104.00912780651295, 10.270623790423882], [104.00901641642749, 10.270870542491652], [104.00884982261712, 10.27115871096515], [104.00862389679456, 10.271619480182208], [104.00849589973869, 10.271978772271703], [104.00849589959903, 10.271978862685465], [104.00848037893775, 10.272807031183111], [104.00844330696893, 10.273343853168539], [104.00782384261366, 10.273082521629524], [104.00707822280094, 10.272874974406923], [104.00635919923106, 10.272471900617338], [104.00606891399407, 10.272517479457289], [104.00577971011174, 10.272454562953058], [104.0052543270138, 10.272691189101716], [104.0050896792534, 10.273251413892323], [104.00508958796226, 10.273251413753039], [104.00460688587978, 10.273338830495156], [104.00367227113222, 10.274024366640711], [104.00390267993374, 10.274558342004967], [104.0038274213194, 10.274697373879768], [104.00306636029444, 10.274965190027228], [104.00245881948348, 10.275136406612676], [104.0021921551218, 10.275428667136174], [104.00006149093927, 10.27519781796919], [103.99970552550398, 10.275383792815253], [103.99857438192556, 10.27517581195521], [103.9979047188601, 10.274968361144664], [103.99714295163643, 10.274813477453927], [103.9958914055484, 10.274831516027685], [103.99547309468939, 10.275012054813176], [103.99518633999469, 10.275074265358027], [103.99471005482494, 10.275141966892892], [103.99432166974299, 10.275275716427814], [103.99284429683128, 10.27550369335346], [103.99273342382654, 10.27438672922541], [103.99277412501108, 10.27382342472746], [103.9926341730733, 10.273023405687233], [103.9929425677283, 10.272785918853563], [103.99269687567025, 10.272688882398711], [103.99300606548611, 10.272066686112142], [103.99254667864773, 10.271787583852538], [103.99297472580493, 10.271166839209663], [103.99366864560083, 10.27075256195001], [103.99266263010617, 10.269890160815308], [103.99177370488965, 10.269281641228188], [103.99144068411506, 10.26887841653868], [103.99093779000701, 10.26766590268375], [103.99039988816372, 10.266369067540504], [103.98990827763798, 10.265183874946509], [103.98953140900751, 10.263493087461104], [103.98915490678907, 10.261803746747635], [103.98967962491794, 10.260438871456616], [103.98936657580617, 10.259428909369923], [103.98935009290348, 10.258720400920932], [103.98881599189818, 10.258310257556976], [103.98925237564838, 10.257492518241644], [103.98893099321596, 10.25701363335362], [103.98880963216875, 10.256641027947945], [103.98879280058692, 10.256548960208844], [103.98883019910457, 10.256396219719866], [103.9882986526498, 10.25587604608149], [103.98708542361491, 10.255785256299237], [103.98607931202244, 10.255588372677778], [103.98583227888577, 10.255879475842944], [103.98516937548894, 10.256660595533699], [103.98490709880312, 10.258192331202011], [103.98458011001728, 10.25836142870122], [103.9849630152882, 10.259347997914082], [103.98496301514206, 10.259348088327586], [103.98503238441597, 10.259974855945403], [103.98470511623357, 10.260823502621202], [103.98412008407185, 10.260523485214323], [103.98382871322595, 10.26000495163072], [103.98357591358689, 10.260302101296912], [103.98236119847041, 10.259768534903344], [103.98212742931972, 10.259926386212406], [103.9816965193344, 10.260284189112081], [103.98118721083449, 10.260518632301961], [103.98066660896257, 10.26140846530654], [103.9801862891528, 10.261442596470777], [103.97999928366725, 10.261975556836555], [103.97974571497777, 10.262293316322893], [103.98011166874488, 10.262696604886447], [103.97976643434154, 10.263077597532762], [103.97948374037571, 10.262894599303804], [103.97930145975316, 10.262658056180818], [103.97911371337642, 10.262414632759956], [103.9787019390558, 10.262622284956743], [103.97828299708974, 10.262412575761571], [103.97773570788289, 10.261978433845028], [103.9769007286676, 10.263016484720854], [103.97646557336128, 10.26350736211518], [103.97661315024197, 10.263807049905495], [103.97640286885138, 10.264056252376122], [103.97545065318208, 10.26377144949417], [103.97508666902114, 10.263727010622281], [103.97440721042405, 10.26394859999792], [103.97394359778734, 10.26536092267057], [103.9740926669131, 10.26580627016003], [103.97436039398475, 10.266483720542222], [103.97398863824527, 10.267163118603284], [103.97437180538435, 10.267478830604128], [103.97532697813891, 10.267637062863992], [103.97555173636073, 10.268022587930334], [103.97562556506011, 10.268813283431124], [103.97536461667711, 10.268839081592546], [103.97503979791371, 10.269454091754664], [103.97534489218228, 10.270836375483308], [103.9767806093546, 10.271005778225138], [103.97744483874618, 10.27106073521538], [103.97756735812816, 10.27155648932557], [103.97755103395008, 10.271824268037921], [103.977531376814, 10.272120340823214], [103.97752469995946, 10.272350432601868], [103.97648581247736, 10.27251647487485], [103.97602759165153, 10.272813466880235], [103.97545419374504, 10.27314589489582], [103.97509981565867, 10.273469906217237], [103.97565185800653, 10.273798819378557], [103.97642218253154, 10.274236399505803], [103.9767935797665, 10.274887614698802], [103.97680301526852, 10.275145398932327], [103.97677991361321, 10.27575890795056], [103.97726798609091, 10.276075690369328], [103.97721461407818, 10.27744374201105], [103.97762205096316, 10.277888419557497], [103.97949103278037, 10.28365990007306], [103.97982262083823, 10.2846588691547], [103.98007269523053, 10.28503765114672], [103.98008039714533, 10.285798583776728], [103.97969005769322, 10.286612763812158], [103.97972550980901, 10.287040657513492], [103.97989829414847, 10.287453672664792], [103.9800084172103, 10.2882774261659], [103.981485502045, 10.288993699198075], [103.98162642954706, 10.290412422603138], [103.98241838059454, 10.2922865150855], [103.98308612700374, 10.292676812009717], [103.98432572967052, 10.292578519969247], [103.98514640927766, 10.292513371978623], [103.98576940958394, 10.293025560287901], [103.98624124273009, 10.293413460219737], [103.98661187198053, 10.293718108970861], [103.98701012822266, 10.294045494909524], [103.98743511296436, 10.294273648598846], [103.98778922184593, 10.294463715919406], [103.9879610667911, 10.294901951167972], [103.98809472450797, 10.295242660107352], [103.9880211624087, 10.295511072109031], [103.98792721184559, 10.295854043032785], [103.98778741636659, 10.296092061622742], [103.98766474029176, 10.29630099406668], [103.98753428230273, 10.296523204927773], [103.98738523960685, 10.296777031039406], [103.98727977426994, 10.296956696567445], [103.98717925261823, 10.29712787101194], [103.98706280135666, 10.297326053826744], [103.98697331510293, 10.297504297939335], [103.98690938299333, 10.2976317701169], [103.98681192747485, 10.297826185564789], [103.98656781436043, 10.297758530703337], [103.98624750158694, 10.297669778767972], [103.98576967925463, 10.297537377799062], [103.98569038230566, 10.297793755003818], [103.98560521152383, 10.298069019271715], [103.98569851240654, 10.29824167658175], [103.98577974171444, 10.298483209800212], [103.98591958839826, 10.298609739693806], [103.98616404864327, 10.298632460087322], [103.98642002654545, 10.298702936927029], [103.98658295231776, 10.298898127054962], [103.98647803695383, 10.299301385801346], [103.98611730324787, 10.29964772986476], [103.98588439463047, 10.299820320977668], [103.98573306607067, 10.300074413751545], [103.98507909169726, 10.300131419167162], [103.98436119369913, 10.30014103512229], [103.98443444752695, 10.300514559633768], [103.98322545330213, 10.301476348269775], [103.98312164968179, 10.301810441087165], [103.98275581407965, 10.301642139390394], [103.98254324621958, 10.301656446450913], [103.98222465925674, 10.301515615023584], [103.98194273672884, 10.301342202744586], [103.98160485535055, 10.301723206339938], [103.98079548461232, 10.30178103881653], [103.98089834888758, 10.302301533286437], [103.9801375572198, 10.302799393768234], [103.98037044390132, 10.303200751540976], [103.97968307595308, 10.303574048618001], [103.9792838317866, 10.303790760013237], [103.97931699968932, 10.303886109149648], [103.97919298951601, 10.303956974444308], [103.97917637447947, 10.30423406480781], [103.97943334343422, 10.304926141119253], [103.97865924777298, 10.305347486484598], [103.97854051338312, 10.305096669116514], [103.97819486362391, 10.305311024267356], [103.9772392453396, 10.305741566566882], [103.97671924855642, 10.306486093419688], [103.97648881353926, 10.306315652910845], [103.97628575532394, 10.306816847041775], [103.97606573216912, 10.307307344735005], [103.97579437189137, 10.307260884533031], [103.97558682309868, 10.30749517063511], [103.97507427701113, 10.307595511490884], [103.97457942265285, 10.309305870401094], [103.97468359444638, 10.309693370366954], [103.97441380245957, 10.310021584265245], [103.97385110074993, 10.31030302967389], [103.97347323954679, 10.310666147149727], [103.97316612198004, 10.31081817398589], [103.9730575664187, 10.31087179295126], [103.97274286427668, 10.31102751394467], [103.97274263065323, 10.311607062736128], [103.97268710475338, 10.31221934132288], [103.97293435029954, 10.312164773336663], [103.97303993431683, 10.312141438045492], [103.97301702831793, 10.312738942098848], [103.97311575140898, 10.312778613664696], [103.9730339490652, 10.313379909443585], [103.97289925028358, 10.313616120493561], [103.97414580890427, 10.314328166899664], [103.97468509901093, 10.314845032728622], [103.97427773568532, 10.315322114019676], [103.9737731652104, 10.315615045398795], [103.97355634190437, 10.315931771543816], [103.97335983656376, 10.315889409129491], [103.97297089322913, 10.316104048904183], [103.97305004124965, 10.316275872792575], [103.97350495708986, 10.316305004211006], [103.97381052061645, 10.316487142281732], [103.97404086380058, 10.316936238441967], [103.9735505704034, 10.316932456214058], [103.9734458181482, 10.316784007740242], [103.97254615767531, 10.316812738193422], [103.97196422894223, 10.316734393844378], [103.9720246213801, 10.317093342722394], [103.97171258301047, 10.317235414286293], [103.97177935865153, 10.31743479426024], [103.97183922998425, 10.31761336788853], [103.97210766355829, 10.318325087629239], [103.9724718723162, 10.318819881416406], [103.97334737120964, 10.319048699412924], [103.97307139650924, 10.32078219451611], [103.97306226199788, 10.320839501605578], [103.97381097200977, 10.321766192372237], [103.97412892981532, 10.322845069101794], [103.97368141942813, 10.323133933543096], [103.97332329608014, 10.323422852730994], [103.97314626040671, 10.32385853646391], [103.97290543151311, 10.32411175245656], [103.9722128599731, 10.324342259633633], [103.97234326503875, 10.3244941861617], [103.97234317177417, 10.324495361380981], [103.9723643743958, 10.324812203916974], [103.97237987424525, 10.325044591192169], [103.97290531584663, 10.325277901922309], [103.9734660371745, 10.325600055158626], [103.97354372205248, 10.325829560199097], [103.97355698818535, 10.325868369105429], [103.97361499173002, 10.325853816756053], [103.97413336908005, 10.325724104962216], [103.97414367476554, 10.32573126439577], [103.9745877348511, 10.326037855450041], [103.9751104554332, 10.325931927834981], [103.97564186354484, 10.325542115871372], [103.9760678298021, 10.325417404337541], [103.97618366185222, 10.325383506519321], [103.97669899875926, 10.325655943774766], [103.97699787972144, 10.327015339490355], [103.97700396004703, 10.327093104745027], [103.97701013197967, 10.327170689321276], [103.97701826917314, 10.327274587339552], [103.97705028837305, 10.327679148131242], [103.97682120646023, 10.328117100301787], [103.97651447035058, 10.328470480342508], [103.97590404301384, 10.328605561500135], [103.97483696640609, 10.328479418182082], [103.97409804753215, 10.32835317341064], [103.97505031311243, 10.33114342906518], [103.9750560641251, 10.33114425214123], [103.97508519720755, 10.331250715887876], [103.97508701804762, 10.33130894495682], [103.97485164474679, 10.331353226049853], [103.97415075564051, 10.331799629761719], [103.97377518980599, 10.332084270998157], [103.97337720797869, 10.332341027909077], [103.97281084828829, 10.332765316015543], [103.97240571532781, 10.332983815183784], [103.97239811445614, 10.332997183900293], [103.97238440120685, 10.333116868497822], [103.97239325472422, 10.3332283624069], [103.97239944791741, 10.33345675618045], [103.97241213885368, 10.333621509714943], [103.97239383995657, 10.333753302170031], [103.97237116066603, 10.333883640846455], [103.97232564923272, 10.334071716174822], [103.9722433069842, 10.334498693193435], [103.9720973652514, 10.33484527920156], [103.971953963245, 10.33514711477265], [103.97184540875821, 10.335358865428624], [103.97178202028061, 10.335480276876805], [103.97167632905476, 10.335672322086136], [103.97157903899965, 10.335863838539273], [103.97127924751642, 10.33642445106616], [103.97116830176749, 10.33735561473859], [103.97177885821785, 10.33950419842607], [103.97011864843041, 10.339783834054177], [103.96934902792987, 10.340308862693412], [103.96907887313124, 10.340181116260215], [103.96888355144604, 10.340023656593544], [103.96817136839258, 10.338917182705103], [103.96802038762311, 10.338673089566843], [103.96822388298273, 10.337119043630445], [103.9680143368801, 10.336245669275295], [103.96755841194215, 10.335335270835941], [103.96747787864194, 10.334792478544891], [103.96750611569462, 10.333857111357153], [103.96577472407199, 10.333967807246456], [103.9658808410066, 10.334714794904263], [103.96617348632846, 10.335308841175955], [103.96628731329272, 10.335978719126855], [103.96630828461916, 10.336104518401926], [103.96636025371981, 10.337286212669952], [103.96494180140978, 10.338559318758385], [103.96483576606562, 10.338412221602152], [103.96449707350807, 10.338642845351131], [103.96425073926174, 10.339062585409486], [103.96320362844304, 10.339690660635878], [103.96347479223448, 10.34019046303857], [103.96414016048017, 10.341487730585085], [103.9646573893294, 10.341298541898155], [103.96482469402413, 10.342416595750217], [103.96514864617018, 10.342805005314109], [103.96534918424719, 10.34349500848574], [103.96530987709866, 10.343628573695398], [103.96504871770281, 10.343688264930377], [103.96511787722875, 10.343882134790679], [103.96493556314425, 10.34391582742259], [103.96486716768277, 10.343810021058472], [103.96427779846914, 10.344053337733525], [103.96397281204969, 10.34427280536186], [103.96395221813292, 10.344516886158798], [103.96326922903748, 10.344720444243825], [103.9631622104813, 10.344452733988689], [103.96268614851486, 10.344485845401904], [103.9619180841472, 10.344726870503596], [103.96104793051656, 10.343363254878021], [103.9612400231148, 10.343110510214956], [103.9615637082528, 10.343278224716581], [103.96174417669448, 10.343041463402226], [103.96186990875431, 10.34298959550154], [103.96199355608572, 10.342714132808819], [103.96229662046896, 10.342872770857541], [103.96243173374413, 10.342620111172227], [103.96259142038991, 10.342629418777422], [103.96267008695439, 10.342010492289624], [103.9629255578192, 10.342019959383112], [103.96295331937038, 10.341803195308747], [103.96270229213579, 10.341811818249042], [103.96265259311573, 10.341558669467789], [103.962274505443, 10.341273418891761], [103.9617506025621, 10.340662618578108], [103.96045312749565, 10.339033197068039], [103.96000315363689, 10.339621032055419], [103.95966662301824, 10.339385484930439], [103.95975538177227, 10.339221895822348], [103.95951467884161, 10.339014446726873], [103.95909612604213, 10.339275038189191], [103.95881980483547, 10.339018886672527], [103.95951792057535, 10.338346752506101], [103.9577562760755, 10.33696924678996], [103.95802908059038, 10.336505525366679], [103.95828324059534, 10.336264730674811], [103.95824115000394, 10.334984050919825], [103.95807352024698, 10.334497166779814], [103.95782735753465, 10.334228226613634], [103.9575139491585, 10.333824819540347], [103.95712753880166, 10.33366196860679], [103.9557494242055, 10.333557027620538], [103.95536813180406, 10.33371035726303], [103.95467677017929, 10.333802947372277], [103.95400156346743, 10.333899179841275], [103.95241037078385, 10.334038159436544], [103.95115470660629, 10.334929756368025], [103.95107472981896, 10.33518738730517], [103.94968220532392, 10.33585786649962], [103.94927298338364, 10.33600182844734], [103.94803077350657, 10.33670890272903], [103.94751210744607, 10.336936216406619], [103.94734385660827, 10.33655257786034], [103.94625642683458, 10.336988943117914], [103.9461831543447, 10.337065487314646], [103.94612771979162, 10.33712334668892], [103.94598805085816, 10.337781492527672], [103.94595334031492, 10.337945260815854], [103.94608250369626, 10.339478702348648], [103.9465195060221, 10.339846799951609], [103.9466152637449, 10.34027895651759], [103.94610425762656, 10.341133293108935], [103.94538959285894, 10.342006897894985], [103.9450920101147, 10.34242427332995], [103.94457043182106, 10.342743435924616], [103.94419188027226, 10.343094398348091], [103.94376832807927, 10.343436060514192], [103.94386174617631, 10.34358757260345], [103.94374072277508, 10.344386340748152], [103.94371125127236, 10.344581310057025], [103.94356860180181, 10.34516386397278], [103.94319248798772, 10.34506195204505], [103.94224493634964, 10.34548461991872], [103.94217815927661, 10.345500778598616], [103.94148298338936, 10.345668826823983], [103.9410959888514, 10.345936590923378], [103.94086571401814, 10.34644539540608], [103.94126033012458, 10.346928250659907], [103.9402020708748, 10.347522232789176], [103.94022385203688, 10.348782532214305], [103.94009762338526, 10.348802384426325], [103.94004166158633, 10.349104265289958], [103.93983255612453, 10.349722143143401], [103.93940736493353, 10.349642021102596], [103.9392966488227, 10.350130418080592], [103.93913445124184, 10.350248124104729], [103.93880828568751, 10.34998951839588], [103.93828784940935, 10.349707518420262], [103.9381036654718, 10.349660001781915], [103.93790530665046, 10.349624575589768], [103.93757574170986, 10.34948114840013], [103.93725105209207, 10.349471540015529], [103.937208102226, 10.34949008996178], [103.93696538955938, 10.349594996418746], [103.93696092913633, 10.349843261534804], [103.93639432388743, 10.34990085787066], [103.93642989114372, 10.350181651103846], [103.93616493932377, 10.350263101145163], [103.93602918095795, 10.349840998474644], [103.9363078851518, 10.349677116341828], [103.9362012776012, 10.349396017926953], [103.93587471144485, 10.349465787099193], [103.9357899861808, 10.349101004866249], [103.93551124962929, 10.349129900574654], [103.93550536022522, 10.349410711632872], [103.93504499940138, 10.34944172969597], [103.93499336544278, 10.34915928075573], [103.93485175895162, 10.349352876813805], [103.934803691051, 10.34927187324727], [103.93471629258845, 10.349074891776642], [103.93431134093771, 10.349319741277448], [103.93412867842629, 10.349340938601037], [103.93403748214573, 10.349276223824832], [103.93389183337845, 10.348973809204058], [103.93412306611016, 10.348854961389748], [103.93427217623007, 10.348652518407844], [103.93438300302624, 10.348565103284841], [103.9343616689693, 10.348495719406943], [103.9346990009851, 10.348328505902835], [103.93509362610303, 10.348036351946362], [103.93512265446945, 10.347888126266131], [103.93508812935316, 10.347433833059267], [103.93518169698754, 10.347346749006418], [103.93562483930268, 10.346934249817677], [103.93548129477958, 10.346629217571465], [103.93581224918275, 10.34629924894859], [103.93614575453168, 10.346074434235174], [103.93622807913007, 10.345379576795196], [103.93629543317225, 10.3451425424303], [103.93629332738331, 10.344992182618117], [103.93625335427899, 10.344724491433452], [103.93611619284732, 10.344168666101572], [103.93610354771614, 10.343988813338147], [103.93602184251472, 10.343876468335234], [103.93589300349859, 10.343876242829706], [103.93587044205667, 10.343471426187145], [103.93584486409124, 10.34342644635631], [103.93542023482323, 10.34267952768758], [103.93535043646226, 10.342444875165148], [103.93547137700767, 10.3423170627993], [103.93553772945577, 10.342180565589517], [103.9358215512667, 10.341652510495157], [103.93616926624621, 10.341086051083016], [103.93626074553505, 10.340991097021831], [103.93642335202584, 10.34089789472221], [103.9364251980968, 10.340784339711684], [103.9367947195935, 10.34043092974147], [103.93609704417553, 10.339701978960154], [103.9364940069789, 10.338962284135773], [103.9370758042151, 10.338105013375431], [103.93811602741708, 10.337933868409614], [103.93911579206485, 10.338796337633646], [103.93922817551397, 10.338652234514784], [103.93936947170873, 10.337856939181107], [103.93960007843937, 10.335921875860814], [103.94092236969333, 10.335581958821097], [103.94237525460812, 10.334968763526533], [103.94268255272831, 10.334839100345993], [103.94363210682896, 10.3344011529675], [103.94384265143705, 10.3343040511315], [103.94485351735257, 10.333371014935604], [103.94513417377912, 10.332864101309491], [103.94529135646276, 10.332475596664047], [103.94566615544365, 10.331548334423287], [103.946267538304, 10.330538371152237], [103.94841352213, 10.330593763046306], [103.94711368710468, 10.326876655881884], [103.9463124781418, 10.326302065082048], [103.94563173526346, 10.325814023577715], [103.94527058478846, 10.32395930730086], [103.94512996211405, 10.323237300013517], [103.94493486451347, 10.322235823363487], [103.94447081276891, 10.32179127915726], [103.94384114096532, 10.322071831228563], [103.9436508263125, 10.322144285703835], [103.94303164104873, 10.322379828607687], [103.94227287907721, 10.322495241846795], [103.94179687183743, 10.32256756324929], [103.93991049796078, 10.322578943525224], [103.93899822450541, 10.322091300862041], [103.93876681166729, 10.321860436638232], [103.93860364304457, 10.321607268550435], [103.93802388308977, 10.321337372631373], [103.93782431140505, 10.321635025649384], [103.9371761985586, 10.321295029787258], [103.93693647984573, 10.321628506094138], [103.93669090267886, 10.321970109115181], [103.93649511772028, 10.322242542674399], [103.9367965934532, 10.322557072014435], [103.93616820707851, 10.32323949539947], [103.93557606248027, 10.323872705838689], [103.93467639037814, 10.323795456334919], [103.93431024401104, 10.323445460427827], [103.93377738729966, 10.322936045526918], [103.93303859170126, 10.321638141088487], [103.93260696837059, 10.321551943021031], [103.93227135287351, 10.321643302822665], [103.93188559215697, 10.322661213262162], [103.9318534831659, 10.322746144650486], [103.93143483993119, 10.323159497613535], [103.9309873836633, 10.323601188752386], [103.93026572354417, 10.322731502899545], [103.93059112731655, 10.322176129672231], [103.9293575449601, 10.32190569780358], [103.92868475405433, 10.32290094540701], [103.92773817978622, 10.325487961953662], [103.92746764437881, 10.32614297330947], [103.92728285460684, 10.326590187639614], [103.92653704723759, 10.326451888436198], [103.92623565746185, 10.326396110767185], [103.9257034414335, 10.326293359759214], [103.92559044482722, 10.326271550099342], [103.92380367689546, 10.32592669663411], [103.92197608670772, 10.325589083788676], [103.92209857009857, 10.324965366537649], [103.92217838268186, 10.324558653209058], [103.92212289452095, 10.323794568344278], [103.9220867346543, 10.323296149956125], [103.92226054742716, 10.323163102586753], [103.92337693205155, 10.322308620498971], [103.92364621910954, 10.320736736995977], [103.92389875688227, 10.320841885310399], [103.92400867681299, 10.320094369679136], [103.92460781892197, 10.320140553521053], [103.92470376565414, 10.320147957449064], [103.92529734877112, 10.320339423102995], [103.92603592043167, 10.320633130790126], [103.92621794047888, 10.320705513053683], [103.92740835921687, 10.318635730867761], [103.9274894329344, 10.317223268032457], [103.92648508997391, 10.315766838291129], [103.9265989571325, 10.314498370685962], [103.92615173357552, 10.31410934505088], [103.92602525846146, 10.313919796434137], [103.92606469153597, 10.312866288339173], [103.9259013544229, 10.312109425496136], [103.92568318399385, 10.31163391961902], [103.92562203659135, 10.311418900182188], [103.92559124738652, 10.311027268436767], [103.92557491569016, 10.310819561636654], [103.92550912558474, 10.310849009641803], [103.92518099757379, 10.3109957084433], [103.92494197011553, 10.310644120725964], [103.92510532166652, 10.310535644915925], [103.92495946532654, 10.310109542091123], [103.92472966392617, 10.309906789810727], [103.9239758042793, 10.30959949118561], [103.92460530796835, 10.309003708178274], [103.92462561155979, 10.308984486426912], [103.92456673650074, 10.308926607983166], [103.92385395075179, 10.308224912098328], [103.92321159015924, 10.307808049682672], [103.92294074554823, 10.30738316969756], [103.92255206941776, 10.306637747296449], [103.92201539142572, 10.30609657328345], [103.92198380729594, 10.306043444642354], [103.92179885302248, 10.3057327275953], [103.92149668654791, 10.305413302026402], [103.92086970093217, 10.304981183124173], [103.92024627292193, 10.304551691426543], [103.91999025066323, 10.304811982244239], [103.91970424533909, 10.304443490084223], [103.9197244771268, 10.30436369208901], [103.91975565201663, 10.304240967755128], [103.91822112201413, 10.303829636927578], [103.91812732875044, 10.303895378956389], [103.91746428482277, 10.304359810029345], [103.91681907933521, 10.305052382572706], [103.91680845509026, 10.305716081682316], [103.9166035857972, 10.306059912589467], [103.91615220959099, 10.30630321173106], [103.91617431109658, 10.306547365380785], [103.91666141071215, 10.30678684304004], [103.91659625265665, 10.307266815876133], [103.91602482906411, 10.3072547540573], [103.91570389184713, 10.30810694483837], [103.91559658092477, 10.30941284954047], [103.91576503538766, 10.309410079987462], [103.91585095617866, 10.309455803138826], [103.91587830329603, 10.309677363120604], [103.91609573218386, 10.310100524663712], [103.91629833328992, 10.310891186025685], [103.91573143968085, 10.311340415927768], [103.91279409283979, 10.311888507433377], [103.9127109948527, 10.31169894243856], [103.91211931146228, 10.311776435184152], [103.91201092423395, 10.311684921494942], [103.91165376724234, 10.311382927030854], [103.91160986621225, 10.311670087316946], [103.91152470819404, 10.311951205254537], [103.91143348704672, 10.312252293254765], [103.91043786290997, 10.313323673541074], [103.90996680644182, 10.312654304790442], [103.9095301348324, 10.312887223237361], [103.90913861019767, 10.31309617391562], [103.90895184087304, 10.312686626080858], [103.90893056344822, 10.312639934393104], [103.90869062847946, 10.312784155254846], [103.90857308309266, 10.31285482344894], [103.90798361881586, 10.313209155084191], [103.90750361575884, 10.313421286858686], [103.9067359732795, 10.313312830356205], [103.90640847033015, 10.313266570751637], [103.9062669122568, 10.313629496954048], [103.9059232597656, 10.314161755487964], [103.90463171856419, 10.315710129841426], [103.90545146025265, 10.316617841629293], [103.90441484273578, 10.317476204923514], [103.90514387918797, 10.318651009001302], [103.90514510154885, 10.319166903615328], [103.9048001170049, 10.319237512931164], [103.90421912511744, 10.320030080440027], [103.90356611988884, 10.320225973836525], [103.90376187856822, 10.320708684551533], [103.90378114548298, 10.320756186543166], [103.90435423346182, 10.32076917847957], [103.9046048389164, 10.321169805184597], [103.90444251273615, 10.321260641396997], [103.90440503872354, 10.321281638335371], [103.90388180540752, 10.3217516301796], [103.90380333369151, 10.32182227807937], [103.90331677372983, 10.322259245736099], [103.90327337971898, 10.323144301095581], [103.90214386320527, 10.323575195559174], [103.90255007057495, 10.323674948849197], [103.9030006325824, 10.323881922119726], [103.90358851229338, 10.324285342986167], [103.90393894287968, 10.324525853777212], [103.90378748923152, 10.3257267002619], [103.90375031996616, 10.32602182744441], [103.90390102508383, 10.325994349243349], [103.90409420152298, 10.325959173930302], [103.90464718218604, 10.326279168609796], [103.90485018851663, 10.326066350974536], [103.90510605389883, 10.3261969258198], [103.90512586112929, 10.326394422613058], [103.90557321993099, 10.326559797031306], [103.9061590575906, 10.326839435488356], [103.9060240475981, 10.32726096011253], [103.90550342490053, 10.326968783798012], [103.9048870765498, 10.326988533168837], [103.90478387859163, 10.326709421199473], [103.90453726638926, 10.32675616150033], [103.90457867668783, 10.327166890143307], [103.90525617825355, 10.327741714394163], [103.90557763476728, 10.32800097597548], [103.90524059838819, 10.328549790031191], [103.90550723172198, 10.328830559185961], [103.90595741045516, 10.329976097265156], [103.9069072810318, 10.330310832828873], [103.90736988724989, 10.330285101633319], [103.90787875479676, 10.330275909696258], [103.9092778073507, 10.330245744850181], [103.90899171445847, 10.329137580343584], [103.90976454470196, 10.329031223404407], [103.9100317039803, 10.330060694075943], [103.9108314417148, 10.329774282607634], [103.9121183524099, 10.329064723257051], [103.91251284686729, 10.329577537057212], [103.91132624771804, 10.330353824370077], [103.91086211454297, 10.330611104324667], [103.91095753970849, 10.330801958059741], [103.91064405340302, 10.330965574286525], [103.9099019174618, 10.331110233612405], [103.90984240125184, 10.330954977303218], [103.90885314788318, 10.331170698173887], [103.9079856656476, 10.331207713589398], [103.9073948729837, 10.331228418323764], [103.90657296792435, 10.331257286123094], [103.90580820875198, 10.330952274389576], [103.90537616737852, 10.330649592098352], [103.90479035255348, 10.330111915584368], [103.90449044536457, 10.330093912665097], [103.90412123910295, 10.330123157483865], [103.90412114779701, 10.330123157315246], [103.90319758430545, 10.329445890671604], [103.9027606765078, 10.329547067244743], [103.90297668112808, 10.330625089572072], [103.90473779509668, 10.330918295371605], [103.90578172429164, 10.331781576744445], [103.90583624192524, 10.33202063659935], [103.90627015714702, 10.333515135458264], [103.90592726592172, 10.334310131407088], [103.90456857947325, 10.334423624854496], [103.9040981013307, 10.335086381204539], [103.90388900241445, 10.335185538573102], [103.90375339429045, 10.335145687375356], [103.90334848674264, 10.335026589057238], [103.90273041604188, 10.334596349054193], [103.9021169483055, 10.334147129931303], [103.90141224002905, 10.334483692972412], [103.90101537178997, 10.33489360799144], [103.9007223001418, 10.33425366915571], [103.90029186167507, 10.333057982747803], [103.90016745131203, 10.332699267427214], [103.89975536699461, 10.33290021031712], [103.89902596976789, 10.333256070428403], [103.89812954536858, 10.332569346789573], [103.89793853382463, 10.332328223002452], [103.89810906449462, 10.331864365601206], [103.89840530267904, 10.331699644856297], [103.89873501133891, 10.331747454615522], [103.89892135234898, 10.331611641233895], [103.8988925326436, 10.331546129182072], [103.89957159737133, 10.331200120794302], [103.89970884830414, 10.33061360159415], [103.899846007363, 10.330027082115938], [103.89949077821713, 10.33000436064883], [103.89937715071207, 10.329786346384552], [103.89903481421969, 10.329129136253794], [103.8989461879857, 10.328679803828416], [103.89780806825225, 10.328244608108209], [103.89745394279043, 10.328410667016263], [103.8970060362731, 10.328006863760546], [103.89692453340703, 10.32760627634668], [103.89607521320492, 10.327987583303871], [103.89605468188176, 10.3281724375644], [103.8956242461057, 10.328279222112643], [103.89551499182168, 10.328020077346846], [103.89474210122417, 10.327489447029468], [103.89465752669493, 10.327311990379377], [103.89455509060025, 10.327403023994002], [103.89425125744152, 10.327673057133316], [103.89394956213708, 10.327541664519286], [103.89369853887649, 10.327268691169966], [103.8939373147425, 10.3267853447973], [103.89364248020199, 10.326600079249705], [103.8931454309509, 10.326068155237886], [103.89268609753026, 10.326532732451541], [103.89180949514092, 10.325906063641769], [103.89222166086242, 10.325565082522475], [103.89181444117813, 10.324662455653291], [103.89175938035649, 10.324141940319244], [103.89228512394685, 10.32408750782124], [103.89239735849324, 10.323600579023372], [103.89289045377798, 10.323715968269362], [103.89316435483487, 10.323579147303818], [103.89303868445403, 10.323264457972986], [103.89379788280817, 10.323118964693455], [103.89427741659283, 10.322973306705794], [103.89423467600363, 10.322835528939882], [103.8946488890566, 10.322709638466018], [103.89452987900519, 10.322444598353151], [103.89498075227961, 10.322054682455619], [103.89579248705122, 10.321840207852192], [103.89601567312239, 10.321819378538002], [103.89614803139449, 10.321596850647733], [103.89629957334465, 10.321512689081676], [103.89638104538389, 10.321497380911584], [103.89645825825156, 10.32079457104599], [103.89643012305035, 10.320274829616238], [103.89634803565332, 10.32003833891962], [103.89637093556648, 10.319568329109229], [103.89613468276154, 10.319308133466729], [103.89631165491089, 10.318527574774675], [103.89636616377648, 10.318287451620698], [103.8964279477693, 10.318254204996371], [103.89629928099485, 10.317930017897785], [103.89613143095627, 10.317661451382694], [103.89590212220692, 10.317543034821787], [103.89519916835371, 10.317503565598196], [103.89519458067375, 10.317371916970332], [103.8948505753489, 10.317264676865248], [103.89458741619471, 10.317182541666], [103.89451512622817, 10.31717128549467], [103.8941280060881, 10.316979338107142], [103.89391217310704, 10.317405859172178], [103.89338067416209, 10.317277199686762], [103.89289802683695, 10.316860397444643], [103.89288493577249, 10.316211575734398], [103.89343347937815, 10.31597274277357], [103.8927938322249, 10.315726886162128], [103.8930193448851, 10.315251923123162], [103.89371543967205, 10.315342195537438], [103.8939032893062, 10.315129446632723], [103.89374701867713, 10.315014149264952], [103.8938155352903, 10.314849908602985], [103.89395265508675, 10.314666990879411], [103.89435512116799, 10.313993813549798], [103.89480394355544, 10.313571706485865], [103.89424497285505, 10.313249876985624], [103.89515617263962, 10.312238244405888], [103.89586843699446, 10.311027330364762], [103.89716064479398, 10.309763339463908], [103.89729084331253, 10.309136754507179], [103.89791259978244, 10.308173757277132], [103.89842637586207, 10.307868216201827], [103.89852291942975, 10.30765475173542], [103.89866438607434, 10.307150424239074], [103.89855365702044, 10.307093168185176], [103.89876546259501, 10.306375779388578], [103.89885473524592, 10.306000011287116], [103.89908775795563, 10.306033896897663], [103.8993259936053, 10.30562929264655], [103.89907066446325, 10.305514718054704], [103.89927889031075, 10.304998941392014], [103.89957448355455, 10.304437487730741], [103.90022183160224, 10.302485060488195], [103.90050890024204, 10.301842670869355], [103.90097065359859, 10.30132781448652], [103.90067616594354, 10.301113624851817], [103.90091605482682, 10.30036211007334], [103.90184921642754, 10.299776427724638], [103.90195460694943, 10.299710350300677], [103.90219979625988, 10.299244637438226], [103.90317642356702, 10.297389280215453], [103.90337891243848, 10.297004677751584], [103.90344682910343, 10.296814665754404], [103.90345965556351, 10.296742178684335], [103.90315141879049, 10.296558254181084], [103.9031101034091, 10.296535936554095], [103.90306704677441, 10.296517141792565], [103.90302252226397, 10.296502141637042], [103.90297689506139, 10.296490936760415], [103.90293043871374, 10.296483708491472], [103.9028835184043, 10.296480457503453], [103.90285065159222, 10.296480487281052], [103.90281723309087, 10.296482595521464], [103.90278408473577, 10.296486693328518], [103.90275120635617, 10.296492871114308], [103.90271878088416, 10.29650094839174], [103.90268689944523, 10.29651101574143], [103.9026557449716, 10.296522892676421], [103.90262531695232, 10.296536850432995], [103.90259579883016, 10.296552437288167], [103.90256728156069, 10.296569834234756], [103.9025399480764, 10.296588860785974], [103.90251379820685, 10.296609607354144], [103.90248901505493, 10.296631803040524], [103.90242225488542, 10.296546692188755], [103.90235161429004, 10.296292051017673], [103.90225753198217, 10.296026065002279], [103.90218841180692, 10.295788333716802], [103.90207820088663, 10.295554595076416], [103.90198006860685, 10.295354783346772], [103.90191786425092, 10.295177731470892], [103.90185917722908, 10.295023650818942], [103.90180897395095, 10.294873202328542], [103.90174559998356, 10.294638646013652], [103.90169318634439, 10.294401578398832], [103.90165299050086, 10.294221402721869], [103.90160613288724, 10.293991307113467], [103.90152895924206, 10.293812780908455], [103.90142169722073, 10.293758787268995], [103.9012718027574, 10.293751819587094], [103.9010744316209, 10.293746391433105], [103.90089611445529, 10.293755193155198], [103.90080644478874, 10.293764339680791], [103.90074619288838, 10.293762600741248], [103.90037065850933, 10.293781163254168], [103.90019848553904, 10.293823790178346], [103.90000253347024, 10.293985355552625], [103.89986720385218, 10.294194047583407], [103.89972362702291, 10.294418817644813], [103.89965055227678, 10.294632055193029], [103.89960311220356, 10.294807276679599], [103.89956240027078, 10.294948877255862], [103.89952589271213, 10.295039673906892], [103.89950818934976, 10.295083671860539], [103.89949966874514, 10.295099568620417], [103.89765020943284, 10.295138897543032], [103.89763729110103, 10.29516292317035], [103.89752240026519, 10.295376624800502], [103.89740741419725, 10.295592315271241], [103.89735032109334, 10.295802055857601], [103.89740344632273, 10.296287849460636], [103.89646047064151, 10.295794611534928], [103.8955893526037, 10.295682592783876], [103.89486193477909, 10.295570930804042], [103.89404997179955, 10.2955100110439], [103.89333077995732, 10.295585152689696], [103.89243377456114, 10.295786897734795], [103.89146061447637, 10.29609048199677], [103.89078444198601, 10.296630688495041], [103.89163834725288, 10.29948326142182], [103.89157833545461, 10.303069436804115], [103.89000102027433, 10.305467359656724], [103.88665127266539, 10.310559991397016], [103.88583529156134, 10.311800612572094], [103.88581590421998, 10.312900528054497], [103.88554088593541, 10.3131932113526], [103.88575500558626, 10.314031466274002], [103.88601216829291, 10.315038059566746], [103.88625529996237, 10.316124459809574], [103.88666489783522, 10.317954633683929], [103.88712862336783, 10.318426379434772], [103.887576735101, 10.318379943878114], [103.88786415851247, 10.318378499627793], [103.88787292370596, 10.318378425826282], [103.88817904506276, 10.318386871636143], [103.8883326314546, 10.318095222152243], [103.88883933286004, 10.318204223578359], [103.88873539737274, 10.318694512052485], [103.88871125576391, 10.318808656727791], [103.88908910284772, 10.318789842594166], [103.88912995651438, 10.319241799086713], [103.88922590653738, 10.319436004715579], [103.88944307305519, 10.31978992627779], [103.88915573388336, 10.319983678358074], [103.88823960219597, 10.320407242335772], [103.88830422140815, 10.32065572646766], [103.8880604317562, 10.32075535067972], [103.88813462861572, 10.32100855440824], [103.88815062427025, 10.321282985082622], [103.88786756416178, 10.322048690140928], [103.88734948521265, 10.32158814357918], [103.88736890787926, 10.321978579300895], [103.88730848121544, 10.32263069655376], [103.88673159131321, 10.322553112860305], [103.88626697623222, 10.322490569134018], [103.88578933841016, 10.32245783591703], [103.88557996528709, 10.32246485135705], [103.88528220692112, 10.322426492441881], [103.88508461424372, 10.322479368835154], [103.88489967456778, 10.3225518885949], [103.88471640655445, 10.322750807292827], [103.88469121952997, 10.322932125604307], [103.88468048240547, 10.323054161231012], [103.88457867374693, 10.323573293227735], [103.88468747758584, 10.323682989433978], [103.88442536082441, 10.324331466450179], [103.88401248941327, 10.325125761162735], [103.88402717689097, 10.325132208433315], [103.8841090981882, 10.325168258262757], [103.88378115538787, 10.325719235355807], [103.88411448636381, 10.326012263573553], [103.88361165483838, 10.326630082688952], [103.88292943009787, 10.326018408590249], [103.88208650399203, 10.325597917924089], [103.8821327318772, 10.325209506634822], [103.88219827190771, 10.325030887814018], [103.8822527054901, 10.324882264461106], [103.88233879599139, 10.32460640175147], [103.88244491633783, 10.324266113654947], [103.88205796307167, 10.323988532082689], [103.88154971515877, 10.323873459108885], [103.88133480308618, 10.324051249127505], [103.88112400616463, 10.324225611225744], [103.88098126629136, 10.324054911225529], [103.88113398472855, 10.323698348414174], [103.88120105447908, 10.322970751909748], [103.88117211433335, 10.322642139736923], [103.88113558291849, 10.322226808030784], [103.88107511567407, 10.321538567424124], [103.88043553029972, 10.32163444326816], [103.88026876537926, 10.321704011626196], [103.88031801951782, 10.321962684051751], [103.87956147987863, 10.322008607122443], [103.87883454070455, 10.322696780558354], [103.8783606151695, 10.323145486440826], [103.87786775372, 10.322078491486801], [103.87792082977109, 10.321459724864418], [103.877375719211, 10.321289061750536], [103.87741925310607, 10.32166959857636], [103.87746539203006, 10.322071929661073], [103.87643722265815, 10.322582218992205], [103.87643786064938, 10.322258274787508], [103.8755629021619, 10.322256583940225], [103.87651945310921, 10.32083752058489], [103.87603380884018, 10.320514626233342], [103.87512736705493, 10.320507177707471], [103.87506380284401, 10.320747278800333], [103.87485349961861, 10.320763597947911], [103.87443179731568, 10.320796324117401], [103.87403050908529, 10.32172570267921], [103.87377651473393, 10.322273828695206], [103.87292994672173, 10.323703855482742], [103.87237459408814, 10.3242317753031], [103.87228412369929, 10.324317852181073], [103.87253503060616, 10.32459255866642], [103.8723867733752, 10.325042611196524], [103.87198058210677, 10.32480168775096], [103.87167794586549, 10.324828945664347], [103.87145261704852, 10.324410081694994], [103.87159867310086, 10.32437944522661], [103.87145703626459, 10.324023761116559], [103.87190914043043, 10.323672306571003], [103.87149919369236, 10.323392498282715], [103.87169939273775, 10.323039649396687], [103.87175198475033, 10.322947079732298], [103.87197286972695, 10.322522031922857], [103.87210466719408, 10.322268412139547], [103.87238870492791, 10.322456387843143], [103.87240101472877, 10.322464548824613], [103.87240706260307, 10.322453530349506], [103.87279952918253, 10.32173994984444], [103.8724791010951, 10.321578213615666], [103.87273302980508, 10.321110102951572], [103.87159428888047, 10.314026480224083], [103.86958029750856, 10.31392509359919], [103.86934101950683, 10.313592906109022], [103.8694365492826, 10.310779027409072], [103.8668828651719, 10.310834882814788], [103.86800027143381, 10.313086331975319], [103.86525932632355, 10.31459327586818], [103.86293277545677, 10.31587236130299], [103.86268196692431, 10.316010196408877], [103.86234157548212, 10.316019831696224], [103.86200518707547, 10.318439214383448], [103.86178869111343, 10.321076182406046], [103.86176862485402, 10.32333082596178], [103.86203408001599, 10.324445853700853], [103.86203909333109, 10.32445002253875], [103.86206000023041, 10.324496173738984], [103.86279625785828, 10.325593415791063], [103.86304506788505, 10.32595347358132], [103.86362863156404, 10.326797712361564], [103.86378484787888, 10.327027756090374], [103.86379076484981, 10.327036628086297], [103.86379677312544, 10.327045500262104], [103.86380259879269, 10.327054372077855], [103.86445974448714, 10.328450988388624], [103.864300281431, 10.32851848297614], [103.86430109863322, 10.32852074487483], [103.86412728939243, 10.328593816628318], [103.86381585794189, 10.328724842041089], [103.86388264528577, 10.32888500213855], [103.86200244615674, 10.329675465097719], [103.85999914242603, 10.330518834302252], [103.85833158251565, 10.331216210974699], [103.85787972466541, 10.33147886130625], [103.85747595956677, 10.331798656351637], [103.85692334205405, 10.332443996883232], [103.85667822688087, 10.332872329467195], [103.85650228438513, 10.333318791684656], [103.85636302403181, 10.333821201206101], [103.85581684602839, 10.335963945521051], [103.85527941530138, 10.338066834281879], [103.85474873008451, 10.34017136236439], [103.85420370874732, 10.342272334122647], [103.85369454555313, 10.344382326904515], [103.853267772639, 10.345984101013348], [103.85160387732887, 10.3519204130687], [103.85104548968431, 10.353216598577843], [103.85017839651064, 10.355209410762116], [103.84940055852489, 10.357043276532243], [103.8486247508012, 10.358817924505365], [103.84818609803803, 10.35986987378061], [103.84795780816421, 10.360314053093253], [103.84772837656863, 10.360647657102321], [103.84740657527247, 10.361005665390188], [103.84707515705468, 10.361289064642063], [103.84669687531199, 10.361537379266492], [103.84615825333566, 10.361781570318499], [103.84463731623569, 10.362398514605513], [103.84294112124955, 10.363068526302765], [103.84124955277038, 10.363749929856102], [103.84078809828983, 10.36398748861444], [103.8404461292098, 10.364290387587642], [103.84019048271759, 10.364622394751335], [103.84004033738816, 10.36489521818035], [103.84000863731143, 10.364988999694905], [103.83950707012053, 10.365193745356457], [103.83947327293072, 10.365068004745657], [103.83944528818391, 10.364695906264561], [103.83940089490875, 10.364441127476034], [103.83925556397254, 10.363984977009553], [103.83900573977382, 10.363499318640848], [103.83887199194794, 10.36318088769299], [103.83753438246832, 10.363239253580563], [103.83679058397745, 10.362824091058158], [103.8362863947023, 10.362409873411748], [103.83482235562413, 10.36258034803558], [103.83369778674323, 10.363502562118166], [103.83311794006013, 10.363113045962683], [103.83268906729484, 10.363011619729427], [103.83164096258578, 10.363483648509527], [103.8313353440713, 10.363693399298823], [103.83127969180569, 10.364229690891692], [103.83267974160958, 10.36642551301015], [103.83285373141081, 10.366539068351802], [103.83331138970411, 10.367409950392085], [103.83445876188908, 10.369058889323364], [103.83587082558687, 10.369863934376456], [103.83762479669774, 10.369969355669994], [103.83830703706035, 10.369702059472798], [103.83869871697924, 10.369647624344408], [103.83909056106368, 10.36947131516741], [103.83976310288189, 10.368819749385924], [103.8402456369774, 10.368156671637445], [103.84257814355729, 10.368455375342258]], [[104.06882532507827, 10.356081032625342], [104.0689982563003, 10.357233141532848], [104.06899834712245, 10.357233503311386], [104.06904413625254, 10.357605619173128], [104.06905725417363, 10.357762505421439], [104.06885510398207, 10.357744603912696], [104.06816197006738, 10.357641868243938], [104.0683396493366, 10.358926440525764], [104.06773971172204, 10.358783142460267], [104.06728592571072, 10.358674125995368], [104.0670748848913, 10.35621737859814], [104.06694537019727, 10.354707648637705], [104.06849510649205, 10.354626367601005], [104.06867051235123, 10.354634649520749], [104.06867121915344, 10.35471882612466], [104.06868995329914, 10.355109169490854], [104.06874113256993, 10.3554790322841], [104.06882532507827, 10.356081032625342]]]], "type": "MultiPolygon"}, "properties": {"id": 1, "area": 295816848.26, "perimeter": 174754.41}}, {"type": "Feature", "geometry": {"coordinates": [[[[103.95431076363809, 10.252385574788882], [103.95405437456705, 10.252368327324403], [103.95395693757409, 10.252282903845291], [103.95409504099842, 10.252022293314399], [103.95385956766155, 10.250985851096294], [103.95350614182037, 10.2510767553977], [103.95319153020156, 10.250784191180841], [103.95303047182307, 10.25027127652508], [103.95289651292427, 10.250084799599001], [103.95217719850888, 10.250667387111722], [103.95161428314115, 10.24995759744078], [103.95208277603408, 10.249678106066517], [103.95186793171857, 10.249496736388457], [103.95116775750701, 10.250149243432503], [103.9505320677778, 10.249612561073866], [103.95123816668857, 10.248965128531045], [103.95054576760775, 10.248442635857224], [103.94899921220315, 10.247773582079452], [103.94892080369286, 10.248035557364748], [103.95020155461188, 10.248697562002242], [103.9498722642386, 10.249085782223215], [103.9488626269996, 10.249584419376626], [103.94866461929426, 10.249380834548521], [103.94861632488082, 10.249331115745045], [103.94832475375165, 10.249126377477923], [103.94789965923468, 10.248222155895109], [103.94698258711702, 10.248666063538618], [103.94655658518872, 10.24812954962227], [103.94563897783605, 10.250193477073138], [103.9450759035123, 10.250108793692908], [103.94454770175244, 10.250023083980977], [103.94422590220867, 10.250455884551084], [103.94395561501115, 10.25081969717242], [103.94396746503493, 10.250829391657295], [103.9433559344843, 10.251624433279238], [103.94284578798917, 10.252332127404733], [103.94253650090371, 10.252758528119044], [103.942971653993, 10.252967857477179], [103.9426142009722, 10.253532055766339], [103.94240011430054, 10.25391097177915], [103.94274907209513, 10.254081637564182], [103.9427427919951, 10.254384330121574], [103.94320950227393, 10.254767487518706], [103.94326568984405, 10.254635942196591], [103.94367562930873, 10.254700928089163], [103.94389084115298, 10.254827694127972], [103.94353819014474, 10.255359895297742], [103.94379923623532, 10.25542941794539], [103.94408261342265, 10.255466068195483], [103.94455709024604, 10.255532610062557], [103.94511483576174, 10.255537450831316], [103.945209384133, 10.255131295323928], [103.94598185833921, 10.255121040476498], [103.94634858464319, 10.25510195548133], [103.94635076813103, 10.25494852795432], [103.94677256797048, 10.2549129002696], [103.94722133103225, 10.254910228323604], [103.94722145696132, 10.255153440154094], [103.94766589301746, 10.25517209777563], [103.9477492034934, 10.255085804319906], [103.9479781099696, 10.255107259582628], [103.94838148208487, 10.254801082036812], [103.94873782157497, 10.25471760244157], [103.94956179680774, 10.255384802640581], [103.94985158597177, 10.25482744352003], [103.94999898929771, 10.254840441330282], [103.95001211242814, 10.254694446093199], [103.9501774178559, 10.254701506843734], [103.95071367236945, 10.254728452822413], [103.95066668470469, 10.255138126419508], [103.95118596251898, 10.25527019361779], [103.95125429509714, 10.255399600043434], [103.9526181296263, 10.25575460288645], [103.95283120498642, 10.25537377924848], [103.95372647186622, 10.254557316245585], [103.95374531728419, 10.254160704617352], [103.95397629294321, 10.254093282805673], [103.95395547132794, 10.253618668181957], [103.95431076363809, 10.252385574788882]]]], "type": "MultiPolygon"}, "properties": {"id": 6, "area": 762872.83, "perimeter": 4580.13}}, {"type": "Feature", "geometry": {"coordinates": [[[[104.02228526221934, 10.15386544373417], [104.02350108615211, 10.154728684459567], [104.0257834310511, 10.154613006253658], [104.02799447902046, 10.153143879718254], [104.02790506754013, 10.15300523547182], [104.02693803801604, 10.151373391121709], [104.02632137998313, 10.150280561097198], [104.02587287405775, 10.149399001312203], [104.02567451048907, 10.149008393677004], [104.02508346574444, 10.147693810901577], [104.02488178545467, 10.147202114213597], [104.02474985934154, 10.146872722689698], [104.02461793335159, 10.146543421533174], [104.0245082221152, 10.146249233477214], [104.02436451551246, 10.145864310019908], [104.02423178661331, 10.14552307279759], [104.02407084414332, 10.145130891055336], [104.02401309561084, 10.144996541251496], [104.0234202308789, 10.145230488546632], [104.02347488414878, 10.144742508450262], [104.02321600579563, 10.144672784398939], [104.02223312206083, 10.144349569097233], [104.02218207678395, 10.144741714430237], [104.02214120228794, 10.144982700922096], [104.02208311235817, 10.145325288626559], [104.02186397520232, 10.14639358251407], [104.02176494860083, 10.146649312236974], [104.02221971878764, 10.146742559283105], [104.02225665103501, 10.147437270227268], [104.02174102682909, 10.147457224307932], [104.02167781732501, 10.148051248018605], [104.02267025924645, 10.148151154644513], [104.02263741583113, 10.148637990758278], [104.02319814479739, 10.148664574112091], [104.02309544911326, 10.149426350721548], [104.02308054361713, 10.149632022805909], [104.0228871566856, 10.1502581356284], [104.02268853740266, 10.151458646017806], [104.0227679934324, 10.152032262786035], [104.02252737635128, 10.152998447016198], [104.02281920871441, 10.153127260672692], [104.02228526221934, 10.15386544373417]]]], "type": "MultiPolygon"}, "properties": {"id": 35, "area": 1474937.11, "perimeter": 8041.61}}, {"type": "Feature", "geometry": {"coordinates": [[[[104.0005512148645, 10.15257784685199], [104.00052279267362, 10.15236912684301], [104.00033303753428, 10.15215464587179], [104.00028263321802, 10.152056740580175], [104.00026254024785, 10.151949749585691], [104.00030994071678, 10.1518662787556], [104.00008073167668, 10.151436912637026], [103.99991459358006, 10.150823377694001], [104.0001277465721, 10.150484647981168], [103.99999203630766, 10.150139781001462], [103.99980927087219, 10.149950174423253], [103.99982425550812, 10.14987940268226], [103.99993477352639, 10.149874959977767], [103.99983311629795, 10.149697321311155], [103.99941663626865, 10.147986133640076], [103.99919458686833, 10.14571214034518], [103.99875238526734, 10.1449954726482], [103.99867050883888, 10.144832963100678], [103.99794121278259, 10.144943058520207], [103.99761481186309, 10.144463814239769], [103.9972212759201, 10.144318096496235], [103.99705707469131, 10.144281679191012], [103.99690291759427, 10.144182891171386], [103.99673354534062, 10.144127026661941], [103.99655848516835, 10.14409050205454], [103.99642800072573, 10.144084515420696], [103.99636182223044, 10.14409671028798], [103.99629633872226, 10.14413132900923], [103.99616534782812, 10.144157438647948], [103.99590022751914, 10.144174210456475], [103.99503063653457, 10.143609410960801], [103.99406679751633, 10.144140106933651], [103.99311792878379, 10.143679518672034], [103.991911213434, 10.143139054579352], [103.99107892358981, 10.142999069887455], [103.99097523373914, 10.143072868190194], [103.99027474313638, 10.142626761618844], [103.99019098045947, 10.142736846798497], [103.98991151164424, 10.142479635765769], [103.98938979134276, 10.1420326296676], [103.98898501717314, 10.141842672210505], [103.98855483366404, 10.141793811632933], [103.98843817559748, 10.141528896475652], [103.98829092798665, 10.141563928701514], [103.98802704596841, 10.142296235918256], [103.98747230991252, 10.142528549350017], [103.98738317349174, 10.142574250321118], [103.98670641584626, 10.142758181022318], [103.98658176025748, 10.142645329798441], [103.98378744140494, 10.14369282959321], [103.98433145795345, 10.144687790355833], [103.98377220246729, 10.144945948584358], [103.98482605478814, 10.146116209621168], [103.98479818692411, 10.146423574699645], [103.98490749020047, 10.146550326335536], [103.98469692478308, 10.146974943308864], [103.98455651047101, 10.147129060136647], [103.9850231088715, 10.147293442514512], [103.9850714114177, 10.147332667711614], [103.98511660596165, 10.147375233357762], [103.98515841873844, 10.147421139024816], [103.98583126260932, 10.1482096124215], [103.98586624487234, 10.148247098769478], [103.98590424361531, 10.148281425336496], [103.98594516801582, 10.148312320736157], [103.98598865334098, 10.148339603567411], [103.98599202675554, 10.148341507552352], [103.98590470644294, 10.147076292996877], [103.98536606053077, 10.147112790035736], [103.98521051409986, 10.144857702284046], [103.98703132861945, 10.144734333829337], [103.9871869789309, 10.146989511915613], [103.9861778624351, 10.147057824108082], [103.9862775793821, 10.148504248436135], [103.98761882426733, 10.149268267156236], [103.98765000820443, 10.149284319188672], [103.98768256529146, 10.149297660930594], [103.98771603939389, 10.149308201255135], [103.98775043065476, 10.149315849747838], [103.98778528279546, 10.149320605696179], [103.989719712844, 10.149499746599485], [103.98977710045683, 10.149507521055263], [103.98983347681526, 10.149519995478158], [103.98988884177832, 10.14953726028298], [103.98994237462018, 10.149558952537058], [103.98999380143249, 10.149585162230059], [103.99004294027803, 10.149615527422654], [103.99063309708137, 10.150016346960461], [103.99066837260982, 10.150041988995062], [103.99070191071011, 10.150069888689877], [103.99073371181113, 10.150099774802873], [103.99143581603838, 10.150805824953599], [103.99146424708847, 10.150831727543157], [103.99149487242738, 10.15085501151284], [103.99152769276856, 10.150875224791031], [103.99156216057534, 10.150892366528605], [103.99159827627516, 10.15090616548242], [103.9919204253373, 10.151012720602179], [103.99195645565877, 10.151022812394118], [103.99199322102254, 10.151029740815291], [103.99203044808706, 10.151033234198959], [103.99206786308301, 10.15103329212109], [103.9921051006996, 10.151030094844971], [103.99214197870873, 10.151023461259655], [103.99217804054362, 10.151013571487464], [103.99221301243504, 10.151000425104925], [103.99224671158481, 10.150984202658313], [103.99317557596912, 10.150483567342523], [103.9932189564006, 10.15046211570624], [103.99326397459724, 10.15044374068434], [103.99331008288229, 10.15042853184496], [103.9943325267076, 10.150131650938023], [103.99435106144126, 10.150125440901727], [103.99436895993793, 10.150117602423643], [103.99438622191342, 10.150108316332334], [103.99440248220226, 10.150097672479715], [103.99441783220207, 10.15008558059229], [103.99453223903545, 10.14998729549028], [103.99453635349269, 10.14998223861796], [103.994540103494, 10.14997681952633], [103.99454321513004, 10.149971128207941], [103.99454596216832, 10.14996516508452], [103.99454807069948, 10.149959020148627], [103.99454972323522, 10.149952693681403], [103.99455082837787, 10.149946275956534], [103.99455138612747, 10.149939766974038], [103.99455139648404, 10.14993316673391], [103.9945507677662, 10.14992674633834], [103.99454959151352, 10.149920325099387], [103.99454795883999, 10.149913993571868], [103.99454568709216, 10.149907841888894], [103.99454295863974, 10.149901960745824], [103.9945396823689, 10.149896259587841], [103.99453594925164, 10.149890919383996], [103.99453175942993, 10.149885849720011], [103.99452720401764, 10.149881141150706], [103.9945222828729, 10.149876884090306], [103.99373853482012, 10.149380656717286], [103.99301131778921, 10.150191817421852], [103.99075996915607, 10.148210154152116], [103.99166910467213, 10.147196299763607], [103.9939204524297, 10.149177956845522], [103.99468041191717, 10.149655431354068], [103.99470438267603, 10.14967427447511], [103.99472643408886, 10.14969501334308], [103.9947465662975, 10.149717557544124], [103.99476477958541, 10.149741726250076], [103.99478080032694, 10.1497674286255], [103.99479444643562, 10.149794393146944], [103.99480562693874, 10.149822438845694], [103.99481443351698, 10.149851294619692], [103.99482059268594, 10.14988077921914], [103.99482419584245, 10.149910802370375], [103.994825152439, 10.149940911861707], [103.99482346261665, 10.149971017278862], [103.99481921805584, 10.150000847519504], [103.99481232764191, 10.150030312028765], [103.99480288333899, 10.15005895887566], [103.99479097654411, 10.150086697786223], [103.99477660754044, 10.150113347931631], [103.99476005052061, 10.150138638490345], [103.99474130576796, 10.150162388633513], [103.99472055593591, 10.15018450822754], [103.99459710269016, 10.150290464689638], [103.99456338740582, 10.150317085025925], [103.99452757805368, 10.150340628040881], [103.99448976589024, 10.150361093874416], [103.99445022510989, 10.150378211704965], [103.9944095032492, 10.150391982375593], [103.99338705864477, 10.150688863481141], [103.99335939371028, 10.150697952625244], [103.99333245569348, 10.150709032007235], [103.99330633613445, 10.150721920939722], [103.992377562628, 10.151222466321938], [103.99232139734391, 10.151249503751464], [103.99226314128344, 10.151271384312967], [103.99220297738904, 10.151287837045338], [103.99214163571281, 10.15129886307766], [103.99207948156769, 10.151304282146125], [103.99201706249384, 10.151304095098117], [103.9919550172877, 10.151298302922795], [103.99189371111972, 10.151286815771584], [103.99183369095933, 10.151269996149873], [103.9915115418197, 10.151163350521303], [103.99145153141299, 10.151140382666165], [103.99139390238312, 10.151111903212287], [103.99133929323943, 10.151078093979688], [103.99128815954982, 10.151039407748344], [103.99124086576826, 10.150996206742686], [103.99053867033894, 10.15029015604186], [103.99051962632358, 10.150272134005743], [103.99049948509507, 10.150255466481118], [103.99047824679634, 10.150240063053602], [103.98988818091598, 10.149839333788165], [103.98985873409941, 10.149821114715962], [103.98982782318546, 10.149805424968367], [103.9897957217976, 10.14979235538482], [103.9897625209045, 10.149782086935161], [103.98972867692711, 10.149774529914383], [103.98969428083389, 10.149769865292502], [103.98775975808046, 10.14959063360692], [103.98770164061804, 10.149582767246176], [103.98764453473609, 10.14957002007829], [103.98758862294831, 10.149552392388877], [103.98753436110339, 10.149530156133647], [103.98748229659294, 10.149503402582772], [103.98585212493816, 10.14857473828983], [103.98578858348911, 10.148534856420511], [103.98572888329308, 10.148489646111654], [103.98567320628439, 10.148439469307933], [103.985622281928, 10.14838468881209], [103.98485686250712, 10.147508910282296], [103.98448751378481, 10.14724802747651], [103.98445055974285, 10.147245347418858], [103.98428555448788, 10.147426368965107], [103.98346424545558, 10.14743411890756], [103.98340016404325, 10.147560598119096], [103.98315595968565, 10.147677752290395], [103.98373711754918, 10.148105603415587], [103.98428746590497, 10.148341636349787], [103.9838649864046, 10.14917531566088], [103.9848214788482, 10.150119297680693], [103.98523310782208, 10.150307282193298], [103.98520113427091, 10.150385621265956], [103.98555623645761, 10.150484277749154], [103.9855957446042, 10.15037358211487], [103.98593385774949, 10.150481976310395], [103.98648950571237, 10.150660148902817], [103.98709989473917, 10.151305125091376], [103.98750917704919, 10.151708018146328], [103.98685404349027, 10.152168469012501], [103.98680807072334, 10.15227011324902], [103.98692690985203, 10.152370206982248], [103.98648604152456, 10.152947264873513], [103.98526430729206, 10.153168492729852], [103.98523578797214, 10.153198013463548], [103.9852560318224, 10.153264590172897], [103.98499719439147, 10.153456404767326], [103.98437579112722, 10.153877211368165], [103.9840369756529, 10.154034451568902], [103.98364664311868, 10.154050744831297], [103.98357672410695, 10.154003890567896], [103.98323283602049, 10.154307864322838], [103.98302048930093, 10.15407516498481], [103.98263216097754, 10.154320750820574], [103.98225525097061, 10.154559030631722], [103.98216261133828, 10.154454003827908], [103.9820112354287, 10.154555209626073], [103.98173927026512, 10.154736964776168], [103.98139992008264, 10.154828289295496], [103.98069364745545, 10.155018397980482], [103.98131162947908, 10.155988978378057], [103.97909728245824, 10.157049644192957], [103.9788035860791, 10.157405499960246], [103.97877377794349, 10.157441347024578], [103.9795688308219, 10.157884464131183], [103.97950066615401, 10.158219883112661], [103.97949632044411, 10.158254866517568], [103.9796788641748, 10.158463741855266], [103.97962816908918, 10.158549102841455], [103.97965760611407, 10.158573470984575], [103.97998001671382, 10.158915386601866], [103.98025070836513, 10.159298991314651], [103.98042893954623, 10.159636066809279], [103.98057071065651, 10.160003011560773], [103.9807503257106, 10.160331228499723], [103.98097221269053, 10.160647848847754], [103.98126171685456, 10.160968283052322], [103.9815905272832, 10.161248816097313], [103.98190403244102, 10.161456722013211], [103.98223922502156, 10.161628224965433], [103.98257977875265, 10.161757603015912], [103.98293262164007, 10.161849568612626], [103.98331217192303, 10.161904506096523], [103.98366559949336, 10.161916726468345], [103.98402684517455, 10.16189089436322], [103.98439445361922, 10.16182393337454], [103.98474450917413, 10.161719332036867], [103.98508102611099, 10.161577729606682], [103.98539980410247, 10.161400566154542], [103.98569728050205, 10.161190006080716], [103.9862740089523, 10.160693812632367], [103.98652857322674, 10.160495300003108], [103.98680173107637, 10.160139495370803], [103.98706547887625, 10.160018843380863], [103.98733133097001, 10.159837436038051], [103.98753112900796, 10.159759630444041], [103.9875688612391, 10.159733017198548], [103.98822987687467, 10.159313261427629], [103.9892681518121, 10.158952047713589], [103.99023885185358, 10.1586746300681], [103.99121650719582, 10.15844152330203], [103.99233784388821, 10.158239648175643], [103.99242438739574, 10.158162387436029], [103.99258312638644, 10.15802077293695], [103.99285098090922, 10.157781860410664], [103.9939248895603, 10.157155048985619], [103.99437739466846, 10.15689236978976], [103.99377756465042, 10.156306463091113], [103.99438731462558, 10.155689511508069], [103.99495871614866, 10.155316709023355], [103.99555015202071, 10.156076648509798], [103.99566985208601, 10.155921138925622], [103.99597363857437, 10.156161023408831], [103.99599726230404, 10.156110427621734], [103.99602526748295, 10.156117432571774], [103.99607418820051, 10.156113258266146], [103.99610900064576, 10.156085644933151], [103.99616114085794, 10.156006883635788], [103.99620162413358, 10.155912733964469], [103.99623769646604, 10.15589642435839], [103.99627719187589, 10.155908690974112], [103.99636149459647, 10.155921116811696], [103.99643121563551, 10.155921043043424], [103.99666279339893, 10.155884690266396], [103.9966872972881, 10.155913118013732], [103.99671464509444, 10.155990373933294], [103.99698609497021, 10.155491612114297], [103.99669788574232, 10.155094250457413], [103.99694223921033, 10.154415250989462], [103.99742860447209, 10.15508162794418], [103.99713024547535, 10.155690292926963], [103.99700412523393, 10.155516413331158], [103.99670846279179, 10.156092261544346], [103.99677656097742, 10.156137934931811], [103.99681608597676, 10.156131304907506], [103.99692796880076, 10.156072435905878], [103.99698490166678, 10.156080118048651], [103.99707115746156, 10.156069129355828], [103.99717518153534, 10.156133844792285], [103.99724694940909, 10.156108729183183], [103.99727796197953, 10.156059952910425], [103.99728573421504, 10.155991701899879], [103.99728743586806, 10.155953911259905], [103.99730124357235, 10.15593612077408], [103.99732059511452, 10.155932985929091], [103.99733345282928, 10.155939153820377], [103.99737855685404, 10.155983073966762], [103.99738966938538, 10.155996472339023], [103.997438161107, 10.156033254926342], [103.99748959580522, 10.156055485286291], [103.99751877579455, 10.156069905896928], [103.99755275476127, 10.156108474521576], [103.99759383782303, 10.15621450322267], [103.99761593730562, 10.156380266804868], [103.99790099696034, 10.156341011410374], [103.99796926962686, 10.156216434366977], [103.99811221210462, 10.156078409413423], [103.99821796145879, 10.15585606118961], [103.99826792641389, 10.15565026385233], [103.99826841310437, 10.155337972965063], [103.99837679572835, 10.15512385641043], [103.99857103075256, 10.154981660177947], [103.99882452478523, 10.154818216553128], [103.99896245761269, 10.154732081438944], [103.99927783249265, 10.15456303584871], [103.99943724504426, 10.154337333314468], [103.99947679196494, 10.15408161101997], [103.99953990020299, 10.15375621507348], [103.99962777053182, 10.153527962062128], [103.99979070651841, 10.153265918045383], [103.99994957666635, 10.153153775008299], [104.000308623376, 10.153068157073477], [104.00053206909874, 10.152742643392166], [104.0005512148645, 10.15257784685199]]]], "type": "MultiPolygon"}, "properties": {"id": 17, "area": 2970166.73, "perimeter": 9512.4}}, {"type": "Feature", "geometry": {"coordinates": [[[[104.0210876617088, 10.089873775702598], [104.02092642352432, 10.089947772501835], [104.02090378256062, 10.089956961977194], [104.02088050599542, 10.089964070980162], [104.02085668493474, 10.089969190058046], [104.02083241101927, 10.089972048098389], [104.02080804880535, 10.089972916875876], [104.02078368993385, 10.089971525278177], [104.02075951674996, 10.089967963985247], [104.02073580283825, 10.089962323809598], [104.02071263930453, 10.089954695298767], [104.02069030000072, 10.08994498843552], [104.02066896727183, 10.089933293899996], [104.02064864085065, 10.089919792522265], [104.02062968556051, 10.089904575247584], [104.02061219250696, 10.089887732623646], [104.02059625266173, 10.089869445613099], [104.02058204836942, 10.089849804896168], [104.02056967060152, 10.089828991435496], [104.02036958743645, 10.089455828728303], [104.02023143984555, 10.089216931999015], [104.02007840711586, 10.088987055085918], [104.0199110353623, 10.088767102915176], [104.01819377349608, 10.086653136504415], [104.01812646143885, 10.086576999145002], [104.01805293634254, 10.08650682010009], [104.01797374509904, 10.086442961824599], [104.01788934309167, 10.086385967470168], [104.01780036844745, 10.086336199625272], [104.01773213987683, 10.086630943634248], [104.01732152835085, 10.086534232265102], [104.01730294910405, 10.086573083594299], [104.01711265373646, 10.086799295121256], [104.01664197614312, 10.087335400691146], [104.01678463128022, 10.087424849245721], [104.01651553320087, 10.088488369536115], [104.0169837634973, 10.08873869114392], [104.01668938189535, 10.089319177108536], [104.01605902182106, 10.089861376731207], [104.01668916897462, 10.090379655253201], [104.0163980410325, 10.090796042224362], [104.01680112904512, 10.091107750977343], [104.01607895251915, 10.091850446981297], [104.0162316754193, 10.092164501610073], [104.01649627000967, 10.092410004689354], [104.01659223673136, 10.092666562426528], [104.016522900633, 10.093029115635689], [104.01660774217801, 10.093281678801556], [104.01639369421878, 10.093219340376024], [104.01578443546417, 10.093189965984733], [104.0151499385009, 10.09325901536301], [104.01487158652317, 10.093244230178556], [104.01488241640891, 10.093567389443889], [104.01473980785397, 10.094176396195271], [104.01466685850829, 10.09493930129533], [104.01454109103744, 10.094903583120859], [104.01440876672721, 10.094798687754889], [104.01416111749529, 10.094752482682907], [104.01414990786016, 10.096325325784928], [104.01414328735359, 10.097271689928531], [104.01324523945313, 10.097183567262984], [104.01330496765931, 10.097631752128233], [104.01364594769286, 10.097442474102545], [104.01388596622749, 10.09892626686104], [104.01396172463534, 10.099394095301818], [104.01395465493924, 10.099788113411837], [104.0146030001796, 10.099680570548598], [104.0145462376843, 10.099565479100441], [104.01538185045146, 10.099309658479818], [104.01556634662695, 10.099977192379274], [104.01510228242623, 10.100286091167856], [104.01503469701872, 10.100391144404835], [104.01490596635998, 10.101357220084006], [104.01552202831952, 10.101301526256082], [104.01562320994921, 10.10185456267381], [104.01540592077656, 10.101881458231816], [104.01552813099978, 10.102283984604643], [104.01504803197956, 10.102331017745573], [104.01506662504232, 10.102466486754313], [104.01510122828932, 10.102695287583064], [104.0150502501493, 10.103408225166392], [104.01495429354134, 10.104057082701996], [104.01511495034042, 10.104072237579139], [104.01505802500247, 10.104430558802653], [104.01508276992595, 10.104540358997511], [104.01584189007872, 10.105533146662477], [104.01633508670388, 10.106310535658086], [104.01642827812098, 10.106350635860498], [104.01658968148699, 10.10647763450588], [104.01681761661709, 10.10659478499939], [104.01690864758368, 10.106737502916916], [104.01717433272812, 10.107055068143602], [104.01662515790524, 10.10777179621639], [104.01721945015979, 10.10806579300339], [104.01604868921696, 10.108616691564709], [104.01572021388138, 10.10861313474562], [104.01587631254164, 10.109114805576883], [104.01569135388809, 10.11015439613963], [104.01565824679045, 10.11051003988917], [104.0157023895827, 10.110523305381376], [104.01566827071885, 10.110579674143192], [104.016286020925, 10.110932115315899], [104.01630912536888, 10.110980159590747], [104.01617899417866, 10.111112426367924], [104.01652584588459, 10.111398737400032], [104.01712671381705, 10.111998527649117], [104.01701514732781, 10.112285974038812], [104.01722789559714, 10.112371637717343], [104.01712108742657, 10.112711079712495], [104.01678196037821, 10.112688611420422], [104.0167107377356, 10.112722683754216], [104.01658674375597, 10.112899715062904], [104.01654535308379, 10.113059417516824], [104.01656672252561, 10.1132915440672], [104.01664491447275, 10.113417516464391], [104.01663770430865, 10.113662801637563], [104.01657289714731, 10.113799865971746], [104.01634826968476, 10.11372521501761], [104.01614470424347, 10.113783143169968], [104.01584764351793, 10.1137587465535], [104.01583176097976, 10.114006279297767], [104.01549933238044, 10.114201538634768], [104.01536278379973, 10.113987596781099], [104.01532997034617, 10.11390328176677], [104.0151974499664, 10.113802274028103], [104.01511643037239, 10.113919332475426], [104.01505498766751, 10.114002875795423], [104.01498522902563, 10.114155574270256], [104.01508615516624, 10.114576152325942], [104.01494823137492, 10.114974769379797], [104.01544386853574, 10.115105425466236], [104.0154311495572, 10.115190125531267], [104.01539260612901, 10.115336812221084], [104.01535698402257, 10.115421659396938], [104.01534232428249, 10.115461872456551], [104.01535301884027, 10.115571109426417], [104.01533868816196, 10.115696132165795], [104.01533724356335, 10.115868460877707], [104.0152588714941, 10.116105955893241], [104.01756321932542, 10.118121525479808], [104.01986750482347, 10.120137079885293], [104.01877328947481, 10.121036014332566], [104.01404728043401, 10.116906240187673], [104.01389066157634, 10.117174902835702], [104.01237220042789, 10.118034581860451], [104.0118633529653, 10.11746547974668], [104.01135508792181, 10.118262455898295], [104.0109138636114, 10.118954468697012], [104.01026226029212, 10.118837407056276], [104.01018499732349, 10.119784929972582], [104.010053030356, 10.120100823772477], [104.01007234045966, 10.120484573057649], [104.00996796478694, 10.121018136354671], [104.00873479978337, 10.12074369689594], [104.00867649569062, 10.12098149120563], [104.00778117452361, 10.120858816458226], [104.00778702271637, 10.121392362915014], [104.00789168422008, 10.121871627459658], [104.0081887057666, 10.122645208485112], [104.00868741873883, 10.1238786689514], [104.00883186781, 10.124477249757469], [104.0088769913129, 10.125106694482747], [104.00884817512045, 10.12569443797752], [104.008684684029, 10.128074814836415], [104.00854181538152, 10.130333342902881], [104.00851011189239, 10.130718824017055], [104.00844494192664, 10.131209226598674], [104.00834362165473, 10.131709249453447], [104.00809921170885, 10.132633193678508], [104.00901956970752, 10.13281494720077], [104.00910835342357, 10.132577560267467], [104.00922322062809, 10.132649521114192], [104.00934712436059, 10.132719777532325], [104.00943732418494, 10.132751195674395], [104.0096302823221, 10.132776528499756], [104.00977273601302, 10.132829814463882], [104.01006344179171, 10.132903845542447], [104.00972196299112, 10.133695098343619], [104.00838241592425, 10.136132667482743], [104.00673591746828, 10.135796388770146], [104.00582961958271, 10.1369753907515], [104.00432114421795, 10.1386843966599], [104.0034112520284, 10.139638253113182], [104.00363332894266, 10.139778550647568], [104.00414341212662, 10.139911959369025], [104.00203620174891, 10.141795543620633], [104.00153827308871, 10.141649401533762], [104.0010481454666, 10.142182374592942], [104.00033400870383, 10.142996014558385], [103.99994018032442, 10.14368609196122], [103.99973785276019, 10.14422601079505], [103.99966478426848, 10.144796867420707], [103.99959706074003, 10.14568653387326], [103.9996742753364, 10.146148398700568], [103.99983458408495, 10.14640053794975], [103.99989502971056, 10.146495746158072], [104.00010657152077, 10.14689949813489], [104.00013863702202, 10.147112292417326], [104.00014965723372, 10.147185092916557], [104.00017856111057, 10.147377087031758], [104.000162546485, 10.147935462921328], [104.00015498264587, 10.148222879257204], [104.00015918085418, 10.14857550239025], [104.00016830048386, 10.149343949502494], [104.00016678112006, 10.149440961993188], [104.00018761359915, 10.149600575391082], [104.00026262333618, 10.149896435597503], [104.00040896425742, 10.149918267503734], [104.00041524055047, 10.149990247035593], [104.00033034716948, 10.150006482810722], [104.00049279602574, 10.150410069409569], [104.0011081237871, 10.151420122290888], [104.00194624260195, 10.152765227096886], [104.00284269225783, 10.154339890520747], [104.00398760603002, 10.156295572902543], [104.00462366441515, 10.157428524592724], [104.00552980886711, 10.159302739508334], [104.00558049782325, 10.159276505316145], [104.00637315502632, 10.158871105384321], [104.00661794528263, 10.158551044581726], [104.00669450547913, 10.158376207569246], [104.00680572111759, 10.158097084235079], [104.0068674700277, 10.157820870141823], [104.00708370246001, 10.157317224349152], [104.0071694010369, 10.157133811537772], [104.00732114061105, 10.156910263429017], [104.00742201730269, 10.156767198248726], [104.00751142455844, 10.156664711962579], [104.00778626041428, 10.156507622350421], [104.00790734403981, 10.156398583221357], [104.008035034347, 10.156265865326938], [104.00818147507165, 10.156105237382125], [104.00834358644475, 10.15590159550063], [104.00882720756806, 10.155512904382292], [104.00908544413633, 10.155228756187913], [104.00923185450674, 10.155087385989203], [104.00939362653303, 10.154866112161569], [104.0098089884371, 10.15501410904531], [104.00961828620532, 10.156015346852438], [104.00974876223088, 10.155970425020517], [104.01063100535345, 10.156175989328695], [104.01089512961511, 10.15634066675281], [104.01101800071606, 10.156556127248235], [104.01107116688668, 10.156941192068805], [104.01131644044546, 10.157020127994958], [104.01121892276691, 10.157235892825652], [104.01132202450873, 10.157309282348368], [104.01107036476182, 10.157769660218367], [104.01104231875388, 10.15832982748174], [104.01084311154878, 10.158443091133309], [104.01061775862549, 10.158886419435683], [104.01062340223235, 10.159135972224819], [104.01051976200766, 10.159836349997823], [104.01090408623239, 10.160475522063319], [104.01071385548504, 10.160626140188922], [104.0110541833906, 10.16091190610174], [104.011249176804, 10.160990315122497], [104.01191881512183, 10.160825040348119], [104.01241756881052, 10.160810954568747], [104.01244476828211, 10.160808192170029], [104.0124235469473, 10.160720187163498], [104.01299883900121, 10.16060404577172], [104.01303274947443, 10.160689447573537], [104.01356031684986, 10.160449818283158], [104.01390235662062, 10.160087310781813], [104.01385328851667, 10.16000749229146], [104.01418487311386, 10.159618206204623], [104.01439440138574, 10.159438410600238], [104.01511180344504, 10.15882266345116], [104.01548402314803, 10.158596815333237], [104.01597412700093, 10.158081904191654], [104.01586575320677, 10.157993680281994], [104.01595317423852, 10.157936124768014], [104.01613920102629, 10.157847612092107], [104.01625397795752, 10.157561528488094], [104.01641094971167, 10.157435269845932], [104.01665107718877, 10.15711374751219], [104.01653472521697, 10.157051370672535], [104.01692913182862, 10.156390387424281], [104.01705529421533, 10.156178821961241], [104.01689222999012, 10.15610869121402], [104.01715063789437, 10.155645244230866], [104.01695926692474, 10.155586464106033], [104.01734991104647, 10.154754952446435], [104.01778438997809, 10.154144930337594], [104.01811607222737, 10.153622097213278], [104.0183320858939, 10.152640962306789], [104.01871580121531, 10.151861065214021], [104.01829540628984, 10.151782962801299], [104.01846747439616, 10.151445064168295], [104.01854924749972, 10.151257211870567], [104.01864891658587, 10.151001755552542], [104.01878830267509, 10.151037945084626], [104.01880102601233, 10.150950984733635], [104.01878830545478, 10.15066959530443], [104.01895806792862, 10.149858281177535], [104.01902999410152, 10.149480724062284], [104.01902336746477, 10.148540400577803], [104.01831126084788, 10.147710252635944], [104.01811647089237, 10.147316752815769], [104.01753014242745, 10.147568058292258], [104.01703108832531, 10.14627412183844], [104.0165349584898, 10.146196538955047], [104.01661270780232, 10.145284097146947], [104.01703063100645, 10.144387164688535], [104.01736596048734, 10.144469302354459], [104.01780018017264, 10.144510627039422], [104.0177699233425, 10.144423061078106], [104.01771481850311, 10.144353360744224], [104.01765131910565, 10.144161136022426], [104.01715015411374, 10.144035446132772], [104.0161611493061, 10.143722782524316], [104.01612806994444, 10.143631324436038], [104.01605698469429, 10.143569195133656], [104.01617714158158, 10.143221275303723], [104.01638552310213, 10.143189485033838], [104.01653590938147, 10.143007611112804], [104.01710816420803, 10.143008453174309], [104.01729654854425, 10.142862981506665], [104.01743082343981, 10.14204393034792], [104.01773682441326, 10.14117250985798], [104.01811415536805, 10.141297112857556], [104.01871465011536, 10.141695456980704], [104.01897316494397, 10.141761838563461], [104.01922081738074, 10.14195279567645], [104.01953181914139, 10.141396476308127], [104.0189383397386, 10.141311069646052], [104.01895205997842, 10.141228360176347], [104.01902214824074, 10.140918972870496], [104.01911000659716, 10.140503464543078], [104.01910127920965, 10.139991884630616], [104.01923881241174, 10.139982411579497], [104.01922242084501, 10.139653548819355], [104.01928444754517, 10.139119830377783], [104.01918234980029, 10.138926374014908], [104.01923413960871, 10.138648514585915], [104.01929442761255, 10.138607644888609], [104.01929628232122, 10.138587756336548], [104.01950593254658, 10.138620974062762], [104.0196186020367, 10.138394830474235], [104.0200604796502, 10.137822698219233], [104.02036715642551, 10.13802314377778], [104.02063031188885, 10.13809676391937], [104.02073439055677, 10.137878744700203], [104.02068759344863, 10.137745404911604], [104.02050086345957, 10.137456347339283], [104.02016964811096, 10.137250531604543], [104.02005509703666, 10.137208592617146], [104.01988196480772, 10.136919373756246], [104.01993017633588, 10.136653895750197], [104.01977865957414, 10.136433875795985], [104.01994736566172, 10.136140635670605], [104.02022783095585, 10.135925315430862], [104.02028828365476, 10.135834627161417], [104.02039815434337, 10.135894099704783], [104.0204686707937, 10.135847277303187], [104.0205511978397, 10.135823799448868], [104.02068445641451, 10.135619294577623], [104.0213632562358, 10.135021918301028], [104.0209617249904, 10.134544937162435], [104.02125450299931, 10.134209472487303], [104.02158918343784, 10.133984645940497], [104.02254800011816, 10.133962170773989], [104.02275840922361, 10.134591040862004], [104.02402254419236, 10.133773262934634], [104.02448284445866, 10.133631796977761], [104.02505607299142, 10.13327024276094], [104.0255305710791, 10.133153479079116], [104.02585574187457, 10.133063442966813], [104.02597432893315, 10.133090738508198], [104.02632205393377, 10.132990336732954], [104.0267315002534, 10.132927997746517], [104.02695070749608, 10.132851551004897], [104.02704368867762, 10.133041194598254], [104.02728867156968, 10.133247060273725], [104.027355663435, 10.132926635529858], [104.02769290827948, 10.133065816905077], [104.02779511621168, 10.132625190723566], [104.02790325562518, 10.132433756709583], [104.02818002748975, 10.131992748133998], [104.0283191669282, 10.131755970124107], [104.02881013866195, 10.132291298164738], [104.02884029333318, 10.132325247015034], [104.02917718636321, 10.13239290810188], [104.02933087588671, 10.132252713711276], [104.02936246017082, 10.13224498324574], [104.02939775160547, 10.13226067557118], [104.02940956878355, 10.132291885666861], [104.0294094523573, 10.132371721949854], [104.02940944365497, 10.132377689327742], [104.02942110708918, 10.132451755915222], [104.02945260041966, 10.132506411665137], [104.02950767075792, 10.132537683675668], [104.02955484204583, 10.132541639039879], [104.02965334207113, 10.132514474674645], [104.02974787814443, 10.13245222358457], [104.02992139731272, 10.132292618050242], [104.03005148084276, 10.132132859902343], [104.0300869771764, 10.132070524289997], [104.03009110544417, 10.131930115672768], [104.03005603519759, 10.131699868904661], [104.03007994756163, 10.131508765743115], [104.03020231931684, 10.131255416940146], [104.03028934267704, 10.13102543506498], [104.03034478178589, 10.130803183729116], [104.03034870510587, 10.13074080296668], [104.03039995933126, 10.130697929048424], [104.03053790171515, 10.130655269342109], [104.03067955142879, 10.130635941946602], [104.03091978606969, 10.130593337678675], [104.03108911298447, 10.130554610362344], [104.03125003193037, 10.130461893190892], [104.03127816081196, 10.130445658590295], [104.03149892840182, 10.130235396645721], [104.03168813511446, 10.130079609854615], [104.03194826530375, 10.129845895735315], [104.03210602393351, 10.129666736825447], [104.03216141068405, 10.129479566067031], [104.03209082553495, 10.129261113264954], [104.03212268100674, 10.129066042907667], [104.03218585855534, 10.128917942524538], [104.03237514238351, 10.128645158298104], [104.0324546534347, 10.128371132895667], [104.03248601748304, 10.128263131488447], [104.03250981992872, 10.128083691424118], [104.032502322651, 10.127841820461356], [104.03255803621352, 10.12742852196693], [104.0327161312387, 10.126952801707137], [104.03287020112667, 10.126609895371402], [104.03291565286997, 10.126477321006215], [104.03304987066667, 10.126169286585068], [104.03313282571156, 10.126036855839796], [104.03328257835514, 10.125902440318711], [104.03339490543837, 10.125840213286159], [104.033532674243, 10.125789685844259], [104.03367843901432, 10.125762677603849], [104.03376882797981, 10.125790020691023], [104.03385733545545, 10.125856510823434], [104.03396551359336, 10.125950243750648], [104.03405794775661, 10.126014750264025], [104.03414843929623, 10.12603431769784], [104.03420940523752, 10.126026628348221], [104.03432175189016, 10.125950748341316], [104.03444990590965, 10.125796862436012], [104.03455453425123, 10.125631279634046], [104.0345841033537, 10.12556504720545], [104.03458028935202, 10.125488912289718], [104.03455484910916, 10.125412837185785], [104.03449000047823, 10.125328840193319], [104.03444281762971, 10.125270274838936], [104.03442910649721, 10.125223420406959], [104.03443108452083, 10.125180566446875], [104.03445676495232, 10.125153297433647], [104.0345158229567, 10.125139728336912], [104.03458665772425, 10.125122288043862], [104.0346024551957, 10.125114444282266], [104.03461627032883, 10.125089147599212], [104.03459863545686, 10.125042287621365], [104.03458281879969, 10.125000131801041], [104.03456562037599, 10.12496701553561], [104.03453843992011, 10.124895458722925], [104.03451959052514, 10.124804926525197], [104.0345075601997, 10.124731492432142], [104.03449619429782, 10.124640247502356], [104.03448685988268, 10.124595659643395], [104.03445791755655, 10.124417048841359], [104.03437982106715, 10.124091624738407], [104.03436514926409, 10.12401493195658], [104.03435705417361, 10.123933546897819], [104.03434765696296, 10.12386924845153], [104.0343362769165, 10.123787858741913], [104.03432751845553, 10.123723561199034], [104.03432274183777, 10.12368223473104], [104.03432934500239, 10.123659188224691], [104.03436247513824, 10.123654533535175], [104.03440159550772, 10.12367221985361], [104.03444142228341, 10.123706272302847], [104.03447194167529, 10.123740311576368], [104.03451248047561, 10.123786842310913], [104.0345523072772, 10.123820894747636], [104.0345874813014, 10.123854307691271], [104.03461256356577, 10.123862118876868], [104.0346195942971, 10.1238589642944], [104.03469469227083, 10.12379568953169], [104.03472639174029, 10.123770689381054], [104.0347628095812, 10.12376414058407], [104.03479002091376, 10.123750888044736], [104.03481907506394, 10.123725251237792], [104.03483754810915, 10.123696977427775], [104.03488446297766, 10.123624711668109], [104.03491021276791, 10.123549161033917], [104.03492256406317, 10.123463103301107], [104.0349211976892, 10.123398092897476], [104.0348998419617, 10.12333712291389], [104.03486332565704, 10.123285353836257], [104.03483008585691, 10.123239466370741], [104.03481473382459, 10.123191524648727], [104.03479082694017, 10.123127929012847], [104.03477212228563, 10.123063617411168], [104.03476800988275, 10.123004570521474], [104.03478185082024, 10.122961281251063], [104.03481029180867, 10.122917831794465], [104.03484201383642, 10.122877099427754], [104.0348763754282, 10.12284098196067], [104.03491267224179, 10.122791666617232], [104.0349517329295, 10.12272400090567], [104.03497216468881, 10.122666164106082], [104.03497399096162, 10.122601881532985], [104.03496073283556, 10.122557288135651], [104.03493669904645, 10.122518466073908], [104.03492550189443, 10.12250009597517], [104.03488618093601, 10.122368305550179], [104.03477910796262, 10.122141393028256], [104.03475773358296, 10.122093442787378], [104.03473980659659, 10.12205942134969], [104.03472450797797, 10.122037790500308], [104.03471322064712, 10.12201869694652], [104.03470850594118, 10.121997713969792], [104.03470981454502, 10.12197610660524], [104.03473031957087, 10.121930747209003], [104.03475931629343, 10.121881511968214], [104.03479034807587, 10.121813111594612], [104.03480884262005, 10.1217698288974], [104.03481268028231, 10.121702836712842], [104.0348197867387, 10.121647060625419], [104.03483700209918, 10.121604951513763], [104.03486279193424, 10.121564843655351], [104.03489981194531, 10.121520140497474], [104.03492823195636, 10.121491157412146], [104.03494205483649, 10.121460345389986], [104.03493205722255, 10.12143275464387], [104.03491612079155, 10.121410489995881], [104.03491678504221, 10.12139276956893], [104.03493131148213, 10.121380312813221], [104.03494648902385, 10.121359267539495], [104.0349457987357, 10.121331689948418], [104.03495302062485, 10.121322477812107], [104.03497027708947, 10.121315178575504], [104.03499219658515, 10.12130137603838], [104.03500864027257, 10.121288198667331], [104.03501926280997, 10.121261993289997], [104.03501448235134, 10.121223288857117], [104.03501250234906, 10.121204208465764], [104.03502174679001, 10.12118451103027], [104.03504156847625, 10.121170072618833], [104.0350825646925, 10.121152228350109], [104.0351096910455, 10.121134454895326], [104.0351315542724, 10.121096330596862], [104.0351341593112, 10.121061524449754], [104.03512274127195, 10.121006445500363], [104.03510484175418, 10.120953346526269], [104.03507952004446, 10.12092184628204], [104.03507226261003, 10.120892360693274], [104.03507477458281, 10.120858820226827], [104.03508066455721, 10.120824018721176], [104.03508189424046, 10.120793821802804], [104.03506668495068, 10.120773547322553], [104.03506132108987, 10.12075979664284], [104.03506926540047, 10.12075582960168], [104.0351031072596, 10.120763653118038], [104.03514752921834, 10.12077474652259], [104.03518457335129, 10.120776607155422], [104.03521113045524, 10.12077393221434], [104.03523358984823, 10.120765374499326], [104.03524017102828, 10.120757517677628], [104.03524813523676, 10.120739717143813], [104.03525338073042, 10.120708892989812], [104.03525260684057, 10.120675980785899], [104.03524534757376, 10.12064776100944], [104.03523334145734, 10.120620890755438], [104.03521798556899, 10.120575661496229], [104.03520936799222, 10.120540206589272], [104.03519991968928, 10.120511350813933], [104.03518272102868, 10.12047850582449], [104.0351607857998, 10.120439867574369], [104.03514084957635, 10.120407109130955], [104.0351082431548, 10.120365110442446], [104.0350724382481, 10.120326452592117], [104.03503326185914, 10.120284535029338], [104.0349993902243, 10.120234035520063], [104.03497680979083, 10.120199917104012], [104.03493234196003, 10.120157359146566], [104.03488858434042, 10.12012854528838], [104.03483514611818, 10.120105504309544], [104.03480094585244, 10.12009315950504], [104.03476794118603, 10.12007430649748], [104.03474087896471, 10.12004759577153], [104.03472968268456, 10.120028683177997], [104.03472096702515, 10.119998020123623], [104.03472227834821, 10.119974514042005], [104.03471960575263, 10.119929483524823], [104.03470234456789, 10.119876747093912], [104.03468579097496, 10.119839563066359], [104.0346660192309, 10.119819372533364], [104.03462700539615, 10.119791379086854], [104.0345887224625, 10.119762753763696], [104.03454124617004, 10.11971838319962], [104.0345062585943, 10.119682529317455], [104.03448049174239, 10.11964343353045], [104.03447323230235, 10.119615394569154], [104.03446791824673, 10.119567105369102], [104.03446824982886, 10.11952696151752], [104.0344683669998, 10.119508969071065], [104.03446630777265, 10.119481570371633], [104.03445506444092, 10.119432006971666], [104.03444242321545, 10.119402694584494], [104.03441536680833, 10.119372005576492], [104.03437781301211, 10.119344014168524], [104.03433632045675, 10.119326505339105], [104.03429471789329, 10.119322016128507], [104.0342341262973, 10.119324100343345], [104.03417946397626, 10.119327458751483], [104.03412016014583, 10.119322401972466], [104.03407273181554, 10.119308139652437], [104.03403517062603, 10.11928530185896], [104.03401732076465, 10.11926122615998], [104.03399154931064, 10.119225385275977], [104.03395856369035, 10.119193422024907], [104.03389450188769, 10.119134199804712], [104.03381469196911, 10.119048825292767], [104.03371429575701, 10.11893873826595], [104.03367662168742, 10.118867709009491], [104.03364406633266, 10.11872733859704], [104.03362076343933, 10.118624955647876], [104.03361133030359, 10.118522501936555], [104.03361123171607, 10.118464364867034], [104.03361306707093, 10.118393934079776], [104.03361426760718, 10.118320789938634], [104.03361289142369, 10.118262741473128], [104.03359948285383, 10.118196176934548], [104.03357901052927, 10.118155732358918], [104.033542021266, 10.118116078110619], [104.033491254709, 10.118075681010176], [104.03342925717337, 10.118040512059721], [104.03336925468967, 10.118013935364061], [104.03332640592593, 10.11798792547061], [104.03328475383034, 10.117954684058224], [104.03324845715952, 10.117877779727221], [104.03323122778518, 10.117803253226311], [104.03320074549865, 10.117743988086588], [104.03316179434154, 10.117672866550729], [104.03305836651649, 10.11738791218027], [104.0329404900345, 10.117061798394465], [104.03284201689085, 10.116884444999133], [104.03279181038044, 10.116835549572505], [104.03274232810949, 10.116790633432515], [104.03268556688273, 10.116731330946457], [104.0326275356723, 10.116666872985766], [104.03258463368795, 10.116614732955966], [104.03254821966172, 10.116556092244851], [104.03252502532936, 10.116505155589541], [104.0325057639041, 10.116447805043867], [104.03248193573518, 10.116330412365272], [104.03247446517467, 10.116259245048125], [104.032469730974, 10.116188804937927], [104.03247279250705, 10.116090889699198], [104.03248262012177, 10.116046509826676], [104.0324964343428, 10.116021665283558], [104.03251738293714, 10.115984986488646], [104.03252520036816, 10.115942502477395], [104.03251730335663, 10.115913829666374], [104.03248095895415, 10.115870197960167], [104.03243475050297, 10.115833062130246], [104.03237538919969, 10.115805129954895], [104.0323074648492, 10.115767420770068], [104.03223627552349, 10.115715963832951], [104.03215057970738, 10.115663310869465], [104.03207991906274, 10.115624874430171], [104.03200606558951, 10.115585890946848], [104.0319407809357, 10.115552706198553], [104.03189601735085, 10.115526060505944], [104.03186630959053, 10.115499345801513], [104.03184509248068, 10.115469388223985], [104.03182927502907, 10.115428317263303], [104.03179213276893, 10.115305661530641], [104.03178086822763, 10.115271106931935], [104.03176166419479, 10.1152372643621], [104.03173461113344, 10.115204676439305], [104.03170419426986, 10.115163584707865], [104.03170093022284, 10.115149204059877], [104.0317021673796, 10.115114034335223], [104.03169611346397, 10.115072886841185], [104.0316809987748, 10.115050623220156], [104.03164858289395, 10.115003742072464], [104.03161291634355, 10.114933257949165], [104.03158646268113, 10.114864866477827], [104.03156184168704, 10.11479114311957], [104.03152953805889, 10.114729795700695], [104.0314951383974, 10.114666636993833], [104.03147387376433, 10.114606571089846], [104.03145198915402, 10.11453357493913], [104.03142622503034, 10.114493122711746], [104.03140116807906, 10.114468403721096], [104.03136676768236, 10.114405787491847], [104.0313415916895, 10.114337307406212], [104.03133035278596, 10.11428512188035], [104.03132095585016, 10.114221185009509], [104.03131825057797, 10.114199029452495], [104.03132091755934, 10.114184657243529], [104.03133527165625, 10.114165057592672], [104.03135637705228, 10.114146100456356], [104.0313839753417, 10.11411720689541], [104.03140894150951, 10.114078635167152], [104.03142861814567, 10.11403815719148], [104.03143773381056, 10.113981389462204], [104.03143492846482, 10.113902362646215], [104.03141954426178, 10.113814276416194], [104.03139374464621, 10.113735397706122], [104.03135014917827, 10.113658482799098], [104.03125001644446, 10.113494236806183], [104.03116053021846, 10.113350258933568], [104.0308536260228, 10.112939970043463], [104.03048145577507, 10.11248474194089], [104.03031105248654, 10.112265965585614], [104.03011197695848, 10.112124634001841], [104.02988442170542, 10.112053785445418], [104.02970658406493, 10.112053531531767], [104.02950728208793, 10.112130823027744], [104.029144213494, 10.112257246939597], [104.02900898746954, 10.112257053567172], [104.02883830813508, 10.11222850948874], [104.02872456709311, 10.112136756235156], [104.02844753135273, 10.111833197822648], [104.02825575780278, 10.111628494627722], [104.02811378389137, 10.111437967442296], [104.0280357924509, 10.111296808126264], [104.02801458640349, 10.111134663456731], [104.0280645812987, 10.111014844670272], [104.02811455544207, 10.110909221015667], [104.02814318859461, 10.110796423984826], [104.02814331194018, 10.11071188603621], [104.02807937102465, 10.110634218265291], [104.02797274660756, 10.110605855963291], [104.02780909399792, 10.110577411875987], [104.02768812354257, 10.110563133672672], [104.02758148875488, 10.110541914024576], [104.0274747628697, 10.110520603796733], [104.02736111419195, 10.110428759823565], [104.02732565229302, 10.110344080402529], [104.02721903989725, 10.110245194103523], [104.02711957405359, 10.110188632298142], [104.0269772421368, 10.110181375550258], [104.02680659480778, 10.110131854215364], [104.02662879092382, 10.110046970208236], [104.02645822646464, 10.109940939385233], [104.02620251489597, 10.109658657421038], [104.02594688659372, 10.109319865963087], [104.02569846884174, 10.108917703729334], [104.02559217608294, 10.108663755524164], [104.02547853046369, 10.108508439557118], [104.02528662633542, 10.10839532505518], [104.02506624553138, 10.108225840798298], [104.02493138166845, 10.108042374976817], [104.0247540020994, 10.107731905003247], [104.02451297354334, 10.10714639082926], [104.02430760549005, 10.106448180373151], [104.02408089548479, 10.105806357988623], [104.02400302334212, 10.105524150448256], [104.02393258756834, 10.105086982176749], [104.02385504749685, 10.104579279854365], [104.02370635648293, 10.104120841329216], [104.02364996034586, 10.103754126635708], [104.02358669637837, 10.103218235366688], [104.0235656464478, 10.103013776416029], [104.02353753150169, 10.102774045363574], [104.02348846835707, 10.10232280311686], [104.02340443540244, 10.101392039032312], [104.02339039353626, 10.101261640157187], [104.0234120504329, 10.10105371673447], [104.023505151401, 10.100659008554937], [104.02349129116982, 10.100405193321008], [104.02349164396512, 10.10016550338268], [104.02357026386079, 10.09987655989813], [104.0235351960915, 10.099587452114772], [104.0234642681288, 10.099361763908465], [104.0234364439595, 10.098924657040696], [104.02350093146313, 10.098628640735685], [104.02352291263696, 10.098262129613799], [104.02360859705952, 10.098008367754733], [104.02363725103031, 10.097881556733077], [104.02365878827482, 10.097754645012095], [104.02363764512471, 10.097613657294572], [104.02357387364839, 10.097423241336543], [104.02356017939009, 10.097056588223756], [104.02356788731772, 10.09665479453721], [104.02363949095741, 10.096358788418804], [104.02371848089211, 10.0958794310501], [104.02379701628618, 10.095646996719836], [104.02384000717952, 10.09544968254137], [104.02383330303238, 10.09523104905968], [104.02377675437828, 10.094906648319485], [104.02377702382101, 10.094723377219493], [104.02379146458054, 10.094582440862032], [104.02384182085864, 10.09421588014814], [104.02389211481501, 10.093891633612118], [104.02390646489476, 10.093750245032094], [104.02390092280027, 10.093299607933094], [104.02384856627083, 10.093040764213354], [104.02375620938436, 10.092745154196296], [104.02361496850129, 10.09243554964408], [104.02358739431595, 10.092386866478428], [104.02331019466462, 10.091898947619711], [104.02311631423736, 10.091647855839291], [104.02282249547969, 10.091355842215261], [104.02263437449845, 10.091221394041323], [104.02256395259575, 10.091087206496702], [104.02253477968027, 10.09094720164122], [104.02244087831055, 10.090772112453285], [104.02233501289243, 10.090666896830678], [104.02216445524033, 10.090625872675014], [104.02199382028198, 10.090637289102684], [104.02179368055198, 10.090671989792014], [104.02161127920392, 10.090619194222338], [104.02146434757286, 10.090519886197443], [104.0212940176966, 10.090263041006772], [104.02115909746522, 10.09000046054804], [104.0210876617088, 10.089873775702598]], [[104.00391971445721, 10.156055871641895], [104.00336632685972, 10.155109207484616], [104.00538991207083, 10.154074215510356], [104.00592074442285, 10.155033319740323], [104.00391971445721, 10.156055871641895]]]], "type": "MultiPolygon"}, "properties": {"id": 36, "area": 12853267.12, "perimeter": 26094.95}}, {"type": "Feature", "geometry": {"coordinates": [[[[104.02903063300428, 10.066408694465064], [104.02903223403395, 10.066374158077629], [104.02923161416446, 10.066286196524207], [104.02943199382177, 10.06620094872832], [104.02963364670826, 10.066118415077618], [104.02987592117617, 10.066019935516891], [104.03011737715687, 10.065919555886058], [104.03035792367552, 10.065817095226805], [104.03107401401302, 10.06549804070377], [104.03146968412952, 10.065312436080601], [104.0316855209405, 10.065199451228073], [104.03199179996828, 10.065001694133516], [104.03223220082869, 10.064809449345036], [104.03245347320673, 10.064595929711345], [104.03265388121032, 10.064362850710376], [104.03283159708214, 10.064112379768629], [104.0329850667788, 10.063846684699353], [104.03311291860763, 10.063568023987113], [104.03321405445674, 10.063278746914985], [104.03322193884303, 10.063251995072157], [104.03361359477046, 10.063254355707123], [104.03365486245468, 10.063169332955022], [104.03370278498183, 10.063087845777389], [104.03375717910669, 10.063010436405618], [104.03345763069838, 10.063161007923613], [104.03287836738978, 10.06229401081669], [104.0335436486129, 10.061963034278687], [104.03302002609794, 10.06116799613719], [104.03332296553397, 10.06094193281511], [104.0323747417254, 10.060726942600944], [104.03242189363313, 10.060546901685518], [104.03226280708766, 10.06046901002239], [104.0321608229533, 10.060460366817043], [104.03206974659803, 10.060479496540015], [104.03176752036849, 10.06059018963027], [104.03135744868477, 10.060707691717747], [104.0312728217325, 10.060746179248314], [104.03120862415393, 10.0607891260521], [104.03109221707295, 10.060912739834023], [104.0312260248111, 10.061122421922096], [104.02996199411898, 10.062207964472078], [104.02971009417045, 10.06208816781212], [104.02913902804447, 10.062561313107544], [104.02864363472982, 10.062941798972851], [104.02870712192762, 10.06294885139579], [104.02875495950906, 10.062863838666193], [104.02911425268066, 10.0631635346904], [104.02970132185595, 10.063547821346061], [104.02912480497588, 10.06475856731053], [104.02843540960266, 10.064348184539549], [104.02805298230514, 10.064209755768841], [104.02801174594427, 10.064523347814614], [104.02819593462982, 10.064655526562076], [104.0279917861968, 10.064949085244537], [104.02794760303016, 10.065030215185514], [104.02802142411132, 10.06508339433339], [104.02793599205833, 10.065423776643343], [104.02757690044645, 10.065298309980308], [104.0273994688603, 10.06578919267747], [104.02850414389015, 10.066020514576604], [104.02848287698143, 10.066341458765658], [104.0273932218344, 10.066069742556401], [104.02738258084399, 10.066548566988883], [104.0273761522052, 10.066703077614532], [104.02742363292445, 10.066738588271694], [104.02750303908648, 10.066778303637902], [104.0276507367107, 10.066846959016674], [104.027672435531, 10.066857026107938], [104.02768575289512, 10.066858853432853], [104.02769469200365, 10.066860041597648], [104.027712570221, 10.066862417926508], [104.02775863412667, 10.06686845111362], [104.02781838020012, 10.066876402550196], [104.02789554846461, 10.066886639228885], [104.0279866727327, 10.066898704114172], [104.02807834427445, 10.066910860170877], [104.02831495713247, 10.066942300581388], [104.02900088710847, 10.067040655452615], [104.02903063300428, 10.066408694465064]]], [[[104.02980126316233, 10.062131515933723], [104.02913325888835, 10.06263915254049], [104.02978406726466, 10.062981848231919], [104.03037348701618, 10.063002576765268], [104.02995597689014, 10.062205153047147], [104.02980126316233, 10.062131515933723]]]], "type": "MultiPolygon"}, "properties": {"id": 38, "area": 268706.5, "perimeter": 2752.52}}, {"type": "Feature", "geometry": {"coordinates": [[[[104.03159281721123, 10.053493776928745], [104.03155146964629, 10.05306469708078], [104.03163303296775, 10.052998266661204], [104.03171241053536, 10.052929211080702], [104.03178932879172, 10.05285743953856], [104.03196499011824, 10.052699189517515], [104.03213227096191, 10.052532066839225], [104.03229062303794, 10.052356703650156], [104.03237533628912, 10.052256552506044], [104.03245139237045, 10.052149698371146], [104.03251806015614, 10.05203704437429], [104.03257506518621, 10.05191913262686], [104.0326219497659, 10.051797047474004], [104.03265825685207, 10.051671421183862], [104.03269003014007, 10.051526529992906], [104.03271441596176, 10.051380181726767], [104.03273168736284, 10.051232828850056], [104.03273781829823, 10.051156345997166], [104.03274185110492, 10.051079769768494], [104.0327440593399, 10.051003190965561], [104.03274584029958, 10.050525347618134], [104.0327227150195, 10.050048102034472], [104.03267495560559, 10.04957262999949], [104.03306878774458, 10.049572733242858], [104.03291403139903, 10.049087435933943], [104.03255991505938, 10.048811711721346], [104.0321856639973, 10.04845440394676], [104.0314359263376, 10.047712570404912], [104.0317804063256, 10.047329153173623], [104.0324029275973, 10.046260597625228], [104.0327377558102, 10.046053204637067], [104.03300247941152, 10.045747702086214], [104.03413552394971, 10.045235555696554], [104.03424347089266, 10.045409124413801], [104.03434942531068, 10.045572654174952], [104.03448000507798, 10.04554905833353], [104.0345552918677, 10.04553198512417], [104.03459006342105, 10.045522178662427], [104.0346231037287, 10.04551092311726], [104.03465468595424, 10.045498580534883], [104.03471457333657, 10.04546891790521], [104.03474324365888, 10.045451417540018], [104.03482662595174, 10.04538706830289], [104.0348813455312, 10.045334884917315], [104.03493616484475, 10.045276734235733], [104.03499162982963, 10.045213611594889], [104.03504755609225, 10.04514687296881], [104.03510275729434, 10.045076787939694], [104.03512944716756, 10.045040659157188], [104.03515504347507, 10.045003715098483], [104.0352231711112, 10.044889163725138], [104.03525959165262, 10.044810553266544], [104.03528843997047, 10.044732203432519], [104.0353095312939, 10.044655741446197], [104.03531706466408, 10.044618772046766], [104.03532249827012, 10.04458288468984], [104.03532852749697, 10.044513182750487], [104.03532749576173, 10.044341210919063], [104.03532651692538, 10.044196092580197], [104.0353341954462, 10.044057405881274], [104.03534267499744, 10.043996658514112], [104.03535524902824, 10.043943421377305], [104.03537200799006, 10.043898237090536], [104.03538197967501, 10.043878630891953], [104.03539413834294, 10.043860745654028], [104.03562693951251, 10.043675358317891], [104.03607532758251, 10.043540814904885], [104.03624413706568, 10.043448465577912], [104.03667980937912, 10.043210106447917], [104.03729599864401, 10.042664495318892], [104.03739138859787, 10.042173852622629], [104.03713060012575, 10.041448626821783], [104.03689026024337, 10.041355886461716], [104.03672933468023, 10.041293817376328], [104.0365866652811, 10.041288193059017], [104.03662531876772, 10.041306691863538], [104.0368455914234, 10.041397596066806], [104.03692671387338, 10.04144590089124], [104.03692187389082, 10.041449420339111], [104.03672170032458, 10.041594348122109], [104.03662709268897, 10.04166284133715], [104.03619615261964, 10.041974805409625], [104.03589771590521, 10.041744008877485], [104.03541336104806, 10.04183293232227], [104.03502823145888, 10.042005719039338], [104.03485853976412, 10.042268951945335], [104.03473145384274, 10.042465969943871], [104.03437427947046, 10.042610042934397], [104.0335913721477, 10.04286707873157], [104.03298109198214, 10.043231859940585], [104.03294287419408, 10.043291209099321], [104.03270250230312, 10.043665733110457], [104.03243900118281, 10.043819791245854], [104.03187789814734, 10.043987985890556], [104.03125000890823, 10.044288272585316], [104.03113352245653, 10.044344617516694], [104.03107601365156, 10.044369581254955], [104.03103950270832, 10.044383634417038], [104.03100746720412, 10.044393986872008], [104.03097808143673, 10.04440144977729], [104.03093984825325, 10.04440781517332], [104.02761318710513, 10.046347655856632], [104.02587517746987, 10.046186675553233], [104.02547520794421, 10.045455908088584], [104.02501661084477, 10.045455251147208], [104.02488779861564, 10.045455066509247], [104.02455783132332, 10.045454593309552], [104.02189291499145, 10.045450759564048], [104.02172168238548, 10.045450512496359], [104.02109002842073, 10.045449600331912], [104.0211230745313, 10.043511956077381], [104.02112506832978, 10.043396860172102], [104.02382144221933, 10.042962953064874], [104.0232653126957, 10.041975631121955], [104.02326503439046, 10.037802687319374], [104.02224486761679, 10.03767807351671], [104.02122260283053, 10.037678136442928], [104.02123667530351, 10.036854833940284], [104.02106891375777, 10.036854591748359], [104.02088682999678, 10.036854328783892], [104.02080983666448, 10.036854217560432], [104.02036092176745, 10.036853568708555], [104.0202229905961, 10.036853369223802], [104.01982972256981, 10.036852800139908], [104.01955887758928, 10.036852407938824], [104.01903908149404, 10.03685165462089], [104.01853315153272, 10.036850920616269], [104.01853439194173, 10.037678313618553], [104.01854292379139, 10.04357042431928], [104.02100525143318, 10.04329777262593], [104.02102207134995, 10.0443287131183], [104.02054096153215, 10.044563368736402], [104.02052110669702, 10.045656190578827], [104.01920798843595, 10.045654288174967], [104.01809044560517, 10.045662791534014], [104.018125451983, 10.052887659126787], [104.01812039940981, 10.053280777481211], [104.01864708256466, 10.053268885290983], [104.01838916351531, 10.052477557259083], [104.0197842465391, 10.05191385433687], [104.01964055153428, 10.051364372880794], [104.02204338614965, 10.049835670175856], [104.02284342865833, 10.049792972030252], [104.02589667616348, 10.049276653341229], [104.02757791906909, 10.051601013630743], [104.02791766549345, 10.0537939815459], [104.0273032609471, 10.054592738929392], [104.02623823243192, 10.05541689015721], [104.02470401570706, 10.056107273027022], [104.02314247664462, 10.056699327640784], [104.02308356529163, 10.058735938563553], [104.02660731162294, 10.059076438019169], [104.02700424571572, 10.058833336062046], [104.02780967879688, 10.05823503204682], [104.02783337919539, 10.057431815523511], [104.02787149495242, 10.057193263661876], [104.02917426247194, 10.05643816123741], [104.02945165174476, 10.056277706577049], [104.0299567960914, 10.05558104995278], [104.03071597148792, 10.054533759811871], [104.03122092761481, 10.053837281512003], [104.03159281721123, 10.053493776928745]]], [[[104.01853240245059, 10.036308336772555], [104.01901844470463, 10.03630904190317], [104.01958412568398, 10.036309861673676], [104.01984703371252, 10.036310242344948], [104.02024166944747, 10.036310813357012], [104.02037941794121, 10.036311012559512], [104.02077542207061, 10.03631158491517], [104.02086947419512, 10.036311720781818], [104.02105319968764, 10.036311986112679], [104.021245865155, 10.036312264245076], [104.02125215054103, 10.035945910008193], [104.0185317626852, 10.03587696400496], [104.01853240245059, 10.036308336772555]]]], "type": "MultiPolygon"}, "properties": {"id": 39, "area": 1987318.79, "perimeter": 11370.32}}, {"type": "Feature", "geometry": {"coordinates": [[[[104.00647074552995, 10.024607058456253], [104.00682745226887, 10.025067983133123], [104.00682745226887, 10.025067983133123], [104.00686478256095, 10.02511451203973], [104.00816431954826, 10.029952573384382], [104.00817309038352, 10.02994363526717], [104.00949622079125, 10.02943176305177], [104.01021636533103, 10.029711667330103], [104.01041623652037, 10.029831220019426], [104.01141718799028, 10.029913616688608], [104.01161787232847, 10.029795196703924], [104.01177904900702, 10.029438564467164], [104.01170100136869, 10.028803553112018], [104.01166632562203, 10.028384698215758], [104.01170436592925, 10.027653113160481], [104.0119051081434, 10.027495000661645], [104.01226609415352, 10.027297702390399], [104.01262753134009, 10.026981327328052], [104.01274850870789, 10.026664327781633], [104.01282983191568, 10.026267885294585], [104.0127507614454, 10.025950140058923], [104.01199144792294, 10.02539260875533], [104.01051173233255, 10.02467416034013], [104.00976044397525, 10.023758500841769], [104.00974959484786, 10.023754416135795], [104.00971185346906, 10.02373844731862], [104.00967411195826, 10.02372256891247], [104.0096392980682, 10.023700998658034], [104.00960137371689, 10.023685391220011], [104.00953008591378, 10.023654273482565], [104.00949051117742, 10.023644269346384], [104.00945167178106, 10.023630559262608], [104.00941365282856, 10.023617212047755], [104.00941942065418, 10.023603296604792], [104.0093746534316, 10.023588583187083], [104.00934512193301, 10.023572626458181], [104.00934503125643, 10.023572264662844], [104.008803802254, 10.023704646405394], [104.00647074552995, 10.024607058456253]]]], "type": "MultiPolygon"}, "properties": {"id": 0, "area": 0.0, "perimeter": 0.0}}, {"type": "Feature", "geometry": {"coordinates": [[[[104.04465483318248, 10.014858279073758], [104.044658666445, 10.014922208313994], [104.04482634932579, 10.0150366331743], [104.04507072455269, 10.015036425244844], [104.04545860848249, 10.014955129583544], [104.0455760663623, 10.01491243308216], [104.04564927468468, 10.014875824331513], [104.04573417908229, 10.014824765014643], [104.04587269936323, 10.014722965229094], [104.0459627370624, 10.014653829694907], [104.04606719088028, 10.014582091762476], [104.04614955170386, 10.014523343512078], [104.04625009033565, 10.014446356053213], [104.04634004934776, 10.014368088300875], [104.04641056235745, 10.01430163846349], [104.04648884521943, 10.014223445149701], [104.04658145295933, 10.01414264929574], [104.0466676591832, 10.014073508328707], [104.04676683643467, 10.01399136513997], [104.04686473683203, 10.01390903934685], [104.04696008821222, 10.013823002998235], [104.04706719415184, 10.013746024221794], [104.04714289553566, 10.013687357047868], [104.04723165212197, 10.013620751040952], [104.04728908625478, 10.01357905713271], [104.04736864040068, 10.013504753205462], [104.04746391472038, 10.013408318769914], [104.04754876845283, 10.013327512066963], [104.04764922419089, 10.013244014094159], [104.04772108518269, 10.01319185149449], [104.04779414650744, 10.013129202269688], [104.0478764279591, 10.013061411862072], [104.04808893497494, 10.012820380827515], [104.04816046729044, 10.012675993481144], [104.04821498074058, 10.01256937682688], [104.04835559440474, 10.012337741555744], [104.04840754463284, 10.01223763132432], [104.04846077562644, 10.012134810345671], [104.04852458796907, 10.012031913309304], [104.0486092086554, 10.011921268742965], [104.0486900642504, 10.011828792635171], [104.0487787002774, 10.011716797231648], [104.04887105836764, 10.011551642305923], [104.0489295760969, 10.011451450471004], [104.0489960243498, 10.011355157264328], [104.0490636620102, 10.011256243594195], [104.04914197394945, 10.01115598814339], [104.04923187607446, 10.01105167966853], [104.04933091061366, 10.010939607776395], [104.04941305165475, 10.010840713681404], [104.0494912793992, 10.01073521390046], [104.04955122933643, 10.010654553713184], [104.04964362795994, 10.010525655367255], [104.04971736795956, 10.010366984891782], [104.04988020847536, 10.010023353639285], [104.04993475676513, 10.009890696907151], [104.04997102384823, 10.00978541144687], [104.05001768965708, 10.009680140051856], [104.0500723845298, 10.00957343285661], [104.05011126819053, 10.009488946577175], [104.05014098359963, 10.00937198857464], [104.05018881197806, 10.009217261211642], [104.05020131221977, 10.00908219673061], [104.05020476044322, 10.008962761959943], [104.05019386608048, 10.008858949745349], [104.05016572254577, 10.00869553010602], [104.05010999922784, 10.008489306425703], [104.05008873467104, 10.008431049805223], [104.05006228334068, 10.008363654158375], [104.05002514177876, 10.00824298906697], [104.05002852210862, 10.00810664642451], [104.05004381794993, 10.007994913032624], [104.05004726433438, 10.007876834494219], [104.05004935503916, 10.007749622112186], [104.05004516259642, 10.007680809919364], [104.05003846971253, 10.007639299954171], [104.05003365289252, 10.007427720163983], [104.05005788431947, 10.00725234603792], [104.05009393812398, 10.00710293727028], [104.05013797611936, 10.006984642375022], [104.05017425173362, 10.006872846922164], [104.05020261464831, 10.00674422340026], [104.05022810328659, 10.00658313666658], [104.05024333798296, 10.006449432094009], [104.05022471903703, 10.006390998224768], [104.05017877793088, 10.006367789626118], [104.0501172244284, 10.006355048156351], [104.04998223863704, 10.006410833039219], [104.0499618669239, 10.006432957383579], [104.04992277409664, 10.006470879186038], [104.04988751794498, 10.00650473745787], [104.04980402053302, 10.00659594455811], [104.0497362284657, 10.006675418822775], [104.04966179900434, 10.006739332546362], [104.04959260298425, 10.00677847937383], [104.04949721328722, 10.006828169376114], [104.0494253718318, 10.006867403000088], [104.04936639485375, 10.006904484053532], [104.04946523687386, 10.007195757220337], [104.04949400257, 10.007635398400417], [104.04945639094413, 10.007657408940922], [104.04938095798481, 10.007655046357046], [104.04930561611917, 10.007652774295462], [104.04919569695339, 10.007654976151017], [104.04902154937083, 10.007665770820132], [104.0488474017809, 10.00767656539757], [104.04871152842051, 10.007713994093848], [104.04873650858569, 10.008119905013682], [104.04826887664603, 10.008159324462357], [104.0481595434527, 10.008199411027299], [104.04805367359181, 10.008241581826915], [104.0479477126132, 10.008283662051833], [104.04784658772023, 10.008324573409576], [104.0477469228962, 10.008365034641274], [104.04764716683184, 10.008405495717874], [104.04751428054034, 10.008459293244199], [104.04736332327127, 10.008520299393588], [104.04721245703988, 10.008581396011659], [104.04711041892605, 10.008622938804924], [104.04705602214439, 10.008645649530884], [104.04700162548083, 10.008668269831869], [104.04691318200352, 10.008707389849638], [104.04676577281856, 10.008775000910395], [104.0465044520631, 10.008894988221988], [104.04639598443651, 10.008639777103536], [104.04628873505415, 10.008689811624352], [104.04612024346171, 10.00869979871896], [104.04607725511002, 10.008717913640588], [104.04603066784651, 10.008765860882876], [104.0462308905488, 10.008961884498389], [104.04535418467347, 10.009827775288814], [104.04514884681106, 10.009636807447272], [104.04512503689907, 10.009638402365763], [104.04509242030139, 10.009675789916098], [104.04503938713063, 10.009767127799053], [104.04505800228023, 10.009827731890937], [104.04519142560025, 10.010044098713296], [104.04487680754396, 10.01024737518706], [104.04478274976829, 10.010321929935316], [104.044813671176, 10.010453798575988], [104.044690423796, 10.010528313335703], [104.04453254822702, 10.010905221624949], [104.04453779988458, 10.010933167314901], [104.04457553464187, 10.01095419547676], [104.0445203719691, 10.011067863051892], [104.04455406229066, 10.011111037558477], [104.04470709338767, 10.011199493001982], [104.04475175428873, 10.011225141837308], [104.04477533413132, 10.011257814241766], [104.04492864851547, 10.011470410935168], [104.04511543120144, 10.012016868664288], [104.04517064490088, 10.01252164545479], [104.0449237822177, 10.01254083746026], [104.04490818007508, 10.012609080063791], [104.04493337162607, 10.012794467020923], [104.04498622650149, 10.012831519444356], [104.04519832278534, 10.012821321427067], [104.04523034518235, 10.013145415614446], [104.04524195675982, 10.013191633993884], [104.04537786759758, 10.013194713191023], [104.04539125141758, 10.013737136131907], [104.04474962589485, 10.013733997653757], [104.04471549110373, 10.013813155174104], [104.04487479733758, 10.014308852087677], [104.04493746207105, 10.014376026429307], [104.04538109725141, 10.014544264436525], [104.04544379271793, 10.01458946768182], [104.0455024529354, 10.014715768404281], [104.04547253212995, 10.014782092714459], [104.04545700500081, 10.01473089611817], [104.04542242391855, 10.014671988117632], [104.04533594812291, 10.014606860857207], [104.04515037660141, 10.014630476752707], [104.04498699330921, 10.01463820973131], [104.04501840849335, 10.014677854868172], [104.04475825688635, 10.01493681126252], [104.0446549242749, 10.014858369614371], [104.04465483318248, 10.014858279073758]]]], "type": "MultiPolygon"}, "properties": {"id": 44, "area": 431392.86, "perimeter": 2813.61}}, {"type": "Feature", "geometry": {"coordinates": [[[[104.01264633076978, 9.994261809747428], [104.01264607759977, 9.994248066214265], [104.01264581702392, 9.994239295525178], [104.01264545863792, 9.994234955054628], [104.0126450090396, 9.994230614450599], [104.01264446742108, 9.994226816205169], [104.01264383472493, 9.994222927410926], [104.01264229556104, 9.994215239837345], [104.01264066505031, 9.994207642545634], [104.0126374020092, 9.9941938041924], [104.01262706749887, 9.994151022516768], [104.01262389338194, 9.994138721357785], [104.01261428103213, 9.994101004009067], [104.01261228688533, 9.994092592445174], [104.01261029273859, 9.994084180881265], [104.01260938694485, 9.99407993002511], [104.01260866344101, 9.994075769851278], [104.01260794034117, 9.994071338431397], [104.01260730831895, 9.994066997560335], [104.01260631818064, 9.994058135387977], [104.01260506086925, 9.99404493287848], [104.01260246190209, 9.994013916543235], [104.01260111997702, 9.993996283548181], [104.01260067711246, 9.993987422176682], [104.01260050128627, 9.993982991557672], [104.01260060542587, 9.993974311817759], [104.01260089185524, 9.993965722760164], [104.01260136084369, 9.993957043554172], [104.01260239003271, 9.993939685275656], [104.01260323019889, 9.993926757082214], [104.01260434413632, 9.993913738873852], [104.01260693685965, 9.993887702990996], [104.01260805079671, 9.993874684782572], [104.01260833089684, 9.993870345246286], [104.0126084285725, 9.993866005443035], [104.01260852638286, 9.993861575224436], [104.01260844163411, 9.993857235154222], [104.01260835702006, 9.993852804668663], [104.01260791402063, 9.99384403371244], [104.01260711263592, 9.993830922285557], [104.01260603774934, 9.993817720042882], [104.01260468855294, 9.993804969476505], [104.01260261598797, 9.99378796832088], [104.01260081073086, 9.99377521708708], [104.01259945507122, 9.993766806457415], [104.01259863995188, 9.993762917396081], [104.01259691863571, 9.99375504872458], [104.01259510597275, 9.993747270334936], [104.0125921138806, 9.993735240688608], [104.01258431474515, 9.993704940067106], [104.01258077672739, 9.993692005466288], [104.01257814423298, 9.993683502552402], [104.01257669103292, 9.993679341310564], [104.01257351113114, 9.993670928011086], [104.01256851291173, 9.993658533766451], [104.01255969590251, 9.993637996533772], [104.01255424148869, 9.993625692036858], [104.01255042242965, 9.993617729879485], [104.01254460249461, 9.993605876925205], [104.01252268474524, 9.993562626215722], [104.01250103848291, 9.993520822551057], [104.01249512653104, 9.993509511954604], [104.01248912323278, 9.993498291639899], [104.01248348343648, 9.993487976012615], [104.01247575088038, 9.993474221531251], [104.01246310526341, 9.993452141627916], [104.01245682792691, 9.993441192158187], [104.0124525513302, 9.993434223901078], [104.01245027628111, 9.99343069436455], [104.01244800096268, 9.993427345658725], [104.01244572564431, 9.993423996952856], [104.01244299453498, 9.993420466748702], [104.0124401719442, 9.993417117241696], [104.01243734935352, 9.993413767734669], [104.01242842525197, 9.993403899376544], [104.0124042013655, 9.993378005068973], [104.0123888103695, 9.993361978985558], [104.01238207091481, 9.993355097537568], [104.01237660600441, 9.993349845435244], [104.01237141378736, 9.993345226640876], [104.01236266834174, 9.993337890177955], [104.01234973185714, 9.993327383034677], [104.01231720809051, 9.99330120532266], [104.01230682190831, 9.993293143131654], [104.01229989747277, 9.99328797930662], [104.01229306357583, 9.993283267691751], [104.01228276725948, 9.99327610978707], [104.01226190045308, 9.993262155237494], [104.01224795889073, 9.993252822020787], [104.01223693288014, 9.993245663046212], [104.0122068614791, 9.993226450912253], [104.01219528860246, 9.993219019888844], [104.01218799905267, 9.993214036357978], [104.01218253226111, 9.993210050067528], [104.01217897890056, 9.99320742281255], [104.01217196393073, 9.993201806774694], [104.01216166977602, 9.993193202220946], [104.01210027105503, 9.993140671273189], [104.01204898353885, 9.993097106266305], [104.01204215140204, 9.993091219247104], [104.01203550182423, 9.99308524207969], [104.0120301275967, 9.993080351767079], [104.01202739514667, 9.993077725713224], [104.01202484498579, 9.993075190341969], [104.01202183970871, 9.993072021395134], [104.01201601184832, 9.993065502937949], [104.01201036668172, 9.993058803917245], [104.01200208149099, 9.993048665237948], [104.01197740861545, 9.993018068635534], [104.01196648353796, 9.9930043998814], [104.01192943119206, 9.992956787015185], [104.01192123694864, 9.99294682929841], [104.01191559151633, 9.992940311106926], [104.01190666690407, 9.99293080439728], [104.01189464553626, 9.992918309436552], [104.011876248234, 9.992899837706064], [104.01186686702496, 9.99289069198848], [104.01186076405172, 9.99288516769658], [104.01185493417506, 9.992880005466976], [104.01184600673427, 9.99287239747804], [104.01181548890669, 9.992846765153285], [104.01180874799122, 9.992840878263348], [104.01180218936494, 9.99283508205599], [104.0117897107313, 9.992823400161413], [104.01177131249624, 9.992805561332956], [104.0117621134469, 9.992796596710715], [104.01175619371024, 9.99279053019237], [104.0117534618043, 9.99278754247508], [104.0117477248964, 9.992781204977975], [104.0117448112412, 9.99277776491651], [104.01173907527784, 9.992770794511864], [104.0117306997001, 9.992760113200626], [104.0117196843737, 9.992745811397974], [104.01171431379849, 9.992738479866402], [104.01170921658934, 9.99273132956657], [104.0116866446054, 9.992698746882278], [104.01168154739747, 9.992691596582068], [104.01167617641927, 9.992684536295965], [104.0116704404589, 9.992677565890244], [104.01166179071056, 9.99266724583765], [104.01164713109802, 9.992650135808278], [104.01163520258112, 9.992636555988556], [104.0116261875828, 9.992626506646218], [104.0116172625827, 9.992617271175469], [104.01160514962079, 9.992605047317426], [104.01156589560487, 9.992565930246688], [104.01153848132374, 9.99253876538509], [104.01152573028976, 9.992526269342058], [104.01151917207963, 9.992520201883535], [104.01151589290717, 9.992517213361902], [104.0115094252345, 9.992511598113667], [104.01149612450281, 9.992500728743162], [104.01147936150186, 9.992487322659343], [104.01146924873194, 9.992479441676021], [104.01146232432706, 9.992474277834775], [104.01145886192226, 9.992471831537115], [104.0114517544193, 9.992467119504806], [104.01144100141363, 9.99246041298366], [104.01141758117063, 9.992446183392808], [104.01139826154616, 9.992434581865915], [104.011386505348, 9.992427783456044], [104.01137866734292, 9.99242361284394], [104.0113748392823, 9.992421708502306], [104.01137091987495, 9.99241989444216], [104.011363263349, 9.992416357004684], [104.01133591695641, 9.992404834115057], [104.01132434075443, 9.992399663446825], [104.01131613763377, 9.992395673128742], [104.01130811707188, 9.992391592662763], [104.01127995463757, 9.99237681361218], [104.01126792426875, 9.992370376458204], [104.0112599953249, 9.992366024878931], [104.01125607659395, 9.992363758740801], [104.011248330344, 9.992359226598243], [104.01123675698038, 9.99235215720498], [104.01122536617586, 9.992344997663682], [104.01121388456515, 9.992337566742163], [104.01120641249177, 9.992332673338849], [104.0111990320355, 9.992327508823214], [104.01119547869257, 9.992324881558435], [104.01119201669654, 9.992322164012132], [104.01118554889838, 9.992316639173332], [104.01117598462685, 9.992307945246669], [104.01114756585567, 9.992281592620714], [104.01113472241977, 9.992269910167893], [104.0111185083368, 9.992255419886124], [104.01108580640503, 9.992226529334092], [104.01106868088446, 9.992211585634637], [104.01105510789542, 9.992199811692585], [104.01104126100205, 9.99218821817904], [104.0110165726124, 9.992168109690246], [104.01100955782019, 9.992162403214229], [104.01100245168145, 9.992156787019525], [104.01099160964512, 9.992148633705396], [104.01096281835602, 9.992127434203327], [104.01094559812228, 9.992114841162792], [104.01093530187293, 9.9921076832191], [104.0109286499038, 9.992103333507178], [104.01092518683157, 9.992101339280968], [104.0109213591828, 9.992099163688373], [104.01091361213335, 9.99209517403049], [104.01090559117881, 9.99209136480134], [104.01089346813036, 9.992085922069345], [104.01088143615894, 9.992080569886177], [104.01086922149429, 9.992075398265417], [104.01086101744187, 9.992072040844043], [104.01085281284915, 9.99206904508381], [104.01084451677468, 9.992066230020113], [104.01082792449105, 9.992060690307452], [104.01077805602667, 9.992044342276714], [104.01075717841846, 9.992037711280634], [104.01074441459555, 9.992033804666335], [104.0107315594261, 9.992029988332929], [104.01069299351425, 9.992018810575791], [104.01067576194329, 9.992013812409919], [104.0106671915611, 9.992011449016637], [104.01065862090869, 9.992009266453813], [104.01064603829496, 9.992006173841817], [104.010633273123, 9.992003171376696], [104.01060792493283, 9.991997347543679], [104.01059087403034, 9.991993525040828], [104.01057810845393, 9.991990793819628], [104.0105692634918, 9.99198906292918], [104.01055157302716, 9.99198596280892], [104.01050725524988, 9.991978483616169], [104.0104894737101, 9.991975292943287], [104.0104724219991, 9.991972012926478], [104.01042546179288, 9.991962721529278], [104.01041260460195, 9.99196026141379], [104.010404032871, 9.991958802167183], [104.0103996557939, 9.991958072409751], [104.01038679765672, 9.99195624520058], [104.01036527576596, 9.991953501101243], [104.0103393762578, 9.991950388903623], [104.01032496711765, 9.991948830658798], [104.01031174332324, 9.991947545402425], [104.01028958159971, 9.99194570451295], [104.01027635712924, 9.991944871331814], [104.01026276727121, 9.991944399275074], [104.0102364992659, 9.991943727746975], [104.01022810820089, 9.99194344416336], [104.01021935269527, 9.99194288879712], [104.01021059746023, 9.99194215259999], [104.01019737366676, 9.991940867339109], [104.01010900312181, 9.991931695838097], [104.01010015708178, 9.991930688257982], [104.01009140238881, 9.991929590396452], [104.01008255689025, 9.991928221154572], [104.01007817994982, 9.99192740097763], [104.01006960889825, 9.991925489645913], [104.01006094690587, 9.991923397349176], [104.01005246747216, 9.991921214905187], [104.01004389709765, 9.9919188514962], [104.01003550928185, 9.991916397939974], [104.0100312243654, 9.991915035404649], [104.01002712214293, 9.991913492306935], [104.01002311126746, 9.99191185892801], [104.01001910052734, 9.991910135133715], [104.01001107945336, 9.991906416299019], [104.00999941316293, 9.991900522129656], [104.0099916662657, 9.99189644203572], [104.009987838626, 9.991894266432794], [104.00998401098636, 9.991892090829818], [104.00998027455836, 9.991889915360975], [104.00997662961277, 9.99188755919562], [104.0099730760142, 9.99188511274907], [104.00996633406974, 9.991879949146616], [104.00995631270355, 9.991871977838557], [104.00993645320803, 9.99185549299803], [104.00992989409409, 9.991850058417283], [104.0099196903065, 9.991842086839823], [104.00991285715223, 9.991836923102168], [104.00990593238042, 9.991832030476147], [104.0099024699946, 9.991829584163085], [104.0098988249149, 9.991827318412254], [104.00989517956447, 9.991825233492028], [104.00989135152014, 9.991823329134013], [104.00988752306968, 9.991821696021928], [104.00988360300155, 9.991820334021572], [104.00987950037488, 9.991819062168087], [104.00987539774822, 9.991817790314554], [104.00986710047113, 9.991815788965082], [104.00985442612055, 9.991813057850944], [104.00984603722597, 9.991811327612712], [104.00983764792531, 9.99180986862025], [104.009833361928, 9.991809229405048], [104.00982907565994, 9.991808771020432], [104.00982488033267, 9.991808493600622], [104.00982077594627, 9.991808397145618], [104.00981667142443, 9.991808391105895], [104.0098124752848, 9.991808656177858], [104.00980837035678, 9.991808921383994], [104.00979596368403, 9.991810168944475], [104.00976166216567, 9.991814096749184], [104.00975281342203, 9.991814897466455], [104.0097483436475, 9.99181516213491], [104.0097440564316, 9.991815336656446], [104.00973967841037, 9.991815239797733], [104.00973539200699, 9.991814871827234], [104.00973119735691, 9.991814142329646], [104.00972709432472, 9.991813141720282], [104.00972299142798, 9.991812050695545], [104.00971898001373, 9.991810778974365], [104.00971487765877, 9.991809326288251], [104.00970685550756, 9.991806330769053], [104.0096989249744, 9.991803064137954], [104.00969108592383, 9.991799616810276], [104.00968725788113, 9.991797712449987], [104.00968342997385, 9.991795717674341], [104.00967969341366, 9.991793632617577], [104.00967623089461, 9.991791276717581], [104.00967276837561, 9.991788920817553], [104.00966939747452, 9.991786293805784], [104.00966620899672, 9.991783667062505], [104.00965964988895, 9.991778232476692], [104.00965008513336, 9.9917699001699], [104.00964070320771, 9.991761296885413], [104.0096376063483, 9.991758399030184], [104.00963123074827, 9.99175224138983], [104.0096095553083, 9.991730238510995], [104.00960327105636, 9.991723990589094], [104.00959680397514, 9.99171801364449], [104.00959343348183, 9.991715115386056], [104.00959006285312, 9.991712307542905], [104.00958660074195, 9.991709680396069], [104.00958286486072, 9.991707143261701], [104.00957912897952, 9.991704606127277], [104.00957147425231, 9.991699893251042], [104.00956372817829, 9.99169527065567], [104.00955197191172, 9.991688562599155], [104.00954413422033, 9.991684211115015], [104.00954012402765, 9.991682125653902], [104.00953611369957, 9.991680130608072], [104.00953201188905, 9.991678316258543], [104.00952800115462, 9.991676592458571], [104.00951997914405, 9.991673506519765], [104.00951168295701, 9.991670781839145], [104.00949928414704, 9.99166678530032], [104.00949089634237, 9.991664331730853], [104.00948259934292, 9.991662149541453], [104.00947375480331, 9.991660147376617], [104.00946472756972, 9.991658325773574], [104.00945132299488, 9.991655955231312], [104.00944238629562, 9.99165458583857], [104.00943782653121, 9.991654036630779], [104.00943335784288, 9.991653577972556], [104.00942888888355, 9.99165330014491], [104.00942432844167, 9.991653203013517], [104.00941994988088, 9.991653467811979], [104.00941538862597, 9.991653913172359], [104.00941100952309, 9.99165453963197], [104.00940653907318, 9.99165525637251], [104.00940197727618, 9.99165606339398], [104.00939312691025, 9.991657949085678], [104.00938874726528, 9.991658937206257], [104.00938436734921, 9.991660106157406], [104.00937998743315, 9.991661275108504], [104.00937569845756, 9.991662625024519], [104.00937140934641, 9.991664065355781], [104.00936721104024, 9.991665777067277], [104.00936310381003, 9.991667579328373], [104.00935899644426, 9.99166947200474], [104.0093509637291, 9.99167352887193], [104.00933097267762, 9.991683987626978], [104.00932275767418, 9.99168795380944], [104.00931490833004, 9.991691378037208], [104.0093108925819, 9.99169299960135], [104.00930295256809, 9.991696062033208], [104.0092948302666, 9.991699033780842], [104.00929081492487, 9.991700384098785], [104.00928260195379, 9.99170299405049], [104.00927858688306, 9.991704163537646], [104.0092743896603, 9.991705151925407], [104.00927019270863, 9.991705959482475], [104.00926599602799, 9.991706586208862], [104.00926170827135, 9.9917071223855], [104.00925313302918, 9.991708013908008], [104.00924455805803, 9.991708724599663], [104.00923589201089, 9.991709344741393], [104.00919684993826, 9.991711638024992], [104.00918380532937, 9.991712522960793], [104.00917085152527, 9.991713679276408], [104.00916227614718, 9.99171466121186], [104.00915388251428, 9.991716095492466], [104.00914548861016, 9.991717710603469], [104.00913709429919, 9.991719596960193], [104.00911200257735, 9.991725256163502], [104.0090995025253, 9.991727950208656], [104.00908663816924, 9.991730282054423], [104.00907377408417, 9.991732433069064], [104.0090609101346, 9.991734493667895], [104.00905233434897, 9.991735746846407], [104.00904366748732, 9.991736909474968], [104.00903937973004, 9.991737445648715], [104.00903062219919, 9.991738246481255], [104.00900863763508, 9.991739931973559], [104.00900425880178, 9.991740377597104], [104.00899997104446, 9.991740913770336], [104.00899568315147, 9.991741540358827], [104.00899148606314, 9.991742438327648], [104.00898737991514, 9.991743517261463], [104.00898363820649, 9.99174486797895], [104.00898007864967, 9.991746399795893], [104.00897660989752, 9.99174820299318], [104.00897323208562, 9.991750187155503], [104.00896985413806, 9.991752261733096], [104.00896674941828, 9.991754607959926], [104.00896373563876, 9.991757135151795], [104.00896108643416, 9.991759843712062], [104.0089584365514, 9.99176300434886], [104.00895596882043, 9.991766346085155], [104.00894911208285, 9.9917769145925], [104.00894664435167, 9.991780256328708], [104.00894408581581, 9.99178332668451], [104.00894134499237, 9.991786306356078], [104.00893860444015, 9.99178910519699], [104.00893559052443, 9.991791722803885], [104.0089324853971, 9.991794340276297], [104.00892928946503, 9.991796686368286], [104.00892609366859, 9.991798942044932], [104.00892271585589, 9.99180092620669], [104.00891915602695, 9.991802638853557], [104.0089151404113, 9.991804169997453], [104.00891094305074, 9.991805248795812], [104.00890665461417, 9.991806237044349], [104.00890227537295, 9.991806953912427], [104.00889789640304, 9.991807489949835], [104.00889351770446, 9.991807845156563], [104.00888895671831, 9.991808109678985], [104.00888457869797, 9.991808012809049], [104.00888020081331, 9.991807825523747], [104.008876097106, 9.991807276980568], [104.00887208488163, 9.991806547741202], [104.00886798171702, 9.991805637536695], [104.00885995821801, 9.991803546150564], [104.00883142120335, 9.991795366679742], [104.00881829216294, 9.991791730701111], [104.00880516285153, 9.991788275552596], [104.0087963187206, 9.991786002123904], [104.00878747445412, 9.991783819110294], [104.0087786297807, 9.991781907342382], [104.00877416163473, 9.991781087014054], [104.00876969321742, 9.991780447516275], [104.0087653157403, 9.99177998898356], [104.0087610292034, 9.991779711415907], [104.00875674253082, 9.99177952426351], [104.00875236451098, 9.991779427391853], [104.0087437903517, 9.991779595578627], [104.00873950313634, 9.991779770087229], [104.00873521578531, 9.991780035011097], [104.00873101937442, 9.991780480900033], [104.00872691390374, 9.991781107754038], [104.00872280802591, 9.99178200585392], [104.00871888416411, 9.991783175468703], [104.00871505056398, 9.991784978125107], [104.00871121655662, 9.99178705202739], [104.00870756442961, 9.991789487859887], [104.00870400337843, 9.991792014242176], [104.00870044192003, 9.991794811870331], [104.0086935012905, 9.991800497810896], [104.00868665146521, 9.99180645513174], [104.00868336323413, 9.9918095244092], [104.00868016621456, 9.991812593821159], [104.00867696905921, 9.991815753648385], [104.00867395405554, 9.991819094575243], [104.00867112147499, 9.991822435771143], [104.00866856198627, 9.991826139031826], [104.00866627613227, 9.991829842696086], [104.00866399014247, 9.991833636775636], [104.00866188644008, 9.991837521539535], [104.00865786118689, 9.991845472166961], [104.00865392700938, 9.991853513344175], [104.00864624107695, 9.991869595967499], [104.00864056763511, 9.991881793692333], [104.00863699816739, 9.991889925822749], [104.00863361098695, 9.991898148637505], [104.00863031501795, 9.991906371586763], [104.00862546207216, 9.991918841768058], [104.00861923457236, 9.991935559450399], [104.00861621210171, 9.9919438732184], [104.00861337191841, 9.991952277670757], [104.00861208857627, 9.991956525306408], [104.00861089658143, 9.991960682661288], [104.00860878595508, 9.99196917860529], [104.00860694909922, 9.991977584537612], [104.00860437589915, 9.991990419743425], [104.00860263011896, 9.991998916225565], [104.00860115783779, 9.992007503526638], [104.00859995919144, 9.992016091231362], [104.0085994054062, 9.992020430358648], [104.00859866268226, 9.992029109151423], [104.00859800451866, 9.992042218428635], [104.00859743756669, 9.992055327840397], [104.00859733318835, 9.992064097990324], [104.00859732667287, 9.992068437924912], [104.0085975025807, 9.992072778128609], [104.00859776970019, 9.992077118466854], [104.00859821937873, 9.992081368658905], [104.00859894282797, 9.99208552883931], [104.00859975748891, 9.992089689154268], [104.00860075457317, 9.992093849738335], [104.00860193421651, 9.992097920176201], [104.00860429336757, 9.992106151467222], [104.00860692628945, 9.992114292746589], [104.00860974177051, 9.992122343879725], [104.00861119504906, 9.99212641472122], [104.00861273967506, 9.992130395281954], [104.00861446686015, 9.992134285696464], [104.00861619418104, 9.992138085695675], [104.00861819540843, 9.992141705267917], [104.00862010569566, 9.992145143874996], [104.00862228961797, 9.992148582885706], [104.00862447354032, 9.992152021896404], [104.00862902407998, 9.992158719356249], [104.00863393933079, 9.99216550776952], [104.00863639702413, 9.992168856768481], [104.00864158631748, 9.992175374339382], [104.00864431778174, 9.992178633326615], [104.00864677628967, 9.992181439833672], [104.00865205842379, 9.992186872555314], [104.00865834266517, 9.992193120494536], [104.00866480933016, 9.992199368702744], [104.00867464662063, 9.992208424763055], [104.00868074966091, 9.992213858695088], [104.00868694404882, 9.992219202346233], [104.00869022386983, 9.992221738817879], [104.00869368611424, 9.992224275558554], [104.00869714835873, 9.992226812299188], [104.00870443796612, 9.992231705487857], [104.00873022604296, 9.992248289558768], [104.00874006713644, 9.992254813988735], [104.00874671894164, 9.992259254158391], [104.0087531881879, 9.99226378447419], [104.00875947501095, 9.992268314520855], [104.00876257268096, 9.992270669892195], [104.00876639882351, 9.992273840077337], [104.00876958716256, 9.992276557244338], [104.00877268401858, 9.992279455107425], [104.00877568966295, 9.992282352835966], [104.00877851274825, 9.992285340710783], [104.0087813356979, 9.992288419000879], [104.0087839760885, 9.992291587437244], [104.00878652499604, 9.992294936569685], [104.0087888914802, 9.992298285433112], [104.00879116661696, 9.99230172457733], [104.00879316798296, 9.99230525373332], [104.00879498678985, 9.992308873035597], [104.00879680546109, 9.992312582753176], [104.00879844170895, 9.992316292201735], [104.00879971283858, 9.9923201819429], [104.00880089275645, 9.992324071549547], [104.00880179890355, 9.992328051167997], [104.0088026138389, 9.99233203065195], [104.00880315500338, 9.992336100147686], [104.00880369603222, 9.992340260058734], [104.00880414598501, 9.99234432941998], [104.00880441337864, 9.992348488927519], [104.00880458969624, 9.992352557885251], [104.00880467561623, 9.992356084216654], [104.00880448681554, 9.99236033346699], [104.00880420693876, 9.992364492167528], [104.00880374477421, 9.99236856018375], [104.00880310018613, 9.992372627930964], [104.00880218209853, 9.992376604859368], [104.00880117307052, 9.992380400822654], [104.00879970811947, 9.992384105698113], [104.00879787886416, 9.992387448374327], [104.00879559382147, 9.992390609547403], [104.00879276205102, 9.99239340825222], [104.00878965691662, 9.992396025722876], [104.00878627841838, 9.992398461959368], [104.00878271776794, 9.992400717096201], [104.00877897496537, 9.992402791133358], [104.00877514122237, 9.992404684205365], [104.00877121653902, 9.9924063963122], [104.00876729239836, 9.992407746757772], [104.00876309502955, 9.992408825553834], [104.00875880685602, 9.992409632969428], [104.00875442801359, 9.992410078589227], [104.00874995809507, 9.992410433659154], [104.00874557979539, 9.992410517617612], [104.0087411106911, 9.992410330195584], [104.0087368244174, 9.992409871796633], [104.00873253855086, 9.992409142151722], [104.00872825295578, 9.99240823167613], [104.00872415019127, 9.992407050223626], [104.00871612722166, 9.99240459717224], [104.00870837815884, 9.992401963693625], [104.00869689172175, 9.992397787638918], [104.00868513219261, 9.992393249519017], [104.00867701936913, 9.992389892179137], [104.0086608852059, 9.992382996802737], [104.0086077428323, 9.99236022412025], [104.00859543712141, 9.992354961867546], [104.00858714187643, 9.992351604256445], [104.00858294858027, 9.992349970591194], [104.00857866393666, 9.992348427206625], [104.00857447036907, 9.992346974371864], [104.00857027680155, 9.992345521537057], [104.00856170670015, 9.992342977259362], [104.00854019023548, 9.992336616429618], [104.00852314070248, 9.992331889668295], [104.00851493476989, 9.99232979800426], [104.0085109228117, 9.992328887929688], [104.00850672843012, 9.99232797758591], [104.00850271620045, 9.992327248341848], [104.00849861262331, 9.99232660937846], [104.00849459985062, 9.99232624179551], [104.00849049559466, 9.992326054908531], [104.0084862082364, 9.992326319828823], [104.00848192047081, 9.992326855994964], [104.00847772364538, 9.992327573126245], [104.00847343533667, 9.992328470953485], [104.00846914675637, 9.992329549611265], [104.00846066067162, 9.992331797476552], [104.0084435970185, 9.992336473902462], [104.00843501958595, 9.992338812047777], [104.00840937958564, 9.992345103294578], [104.00840518208084, 9.992346272501418], [104.0084010757878, 9.99234744184283], [104.00839687787557, 9.992348882295458], [104.0083929534627, 9.992350413567186], [104.00838902864241, 9.992352216084752], [104.00838528583812, 9.992354290117412], [104.0083816339739, 9.992356545115234], [104.00837816439729, 9.992358890797552], [104.0083748768367, 9.992361507994977], [104.00837168035194, 9.992364215742269], [104.00836875709496, 9.992367195139293], [104.00836619841321, 9.992370355905368], [104.00836409551846, 9.99237369817513], [104.00836235719899, 9.992377221813976], [104.00836070995543, 9.992380836002727], [104.00835933593959, 9.99238472184123], [104.00835805313547, 9.992388607814357], [104.00835255299731, 9.99240686362723], [104.00835117830219, 9.99241120154218], [104.00834980374286, 9.992415449041822], [104.00834815581987, 9.992419515306981], [104.0083464168209, 9.992423491022198], [104.00834431338232, 9.992427194952995], [104.00834184577582, 9.992430446268767], [104.00833919669643, 9.992433064408178], [104.00833636587258, 9.992435230201803], [104.00833317060918, 9.992437124210992], [104.0083298845414, 9.99243874683961], [104.00832641645755, 9.992440097953036], [104.00832285770525, 9.9924410872706], [104.0083192084202, 9.992441624377], [104.00831501254379, 9.992441708599044], [104.0083108173465, 9.992441340744568], [104.0083066226925, 9.992440611228824], [104.00830242858184, 9.992439520051848], [104.00829832595463, 9.992438248178864], [104.00829413265897, 9.992436614509987], [104.00829021327029, 9.992434800414413], [104.00828629456079, 9.99243253424229], [104.00828264975829, 9.992430087643463], [104.00827900522748, 9.992427460214017], [104.00827180792113, 9.99242184382845], [104.00825896255044, 9.99241151749894], [104.00825577380708, 9.992409071573098], [104.00825249371617, 9.992406715927869], [104.00824893999008, 9.992404359878655], [104.00824529505233, 9.992402003694748], [104.00824164997877, 9.99239973792609], [104.00823408592493, 9.992395386815303], [104.00822278504286, 9.992389131462037], [104.00821503815853, 9.992385051327398], [104.00820729073095, 9.992381332853773], [104.00820346255517, 9.992379518891886], [104.00819945154842, 9.992377975906512], [104.00819544040587, 9.992376523336386], [104.0081914287199, 9.992375432427394], [104.00818723447466, 9.992374431664317], [104.0081831310336, 9.992373702281744], [104.00817893638084, 9.99237297276445], [104.00817474145636, 9.99237242407771], [104.00816626012404, 9.99237150739997], [104.00816197371617, 9.99237113940897], [104.00815777838416, 9.99237086196789], [104.00815349170459, 9.992370674807384], [104.008149295965, 9.992370668612098], [104.00814500887782, 9.99237075269736], [104.00814081273066, 9.992371017747862], [104.00813643402412, 9.992371372944222], [104.00812795011039, 9.992372174156133], [104.0080982096512, 9.992375746858766], [104.00808507312372, 9.99237708369187], [104.00807175430857, 9.992378329839765], [104.00805852670509, 9.99237957612181], [104.00804082959081, 9.99238090621784], [104.00803207258511, 9.992381345361974], [104.00802295100426, 9.992381603136433], [104.00801382969522, 9.992381680080038], [104.0079911178383, 9.992381736949762], [104.00798208774106, 9.992381814027233], [104.0079729660243, 9.9923821622156], [104.00796849624174, 9.99238242685972], [104.00796402618735, 9.992382872334371], [104.00795964707282, 9.992383498774274], [104.00795517647472, 9.992384305909964], [104.00795088830006, 9.99238511331508], [104.00794222019526, 9.992387089651555], [104.00789887871827, 9.992397604237551], [104.00788190735433, 9.992401557446536], [104.00784349416267, 9.992410180580713], [104.00781730701308, 9.992416380557211], [104.00779978783305, 9.992420694614431], [104.00779111918273, 9.992423032608057], [104.00778673911566, 9.992424291952682], [104.00778245012435, 9.992425641847316], [104.00777825220878, 9.992427082291973], [104.00777414523296, 9.992428703701936], [104.0077701293329, 9.992430415661921], [104.00776611316081, 9.992432308452438], [104.00775817202832, 9.99243609416812], [104.00774639673885, 9.992442044189312], [104.00773480332853, 9.992448356140828], [104.00772704380284, 9.992452684617048], [104.00772320937386, 9.992455029753073], [104.00770823623232, 9.992464591666463], [104.00770065872145, 9.992469191657506], [104.00769682442805, 9.992471446377907], [104.00769299040661, 9.992473520267692], [104.00768906530936, 9.992475503607329], [104.00768121525071, 9.992479379871156], [104.00765739225446, 9.992490465765313], [104.00764945111933, 9.992494251478245], [104.00764552602159, 9.992496234817356], [104.00763794946121, 9.992500201899857], [104.00763037262867, 9.99250434981276], [104.00762662968218, 9.992506514251845], [104.0076193262126, 9.992510843399543], [104.00761576541746, 9.992513188938737], [104.00761229569802, 9.992515625027995], [104.00760891691827, 9.992518242082626], [104.00760581150169, 9.992521040372289], [104.00760279716084, 9.992523929212048], [104.00759996510745, 9.992526908736725], [104.0075972239937, 9.992530069226786], [104.00759165055429, 9.992536390072003], [104.00758644155367, 9.99254298270231], [104.00758388259115, 9.992546324292492], [104.00758150605212, 9.992549666152339], [104.007579129377, 9.992553098427438], [104.00757702606512, 9.992556711937624], [104.00757492275321, 9.992560325447787], [104.00757309266845, 9.992564210608325], [104.00757153581091, 9.99256836741923], [104.00757007016512, 9.992572524364968], [104.00756878694281, 9.992576681580395], [104.00756768600803, 9.992580929480765], [104.00756667614894, 9.992585267931279], [104.00756575750164, 9.992589606516614], [104.00756502114183, 9.99259403578693], [104.00756391299723, 9.992603075697495], [104.00756178125395, 9.99262558600249], [104.00756067310914, 9.992634625913018], [104.00756011971687, 9.992638693791852], [104.00755883064467, 9.992646738864513], [104.00755735914885, 9.99265478366748], [104.0075565322571, 9.99265876072646], [104.00755552294173, 9.992662737515754], [104.00755451376237, 9.992666623889743], [104.00755313932765, 9.9926707809702], [104.00755158246929, 9.992674937780956], [104.00754993453512, 9.99267900404156], [104.00754819552512, 9.992682979752022], [104.00754636516723, 9.9926870457429], [104.00754453508137, 9.992690930903201], [104.00754243136002, 9.992694815658924], [104.00754023656289, 9.992698609864506], [104.00753785947809, 9.992702313385076], [104.0075353002417, 9.992705835805342], [104.00753246736978, 9.992709357821026], [104.00752954355808, 9.992712698871252], [104.00752652853451, 9.992716039786599], [104.00752342243509, 9.99271929015177], [104.00751711902426, 9.992725790747151], [104.00750752736191, 9.992735360607119], [104.00749775354745, 9.992744749366462], [104.00748816270031, 9.992753776734094], [104.00747190508942, 9.992768309588225], [104.00746551141724, 9.992774177140662], [104.00745930003241, 9.99278013537799], [104.0074562852796, 9.992783295462047], [104.00745089493705, 9.992789164497799], [104.00744568674584, 9.99279521463378], [104.00743782769612, 9.992805058300052], [104.0074324358561, 9.992811921903584], [104.00742731751528, 9.992818876326954], [104.00742484948861, 9.992822398881136], [104.00742247253764, 9.992826011985471], [104.00742027787427, 9.992829715774825], [104.00741808293867, 9.992833600394741], [104.00741616150249, 9.992837575834582], [104.0074125919934, 9.99284570794946], [104.00740920477178, 9.99285393074935], [104.00740087319447, 9.992874713989416], [104.00739739489643, 9.992882846238972], [104.00739373444664, 9.99289079738811], [104.00738806148392, 9.992902633426661], [104.00738403632228, 9.99291049362079], [104.0073820239455, 9.99291428809492], [104.0073799203568, 9.992918082434127], [104.00737763448042, 9.992921786088239], [104.0073752576643, 9.992925308776867], [104.0073726986965, 9.992928650365107], [104.00737004865289, 9.992931901403137], [104.00736721632155, 9.99293506175606], [104.00736447533814, 9.992938131828573], [104.00735862852365, 9.992944271433904], [104.00734081485146, 9.992962418598639], [104.00733195328033, 9.992971718286261], [104.00732601498052, 9.992978038586605], [104.00732035031615, 9.992984359291574], [104.00731468537938, 9.992990860826998], [104.00731194398669, 9.992994202144862], [104.00730929380582, 9.992997543597633], [104.00730554608778, 9.993002872567514], [104.0073014318887, 9.993009285981028], [104.00729914587464, 9.993013080049796], [104.00729695107242, 9.99301687425346], [104.00729493855783, 9.993020759142228], [104.00729310846701, 9.99302464430084], [104.00729146066382, 9.993028620144564], [104.00729008622407, 9.993032777223602], [104.0072890766319, 9.993036934842346], [104.0072884317512, 9.993041183416073], [104.00728796929431, 9.993045432259638], [104.00728759791319, 9.993049771653414], [104.00728740881978, 9.993054201732315], [104.00728731107435, 9.99305854153086], [104.0072872977351, 9.993067402228366], [104.00728747362541, 9.993071742431683], [104.00728764951573, 9.993076082635005], [104.00728800782987, 9.993080423108177], [104.00728863977977, 9.993084763986129], [104.00728936307773, 9.993089014583726], [104.00729054270751, 9.993093085025375], [104.00729181368538, 9.993097065186676], [104.00729326708712, 9.99310104561782], [104.0072948117008, 9.993105026183883], [104.00729653887447, 9.99310891660451], [104.00730035806966, 9.993116697985428], [104.0073042687492, 9.99312429867068], [104.00730636104298, 9.99312800880038], [104.0073085445488, 9.993131719064998], [104.00731091061463, 9.993135339184166], [104.0073132768166, 9.993138868888032], [104.00732083148253, 9.993149458674147], [104.00732328876056, 9.993153078928149], [104.00732565496278, 9.99315660863194], [104.00732783846902, 9.993160318896441], [104.00732993076332, 9.993164029026024], [104.00733184036157, 9.993167919716317], [104.00733356753598, 9.993171810136772], [104.00733511215049, 9.993175790702674], [104.00733647434112, 9.993179770998738], [104.00733765397176, 9.993183841440258], [104.00733846875468, 9.993187911342101], [104.00733891855369, 9.993192071119585], [104.00733900336884, 9.993196320772691], [104.00733890576007, 9.993200570155963], [104.00733853451544, 9.993204819134492], [104.00733807192277, 9.99320915839339], [104.00733742704224, 9.993213406967175], [104.00733650866195, 9.993217564720936], [104.00733549906971, 9.993221722339769], [104.00733421611372, 9.993225698723295], [104.0073327508699, 9.993229584421703], [104.0073311945502, 9.993233379569899], [104.00732771692677, 9.993241059741885], [104.00731865849586, 9.993259943178467], [104.00731307632712, 9.993272050595799], [104.00730566406561, 9.993288043171558], [104.00730026431984, 9.99330015085846], [104.00729669493845, 9.99330819255621], [104.00729504699758, 9.99331225881509], [104.00729358148064, 9.993316325343825], [104.00729202461555, 9.993320482152896], [104.00729074152254, 9.993324548951474], [104.00728964058118, 9.99332879685045], [104.00728890503221, 9.993332683628022], [104.00728826042301, 9.993336751371078], [104.00728770716186, 9.993340728833791], [104.00728733618855, 9.993344796981626], [104.00728584603378, 9.993365228675811], [104.00728510694553, 9.993371466250611], [104.00728464625747, 9.993374539695441], [104.0072839104361, 9.99337860730354], [104.00728308353882, 9.993382584361425], [104.00728207421751, 9.99338656114945], [104.00727987315081, 9.99339451445561], [104.0072786814054, 9.993398490973744], [104.00727739858408, 9.993402376941665], [104.00727593333873, 9.993406262639711], [104.00727446822943, 9.993410057922471], [104.00727272962021, 9.993413762385133], [104.00727071737495, 9.993417466442983], [104.00726861418984, 9.993420989535316], [104.00726641979269, 9.993424512492702], [104.00726166628633, 9.993431467452401], [104.00725673062797, 9.993438241311576], [104.00725161268153, 9.993444924485498], [104.00724887142029, 9.99344817538727], [104.00724622150717, 9.99345133600868], [104.0072433893061, 9.993454405944902], [104.00724037495318, 9.993457294780647], [104.00723708696417, 9.993460183211534], [104.00723370789919, 9.993462981092152], [104.00723005533426, 9.993465688152616], [104.0072264030415, 9.993468214382483], [104.00722275088485, 9.993470650197027], [104.0072190075161, 9.993473085876584], [104.00721517320756, 9.993475340590585], [104.00721133889897, 9.99347759530454], [104.00720741365059, 9.993479669052943], [104.00720330638653, 9.99348147128555], [104.00719929047065, 9.993483183237789], [104.00719509253906, 9.993484623674227], [104.00719080353157, 9.993485973560377], [104.00718213471292, 9.993488401951723], [104.00717784597764, 9.993489571007139], [104.00716917770342, 9.993491637737026], [104.00716032727735, 9.993493523366194], [104.00715594787451, 9.993494330625255], [104.00715156847167, 9.993495137884254], [104.00714709826528, 9.993495673762407], [104.00714271927087, 9.993496209775456], [104.00713387047854, 9.993497010420596], [104.0071162643781, 9.993498431014585], [104.00710741531333, 9.993499412489566], [104.00710294497063, 9.993500038782381], [104.00709409522491, 9.993501472333383], [104.00708515385855, 9.993503176994981], [104.00707639450764, 9.99350515317214], [104.00707210577183, 9.99350632222617], [104.00706781676362, 9.993507672110695], [104.00706361883121, 9.99350911254543], [104.00705951156608, 9.993510914776211], [104.00705549537678, 9.993512807557204], [104.00705157012708, 9.9935148813037], [104.0070442670359, 9.993518939191258], [104.00703714609622, 9.993523178179187], [104.00702646434596, 9.993529762698977], [104.00701934299725, 9.99353427293233], [104.0070124951483, 9.993538873985814], [104.00699879876878, 9.99354852816871], [104.0069371638934, 9.993592740514018], [104.00685681050066, 9.993650216206877], [104.00684283993085, 9.99366023163877], [104.00683252124942, 9.993667992090627], [104.00682567216887, 9.99367340687742], [104.0068188228156, 9.993679002494595], [104.00679863905765, 9.993696151546555], [104.00679178956717, 9.993701837578394], [104.00678831942024, 9.99370454490382], [104.00678494048529, 9.993707252364269], [104.00677800059987, 9.993712395769103], [104.00677106071419, 9.993717539173783], [104.00676046866558, 9.993725118387449], [104.00675334662773, 9.993730080691025], [104.00674631593806, 9.99373495271426], [104.0067390117482, 9.993739733916803], [104.00673526864551, 9.993741988760025], [104.00672394812501, 9.993748753154314], [104.00669373089075, 9.993765977754641], [104.00668642738093, 9.99377030687962], [104.0066792148104, 9.99377481697005], [104.00667163643719, 9.993779959426794], [104.00666424035168, 9.993785192568824], [104.00665337384436, 9.993793313865106], [104.0066425981397, 9.993801706541934], [104.00663903650572, 9.993804594561096], [104.00663565729596, 9.993807482850439], [104.00663227794979, 9.99381046155502], [104.00662908075518, 9.99381362136033], [104.00662606584844, 9.993816871851106], [104.00662314201742, 9.993820212892237], [104.00662030912586, 9.993823734898996], [104.00661765865844, 9.99382725717596], [104.00660970698324, 9.993838004837258], [104.0065992867187, 9.99385263670643], [104.00657926805013, 9.99388126875296], [104.00657424088612, 9.993888223296244], [104.00656912278245, 9.993894996873761], [104.00656647258653, 9.993898338319722], [104.00656364023897, 9.993901498664854], [104.00656071681553, 9.993904568459552], [104.00655962077029, 9.993905561405832], [104.0065563327709, 9.993908449829428], [104.00655286261983, 9.993911157152155], [104.0065493015292, 9.993913683509179], [104.00654564936274, 9.993916119315763], [104.00654190612042, 9.993918464571887], [104.00653807180223, 9.993920719277556], [104.00653423762033, 9.993922883567919], [104.0065304035747, 9.993924957442967], [104.00652638724111, 9.993926940632408], [104.00652237118011, 9.993928742991272], [104.00651835539175, 9.99393036451955], [104.00651452257304, 9.99393162465702], [104.00651059867846, 9.993932794244023], [104.00650676626873, 9.9939337831356], [104.00650284278314, 9.993934681476718], [104.00649435746324, 9.993936386797452], [104.0064773869596, 9.993939707023003], [104.00646899271527, 9.993941502893513], [104.00646488666887, 9.993942491379114], [104.00646078034973, 9.993943660695177], [104.00645676497001, 9.993945010976898], [104.00645265796904, 9.993946632369198], [104.00644873311958, 9.993948434862297], [104.00644480799738, 9.993950418185895], [104.00644088273874, 9.993952491924695], [104.0064333055851, 9.993956820638191], [104.00642572815853, 9.993961330182048], [104.00642207599066, 9.993963765987186], [104.00641842382275, 9.993966201792281], [104.0064149539427, 9.993968728282963], [104.006411575002, 9.993971435739299], [104.00640837821283, 9.9939743242965], [104.00640545465096, 9.993977484504985], [104.00640271324058, 9.993980825814335], [104.0064001539817, 9.993984348224542], [104.00639759472277, 9.993987870634733], [104.0063928405079, 9.993995277656827], [104.00638342301691, 9.994010272666483], [104.00636970696075, 9.994032946619237], [104.00636312250026, 9.994044329208581], [104.00635681153946, 9.994055802618604], [104.00634684022523, 9.994075136748434], [104.00633119615956, 9.994106126064214], [104.00631591707601, 9.994137025504633], [104.00630457170844, 9.994160245460996], [104.00630091148967, 9.994168015765046], [104.00629551210062, 9.994179852186749], [104.00627775677556, 9.994219699084994], [104.00627052700175, 9.994235601488523], [104.00626311507557, 9.994251322790888], [104.0062535081891, 9.994270928703815], [104.0062437190134, 9.99429044393067], [104.00623969394266, 9.994298213692922], [104.00623759019497, 9.994302098438803], [104.00623210299955, 9.994311674342459], [104.00622332465947, 9.994326218216836], [104.0062164675059, 9.994336967490028], [104.00621180503953, 9.994344012983145], [104.00620933712435, 9.994347445111554], [104.00620686934552, 9.994350786824686], [104.00620421914215, 9.994354128267318], [104.00620266580516, 9.994355934273413], [104.00619955981327, 9.994359094209278], [104.00619645395776, 9.994362163729853], [104.00619307460187, 9.99436514242941], [104.00618969524588, 9.994368121128936], [104.00618266330628, 9.994373806876347], [104.0061757228516, 9.994379311928327], [104.00616503846408, 9.994387614307874], [104.00615426300025, 9.994395826136536], [104.00614421859855, 9.994403134894306], [104.00612732590754, 9.994415315931086], [104.00611801174861, 9.994422264109058], [104.00611216747666, 9.99442668579969], [104.00610906243845, 9.994429212827812], [104.00610604861245, 9.994431739991185], [104.0061031257258, 9.99443444812032], [104.00609983744411, 9.994437517369356], [104.00609664010173, 9.994440767584157], [104.00609362518385, 9.994444018069458], [104.00608777777244, 9.99445051931052], [104.00608229534642, 9.994456930677309], [104.00607407163871, 9.994466592934923], [104.00606603021868, 9.994476345878118], [104.00606091236799, 9.994482938616141], [104.00605835323783, 9.994486370607996], [104.00605606774452, 9.994489803005678], [104.00605387332698, 9.994493325953881], [104.00605176943931, 9.994497301113627], [104.00604984797614, 9.994501276543922], [104.00604801745231, 9.994505432940006], [104.00604472125366, 9.994513746273272], [104.00604160720648, 9.994522240707584], [104.00603858437142, 9.994530735277133], [104.00602814099294, 9.994560647303706], [104.0060239265282, 9.994573027970256], [104.00601604555413, 9.994597338038632], [104.00601183149787, 9.994609447459196], [104.00600899190472, 9.99461739980743], [104.00600743528965, 9.994621375778575], [104.00600578759862, 9.994625261199173], [104.00600395761943, 9.994629055933904], [104.00600020644856, 9.994636645268029], [104.00599398735771, 9.994647666728627], [104.00598758584177, 9.99465868791848], [104.00598081974901, 9.994669527736463], [104.00597368880644, 9.994680367013032], [104.00596619301396, 9.994691205748186], [104.00595869749401, 9.994701863652649], [104.00595111130723, 9.994712159760564], [104.00594617614809, 9.99471857193656], [104.00594114991297, 9.994724893561894], [104.00593603260174, 9.994731124636573], [104.0059308242145, 9.994737265160593], [104.00592780929219, 9.99474051564412], [104.00592187065969, 9.994747016746418], [104.00591574987526, 9.99475333674744], [104.00590944680238, 9.994759566062436], [104.00590378303497, 9.994765253833078], [104.00589784576675, 9.994770850782373], [104.00587172243962, 9.99479504336465], [104.00585537207719, 9.994810480146969], [104.00578065274615, 9.99488161664647], [104.005764393451, 9.994897143974436], [104.00575498437105, 9.994906533217394], [104.00574584906434, 9.99491583245094], [104.00565659563033, 9.995007652486837], [104.0056471864075, 9.995017132141642], [104.00564088318785, 9.995023451866201], [104.00563439795285, 9.995029500074093], [104.00563101858495, 9.995032478767252], [104.00562416904624, 9.995038164772305], [104.00561384947305, 9.995046467673761], [104.00558243496138, 9.995071194868471], [104.00557202403705, 9.995079588048347], [104.00556526557222, 9.995085364602742], [104.00556206849134, 9.995088433981222], [104.00555905397195, 9.995091413215283], [104.0055560393159, 9.995094482864555], [104.0055501922919, 9.995100712849112], [104.00554151235312, 9.995110464829777], [104.00553292362629, 9.995120216945605], [104.00552725847976, 9.99512680886156], [104.00552177575798, 9.995133401048275], [104.0055191254045, 9.995136832899904], [104.00551656640008, 9.9951401744717], [104.00551409819816, 9.995143787424645], [104.00551199484606, 9.995147400919334], [104.00551016499469, 9.995151105235568], [104.00550869999313, 9.995154810093563], [104.00550750849234, 9.99515860577311], [104.0055064992798, 9.995162492138789], [104.00550576356805, 9.99516646932602], [104.00550438308365, 9.995174604666417], [104.00550327623661, 9.995182740413137], [104.00550235154118, 9.995191057261222], [104.00550179265208, 9.995198741744357], [104.0055015131392, 9.995202629193546], [104.0055014160513, 9.995206516913614], [104.0055013191, 9.995210314218445], [104.00550149564954, 9.995214202344851], [104.00550185394086, 9.995218542818359], [104.00550230344469, 9.995222883427328], [104.00550302658594, 9.99522722444261], [104.00550465529358, 9.99523590674406], [104.0055064665629, 9.995244498901142], [104.00550945703621, 9.995257432750714], [104.00551163315573, 9.995266025449544], [104.005512812633, 9.995270186311526], [104.00551408318616, 9.995274437724197], [104.00551553630099, 9.995278598992492], [104.00551717184086, 9.995282760531671], [104.00551889872992, 9.995286831791036], [104.00552071683151, 9.99529090318583], [104.00552462694566, 9.995298865551229], [104.00553081122435, 9.995310899988514], [104.0055369957768, 9.995322753595222], [104.00554127074174, 9.995330716502181], [104.00554554598017, 9.995338498578613], [104.00555009485636, 9.995346281061293], [104.00555455347661, 9.995353430501766], [104.00556174328118, 9.995364019784375], [104.00557621424083, 9.995385108069357], [104.00558340418338, 9.995395606936302], [104.00558804523008, 9.99540275664722], [104.00559022913961, 9.995406195676669], [104.00559659803358, 9.995416783739804], [104.00560696948763, 9.995434520565572], [104.00561106312344, 9.995441759878947], [104.00561506541027, 9.995449089472109], [104.00561706648546, 9.995452799476297], [104.00561879378643, 9.995456599489467], [104.00562052108738, 9.995460399502633], [104.00562188340156, 9.995464289389382], [104.00562324530598, 9.995468450521848], [104.00562433357268, 9.995472611248086], [104.00562523927775, 9.995476862118727], [104.00562605377026, 9.99548111285396], [104.00562759126954, 9.99548979501948], [104.00562894648033, 9.995498386498928], [104.00563147406721, 9.995515840432716], [104.0056331874348, 9.995528862800784], [104.00563417752237, 9.995537634569045], [104.0056345358156, 9.995541975042434], [104.00563498532141, 9.995546315651236], [104.00563506970369, 9.995550836548869], [104.00563523846829, 9.995559878344158], [104.00563503568877, 9.99557334994475], [104.00563426500607, 9.995600473434754], [104.0056339778442, 9.995609424137704], [104.00563350812047, 9.995618464985055], [104.00563276489552, 9.99562741501092], [104.00563128513929, 9.995640884715662], [104.00562620779111, 9.995681021636113], [104.00562316403176, 9.995703349732553], [104.00562178245445, 9.995712208395156], [104.00562095484682, 9.995716637523325], [104.00562012737579, 9.995720976236244], [104.00561810826615, 9.995729201044185], [104.00561590686775, 9.995737335166023], [104.00561361425665, 9.995745469152414], [104.00561003852073, 9.995757669928826], [104.00560261354676, 9.995781980659956], [104.0055972065894, 9.995798789905056], [104.00558208682374, 9.995844879333092], [104.00557805433891, 9.995857531508033], [104.00557567010333, 9.995865936604318], [104.00557337680699, 9.995874522666496], [104.00557025603831, 9.995887447441339], [104.00555951228709, 9.99593499001244], [104.00555547283182, 9.99595225336425], [104.00555327074696, 9.99596083956163], [104.00555216963619, 9.995965177867928], [104.00555088609993, 9.995969515903335], [104.00554822795132, 9.995978101423455], [104.00554401276467, 9.995990934157337], [104.00553530875217, 9.996016599218544], [104.00552944531346, 9.996033679030443], [104.00552633123672, 9.996042173457823], [104.0055231262204, 9.996050486919229], [104.00551973905176, 9.996058619279209], [104.00551443026663, 9.996070817480472], [104.00550024310006, 9.996103345971463], [104.00549520795163, 9.996115544578675], [104.0054936511857, 9.996119610961662], [104.0054920942831, 9.996123767759887], [104.00549071980595, 9.996127924829024], [104.00548952761757, 9.996132172584304], [104.0054884266419, 9.996136420475045], [104.00548649819206, 9.996145007078114], [104.00548475216759, 9.996153593952094], [104.00547656877366, 9.996196890795432], [104.00547307645014, 9.996214245373634], [104.00547123907545, 9.99622292252724], [104.00546830045099, 9.996236028401919], [104.00545930228719, 9.996275255339494], [104.00545609016001, 9.996288270392332], [104.00545278681975, 9.996301285309643], [104.00544921025086, 9.996314028574767], [104.00544050007099, 9.996343762317911], [104.00543683228828, 9.996356505447356], [104.00543453912097, 9.996365001092741], [104.00543352921981, 9.996369339533874], [104.00543251945527, 9.996373587559768], [104.00543178319249, 9.996377926407336], [104.00543113814247, 9.99638226539037], [104.00543067551806, 9.996386604644362], [104.005430023771, 9.996395373974016], [104.00542946309999, 9.996404233854381], [104.00542851762312, 9.99642629381742], [104.00542822403004, 9.996439494035577], [104.00542821077252, 9.996448264313559], [104.0054282954249, 9.996452604380401], [104.0054287450653, 9.996456854573932], [104.00542919470571, 9.99646110476747], [104.00543010054697, 9.996465265223167], [104.00543137123961, 9.996469426220786], [104.00543300705694, 9.996473406929837], [104.00543491651285, 9.996477388045317], [104.00543700839444, 9.996481369431754], [104.0054391917623, 9.996485170123185], [104.00544155741922, 9.996489061500789], [104.00544628900656, 9.996496663425471], [104.00544874614981, 9.996500374108033], [104.00545129450599, 9.99650408492605], [104.00545393434835, 9.99650761504906], [104.00545666554034, 9.99651105489228], [104.00545957943139, 9.99651431417595], [104.00546276737104, 9.996517302620306], [104.00546613828313, 9.996519929674626], [104.00546978324381, 9.996522285889617], [104.00547361104026, 9.996524371129796], [104.0054775300496, 9.996526456505396], [104.00548144933231, 9.99652836105048], [104.00548555117744, 9.996530175451221], [104.00549375500448, 9.996533713837314], [104.00550205045455, 9.996536981112955], [104.00550633513558, 9.99653852453866], [104.00551490477109, 9.996541430559425], [104.00552794219693, 9.996545428200129], [104.00554544741351, 9.99655051746027], [104.00557526131135, 9.996558970368188], [104.00558364920549, 9.996561424040161], [104.00559185426418, 9.996564148686767], [104.00559595652031, 9.996565691840475], [104.00559987621413, 9.996567325138503], [104.00560379563476, 9.996569139266965], [104.00560762315938, 9.996571405336136], [104.00561135919796, 9.996573852100317], [104.00561500375046, 9.99657647955951], [104.00561855695354, 9.996579197298464], [104.00562201880719, 9.996582005317196], [104.00562548038766, 9.99658499416637], [104.00562875954246, 9.996587982744655], [104.00563212963692, 9.996591152288815], [104.00563522609285, 9.996594321426674], [104.00563813984984, 9.996597671124126], [104.00564105347027, 9.996601111236801], [104.00564660679949, 9.99660817188627], [104.00565452606251, 9.996618943081426], [104.00566226262706, 9.996629894836035], [104.00566726813342, 9.996637316333645], [104.00566972528024, 9.996641027014716], [104.005674183373, 9.996648538114966], [104.00567845890355, 9.99665613935958], [104.00568464389433, 9.99666772171835], [104.00569073767262, 9.996679303941601], [104.00569464807913, 9.99668708547486], [104.00569828471055, 9.996694957017086], [104.00569992039559, 9.996699028140226], [104.00570155594409, 9.996703189678598], [104.00570300893018, 9.996707441361387], [104.00570564126377, 9.996715944320716], [104.00570936145894, 9.996728879251638], [104.00571289909195, 9.996741904326948], [104.00571507508825, 9.996750587439665], [104.00571706852222, 9.996759360696787], [104.0057178828817, 9.996763701846916], [104.00571860589169, 9.996768133276873], [104.0057190555361, 9.996772383470141], [104.0057193226181, 9.996776723807832], [104.00571949862375, 9.996780973594875], [104.00571966793603, 9.996789653728637], [104.00571964170884, 9.996807013454509], [104.0057193418428, 9.996824372774162], [104.00571896387737, 9.996833052095452], [104.00571868368174, 9.996837391620705], [104.00571831240973, 9.996841640595294], [104.00571784992478, 9.996845889434486], [104.00571720501387, 9.996850138002845], [104.00571637781371, 9.996854295885163], [104.00571444991103, 9.996862520828325], [104.00571224850601, 9.996870654949992], [104.00570876397234, 9.996882855861639], [104.00570628906476, 9.99689089916178], [104.00570482364682, 9.996894875265692], [104.00570335822884, 9.996898851369599], [104.00570171065813, 9.996902646372197], [104.00569988079805, 9.996906350688716], [104.00569777743564, 9.996909964183747], [104.00569549178391, 9.996913486992701], [104.00569302384278, 9.996916919115566], [104.0056878144581, 9.996923692539752], [104.00568233170752, 9.99693028472711], [104.0056657011651, 9.996949970602499], [104.0056601269274, 9.996956743484489], [104.00565171948577, 9.996967219192895], [104.00564358554594, 9.996977785722585], [104.00563828439972, 9.996984920671391], [104.0056358161842, 9.996988533624236], [104.00563343904497, 9.996992237127726], [104.00563124433164, 9.99699594090207], [104.0056294143336, 9.996999735633358], [104.00562776662487, 9.997003621050737], [104.00562675727036, 9.99700759783138], [104.00562593034178, 9.997011574882878], [104.00562546799192, 9.99701573330659], [104.00562518806801, 9.997019892001164], [104.00562499922044, 9.99702414124641], [104.00562499279886, 9.997028390762521], [104.00562507116872, 9.997036889930179], [104.00562533196454, 9.997045389368694], [104.00562586639936, 9.997053889213513], [104.00562622482977, 9.997058139271362], [104.00562667460984, 9.997062299049402], [104.00562739802895, 9.997066459233737], [104.00562830401067, 9.99707052927372], [104.00562957484446, 9.997074599855422], [104.00563102810425, 9.99707867070799], [104.00563275527641, 9.997082561136375], [104.00563457352499, 9.997086542115426], [104.00563657433625, 9.9970904329501], [104.0056404847459, 9.997098214483971], [104.00564466879473, 9.997105996424104], [104.00565103635466, 9.997117488639153], [104.00565540296667, 9.997125180434788], [104.00565749526467, 9.997128890574297], [104.00565986120178, 9.997132601120079], [104.00566222713893, 9.997136311665837], [104.00566477563882, 9.997139932067201], [104.00567032870387, 9.997147173547], [104.00567879553132, 9.997157764723957], [104.0056960944498, 9.997178676373238], [104.0057046526285, 9.997189177269776], [104.00571029704493, 9.997196328469139], [104.00571521271347, 9.99720284567847], [104.00572531632425, 9.997216784655516], [104.00573296196461, 9.997227555443011], [104.00573769397855, 9.99723488611836], [104.00573996870422, 9.99723859652822], [104.00574151509154, 9.99724140170246], [104.0057430614789, 9.997244206876692], [104.00574451624337, 9.997247283161222], [104.00574578844521, 9.997250449590176], [104.00574705941766, 9.997254429756257], [104.00574814755423, 9.997258680897236], [104.00574896191502, 9.997263022047234], [104.00574968506284, 9.997267363061829], [104.00575022578447, 9.997271703805614], [104.00575121587819, 9.997280475573028], [104.0057522903551, 9.997293768237666], [104.00575291546, 9.997302629878682], [104.00575309119286, 9.997307060496093], [104.00575326692571, 9.99731149111348], [104.00575316901936, 9.997315921324677], [104.00575297989988, 9.99732035140046], [104.00575260849088, 9.997324690790212], [104.00575196330601, 9.997329120188974], [104.00575131825772, 9.997333459172506], [104.00575039943357, 9.99733788816504], [104.00574764323414, 9.99735099431218], [104.00573956389076, 9.997385792262346], [104.00573754408876, 9.99739446914602], [104.00573534186046, 9.997403145758863], [104.00573414953314, 9.997407483929859], [104.00573286612928, 9.997411731550201], [104.00573140043583, 9.997415888484488], [104.0057301179882, 9.997419503198172], [104.00572709743702, 9.997426460702744], [104.00572389418633, 9.997433598766928], [104.00571867878269, 9.997444350461379], [104.00570102109955, 9.997479767098106], [104.00569690448694, 9.997487717544873], [104.00569278801075, 9.997495577576338], [104.00569068423432, 9.99749946231671], [104.00568839816823, 9.997503256371003], [104.00568611210203, 9.997507050425265], [104.00568364401943, 9.997510572962959], [104.00568117593674, 9.997514095500621], [104.0056786167775, 9.99751752748761], [104.00567057472017, 9.997527642076248], [104.00565412602472, 9.997547689880635], [104.00564882541543, 9.99755446316801], [104.00564626625552, 9.9975578951547], [104.00564379817207, 9.997561417692049], [104.0056414211651, 9.997565030780047], [104.00563922644771, 9.997568734554127], [104.00563483701279, 9.997576142102236], [104.00563062973069, 9.997583730751636], [104.00562678730097, 9.997591319942721], [104.00562486594943, 9.997595204953473], [104.00562303594761, 9.997598999684428], [104.00562147931193, 9.997602975652159], [104.00561992281284, 9.997606861204655], [104.00561873102971, 9.99761083771415], [104.00561836385424, 9.997612374231332], [104.00561762759027, 9.99761671307897], [104.00561716496578, 9.997621052332935], [104.00561688463095, 9.997625482273026], [104.00561678672244, 9.997629912483998], [104.00561677989042, 9.997634433245647], [104.00561704669792, 9.997638954413636], [104.00561758044955, 9.997647906334366], [104.00561802982003, 9.997652337358014], [104.00561857026703, 9.997656858932327], [104.00561929355032, 9.99766110953182], [104.00562092267992, 9.997669520586484], [104.00562273437258, 9.997677841496794], [104.00562853403052, 9.997702985599874], [104.0056303455869, 9.997711396925373], [104.0056319741704, 9.997720169640909], [104.00563423455114, 9.997733373650926], [104.00563549814544, 9.997742236239915], [104.00563648823685, 9.997751008007329], [104.00563684639445, 9.99775543889549], [104.00563702212567, 9.997759869512777], [104.00563701556716, 9.997764209443941], [104.0056367357789, 9.997768277723084], [104.0056362737009, 9.997772255316107], [104.00563562919648, 9.997776232638254], [104.00563415776116, 9.997784187011641], [104.00563232147294, 9.997792140843242], [104.00562929353744, 9.997803980769055], [104.00562351622443, 9.997824406078518], [104.00562122345967, 9.997832630478488], [104.00562030517862, 9.997836697809465], [104.00561938689754, 9.997840765140436], [104.00561865090623, 9.99784492315753], [104.00561809734134, 9.997849081445509], [104.00561781850925, 9.997852516817977], [104.00561772210361, 9.997855952461338], [104.00561771691116, 9.997859388240153], [104.00561780170217, 9.997863637891495], [104.00561824492388, 9.997872137600513], [104.00561896164864, 9.997880728131113], [104.00561986107319, 9.997889138102131], [104.00562040193036, 9.997893388430704], [104.0056211253507, 9.99789754861494], [104.00562194012092, 9.99790161851939], [104.00562284610439, 9.997905688559284], [104.00562411721413, 9.997909578310491], [104.005625570887, 9.997913377917358], [104.00562757211264, 9.997916997506433], [104.00562993832796, 9.997920527222053], [104.00563248710641, 9.997923966793303], [104.00563530979795, 9.997927225940403], [104.00563822370279, 9.997930485222938], [104.00564423407577, 9.997936913643562], [104.00567246728092, 9.997965346012053], [104.0056785691417, 9.997971593737084], [104.00568467072948, 9.99797802229248], [104.00568767584852, 9.997981281710036], [104.00569058975437, 9.997984540992142], [104.00569322988386, 9.997987890283174], [104.00569577880013, 9.99799123943875], [104.00569796259016, 9.99799476888307], [104.00569987246719, 9.997998478751558], [104.00570123492804, 9.99800227822272], [104.00570214104937, 9.998006257847194], [104.00570295568417, 9.99801041816671], [104.00570340546592, 9.998014577944526], [104.00570385524769, 9.99801873772233], [104.00570403125302, 9.998022987509094], [104.00570420712175, 9.99802732771109], [104.00570429191383, 9.998031577362422], [104.00570419414272, 9.998035917158138], [104.00570400529496, 9.998040166403186], [104.00570381808667, 9.998043330665448], [104.0057033572385, 9.998046494521436], [104.00570289639035, 9.99804965837742], [104.00570197797292, 9.998053816123821], [104.00570078591564, 9.99805797346394], [104.00569950264503, 9.998062130668606], [104.00569812829774, 9.998066197322624], [104.00569657152381, 9.998070263705767], [104.00569501474988, 9.998074330088903], [104.00569171891189, 9.998082372169048], [104.00568814970717, 9.998090233012395], [104.00568613713979, 9.998094117887849], [104.00568412470903, 9.998097912348065], [104.00568183891157, 9.998101525571494], [104.00567955325069, 9.998105048379676], [104.00567699422315, 9.998108389951074], [104.00567434411887, 9.998111640971784], [104.00567151158795, 9.998114891721594], [104.00566593801253, 9.998121212526113], [104.0056515023998, 9.998137013792013], [104.00564592868699, 9.998143425011378], [104.00564309588219, 9.99814685659138], [104.00564035415404, 9.998150378722025], [104.00563496191087, 9.998157423118682], [104.00562966074413, 9.998164558065925], [104.00562180013857, 9.998175305829662], [104.00561412182245, 9.998186144279325], [104.0056091850981, 9.998193551013678], [104.00560689916246, 9.99819725465173], [104.00560004121863, 9.998208455981016], [104.00558458626332, 9.998234834335397], [104.00558001439087, 9.998242241611068], [104.00557763724122, 9.998245945113432], [104.00557526036482, 9.9982494677853], [104.00557288362504, 9.998252900041917], [104.00556776556536, 9.998259583182776], [104.00555981524535, 9.998269336241803], [104.00555177384823, 9.998278998749907], [104.00554620026762, 9.998285319552105], [104.00554336800722, 9.99828838947021], [104.0055381606464, 9.99829380666187], [104.00553596824598, 9.998295973375939], [104.00553158358177, 9.998300216388797], [104.00552519017367, 9.998305812649487], [104.00551879690204, 9.998311318494812], [104.00549943493247, 9.998327654928543], [104.00548984495532, 9.998335958903287], [104.00547714934946, 9.99834715155825], [104.00546783246449, 9.998355817599679], [104.00546189471095, 9.998361685782188], [104.00545906244913, 9.998364755699482], [104.00545632140059, 9.99836782575225], [104.0054538537187, 9.998371077041943], [104.0054516595402, 9.998374419153345], [104.00544973845496, 9.998378123332131], [104.005447999523, 9.99838200861236], [104.0054465340944, 9.99838598471432], [104.00544525081911, 9.998390141917717], [104.00544405889389, 9.99839420884138], [104.0054429579086, 9.998398456731005], [104.00544093850135, 9.998406862365988], [104.00544001994271, 9.998411110526597], [104.00543919246071, 9.998415449237928], [104.00543845632876, 9.998419697669537], [104.00543790262358, 9.99842394637215], [104.00543743999506, 9.998428285625481], [104.00543734222005, 9.99843262542084], [104.0054372445817, 9.998436874800957], [104.00543750509858, 9.998445555069193], [104.00543848219928, 9.998462916283161], [104.00543892514295, 9.998471596822391], [104.00543900993142, 9.99847584647352], [104.00543899680812, 9.998484526335217], [104.00543871018131, 9.998493115375165], [104.00543852132957, 9.998497364619777], [104.005438150051, 9.998501613593364], [104.00543759634562, 9.998505862295943], [104.0054368603501, 9.998510020312292], [104.00543594206445, 9.998514087642395], [104.00543465892515, 9.998518154430462], [104.00543310241902, 9.998522039981555], [104.00543145469943, 9.998525925397125], [104.00542953333958, 9.998529810406163], [104.00542761211639, 9.998533604999965], [104.00542349589288, 9.99854128419621], [104.00541928872921, 9.998548782426433], [104.00541489913851, 9.998556280385563], [104.00541032739419, 9.998563597243155], [104.00540795037686, 9.998567210328794], [104.00540548214607, 9.998570823278891], [104.00540283162512, 9.998574345542709], [104.00540018124082, 9.998577777391278], [104.00539451575501, 9.998584550131048], [104.0053800786043, 9.998601345950611], [104.00537450419442, 9.998608209240738], [104.0053718536728, 9.99861173150427], [104.00536929409112, 9.998615434733766], [104.00536691693624, 9.998619138234274], [104.00536216235288, 9.998626726065694], [104.00535768113613, 9.99863449513407], [104.00535347342279, 9.998642355024183], [104.0053514607111, 9.998646330312365], [104.00534944786264, 9.998650396015742], [104.0053478002781, 9.998654191015572], [104.0053446872623, 9.998661962116701], [104.00534166532304, 9.998669823768559], [104.00533891688731, 9.998677776242197], [104.00533635087827, 9.998685728986882], [104.00533515908718, 9.998689705494742], [104.00533405837275, 9.998693772553354], [104.00533304832483, 9.998698201408398], [104.0053311195791, 9.998706968838789], [104.00532946433688, 9.998715827090988], [104.0053262449289, 9.998733634146095], [104.00532449860964, 9.998742401847487], [104.00532348869814, 9.998746740287245], [104.00532247892336, 9.998750988311787], [104.00532137793508, 9.998755236200768], [104.00531991236635, 9.998759302717149], [104.00531826437063, 9.998763368962429], [104.00531625193119, 9.998767163419863], [104.00531405706475, 9.998770957606185], [104.00531149761785, 9.998774570419888], [104.00530884709416, 9.99877809268279], [104.00530610549363, 9.998781524394898], [104.00530318160286, 9.998784865420667], [104.00530007555858, 9.998788025344862], [104.005296787224, 9.99879109458272], [104.00528674047663, 9.998799849948838], [104.0052834522786, 9.998802828771325], [104.0052803465074, 9.998805807864882], [104.00527733167615, 9.998808967924397], [104.00527596087564, 9.99881068378031], [104.00527358426521, 9.998814025619108], [104.00527138980821, 9.99881754855944], [104.00526937764138, 9.99882116218609], [104.00526754762797, 9.998824956914286], [104.00526580882803, 9.99882875177802], [104.00526406989128, 9.998832637056974], [104.00526251338148, 9.998836522607027], [104.00526104794837, 9.998840498707839], [104.00525976494221, 9.99884447507977], [104.00525848193601, 9.998848451451693], [104.00525738122005, 9.998852518509942], [104.00525646293103, 9.99885658583931], [104.00525590922246, 9.998860834541356], [104.00525544672738, 9.998865083378965], [104.00525525773605, 9.998869423038476], [104.00525506874469, 9.998873762697977], [104.00525506218032, 9.9988781026286], [104.00525514012838, 9.998886873040627], [104.00525582347565, 9.9989175248851], [104.00525607728632, 9.998930635498837], [104.00525597294404, 9.998939315224495], [104.0052557839526, 9.998943654883979], [104.00525541253413, 9.998947994272335], [104.00525495003886, 9.998952243109922], [104.00525430525329, 9.99895640126115], [104.00525347804066, 9.99896055914124], [104.00525255975123, 9.998964626470562], [104.00525145903471, 9.998968693528743], [104.00524925746481, 9.99897691806032], [104.00524201439642, 9.999001500290715], [104.00523852954532, 9.999013882024382], [104.00523641918831, 9.999022106691383], [104.00523550076169, 9.999026264435837], [104.00523375512194, 9.999034580060302], [104.00523292790876, 9.99903873794031], [104.00523246554981, 9.999042896362587], [104.00523209440435, 9.999047054920446], [104.0052319967628, 9.999051304300217], [104.00523226397544, 9.999055554222268], [104.00523271388873, 9.999059623585014], [104.00523334663946, 9.999063421973242], [104.00523425344117, 9.999066949522502], [104.00523543470412, 9.999069934987165], [104.0052369817787, 9.999072288087543], [104.00523880386163, 9.999073737442425], [104.00524099243997, 9.99907410235692], [104.00524354710343, 9.999073654076687], [104.00524610286098, 9.999072482474679], [104.00524893321652, 9.99907067837279], [104.0052517643926, 9.999068331779569], [104.00525459638916, 9.999065442694988], [104.00525733744568, 9.999062372644383], [104.00526016998923, 9.999059121898874], [104.0052685773632, 9.99904873662007], [104.00527150139355, 9.999045305179571], [104.00527451636388, 9.999042054705036], [104.00527753133416, 9.999038804230475], [104.00528063710765, 9.999035825137092], [104.00528392517147, 9.999032936730014], [104.0052871216114, 9.999030319433015], [104.00529040885459, 9.999027973517187], [104.00529387784105, 9.999026079948536], [104.00529734587028, 9.999024819286392], [104.00530099536935, 9.999024191801865], [104.00530464391115, 9.999024197223843], [104.00530820028222, 9.999024835416783], [104.0053114821922, 9.999026015694373], [104.00531412492366, 9.999027647099211], [104.00531621941666, 9.999029910597304], [104.00531721852668, 9.999032714960167], [104.00531766967168, 9.999035970585862], [104.0053174817749, 9.999039586923626], [104.0053170198272, 9.999043474100418], [104.00531619288857, 9.999047451150238], [104.00531509203577, 9.999051608623853], [104.00531389996937, 9.999055765961925], [104.00531270858666, 9.999059471223873], [104.00531133464007, 9.999063266629951], [104.00530977840309, 9.999066971349702], [104.00530822216602, 9.999070676069449], [104.00530666688618, 9.999073747882623], [104.00530502039274, 9.999076819560258], [104.00530154525215, 9.999082781813929], [104.00529669903622, 9.999090640753922], [104.00529157945287, 9.999098318456717], [104.00527393516532, 9.99912478395398], [104.00526625626722, 9.999135984054243], [104.00526086358872, 9.999143299688916], [104.0052581219845, 9.999146731400396], [104.00525547159378, 9.999150163247394], [104.00524980623139, 9.999156845568633], [104.00524112589694, 9.999166778363941], [104.00522943072674, 9.999179871217796], [104.00522047729737, 9.999189441944896], [104.00521435641272, 9.999195761926693], [104.00520777987016, 9.999201809984815], [104.00520120346417, 9.999207767627587], [104.0051877771474, 9.999219592090727], [104.0051812006039, 9.999225640148284], [104.00517809469086, 9.999228709655792], [104.00517507985457, 9.999231869714066], [104.00517224717187, 9.999235210873923], [104.00516968799315, 9.999238642855738], [104.0051674020448, 9.999242346489963], [104.00516538946366, 9.999246231361365], [104.0051635591729, 9.999250206919148], [104.00516209414684, 9.999253911773634], [104.00516062884722, 9.999257797458544], [104.00515934597476, 9.999261683414634], [104.0051581543159, 9.999265569506303], [104.00515705387062, 9.999269455733556], [104.0051562270661, 9.999273342367596], [104.00515558268883, 9.999277229272808], [104.00515530316599, 9.99928111672039], [104.00515538863439, 9.99928491429513], [104.00515602124773, 9.999288803098644], [104.00515701885233, 9.999292602029316], [104.00515838144824, 9.999296311087136], [104.00515992647138, 9.999300020416136], [104.00516165392182, 9.999303730016308], [104.00516356379953, 9.99930743988766], [104.0051655650277, 9.999311059479382], [104.00516765760632, 9.999314588791453], [104.00516993261226, 9.999318118374703], [104.00517229896863, 9.999321557678304], [104.00517475667549, 9.999324906702263], [104.00517748829684, 9.999328075302541], [104.00518040261909, 9.999331063343519], [104.00518340829176, 9.999333961104854], [104.00518668774218, 9.999336768857702], [104.00520017067255, 9.99934781958068], [104.00520345012326, 9.99935062733337], [104.00520563596784, 9.999352800552545], [104.00520782181245, 9.999354973771702], [104.00521000710998, 9.99935750865172], [104.00521228239018, 9.999360857404263], [104.00521437510642, 9.999364296300863], [104.00521637647226, 9.999367825477082], [104.00521819513732, 9.99937153521258], [104.00521983123834, 9.999375335092132], [104.00522128491212, 9.999379134700511], [104.00522273844916, 9.99938302472412], [104.0052241007726, 9.999386914612137], [104.00522518945513, 9.999390804093432], [104.00522609557359, 9.999394783718785], [104.00522672791435, 9.999398853352629], [104.00522717769107, 9.999403013130536], [104.00522717139954, 9.999407172230567], [104.00522716510802, 9.9994113313306], [104.00522688503874, 9.999415580439132], [104.00522660496947, 9.999419829547637], [104.00522567997625, 9.999428327222374], [104.00522401884531, 9.999441073327716], [104.00522263792043, 9.99944947990933], [104.00522181070579, 9.999453637789138], [104.00522080106386, 9.999457795397808], [104.00521970034498, 9.99946186245567], [104.00521832598507, 9.999465929106785], [104.00521676919782, 9.999469995486745], [104.00521503011994, 9.99947397118031], [104.00521329104201, 9.999477946873865], [104.00520944803135, 9.999485897718609], [104.00520176324042, 9.999500985670974], [104.00519197492603, 9.999519777528535], [104.00518785868361, 9.999527456720555], [104.00518136472971, 9.999539201071947], [104.00515932299959, 9.999578318182781], [104.00515502405464, 9.999586177933528], [104.00515292012055, 9.999590153084291], [104.0051509074001, 9.99959412837063], [104.00514907697018, 9.999598194343376], [104.00514733775395, 9.999602260451693], [104.00514578082829, 9.999606417246428], [104.0051446801079, 9.999610484303933], [104.0051436704644, 9.999614641912258], [104.0051428431115, 9.999618890206987], [104.00514219818598, 9.999623138772916], [104.0051409083349, 9.999631635904763], [104.00514007441551, 9.999640224129834], [104.00513924049609, 9.999648812354899], [104.00513896042531, 9.999653061463214], [104.00513877156826, 9.99965731070714], [104.00513885648913, 9.999661469942648], [104.0051391239743, 9.999665539034156], [104.00513975645113, 9.999669518252855], [104.0051408452702, 9.999673317319138], [104.00514239043154, 9.99967693623299], [104.00514448301206, 9.999680465545248], [104.00514684950738, 9.999683814433858], [104.00514948964396, 9.99968716372924], [104.00515240369538, 9.999690332600991], [104.00515832301207, 9.999696670479993], [104.00516141949112, 9.999699839622858], [104.00516779515044, 9.999705997349274], [104.00517417108357, 9.999711974245143], [104.00517745040077, 9.999714872413408], [104.00518082120531, 9.999717589886806], [104.00518428349724, 9.99972012666534], [104.00518801970404, 9.999722483020168], [104.00519166524427, 9.999724477578509], [104.00519558469935, 9.999726291713147], [104.00519959564177, 9.99972792515289], [104.0052036068578, 9.999729377762169], [104.00521190320478, 9.999732102556875], [104.00522019968868, 9.999734736936169], [104.00523278171417, 9.999738372254852], [104.00524126089942, 9.999740826074364], [104.00524964914464, 9.99974309892765], [104.00525812901405, 9.999745100670669], [104.0052667006444, 9.999746740888167], [104.00527964985086, 9.99974883968871], [104.00529259946778, 9.99975066724311], [104.00530126326954, 9.99975167468877], [104.0053055496319, 9.999752133136134], [104.00530983626783, 9.999752410753008], [104.0053141230405, 9.999752597954606], [104.00531841008669, 9.999752604325716], [104.00532260646617, 9.999752248900347], [104.00532689446959, 9.999751622364828], [104.00533127423377, 9.999750634303936], [104.00533556305767, 9.999749465276986], [104.00533985201825, 9.999748205834774], [104.00534405003857, 9.999746765426515], [104.00535262878012, 9.999743704050493], [104.00536969545917, 9.999737309916565], [104.0054124085129, 9.99972082736182], [104.00542080482568, 9.999717765712912], [104.0054248201444, 9.999716505862986], [104.00542883532633, 9.999715336428228], [104.00543266753387, 9.999714528383246], [104.00543622555332, 9.99971408159254], [104.00543941776077, 9.99971426716623], [104.00544215280581, 9.999715175384052], [104.00544397489314, 9.999716624737964], [104.00544543130522, 9.999718616041116], [104.00544661339252, 9.999721059013794], [104.00544779506968, 9.99972377323212], [104.00544897524301, 9.999727482017866], [104.0054501550062, 9.999731462049258], [104.0054521489941, 9.999739873646071], [104.00546003113533, 9.999775237786814], [104.00546311244304, 9.999788443016374], [104.0054653797994, 9.999797035850085], [104.0054665590162, 9.999801377542312], [104.00546792093392, 9.999805538675119], [104.00546937406548, 9.99980969994344], [104.00547100989803, 9.999813680652334], [104.00547301072237, 9.999817571488059], [104.00547510344408, 9.999821010383197], [104.0054773787301, 9.99982435913412], [104.00547992765748, 9.999827708291571], [104.0054874841831, 9.99983712272177], [104.00548975974274, 9.999840290642183], [104.00549194395198, 9.999843548842291], [104.00549367195566, 9.999846896780067], [104.00549494375377, 9.999850334455516], [104.00549575907289, 9.99985404269907], [104.00549602683594, 9.999857930960028], [104.00549592947047, 9.999861999509395], [104.00549555846361, 9.999866067652231], [104.00549500502922, 9.999870135524047], [104.00549436024428, 9.999874293675566], [104.00549040606225, 9.999895445009955], [104.0054896699267, 9.999899693441176], [104.00548920743252, 9.999903942278912], [104.0054888361521, 9.999908191252157], [104.00548882972684, 9.99991244076745], [104.00548909680631, 9.999916781104488], [104.00548963766387, 9.999921031432837], [104.0054904520261, 9.99992537258294], [104.00549135773889, 9.999929623453323], [104.0054926284436, 9.999933784450526], [104.00549389928507, 9.99993785503251], [104.00549544390465, 9.999941835605794], [104.0054971710886, 9.999945726034868], [104.00549917232411, 9.999949345624803], [104.00550163003884, 9.999952694646613], [104.00550417978764, 9.999955501312611], [104.00550700345129, 9.999958127554649], [104.00551010102984, 9.99996057337275], [104.0055163875376, 9.999965374729156], [104.00551939403915, 9.999967729996456], [104.00552221770306, 9.999970356238387], [104.00552476731545, 9.999973253319439], [104.00552704273969, 9.99997651165486], [104.00552895276189, 9.999980131109128], [104.0055304976555, 9.999983930851831], [104.0055318599848, 9.999987820738758], [104.00553294839929, 9.999991891049602], [104.00553376303564, 9.999996051369173], [104.0055344863215, 10.000000301968463], [104.00553484475209, 10.000004552025763], [104.00553502075502, 10.000008801812047], [104.00553501433032, 10.000013051327342], [104.00553500776894, 10.000017391257861], [104.00553444093843, 10.000030319821171], [104.00553332012673, 10.000047677917195], [104.00553238980768, 10.000059701786286], [104.00553146605, 10.00006738572487], [104.00553082181183, 10.000071182215542], [104.0055300864965, 10.000074888155496], [104.00552898536887, 10.000079226459974], [104.00552770208692, 10.000083383663002], [104.00552632731768, 10.000087721560948], [104.00552495268514, 10.000091969043684], [104.00552019056367, 10.000104529712853], [104.00550050385036, 10.000154590609545], [104.00545151507403, 10.000279743183086], [104.00544519602106, 10.000296460646778], [104.00544226446071, 10.000304864924994], [104.00544088982603, 10.000309112407221], [104.00543960626852, 10.000313450440183], [104.00543841392482, 10.000317788608664], [104.00543666759803, 10.000326556309549], [104.00543418486014, 10.00033975327174], [104.00541761170999, 10.000441988484301], [104.00525705211764, 10.001421672118159], [104.00525429038451, 10.001438394863708], [104.00525244749618, 10.00145068862001], [104.00525069404357, 10.001464157909567], [104.00524838660246, 10.00148205673066], [104.00518909784189, 10.001963882714668], [104.0051437550868, 10.002331534749038], [104.00514163033405, 10.002349253008774], [104.00514024200186, 10.002362542008727], [104.00513940752462, 10.002371491892859], [104.00513847526459, 10.002384781570969], [104.00513614085102, 10.00242049218421], [104.0051352996683, 10.002433872413102], [104.00513492139996, 10.00244273256018], [104.0051346343461, 10.002451592842883], [104.00513471885542, 10.002456023323337], [104.00513489457924, 10.002460453939431], [104.00513534394652, 10.002464884962459], [104.00513588466522, 10.00246922570591], [104.00513742203832, 10.002477998286237], [104.00513914197734, 10.002486680722631], [104.00514086191643, 10.002495363159017], [104.00514294671365, 10.00250404613795], [104.00514512286233, 10.002512638837311], [104.00514639343416, 10.00251689025067], [104.00514766414287, 10.00252105124882], [104.00514911728062, 10.002525212518245], [104.0051521147708, 10.002533535192715], [104.00515529482699, 10.002541767723233], [104.00517764630236, 10.00259948598695], [104.00518110014019, 10.002607628508947], [104.0051828270592, 10.002611699769934], [104.00518455397824, 10.00261577103091], [104.00518646360008, 10.002619661732743], [104.00518846443649, 10.002623552570192], [104.00519064811253, 10.002627172433282], [104.00519292300321, 10.002630792432], [104.00519519789388, 10.002634412430693], [104.00520011308093, 10.00264129130975], [104.00520775964237, 10.002651519619878], [104.00521303996183, 10.002658218210863], [104.00521568025843, 10.00266147709112], [104.00521841176968, 10.002664736106983], [104.00522132598373, 10.002667814563669], [104.00522424019782, 10.00267089302033], [104.00522733697792, 10.002673881333001], [104.00523061632401, 10.002676779501689], [104.00523744907053, 10.002682305000212], [104.00524792670599, 10.00269027713359], [104.0052655114172, 10.002703323095469], [104.00527626310816, 10.002711024389239], [104.00528355274986, 10.002716008073705], [104.00529102509455, 10.002720811198815], [104.00529868014222, 10.002725433764567], [104.00531399037503, 10.00273458848038], [104.0053448847606, 10.002752717486358], [104.00535655010565, 10.002759425566339], [104.0053681246469, 10.002765862264733], [104.00537951758014, 10.002771756200382], [104.00539100186518, 10.00277755985603], [104.00539874936122, 10.00278136881836], [104.00540658834555, 10.00278499708568], [104.00541050797457, 10.002786720804078], [104.0054144277404, 10.002788354107222], [104.0054184389944, 10.002789806715487], [104.00542263295117, 10.002791078764439], [104.00542673569335, 10.002792350677757], [104.00543092992373, 10.002793441896205], [104.0054394100094, 10.002795353222886], [104.00545226716517, 10.002798084793044], [104.00546512486818, 10.00280045470191], [104.00547378847752, 10.002801642977216], [104.0054780747433, 10.00280219183941], [104.00548254384852, 10.002802469727037], [104.00548701309052, 10.002802657199409], [104.005491482606, 10.002802663841312], [104.00549595225826, 10.00280258006795], [104.0055003308326, 10.00280240574378], [104.00550480089512, 10.002802050724686], [104.00550936244564, 10.00280151501067], [104.00551374184046, 10.002800798195103], [104.00552268346945, 10.002799093589259], [104.00554038484495, 10.00279532244495], [104.00557140847374, 10.002788316139426], [104.00558025957116, 10.00278615932045], [104.00558454829793, 10.002785080707584], [104.00558883729813, 10.002783821264254], [104.00559312643502, 10.002782471405677], [104.00559741570859, 10.002781031131809], [104.00560143174849, 10.00277931920574], [104.00560544792505, 10.002777516864407], [104.00561329825898, 10.002773640664948], [104.00562096657373, 10.002769492948639], [104.00565547494449, 10.002750195316542], [104.00566323460944, 10.002745957319497], [104.0056709941375, 10.002741809737492], [104.00568286132899, 10.002735679118047], [104.00569481946127, 10.002729729464045], [104.00574265198618, 10.002705930843579], [104.00575050245358, 10.002701964225492], [104.00575835319415, 10.002697816776797], [104.005762278701, 10.002695652637165], [104.00576611312992, 10.002693397946816], [104.0057697652663, 10.002691052570253], [104.00577350875388, 10.002688616913922], [104.00577707008559, 10.002686000156187], [104.00578054033934, 10.002683292847744], [104.00578401059302, 10.002680585539256], [104.005790860159, 10.002674989956281], [104.00579752756887, 10.002669213271805], [104.0058008158031, 10.002666234446577], [104.00580392160818, 10.00266325535038], [104.00580711890102, 10.002660095559213], [104.00581013376471, 10.002656935497086], [104.00581278377007, 10.00265377489309], [104.00581543391205, 10.00265052387387], [104.00582046082543, 10.002643840598557], [104.00582768249076, 10.002633453550503], [104.00583938432747, 10.002616020753067], [104.00585574958295, 10.002590999985317], [104.00586050353414, 10.00258386422691], [104.0058653484264, 10.002576909434284], [104.00587010128405, 10.002570496997402], [104.00587457899488, 10.002565078721418], [104.00587969589051, 10.00255920931739], [104.00588554332207, 10.0025527985055], [104.00589157318247, 10.002546387964372], [104.005897602906, 10.00254006783833], [104.00590372370723, 10.00253383826281], [104.00591011787854, 10.002527789923864], [104.00591322354465, 10.002524901241742], [104.00591651150309, 10.002522103245637], [104.00591998161734, 10.00251948635078], [104.00592372510185, 10.002517050692587], [104.00592746831306, 10.002514795864762], [104.00593139381665, 10.002512631722954], [104.00593541026149, 10.002510648546943], [104.00594344315101, 10.002506682194772], [104.00596799693481, 10.002495416720564], [104.00598013720922, 10.002489648156823], [104.00598807915642, 10.002485500837679], [104.00599200465928, 10.002483336695116], [104.00599574800626, 10.002480991451273], [104.0059994916264, 10.002478465376957], [104.00600679616429, 10.002473593787803], [104.00601757136121, 10.002465743641695], [104.0060619513324, 10.002432898305457], [104.00611308867893, 10.002395090143681], [104.00612404670952, 10.002386969018938], [104.006131260985, 10.002381464384973], [104.00613838431889, 10.002375778785048], [104.00614550765252, 10.002370093184947], [104.00615948108526, 10.002358450332538], [104.00626606300719, 10.002269458876395], [104.00632478844142, 10.002220179178867], [104.00633145542324, 10.0022146737283], [104.00633821334627, 10.002209349243321], [104.00634506221051, 10.002204205723944], [104.00634862325948, 10.00220176978999], [104.00635236660078, 10.002199424541807], [104.00635610980555, 10.00219716970881], [104.00636386958523, 10.002192841279015], [104.00637564566657, 10.002186620082567], [104.00639143804914, 10.002178506119005], [104.0064073215089, 10.00217048270516], [104.00641526289732, 10.002166697035992], [104.0064193702766, 10.002164894819472], [104.00642347751938, 10.002163183018132], [104.00642767584009, 10.00216156176723], [104.00643625463728, 10.002158500366276], [104.00644921336486, 10.002154360475792], [104.0065752390317, 10.002115759139672], [104.00659266903648, 10.002110450472369], [104.0066052627663, 10.002106400449875], [104.00665089316881, 10.002091097475754], [104.00665919804622, 10.00208821649363], [104.00666741170909, 10.002085335376075], [104.00667553456664, 10.002082182877421], [104.00667955045635, 10.002080561352814], [104.00668347540442, 10.002078758862474], [104.00668740048886, 10.002076865956871], [104.00669123449522, 10.002074882500787], [104.00669881183906, 10.002070553792375], [104.00670620689026, 10.002066134398149], [104.00671369329207, 10.002061624723726], [104.00673962232639, 10.00204565962578], [104.00675459580995, 10.002036188199025], [104.0069784711093, 10.00189221691035], [104.0069897928692, 10.001884819617365], [104.00699727994477, 10.001879857859974], [104.00700467607832, 10.001874715136832], [104.007008328606, 10.001872098500014], [104.00701883038951, 10.001864067083273], [104.00703252890061, 10.001853237523036], [104.00707727790909, 10.001817499294397], [104.00708768861116, 10.001809377324959], [104.00709472029324, 10.00180396281356], [104.00710175170252, 10.001798729132465], [104.00710887418965, 10.001793586001535], [104.00711974014416, 10.001786007197847], [104.00714138070113, 10.001770939869479], [104.00714850305076, 10.001765887152859], [104.00715553432211, 10.001760743885775], [104.00715900455494, 10.001758036561785], [104.00716238357339, 10.001755329102668], [104.00716558043565, 10.00175244054291], [104.00716868621977, 10.001749461432812], [104.00717161012031, 10.0017461203916], [104.00717444294268, 10.001742688800057], [104.00717709360887, 10.00173907610788], [104.00718221278494, 10.001731669622844], [104.0071871498047, 10.001724082037109], [104.00719208682416, 10.001716494451284], [104.00722335733383, 10.001666631434372], [104.00727236741186, 10.001587590492393], [104.00727867672856, 10.001577292473655], [104.00728279186141, 10.001570336577474], [104.00728672470176, 10.001563289995916], [104.00728864605966, 10.001559404976662], [104.00729065876804, 10.001555429677191], [104.00729441054177, 10.001547478673094], [104.00730164071834, 10.001531395429168], [104.00734438298997, 10.001435075846562], [104.00734978261072, 10.00142314900166], [104.0073536254594, 10.001415288546957], [104.00735563830224, 10.001411222831734], [104.00736176763606, 10.001399297066735], [104.00737027453256, 10.00138339654156], [104.00738939197065, 10.001347801155653], [104.00739369088852, 10.001339941375393], [104.00739808102041, 10.001332081730082], [104.00740265344432, 10.001324312769938], [104.00740503073423, 10.001320518840078], [104.00740987584706, 10.001313383191494], [104.00741490325194, 10.001306338228067], [104.00742267225813, 10.001295861535484], [104.00743053234186, 10.00128547539293], [104.00744131686321, 10.001271386545207], [104.00744954193868, 10.001260910526868], [104.007465900193, 10.001240410430691], [104.00752365513198, 10.001169067697685], [104.00753352464432, 10.00115687621684], [104.00754430861222, 10.001143149026207], [104.00758909054994, 10.00108543981628], [104.00760279894756, 10.00106800991697], [104.00761888285929, 10.001047961483488], [104.0076576292563, 10.001000460279014], [104.00766914319894, 10.000986553332663], [104.00767499138405, 10.000979599994249], [104.00767800648644, 10.000976259082782], [104.00768394534083, 10.000969667540085], [104.0076960965551, 10.000956575274335], [104.00782171409422, 10.000825116167542], [104.00786867187819, 10.00077618043058], [104.00787817283573, 10.000766429610232], [104.00788465855844, 10.000760110118442], [104.00788803796871, 10.000757131405278], [104.0078915084569, 10.000754243242188], [104.00789507002304, 10.00075144562917], [104.00789872253111, 10.000748828981473], [104.00790611848895, 10.000743776651284], [104.00791771369455, 10.000736470143128], [104.00799093565568, 10.000691189834575], [104.00846085372164, 10.000399570977072], [104.00848395232671, 10.000385319445355], [104.00849509048625, 10.000378645149029], [104.0085096064155, 10.000370077115383], [104.0088897572766, 10.000146950380719], [104.00889760846108, 10.000142441191434], [104.0089056419374, 10.000138022686365], [104.00890956739372, 10.00013585850682], [104.00891741762734, 10.000131982223884], [104.00892928385198, 10.000126393971854], [104.00894927340782, 10.000117291500423], [104.00896132165195, 10.000111974762124], [104.00897346083813, 10.000106838988449], [104.00898167484, 10.000103686564282], [104.00898970573523, 10.000100985947132], [104.00899791865088, 10.000098556844671], [104.00902264833964, 10.00009145050113], [104.0090307701767, 10.000088930848026], [104.00903487697362, 10.000087490258142], [104.00903889269227, 10.000085959118394], [104.0090429998963, 10.000084247282604], [104.00904710723596, 10.000082445031481], [104.0090552312442, 10.000078478733505], [104.00906326430982, 10.000074331470238], [104.00907522296541, 10.000067929609894], [104.00908316508809, 10.000063601381058], [104.00909101613239, 10.00005918260224], [104.00909877623398, 10.00005458285816], [104.00910261074561, 10.000052237711145], [104.00910635431474, 10.000049711599035], [104.00910991559172, 10.000047094802568], [104.00911338579049, 10.000044387456285], [104.00912014403151, 10.000038791664014], [104.00912690254376, 10.00003301504105], [104.0091434345105, 10.000018211283889], [104.00915320782903, 10.000009274564785], [104.00915960202734, 10.00000313574199], [104.00916270791254, 10.00000006619604], [104.00916627108825, 9.999996183585157], [104.00917020034056, 9.999991487774826], [104.0091725765146, 9.99998841715274], [104.00917732913389, 9.999982095077984], [104.00918400212889, 9.999972520877948], [104.00920886657156, 9.99993639135286], [104.00921663603035, 9.999925552952165], [104.00922193715206, 9.999918417946176], [104.00922486142218, 9.999914805638964], [104.00923070941958, 9.999907942685539], [104.00923363328252, 9.999904601624053], [104.00923874966942, 9.999899003408375], [104.00924404834814, 9.999893495876837], [104.0092466976196, 9.999890787318671], [104.00924952918305, 9.999888169444706], [104.00925281708697, 9.99988537141257], [104.00925619620466, 9.999882573514883], [104.00925957518666, 9.999879866032417], [104.00926313646059, 9.999877249234142], [104.00927025887268, 9.99987210605274], [104.00927747222703, 9.999867143836182], [104.00928112430753, 9.99986479841798], [104.00928486760186, 9.999862453134206], [104.0092886106248, 9.999860288680933], [104.00929244472586, 9.999858214777348], [104.00930020400604, 9.99985415751979], [104.0093583507566, 9.999825219866693], [104.0093694873881, 9.999819540107126], [104.00938053321232, 9.999813588966886], [104.00938783655697, 9.999809440619671], [104.00939870063098, 9.999803037133562], [104.00940938227697, 9.999796633378196], [104.00941641252193, 9.999792122965914], [104.00942344290229, 9.999787522138218], [104.00942673026128, 9.999785085765318], [104.00942937844546, 9.99978310052775], [104.00943239229854, 9.999780573336237], [104.00943531507338, 9.999777955594986], [104.00944106968034, 9.999772539147429], [104.00944609389857, 9.999767573700746], [104.00945340253011, 9.999759899156317], [104.00945934092016, 9.999753578824519], [104.00946509701795, 9.999747167808483], [104.00947067082353, 9.999740666108233], [104.00947341225492, 9.999737324775579], [104.00947615395746, 9.999733802612361], [104.00948136399221, 9.999726577052048], [104.00948630065649, 9.999719170257848], [104.00949123745617, 9.999711673048287], [104.0095031226396, 9.999693426635984], [104.00950760296278, 9.999686199999914], [104.00951190099376, 9.999678882679703], [104.00951400460566, 9.999675088329457], [104.00951601700372, 9.999671293844784], [104.00951976856514, 9.999663433226363], [104.00952507672652, 9.99965159662059], [104.00953194162301, 9.999635693612088], [104.00953862436243, 9.999619609504055], [104.0095470466706, 9.999599188016083], [104.00955537776387, 9.999578766393437], [104.00956828703288, 9.999546687919251], [104.00957158252275, 9.999538826628122], [104.0095733214136, 9.999534941324566], [104.00957670703241, 9.999527803489961], [104.00958045737043, 9.999520756608149], [104.00958228693256, 9.999517233100017], [104.00958631064043, 9.999510367451812], [104.00958951057758, 9.999505399314936], [104.00959206998493, 9.999501786466515], [104.00959472060599, 9.999498173752459], [104.00960038629616, 9.999491220107599], [104.009606234278, 9.999484357146669], [104.00961208212401, 9.999477584600893], [104.00964177741906, 9.999443722542098], [104.00964771620622, 9.999437130960537], [104.0096605984862, 9.999423045122239], [104.0096665375437, 9.999416272709729], [104.00967540072594, 9.999405978400661], [104.00982434357537, 9.999229706739369], [104.00988593146153, 9.9991564704665], [104.0098919617231, 9.999149698183711], [104.00989497678603, 9.999146357249904], [104.00990073259347, 9.999140127055758], [104.00990667069246, 9.999133987545367], [104.00991863783244, 9.999121889489064], [104.00993078712789, 9.999109972531423], [104.00993699846025, 9.999104104669115], [104.00994330073507, 9.999098417771533], [104.00994677118786, 9.99909552958502], [104.00995389424955, 9.999089934311], [104.00996466964892, 9.99908181277979], [104.00997206580907, 9.999076579569305], [104.00997590057405, 9.999074053580687], [104.00997964398988, 9.999071617873039], [104.00998356969744, 9.999069272849157], [104.00998740392042, 9.999067108521535], [104.00999132922153, 9.999065034743413], [104.00999945319359, 9.999061068420394], [104.01001168421632, 9.99905548066373], [104.01002400631685, 9.999049983456146], [104.01003231190273, 9.999046559892498], [104.01003651016703, 9.999044938593013], [104.01006179082992, 9.999035301344442], [104.01007009614425, 9.999032058610393], [104.01007840172923, 9.999028635045555], [104.01008250918574, 9.999026742365361], [104.0100866166422, 9.999024849685117], [104.01009464939854, 9.999020883225416], [104.01010268242555, 9.99901673593494], [104.01011053316057, 9.999012497960509], [104.01011847537985, 9.999008079289538], [104.01012230973669, 9.999005824544986], [104.01012605301531, 9.99900347925088], [104.01012979656467, 9.999000953126155], [104.01013701029326, 9.99899571964331], [104.01014422429243, 9.99899030532972], [104.01015125599959, 9.998984800332238], [104.01019362920628, 9.998951408951202], [104.01020413136072, 9.998943015763182], [104.01021171129514, 9.99893687866252], [104.01023755655528, 9.998915669048127], [104.01025363045235, 9.99890213037282], [104.0102638596398, 9.998893284703708], [104.01027746819621, 9.998881460294543], [104.01029098553805, 9.998869635750578], [104.01029765306272, 9.998863678136551], [104.0103043207225, 9.998857630107082], [104.01030751779965, 9.998854560683384], [104.01031071487671, 9.99885149125965], [104.01031692687428, 9.998845171313162], [104.01032304779338, 9.998838760817069], [104.01033218363249, 9.998829099797973], [104.01033821347276, 9.998822598752119], [104.01034406102109, 9.998816007022514], [104.01034972627734, 9.998809324609164], [104.0103553004552, 9.998802551646262], [104.01038563965551, 9.998764983425326], [104.01039386416728, 9.998754778571017], [104.0104023621838, 9.998744664534215], [104.01041122491866, 9.998734641449046], [104.01042913186642, 9.998715228453232], [104.01045918942576, 9.998682994324486], [104.01047124855437, 9.998670353888608], [104.01048029290021, 9.998660873561368], [104.01048650475553, 9.998654644026608], [104.01049271647531, 9.998648504907006], [104.01049582233512, 9.99864543534716], [104.01050230742446, 9.998639477460308], [104.0105089748053, 9.998633610256858], [104.01053126026044, 9.99861402286191], [104.01053692307407, 9.998608967920264], [104.01054349964603, 9.998602829336052], [104.01056012377244, 9.998587302312503], [104.01064288115016, 9.998508581661092], [104.01065247209108, 9.998499554209602], [104.01066224532316, 9.99849061744125], [104.01067174437327, 9.998482041931556], [104.01068800133437, 9.998468051424702], [104.01070097028166, 9.998456949380266], [104.01071448664403, 9.99844575772433], [104.01072133590311, 9.998440252445498], [104.01072818516194, 9.998434747166502], [104.01073494280139, 9.99842951299921], [104.0107485486169, 9.998419496874694], [104.01075530598527, 9.998414443537538], [104.01076188119697, 9.998409209101553], [104.0107651690732, 9.998406411052908], [104.0107684570846, 9.998403522588923], [104.01077485081555, 9.998397654977474], [104.01078453336875, 9.998388356409937], [104.01079421632703, 9.99837878659618], [104.01080051965491, 9.998372376358349], [104.0108037171283, 9.99836903568345], [104.01080938182653, 9.998362714922486], [104.01081495544634, 9.998356303612093], [104.01082336168514, 9.998346551090357], [104.01082875314795, 9.998339958681044], [104.01083688601604, 9.998330024926254], [104.01083944512985, 9.99832659289749], [104.01084456335735, 9.998319728839908], [104.01084940821474, 9.998312683549571], [104.01085425307191, 9.998305638259147], [104.01087034232617, 9.998281792206607], [104.01087774764737, 9.99827041073371], [104.01089749503271, 9.99824015055366], [104.01090745973461, 9.998225156220068], [104.01091477262311, 9.998214588349901], [104.01092720373488, 9.998197156420472], [104.01093734923872, 9.998183247337447], [104.0109450265733, 9.998172951248378], [104.01095032695248, 9.998166268287484], [104.0109531595688, 9.998162927074976], [104.01095891587936, 9.998156335199171], [104.01096476326798, 9.998149833872539], [104.010973716642, 9.998140172565645], [104.01098276109367, 9.998130601807771], [104.01098879050258, 9.99812437199454], [104.01099472815724, 9.998118503708412], [104.0110031319516, 9.99811037865693], [104.01101610236071, 9.998098282030456], [104.01102898087971, 9.998086637345967], [104.01103756642338, 9.99807896463798], [104.01104277220715, 9.99807454192406], [104.01104916498072, 9.998069307213813], [104.01105884508377, 9.99806163611277], [104.01107236006624, 9.998051348593727], [104.01108532709208, 9.998041512346912], [104.01110358962629, 9.998028248086891], [104.01112185215904, 9.998014983825788], [104.01113290059405, 9.998007224316229], [104.01113993091244, 9.9980026234488], [104.01114696123064, 9.99799802258121], [104.01117882522061, 9.997977635463497], [104.01120311147514, 9.997961938823348], [104.01121361154577, 9.997954901829846], [104.01122055078372, 9.997950210411373], [104.01122392932437, 9.997947774152854], [104.011230960721, 9.99794244996091], [104.01123790103918, 9.997937035219575], [104.01124475027888, 9.997931529928886], [104.01125150844014, 9.997925934088808], [104.01125799323138, 9.997920157016274], [104.01126119029041, 9.99791708758239], [104.01126429613606, 9.997914018014557], [104.01126721996027, 9.997910676932982], [104.01127014391952, 9.997907245436052], [104.0112756272547, 9.997900201075904], [104.01128101978158, 9.997892885335837], [104.01128613866828, 9.997885569193977], [104.01129116661158, 9.997878072087516], [104.01129363490895, 9.997874368674966], [104.01129592104978, 9.997870484163982], [104.0112981159773, 9.997866599519096], [104.01130012861317, 9.99786262419109], [104.01130205003574, 9.997858648729183], [104.01130378916669, 9.99785458258418], [104.01130717635027, 9.99784635974492], [104.01131212050794, 9.99783388966217], [104.01131853029095, 9.997817262617232], [104.01132622313725, 9.997796568757533], [104.01134197719131, 9.997752830774852], [104.01134655581772, 9.99774081223242], [104.0113514086238, 9.99772843243028], [104.01135662614752, 9.997716143578852], [104.01136001319314, 9.997708011154185], [104.01136358266507, 9.997699878997196], [104.01136742523641, 9.997692108903012], [104.01137126740241, 9.99768461005472], [104.01137520064641, 9.99767720175554], [104.01138132854521, 9.99766608964134], [104.01138782129658, 9.997654978062444], [104.01140181081881, 9.99763230430009], [104.01140647403746, 9.997624716240711], [104.0114108637512, 9.997617037364373], [104.01141498036519, 9.997608996425146], [104.01141891468752, 9.99760086480282], [104.01142467948587, 9.99758857675315], [104.01148882855895, 9.99744897891845], [104.0114962412647, 9.997432624587033], [104.0115120750141, 9.997396572028997], [104.01151747454732, 9.997384554687864], [104.01151939582921, 9.997380669639654], [104.01152342135917, 9.997372538149564], [104.01153174565296, 9.997356546816604], [104.01154455113561, 9.997332695908003], [104.01154894124696, 9.997324745783418], [104.0115535135144, 9.997316976757027], [104.01155808537663, 9.997309478976504], [104.01156283925998, 9.997302252709469], [104.01156768408627, 9.997295207406806], [104.01157508814507, 9.997284639653357], [104.01158267449463, 9.997274162582638], [104.01158788390266, 9.99726729864548], [104.01159053407822, 9.99726395715908], [104.01159318425367, 9.997260615672666], [104.01159601658539, 9.997257455284451], [104.01160168111369, 9.997251224923268], [104.01161045107274, 9.99724219623629], [104.01162241781014, 9.997230278941718], [104.01163155235062, 9.997221431619927], [104.01163776334657, 9.997215744552697], [104.0116439743423, 9.99721005748535], [104.0116716480892, 9.997185866716782], [104.01167758490462, 9.997180540908667], [104.01168379576404, 9.997174944255814], [104.01169018972426, 9.997168895793797], [104.01169968951851, 9.997159777759082], [104.0117059013218, 9.997153548198538], [104.01171202191179, 9.9971473185041], [104.01171494558945, 9.997144067833206], [104.01171777805392, 9.997140817028516], [104.01172061078825, 9.997137385393161], [104.01172326109631, 9.997133953490248], [104.01172837969085, 9.99712681817087], [104.01173331599391, 9.997119592168554], [104.01173560171915, 9.997115978899828], [104.01173788771422, 9.997112184800457], [104.0117400823612, 9.997108480982625], [104.0117420036387, 9.997104595932852], [104.01174365087208, 9.997100981727751], [104.01174529810537, 9.997097367522638], [104.0117466718343, 9.997093662500921], [104.01174932807898, 9.997086252323708], [104.01175198553793, 9.997078028408579], [104.01175446057056, 9.997069804225912], [104.01175565254776, 9.997065646860024], [104.01175666209876, 9.997061489226637], [104.01175758043664, 9.997057331459471], [104.01175831648325, 9.997053083009481], [104.01175887023862, 9.997048743876652], [104.01175924170273, 9.997044314061007], [104.01175971099168, 9.997035454028422], [104.01176000473606, 9.997021982547013], [104.01176014911293, 9.996986359044648], [104.01176064511839, 9.996959596778623], [104.0117607496898, 9.996950645795652], [104.0117611279003, 9.996941695213941], [104.01176140815116, 9.996937265264492], [104.01176205946106, 9.99692867674531], [104.01176335587387, 9.996915658811664], [104.01176492579076, 9.996902731694586], [104.01176603316569, 9.996894143844125], [104.01176741431456, 9.996885465979576], [104.01176980568809, 9.996872178404889], [104.01177237935255, 9.996858981512986], [104.01177522652098, 9.996845875437602], [104.01177724629542, 9.996837108093882], [104.01177843840628, 9.99683286031249], [104.01178100518885, 9.996824274601842], [104.01178375412744, 9.996815869989296], [104.01178668549194, 9.996807465644213], [104.01178979914735, 9.99679915198189], [104.01179309522864, 9.996790838587012], [104.01179474313432, 9.996786772304883], [104.01179831244957, 9.996778730557123], [104.0118021552688, 9.996770779625852], [104.01181002319771, 9.996754968445938], [104.01181798233884, 9.996739157399515], [104.01182411114827, 9.996727412367727], [104.01182822720047, 9.99671973308324], [104.01183462897357, 9.99670844052901], [104.01184130425024, 9.996697238791143], [104.01184788817858, 9.99668612733471], [104.01185255096793, 9.996678810513483], [104.01185501911456, 9.996675197511093], [104.01185739591321, 9.996671674790282], [104.01186013769865, 9.996668062189014], [104.01186571207762, 9.996661108366084], [104.01186817914477, 9.996658218686168], [104.01186836157072, 9.996658218953602], [104.01189540647464, 9.996627517323278], [104.01192911032416, 9.996596554204773], [104.01196590475288, 9.996572738438703], [104.01200578598664, 9.99655860165329], [104.01203551196883, 9.996564974304547], [104.01207107261489, 9.99657334464486], [104.01208868197388, 9.996569844243513], [104.01210713058622, 9.996554048559595], [104.01212234069766, 9.996507958928506], [104.01216366862963, 9.996379991095774], [104.0121895868947, 9.996309595371713], [104.0122423910118, 9.99619276544751], [104.01225991308031, 9.996125431544765], [104.01226110572105, 9.996120822099718], [104.01227550781141, 9.996066051384119], [104.01227871926358, 9.996053307498261], [104.01228073861445, 9.99604481139619], [104.01228239338353, 9.996036133929046], [104.01228312955521, 9.996031795061871], [104.01228451095527, 9.996022936363241], [104.01228635502322, 9.996009647981287], [104.01229050569162, 9.995978731949288], [104.01229253218456, 9.99596544383443], [104.01229409587481, 9.995956675818226], [104.01229510568449, 9.995952337351765], [104.01229611535933, 9.995948089300631], [104.01229859063812, 9.995939684281641], [104.01230262273337, 9.995927122428343], [104.01231407419382, 9.99589368545357], [104.0123180142665, 9.995881665958402], [104.01232213797724, 9.99586883299234], [104.01233157763197, 9.995838828860508], [104.01233570134156, 9.995825995894185], [104.01233863268203, 9.995817591542645], [104.012343211781, 9.995805211320764], [104.01236701939759, 9.9957433115457], [104.01239797258609, 9.995660626658877], [104.0124027342405, 9.995648156287631], [104.01240593908081, 9.99563984275126], [104.01240941742428, 9.995631620030865], [104.01241289563285, 9.995623487725757], [104.01241875103001, 9.99561156144889], [104.0124306439789, 9.995587889992546], [104.01243439542033, 9.995580029333807], [104.01243622573668, 9.995575963314637], [104.01243796484033, 9.995571897161904], [104.01244126062213, 9.99556376458931], [104.01244593106065, 9.995551294083679], [104.01245335027338, 9.99553050937325], [104.0124606782724, 9.995509724529047], [104.01247213037388, 9.995475835469858], [104.01247927661863, 9.995454598281292], [104.01248340018225, 9.995441855727682], [104.01248715808667, 9.995429655131893], [104.01249348193383, 9.995409411309797], [104.0124984315288, 9.995393234174827], [104.01250209821941, 9.995381033445257], [104.01250668336712, 9.995364584529947], [104.01251704562122, 9.995327529329249], [104.01252630658668, 9.995294993292777], [104.0125296085593, 9.995282701613304], [104.01253153601189, 9.99527465745196], [104.01253328157803, 9.99526625136221], [104.01253484458417, 9.995257935420739], [104.0125361340871, 9.995249528663368], [104.01253714995222, 9.995241121505424], [104.01253761234581, 9.99523687265203], [104.01253789217952, 9.995232713946931], [104.01253798972273, 9.995228464559455], [104.01253790497542, 9.995224124489607], [104.012537637803, 9.995219784152727], [104.01253718834008, 9.995215353133466], [104.01253601550717, 9.995206671525073], [104.01253402836116, 9.995193558363347], [104.01252634708537, 9.995145355637833], [104.01251604637491, 9.995079879709944], [104.0125064670168, 9.995020010600992], [104.01249408324264, 9.99494458591377], [104.0124917315188, 9.994931291386955], [104.01249010289463, 9.994922428280047], [104.01248819995958, 9.994914016849265], [104.01248638823706, 9.994905605551995], [104.01247931730703, 9.994876300566261], [104.01247306095924, 9.994851246303197], [104.01247088425275, 9.994842924887076], [104.01246861646864, 9.99483451292206], [104.01246262742842, 9.994813708580462], [104.01244692822961, 9.994759617104888], [104.0124416643112, 9.99474188795284], [104.01242904680761, 9.994700911241283], [104.01242541676642, 9.994688518997876], [104.01242314871494, 9.994680287863256], [104.01242106322316, 9.994671966580379], [104.01241906894386, 9.994663645431025], [104.01240982751756, 9.994621859921763], [104.01240421141732, 9.994595631192865], [104.01240240023726, 9.9945868582338], [104.01240077161683, 9.994577995126471], [104.01240004851904, 9.994573563706354], [104.01239941663366, 9.994569132419777], [104.0123989671731, 9.994564701400291], [104.01239815932966, 9.994555929910197], [104.01239789162034, 9.994551951234515], [104.0123976298388, 9.994543994283777], [104.01239745926968, 9.994536037466581], [104.01239746519751, 9.994532059191537], [104.0123976535501, 9.99452808118357], [104.01239793298036, 9.994524193724498], [104.01239830375775, 9.994520215983622], [104.01239885695988, 9.994516238509842], [104.01239950137436, 9.994512261169605], [104.01240032821359, 9.994508284096447], [104.01240207283494, 9.994500510914364], [104.01240308196418, 9.994496624523636], [104.01240427419172, 9.994492286323267], [104.01240555749692, 9.994488038671772], [104.01240848895667, 9.994479543902964], [104.0124116027063, 9.994471139816527], [104.01241325072603, 9.994466983114503], [104.01241498982343, 9.994462916961357], [104.01241682013308, 9.994458850941744], [104.01241883273278, 9.994454875604525], [104.01242102762242, 9.994450990949717], [104.01242340480202, 9.994447196977317], [104.01242578198155, 9.994443403004887], [104.01243099213289, 9.994435996558336], [104.01244113758538, 9.994421997002442], [104.01245146519223, 9.994408178543932], [104.01245676547713, 9.994401495553195], [104.01245950683182, 9.994398154191304], [104.01246233912943, 9.994394993793616], [104.01246535358226, 9.994392014493632], [104.01246836790034, 9.994389125608967], [104.01247183787603, 9.994386508637918], [104.01247530744756, 9.994384162912864], [104.01247886823144, 9.994381817321297], [104.01248261117048, 9.994379652827417], [104.01248644518718, 9.99437757888235], [104.01249411308572, 9.994373521407436], [104.01250196300471, 9.994369735445387], [104.01250981278882, 9.994366039898493], [104.0125138288258, 9.994364237466165], [104.01251784459338, 9.994362615864462], [104.01252195143859, 9.994361084811567], [104.01253025607184, 9.99435820366982], [104.01253445372521, 9.994356943996312], [104.01254284889721, 9.994354515064467], [104.01254704641583, 9.994353345806145], [104.01255589711067, 9.994351279202867], [104.01257797790444, 9.994346338665217], [104.0125822665005, 9.994345259955272], [104.01258655523124, 9.994344090829928], [104.01259075274957, 9.994342921571032], [104.01259476811254, 9.994341571214411], [104.01260270789538, 9.994338689536844], [104.01260672352758, 9.994337158349389], [104.01261055700444, 9.994335446064216], [104.01261429940351, 9.994333643230158], [104.01261795099421, 9.99433156901654], [104.01262187729914, 9.994328771880566], [104.01262589575894, 9.994325341970596], [104.0126298238143, 9.994321369434997], [104.01263347850181, 9.994317215668234], [104.01263685955226, 9.994313061500991], [104.01263987534934, 9.99430917804584], [104.01264609044514, 9.99430068807962], [104.01264633076978, 9.994261809747428]], [[104.0090325181284, 9.998863713394227], [104.00931311787774, 9.998724616034503], [104.00941815563002, 9.99850831618348], [104.00988936023184, 9.998024744881768], [104.01085445665755, 9.996522373568563], [104.01110903532226, 9.996093183352453], [104.01130221944382, 9.995119420538455], [104.01145208185307, 9.99481403595251], [104.01163898577362, 9.994563406995786], [104.01171603458488, 9.994458457124848], [104.01177164386151, 9.994356549932059], [104.01186873393542, 9.99408517440025], [104.01202865308537, 9.993274019697749], [104.01223383777422, 9.993608767335218], [104.01247186941058, 9.993691846067566], [104.0124640484498, 9.993982339761978], [104.01244003907148, 9.994179772159521], [104.01238714133638, 9.994237289415512], [104.01231492216172, 9.994529135446456], [104.01230579243372, 9.994534818255937], [104.01231027797343, 9.994707608917206], [104.01235416664602, 9.994758486717506], [104.01232708042119, 9.994939458959044], [104.01231097291829, 9.995220537270244], [104.01232472002496, 9.99566639639816], [104.01218552125985, 9.995610496545446], [104.0120821975183, 9.995841447261283], [104.01202518170817, 9.995968940022708], [104.01188442690336, 9.996283470164784], [104.01171513390666, 9.996528971338483], [104.01160709886388, 9.996677094342465], [104.01143189266782, 9.996911827227494], [104.01082492776827, 9.997970244081207], [104.01040602966707, 9.998488251592592], [104.00975024484883, 9.999069200556876], [104.00963169139652, 9.999113691187482], [104.00931439761666, 9.999391612885148], [104.00915906454944, 9.999267243434018], [104.0090325181284, 9.998863713394227]], [[104.0075482993989, 9.995220399952007], [104.00699908185241, 9.9940266456163], [104.00705608878701, 9.99378495901783], [104.0073455428651, 9.993578335852538], [104.00771861357315, 9.992902941296489], [104.00782663457393, 9.992764403565856], [104.00804093883599, 9.992611646721661], [104.00833650817295, 9.992522662198972], [104.00837019549982, 9.992624067694699], [104.00839724664358, 9.992892822479277], [104.00843447240213, 9.993553362615897], [104.0088579084297, 9.993898922416486], [104.0088783006652, 9.99404669141042], [104.00917194023567, 9.994697754219823], [104.0075482993989, 9.995220399952007]], [[104.0076029069604, 9.996027529205657], [104.00700204895607, 9.996476728321074], [104.00625576373517, 9.994831417488783], [104.00634712115462, 9.99467495334538], [104.00693274411337, 9.994104666380325], [104.0076029069604, 9.996027529205657]], [[104.00843414382388, 9.999600078039627], [104.00815191459523, 9.999244961295132], [104.0084119587324, 9.999006558179124], [104.00881924193591, 9.998633020157428], [104.00907153545128, 9.99900002705449], [104.00843414382388, 9.999600078039627]], [[104.00999147900261, 9.995981143341488], [104.01044270276407, 9.99604663495332], [104.01037672478243, 9.996494004276213], [104.00992550042584, 9.996428512547944], [104.00999147900261, 9.995981143341488]], [[104.01048024387056, 9.995645697366921], [104.01054622134912, 9.995198418401278], [104.0109974443213, 9.995263818802997], [104.01093146743776, 9.995711097885028], [104.01048024387056, 9.995645697366921]]]], "type": "MultiPolygon"}, "properties": {"id": 23, "area": 606775.85, "perimeter": 3502.55}}, {"type": "Feature", "geometry": {"coordinates": [[[[104.01190196862966, 9.969754927416702], [104.0119571133699, 9.96971694304497], [104.01169101102613, 9.96901881621774], [104.01171676649597, 9.968504659977736], [104.01241078040115, 9.96817592827016], [104.01247222523683, 9.96801028605166], [104.0126513873066, 9.967925285620112], [104.01282556236863, 9.968066226614487], [104.01240363021309, 9.968323024140448], [104.01255345869816, 9.96858327841961], [104.01307336325303, 9.968253115662229], [104.01314533234056, 9.968370580179954], [104.01323478479448, 9.968814380395836], [104.01328179599957, 9.968910108733397], [104.01334024692001, 9.96897954277571], [104.0134582279524, 9.969005754455695], [104.01352007050833, 9.969002227949199], [104.01366889349835, 9.968957146514981], [104.01372119299111, 9.968931002145565], [104.01375014606916, 9.96890337711385], [104.01381380018653, 9.96878520608868], [104.01381638126487, 9.96876676504547], [104.01381887006583, 9.968749047193404], [104.013821268867, 9.968730515468959], [104.01382302896342, 9.968712163645757], [104.01382332870422, 9.968694533021479], [104.01382198541138, 9.968677804161539], [104.0138195424311, 9.968664599912337], [104.01380457757661, 9.968607887478136], [104.01382234038076, 9.968561349261176], [104.01382765211868, 9.968546619237504], [104.01383259930336, 9.968531707851467], [104.01383709099757, 9.968516434139264], [104.01384130907587, 9.96850116002855], [104.01385075746349, 9.968464555429025], [104.01386001057824, 9.968436630451746], [104.01386349325283, 9.968425243144797], [104.013866704723, 9.968412227960332], [104.0138696451227, 9.968397494482858], [104.01387240592497, 9.968380862014168], [104.01387480391571, 9.968362872781684], [104.01388172561032, 9.968308000530511], [104.01390514336946, 9.968261289709158], [104.01391548062054, 9.96824032831683], [104.0139258213527, 9.96821701612095], [104.01393433945506, 9.968192706698533], [104.01397925105334, 9.968043495755833], [104.01399603076503, 9.967983303323445], [104.0139966961176, 9.967965130735768], [104.01399425902649, 9.967947948204884], [104.01398935779338, 9.96793184707555], [104.01397173071565, 9.967886794397014], [104.01397612502325, 9.967814106568644], [104.01404266915405, 9.96777659049362], [104.01407065729597, 9.967784587809403], [104.0140808682357, 9.967787315140916], [104.01409263220403, 9.96778832683385], [104.01409774035176, 9.967787882189123], [104.01417884539835, 9.967771906213716], [104.01421008386015, 9.967802240926623], [104.0142250224691, 9.967815101691327], [104.01424552779551, 9.967825800577167], [104.01427196546258, 9.967833795620777], [104.01430442654129, 9.967839177368942], [104.01430962469024, 9.967839546593273], [104.01442626570115, 9.967846587838176], [104.01449283022762, 9.96785690161134], [104.01450495219777, 9.96786252501166], [104.01452937854941, 9.967873772076258], [104.0145569040002, 9.967886289464907], [104.01458634475833, 9.967898809635892], [104.01461642542515, 9.967910336161832], [104.01464687278653, 9.96792059739824], [104.01467704880828, 9.967929321170457], [104.01477113735616, 9.967953146837024], [104.01483567147778, 9.967979642005119], [104.01495195941884, 9.968040479906003], [104.01501109977927, 9.968075556698548], [104.01503871099312, 9.968091781217831], [104.01507716652704, 9.968114169753871], [104.0151272870977, 9.968142813910713], [104.01518898150611, 9.968177713550906], [104.01526124917503, 9.96821705890129], [104.01533881543938, 9.968250534906687], [104.01541649656028, 9.968268007479212], [104.01549320060168, 9.968267757135068], [104.01556865393574, 9.968249783477368], [104.0156402989367, 9.968216704851887], [104.01579845637208, 9.968458886730685], [104.0158660017021, 9.968422727977954], [104.01592964093581, 9.968375894491995], [104.01601112036903, 9.96829165474434], [104.01608180608723, 9.968228737441992], [104.01614279643854, 9.968184522128585], [104.01621539381635, 9.968124048790399], [104.0163071784871, 9.968040366389177], [104.0163963254939, 9.96795170727445], [104.01645405981832, 9.967888861541919], [104.01652066005722, 9.96781309918621], [104.01657375220286, 9.96774391760679], [104.01662467711627, 9.96765999511497], [104.01680249868133, 9.967307721525906], [104.01685160788756, 9.967218009756522], [104.01692716456922, 9.967067667276769], [104.01698568695947, 9.96696494923363], [104.01705205664643, 9.966859710886633], [104.01710242940798, 9.966778952058284], [104.01717965823065, 9.966669751091786], [104.01732110229186, 9.96649373527386], [104.01738185537036, 9.966424474200542], [104.01744727036115, 9.966348077006801], [104.01754753302801, 9.966204551238771], [104.01758806291356, 9.966118714821196], [104.01762780210241, 9.96601235287796], [104.01766043741232, 9.965899109070063], [104.01769186352207, 9.965801867100463], [104.017731524583, 9.965686553866353], [104.01776214588348, 9.965578370417532], [104.01779741579581, 9.96547209240735], [104.01783779883868, 9.965361933895881], [104.01788209142002, 9.965260099271827], [104.017937023137, 9.965179889365148], [104.01799922580855, 9.965116959353193], [104.01805902395573, 9.965076629800816], [104.01812850885437, 9.965023294342428], [104.01817847761563, 9.964968845724554], [104.0182345956615, 9.964888094978836], [104.01829192295277, 9.964791251958449], [104.01837315551863, 9.964687752631967], [104.01844503613155, 9.964617693636468], [104.01851879698752, 9.964571507099635], [104.01858188402333, 9.964527294307594], [104.01864727766296, 9.964465001671059], [104.01869004563667, 9.964407468452793], [104.01871843609504, 9.964327581813095], [104.01873243406231, 9.964235558717329], [104.01873554122777, 9.964169107594445], [104.01875377102469, 9.964114432312302], [104.01878951807966, 9.964055623140302], [104.01882054120179, 9.9639840585328], [104.01883317371275, 9.963890225146198], [104.01883261623595, 9.963772774237766], [104.0188324678626, 9.96368733110622], [104.01886149372788, 9.963609434509154], [104.0189049913101, 9.963551811888813], [104.01896998410155, 9.963513930859541], [104.01905065281166, 9.963483667314428], [104.01911308524421, 9.963450303358815], [104.01917857347549, 9.963385479093914], [104.01922583482468, 9.963311134923073], [104.0192612423093, 9.963234965368763], [104.01928524136393, 9.96316420433966], [104.01931090299192, 9.963079160004847], [104.01933624770662, 9.963023681176379], [104.01925296430296, 9.962971120166275], [104.01890794790445, 9.96284123845472], [104.01882129810117, 9.962409830325088], [104.0189317718937, 9.961769574347462], [104.01929532823226, 9.961382846770668], [104.01954847578071, 9.960595237126656], [104.02002060220754, 9.959993655915751], [104.02009293722318, 9.959798913716742], [104.02022403818596, 9.95933300839788], [104.02061206443771, 9.958737001614159], [104.02073685186996, 9.958159332978008], [104.02082294592131, 9.957659999318745], [104.02071453271213, 9.957266806195193], [104.02057132151816, 9.956595534403109], [104.0198353954348, 9.956044930560491], [104.01970929800862, 9.955646738877679], [104.01952638692273, 9.955245300945181], [104.01929361806877, 9.954325256388383], [104.01937591605973, 9.953927725826741], [104.0192639035443, 9.953690132776869], [104.01925465367812, 9.953529450519227], [104.01785716673155, 9.953971379929998], [104.01783887386348, 9.954193686063837], [104.01661111984704, 9.954069942240237], [104.01603470397528, 9.954023719608035], [104.01628241401103, 9.954142794042511], [104.01631144278082, 9.954186597290814], [104.01632619798394, 9.954261754171906], [104.01632816844923, 9.954472064184431], [104.01633077103178, 9.954624689826494], [104.01681842609898, 9.954624400412408], [104.01690292140772, 9.955153635837519], [104.01691195569614, 9.955646234207116], [104.01698689252277, 9.955915510346896], [104.01702659870507, 9.956140974319668], [104.01710496284855, 9.956436475969744], [104.01718341832303, 9.956731977734623], [104.01746095984242, 9.95777830854161], [104.01760550728503, 9.95815663609121], [104.01753453890488, 9.958289535286582], [104.01744654271282, 9.958403965053881], [104.01731179264306, 9.95843378849992], [104.01839532176534, 9.958778298894552], [104.01827237546604, 9.959403527803167], [104.01659635242918, 9.95889948067328], [104.01657827419065, 9.958851172493167], [104.01568225977782, 9.959186854698993], [104.01492970480902, 9.95933793287837], [104.01505456669622, 9.959952037117608], [104.01499900949337, 9.96033242598756], [104.01467256849978, 9.960719654727901], [104.01433087106933, 9.960753606614873], [104.01392036093968, 9.959955633218206], [104.01385312128832, 9.959478321096439], [104.01383471012987, 9.95947033772496], [104.01381693966636, 9.959460818217002], [104.01380017444083, 9.959449943934581], [104.0137842320482, 9.959437714612449], [104.01376947716518, 9.959424221197091], [104.0137080050814, 9.959363553195386], [104.01364662408905, 9.959302975731518], [104.01358515205067, 9.959242307708926], [104.0135225039104, 9.95917521844592], [104.01346570012565, 9.959103164815344], [104.01341501336475, 9.959026780127287], [104.01337089896779, 9.958946517126154], [104.01330472207201, 9.958798952676304], [104.01317839659231, 9.95855943820495], [104.01317027569281, 9.958562048431398], [104.01291431271059, 9.957979759750739], [104.01274641249117, 9.958038918144878], [104.01257558894766, 9.958039844453198], [104.01239539439608, 9.957779636356499], [104.01229385616588, 9.95761556447118], [104.01201426606666, 9.95765258847646], [104.01171949525158, 9.957839951422413], [104.01164191707929, 9.95787772226137], [104.01131484857105, 9.957827696361495], [104.01123573536353, 9.957977670769555], [104.01098961879696, 9.958257961127655], [104.01087934066283, 9.95839007793628], [104.01121334021548, 9.959298611642271], [104.01126000924256, 9.95943918592169], [104.01152050592191, 9.960099239877596], [104.01173682655835, 9.960659952646562], [104.01220300977505, 9.961612711066374], [104.01260918450127, 9.962073339038538], [104.01284170993007, 9.96320911876076], [104.0127057468514, 9.963194363515917], [104.01256503889772, 9.964041082154106], [104.0120523287522, 9.965118992794451], [104.0119531041348, 9.965483132627947], [104.01169441067671, 9.96575354945879], [104.01139602796981, 9.965543800731245], [104.0112063836849, 9.965808983652442], [104.01093455129117, 9.965531642458087], [104.01059157417633, 9.965808625711448], [104.01017826951279, 9.966029990216319], [104.01027298369219, 9.966245137577252], [104.00845330366462, 9.966464886512606], [104.00836475246922, 9.966459150384587], [104.00836624863143, 9.966495409258393], [104.00837358423564, 9.966590989387937], [104.00835631912184, 9.966670168067527], [104.00827068972815, 9.966783965684785], [104.00827139229649, 9.966862899569193], [104.0083007210689, 9.966949922598575], [104.00833374139187, 9.96700801805795], [104.00841223282643, 9.967153793211173], [104.00843612783936, 9.96721513018987], [104.00844187555327, 9.967274812970716], [104.00844906439647, 9.967346613567969], [104.008474956183, 9.967414463409398], [104.00851765119623, 9.967467961896881], [104.00856273867223, 9.967507359061493], [104.00858000056249, 9.967552140206987], [104.00857783176379, 9.96759960522361], [104.00856311563061, 9.967681952207736], [104.0085468787975, 9.96774440551269], [104.00850961858772, 9.967776809880005], [104.0084749236199, 9.967801532690308], [104.00844213433325, 9.967832677812213], [104.00843351190439, 9.967865485992451], [104.00843717342316, 9.967917480371446], [104.00842908860373, 9.967956708852611], [104.00840487161358, 9.967988499499773], [104.00836561528378, 9.968013938906067], [104.00833666239903, 9.968041201792653], [104.00832867080112, 9.968079074173234], [104.00835497457767, 9.968115459990152], [104.00839542028147, 9.968148430834187], [104.00838461934899, 9.9681742738008], [104.00836168232362, 9.968203986768675], [104.0083633565589, 9.968243139201444], [104.00840979688572, 9.968292755347221], [104.00842122153243, 9.968337618320676], [104.00839363493691, 9.96836605862541], [104.00834775798275, 9.96836653356495], [104.00828930326786, 9.968361293789956], [104.0082506872162, 9.968385468303861], [104.00823709441708, 9.96844846797485], [104.00824524312125, 9.968549202984738], [104.0082716897774, 9.968672840097923], [104.00829528712603, 9.96875027062802], [104.0083011866003, 9.968769537844883], [104.00833978499004, 9.968878907180803], [104.00836136406559, 9.968964200893836], [104.00838438251985, 9.969062787822027], [104.00843369902793, 9.969201648424939], [104.00847956909976, 9.969266724797215], [104.00853785598022, 9.969323229958945], [104.00860235825058, 9.969370793113104], [104.00866551263523, 9.969404882343381], [104.00872538851465, 9.969435711775027], [104.00878678024122, 9.9694896898276], [104.00884610214804, 9.969525039204983], [104.00893052409161, 9.969548038554258], [104.00901814703211, 9.96956516557457], [104.0091052074629, 9.969592508711482], [104.00919050605978, 9.96963919818131], [104.00927572686516, 9.969676936368318], [104.00936262792612, 9.969688908548214], [104.00943889513745, 9.969676000779852], [104.00953187821398, 9.969646209829367], [104.00959711320365, 9.969630844593022], [104.00964308343863, 9.96962910380802], [104.00968920635627, 9.969647254681403], [104.00972646870552, 9.969674524515376], [104.00976835389604, 9.969720969249662], [104.00979392737113, 9.969757986800186], [104.00985132359084, 9.969800385597779], [104.00994542899976, 9.969813001115739], [104.01004558193047, 9.96980690944555], [104.01013216427913, 9.969788049225752], [104.01021083253094, 9.969755253362313], [104.01027983582374, 9.96972054457279], [104.01033731631283, 9.969706524049823], [104.01039704454968, 9.969714206568668], [104.01043485136833, 9.969743375853671], [104.01047010821814, 9.969770009757188], [104.01055004591159, 9.969803309512837], [104.01059498512652, 9.969820192709713], [104.01063663703741, 9.969839693135647], [104.0106750774762, 9.969872118287109], [104.01070794373318, 9.969911678100619], [104.01073031367652, 9.969956376219312], [104.01074574715042, 9.970004319133889], [104.01079969957355, 9.970032065392715], [104.01084646671963, 9.970046419598106], [104.01087132997695, 9.970070506593334], [104.01086069432036, 9.970107923088726], [104.01085206248763, 9.970147150832865], [104.01085957053733, 9.970188753033849], [104.01088507116673, 9.970213564287546], [104.01093247772536, 9.970227286509424], [104.01101154099058, 9.970235449328543], [104.01106790497863, 9.97023625521449], [104.01114297716576, 9.970229674405392], [104.0111975027617, 9.970240061636545], [104.01128647876153, 9.97026749744076], [104.01133972654786, 9.970278515687973], [104.01138634299168, 9.970271621920258], [104.01142103317737, 9.970250153769586], [104.01145485061998, 9.970202282965639], [104.01149379751149, 9.97013968191178], [104.01152513609114, 9.97010274776662], [104.01158222074865, 9.970048310650785], [104.01162899916014, 9.969993858446495], [104.01166857299167, 9.969938943617286], [104.01170640717613, 9.9698885470211], [104.01174174650455, 9.969859846530195], [104.0117835537483, 9.969836309187414], [104.01183695861504, 9.96980302390702], [104.01190196862966, 9.969754927416702]], [[104.0157470827033, 9.959944180712313], [104.01581304364082, 9.9594968086555], [104.01626431041254, 9.959562199922916], [104.01619825886526, 9.960009571963463], [104.0157470827033, 9.959944180712313]], [[104.01458905445395, 9.967793388856869], [104.01465501891742, 9.967346107802673], [104.01510629609838, 9.967411501103664], [104.01504024102334, 9.967858782141313], [104.01458905445395, 9.967793388856869]], [[104.01436312566133, 9.96632344334376], [104.0144290901723, 9.965876071880102], [104.01488027408163, 9.965941465261805], [104.01481431016398, 9.96638883684136], [104.01436312566133, 9.96632344334376]]]], "type": "MultiPolygon"}, "properties": {"id": 27, "area": 1116228.8, "perimeter": 6902.77}}, {"type": "Feature", "geometry": {"coordinates": [[[[104.0212354580319, 9.920671335881892], [104.0212350001026, 9.920672691468944], [104.02123417714274, 9.920674227367046], [104.02123362880916, 9.920675040328778], [104.02123335444543, 9.92067558243343], [104.0212324408187, 9.920676756537922], [104.02123125348464, 9.920678020667765], [104.02123034051432, 9.920678742692953], [104.02122897092754, 9.920679916146595], [104.02122751041128, 9.920680908638333], [104.0212260502889, 9.920681629882505], [104.02122459029779, 9.92068226071079], [104.02122303937726, 9.920682710577193], [104.02122148858803, 9.920683070027733], [104.02121993806134, 9.920683248646547], [104.02121838766593, 9.920683336849486], [104.02121665514912, 9.920683243960365], [104.02121510514759, 9.920683060915714], [104.02121200580102, 9.920682242747104], [104.02120918081823, 9.920680882473826], [104.02102561438382, 9.920552952932832], [104.02102397877707, 9.920862806379152], [104.02078694536522, 9.921193571334753], [104.02035022738171, 9.921380198669066], [104.01975699146945, 9.92146307497742], [104.01957562671616, 9.921263719149303], [104.01946592768851, 9.920947196334263], [104.01949198356007, 9.920839276931517], [104.0194662966484, 9.920694031996597], [104.01986754223446, 9.920631405805276], [104.02055311359996, 9.920200197808942], [104.02042996698104, 9.920100473705784], [104.02012134367023, 9.919932762652982], [104.02011979446253, 9.919932037108373], [104.02011824499174, 9.919931492395452], [104.0201166953893, 9.919931038098364], [104.02011496327174, 9.9199306739562], [104.02011496340334, 9.919930583540348], [104.02011332195126, 9.919930581192029], [104.02011158917578, 9.919930669129094], [104.0201100387839, 9.919930757327066], [104.02010839680547, 9.91993111664212], [104.02010675469545, 9.919931566373005], [104.01971653676087, 9.920061930291219], [104.01942622117319, 9.920097228811306], [104.01942622130494, 9.920097138395471], [104.01942448839682, 9.920097316744755], [104.01917973654432, 9.920092173946797], [104.01916961464838, 9.920091888189415], [104.01916660624138, 9.920091250964758], [104.01916505663975, 9.920090796663308], [104.019162322863, 9.920089436504115], [104.01916104749603, 9.920088530515637], [104.01915977212911, 9.920087624527163], [104.01915867940949, 9.920086537968459], [104.0191566766176, 9.920084184280825], [104.01915513031217, 9.92008146958347], [104.01915376889549, 9.920077037246692], [104.01915349980287, 9.920073962716133], [104.01915377799295, 9.9200707985541], [104.01915506113873, 9.920066370008339], [104.01915451187836, 9.920067815877346], [104.01914308310428, 9.920088233515163], [104.01912018731322, 9.920155289381201], [104.01910749478938, 9.920291889794363], [104.01912067364627, 9.920384585110911], [104.01920521816932, 9.920565719184852], [104.01922649877666, 9.92066828145716], [104.01922328552938, 9.92074558254948], [104.01918320974062, 9.920837206946862], [104.01912373468187, 9.920911895729748], [104.01893069297927, 9.921091004281463], [104.0188689954297, 9.92118883632519], [104.01885738304328, 9.921272544895594], [104.01886593295765, 9.921350224516527], [104.01889630854734, 9.92140686851502], [104.01894000031785, 9.921462084955131], [104.01899226891905, 9.921514058714548], [104.01914600962624, 9.921645744060763], [104.0192173581721, 9.921683549828474], [104.01931039151147, 9.921734406569165], [104.01945066288033, 9.921785059726417], [104.0195485865318, 9.921796773274467], [104.01963905363296, 9.921793919134881], [104.01964780848822, 9.921793660426378], [104.01968364916668, 9.921792265102125], [104.01970280073353, 9.92179147878579], [104.0197315280179, 9.921790344517161], [104.01981778657706, 9.921796887568798], [104.01991089140954, 9.921798738765657], [104.01992594116673, 9.921796680740487], [104.02007917541987, 9.921775471455083], [104.02025451673991, 9.921727801826542], [104.02037513449572, 9.92168565964213], [104.02080576377185, 9.92142198913359], [104.02097352845584, 9.921253874124217], [104.02105568764975, 9.921131839386318], [104.0210940230956, 9.921045185142034], [104.02114125155651, 9.920925903396947], [104.02120006137058, 9.920806638175602], [104.02123204677405, 9.920696918753823], [104.0212354580319, 9.920671335881892]]]], "type": "MultiPolygon"}, "properties": {"id": 30, "area": 37144.14, "perimeter": 757.503}}, {"type": "Feature", "geometry": {"coordinates": [[[[104.01653622962813, 9.914391261678645], [104.01652881986577, 9.914344958001728], [104.01650759467792, 9.914329827949686], [104.01648435880308, 9.914317769144361], [104.01644943137318, 9.91431880381574], [104.01643273190855, 9.914326736364885], [104.01640715108165, 9.914359158857412], [104.0163761538468, 9.914416257115878], [104.01634197726938, 9.914464942099286], [104.01630665126271, 9.914489032265209], [104.01623441375504, 9.914499054740645], [104.01616340732792, 9.914477975865644], [104.01608006693898, 9.91441058619215], [104.01599847869505, 9.914329907871926], [104.01592016113246, 9.914257552524072], [104.0158447301123, 9.914206720334453], [104.01577739791999, 9.914167563479197], [104.01570248170226, 9.914138793508975], [104.0155517032895, 9.914104489069224], [104.01547212751687, 9.914081770195933], [104.01539218407412, 9.914061039925562], [104.01525517450857, 9.91402738814799], [104.01519237761966, 9.914004783859276], [104.01515838046078, 9.913993342332596], [104.01505675269625, 9.913959741586076], [104.01499933153005, 9.913940219173709], [104.01494184071369, 9.913906049258577], [104.01489139307719, 9.913857242121548], [104.01485784392526, 9.913789200795145], [104.0148346282379, 9.913701463714283], [104.01485657246587, 9.913599596597635], [104.01489734447382, 9.913468733152696], [104.01490971785212, 9.91342607468085], [104.01490906582487, 9.913373361207077], [104.01488236818376, 9.913297011512634], [104.01483137656946, 9.913184098635146], [104.01479831747517, 9.913092911514605], [104.01469893432665, 9.912649367745185], [104.01456920807279, 9.912314279278936], [104.01451482845717, 9.912211035972195], [104.01446787028136, 9.91214595894684], [104.01443034967322, 9.912112269921282], [104.01435761141789, 9.9120910977692], [104.01422012780704, 9.912070374410646], [104.01417391042126, 9.912059638437565], [104.01413764454382, 9.912040869837414], [104.0141100563178, 9.912012168033543], [104.01408769691648, 9.911962406867548], [104.01407556019595, 9.911906240961642], [104.01407024658073, 9.911861025268387], [104.01405591812406, 9.91180702617325], [104.01402844055168, 9.911765123787179], [104.01397308125661, 9.911708081560757], [104.01394589617964, 9.911653340519603], [104.01394803960899, 9.911622059685902], [104.01397042655083, 9.91159116982495], [104.01403923993641, 9.911552842642763], [104.01410620995124, 9.911527803930456], [104.01416295250516, 9.911512424915983], [104.01424487955624, 9.911486051580427], [104.01432854664388, 9.911454617445045], [104.01438548352851, 9.911431101232077], [104.01443914995973, 9.911399171589837], [104.01447977896537, 9.91136541476333], [104.01453760209421, 9.911297324710883], [104.01457043760112, 9.91123037392549], [104.01458021244447, 9.91115642776018], [104.01455679758266, 9.911080263620223], [104.0144770413471, 9.910994795569762], [104.01440651861046, 9.910955453023654], [104.01427947188485, 9.910906987089989], [104.01416052160576, 9.910871733563855], [104.01406472808297, 9.910840130154822], [104.01383511095104, 9.91077976150119], [104.01381596819203, 9.910713097183972], [104.01374339806658, 9.910639935953323], [104.01369321666644, 9.910596554004007], [104.01359408711686, 9.910539267488534], [104.01342632527913, 9.91045945831832], [104.01334002174947, 9.910423709327581], [104.01325353852795, 9.910386151734917], [104.0131702397423, 9.910353481202232], [104.0130885653044, 9.910332386253158], [104.01303421330489, 9.91033456782565], [104.0129533043501, 9.910350906177472], [104.01291515450983, 9.9103730931689], [104.01290574309166, 9.910385918586625], [104.01290711239508, 9.910384925997224], [104.01293185157769, 9.910366697856057], [104.01293477162837, 9.910365345852222], [104.01293614026449, 9.910364805341713], [104.01293924162583, 9.910364176928836], [104.01294243337573, 9.910364091143034], [104.01294553313608, 9.910364547719745], [104.01294863209596, 9.91036554679125], [104.01295145668821, 9.910367087960697], [104.01295391599068, 9.910368990264208], [104.01295500865825, 9.910370076841247], [104.01295600986995, 9.910371344117596], [104.0129569198926, 9.91037261126167], [104.01295764740378, 9.910373968556982], [104.01295837478155, 9.910375416268089], [104.01295882845874, 9.910376953998162], [104.01306840743963, 9.910892122459105], [104.01306849436037, 9.910895015897042], [104.01298298476196, 9.911618943136709], [104.0129164274621, 9.911796785241222], [104.01246278780219, 9.912209418180817], [104.01237127418865, 9.91224346249799], [104.01244567551119, 9.912435071614246], [104.0129880257626, 9.91240493664174], [104.01301081597227, 9.912286253514004], [104.01305166662901, 9.91216425119052], [104.01317488302566, 9.911965876389303], [104.01328559323373, 9.911838188709018], [104.01329364405558, 9.911758634306768], [104.01307731733156, 9.911528302317977], [104.01318170031432, 9.911362540352636], [104.01346166537506, 9.910920540727206], [104.01365197022663, 9.911111232565537], [104.01391224660782, 9.911406094444997], [104.0139305406982, 9.911615614813373], [104.0139568535333, 9.911705345585922], [104.0140154012192, 9.911950367300506], [104.01406168087017, 9.912104593580564], [104.01431760926701, 9.912690226752902], [104.01445090552656, 9.912768086940272], [104.01450587045134, 9.912783446748124], [104.01443491622712, 9.912975116457329], [104.014548755046, 9.913324106054759], [104.01443569571298, 9.913498897477421], [104.0141987291544, 9.913350181932127], [104.01412046694011, 9.913302600252214], [104.01403327040678, 9.913253468547776], [104.01394617241492, 9.913199364084736], [104.01385396089553, 9.913149953825792], [104.01370765905787, 9.913110501357327], [104.01365720150906, 9.913130500601845], [104.01340293311488, 9.913089444893252], [104.01333053590032, 9.91302243210148], [104.0132012336363, 9.91295714509231], [104.01305903511332, 9.91291796954703], [104.01290990357386, 9.912942346318559], [104.01285551123453, 9.912971562161948], [104.01277142972631, 9.912912760152283], [104.01253733029853, 9.912922818103453], [104.01242921974223, 9.912895265042621], [104.0122946679269, 9.912865141883556], [104.01215743888882, 9.912857166694295], [104.01193752578337, 9.912893827141138], [104.01187737105712, 9.912873124828256], [104.01175373987024, 9.912858026386392], [104.01162249057424, 9.912876280307445], [104.01146983560669, 9.912816745293004], [104.01133296709929, 9.912811663604025], [104.01121501851212, 9.912838707076972], [104.01107916604757, 9.912886429684498], [104.0109658989852, 9.91295416706778], [104.0108806244498, 9.913023753521102], [104.01071432657723, 9.912817272358765], [104.01105279189197, 9.912653931833587], [104.01093268352186, 9.912476993657894], [104.01075595974591, 9.912352595021595], [104.01075266106463, 9.912301776445014], [104.01049679903215, 9.912229251503867], [104.01033477728858, 9.912152704135993], [104.01005578443464, 9.911813508484126], [104.01005414718647, 9.911810703200072], [104.01005314853258, 9.911807718016114], [104.01005269728357, 9.911804552799184], [104.01005270265266, 9.911800936168909], [104.01005325395013, 9.911798134078982], [104.01005453503122, 9.911795152222256], [104.0100561804672, 9.911792442145146], [104.01005709410612, 9.91179126807119], [104.01005828131322, 9.911790094396492], [104.0100594683861, 9.911789011137543], [104.01006074637989, 9.911788108843195], [104.0100416758496, 9.911796128029808], [104.0098694008314, 9.911869565546983], [104.00967515072125, 9.911880493455568], [104.00959597600558, 9.911895386849238], [104.00951979131892, 9.911923214072754], [104.0094748884928, 9.911948464927255], [104.00936623313936, 9.912042429136244], [104.00924068373737, 9.912152462646231], [104.00916747648118, 9.912201632299713], [104.00907314054119, 9.912232416601407], [104.00894811098586, 9.912238110762972], [104.00872740425648, 9.912256684762845], [104.00857953361307, 9.912169216948213], [104.00833690683525, 9.91208857232851], [104.00804015640635, 9.912101519123183], [104.0078512745033, 9.912181531598959], [104.00772963334101, 9.912422130835017], [104.00775621488943, 9.912636274712646], [104.00790422104666, 9.912877450149525], [104.00813279370172, 9.913332758082593], [104.00826739274953, 9.9134533893069], [104.00846954378895, 9.913587410554989], [104.00856379699779, 9.913734926526713], [104.0085768833081, 9.913948869760905], [104.00848210300488, 9.914216362096102], [104.00842771126514, 9.9145508213317], [104.00850583173093, 9.914815583137218], [104.00824971171049, 9.915159963821706], [104.00820198901064, 9.915302479779916], [104.00819355590302, 9.915392883331094], [104.00821696697092, 9.915470765738247], [104.00822978519084, 9.91549736680019], [104.00827396455604, 9.915529619603374], [104.00833347833809, 9.915552220366044], [104.00840149978434, 9.915556750399503], [104.00846151614495, 9.915548067970676], [104.00854089275182, 9.915520697790832], [104.00854353848588, 9.915519887922313], [104.00870519692894, 9.915412529693219], [104.00898241130315, 9.915170801588317], [104.00945013547593, 9.914797434918256], [104.01009164452462, 9.914378028302979], [104.01011929123811, 9.914367218745829], [104.01011336334399, 9.9143675717569], [104.01011172219052, 9.914367388529486], [104.01011017236142, 9.91436711501943], [104.01010862266652, 9.914366751093613], [104.01010707324019, 9.914366206336304], [104.01010561527242, 9.914365480880615], [104.01010424862905, 9.914364665142282], [104.01010297331004, 9.914363759121313], [104.01010178931539, 9.9143627628177], [104.01010060545497, 9.914361676098345], [104.01009960424327, 9.91436040881372], [104.01009869422172, 9.9143591416622], [104.01009787552455, 9.914357784228049], [104.0100971481517, 9.914356336511258], [104.01009660329333, 9.914354798644947], [104.01009624081516, 9.914353261044862], [104.01009596952713, 9.914351723577882], [104.01009578956345, 9.914350095828276], [104.01009579184573, 9.914348558760635], [104.01009597664246, 9.914346931543468], [104.0100972675345, 9.914337349338194], [104.01012113855064, 9.914167130966169], [104.01013791407792, 9.914046631001568], [104.01013911230056, 9.914038043235957], [104.01013938828686, 9.91403641615182], [104.01013984665317, 9.914034789333865], [104.01014048726528, 9.91403325319785], [104.0101420417911, 9.914030362156595], [104.01014688533215, 9.914023316782389], [104.01015273451354, 9.914014554972928], [104.0104635482367, 9.91355904083856], [104.01046446201356, 9.91355777634803], [104.01046546684618, 9.913556602406246], [104.01046665392441, 9.913555519146222], [104.01046784073438, 9.913554616717692], [104.01046920992411, 9.913553714555162], [104.01047194763285, 9.913552362308828], [104.01121986794462, 9.913258605861008], [104.01167324887871, 9.913146064984051], [104.0130827442508, 9.91310353754152], [104.01362006173262, 9.913271495732173], [104.0139885522876, 9.913648702526267], [104.01401556772936, 9.913818723710465], [104.0140926289721, 9.914372271569347], [104.01409262191481, 9.914377063606613], [104.01409142965164, 9.91438167309595], [104.01408996634792, 9.914384564289042], [104.0140879564358, 9.91438709302678], [104.01408558242875, 9.9143891691574], [104.01408421324462, 9.914390071334953], [104.01408275300346, 9.914390882964668], [104.01408138421878, 9.914391513894811], [104.01407974199677, 9.914392054013074], [104.01407664059883, 9.91439268243463], [104.01407335761952, 9.914392768097311], [104.01407180765297, 9.914392585021188], [104.01407025795272, 9.914392221113454], [104.01406861719548, 9.914391766657879], [104.01410120189215, 9.914433495606625], [104.01412167827361, 9.914461644624524], [104.01418856740221, 9.914553875350233], [104.01431856023359, 9.914708132346018], [104.01462449920518, 9.914959479341121], [104.01484770385875, 9.915103744355344], [104.01492949364679, 9.915171312919336], [104.01501167268692, 9.91522224548368], [104.01509550500828, 9.915265133393987], [104.01518792121162, 9.915299896245335], [104.0152838125029, 9.915327973307454], [104.01537469311818, 9.915352788130818], [104.0154558334996, 9.915365925202211], [104.01562177650598, 9.915382258812595], [104.01569490687918, 9.915385348088671], [104.01597891265868, 9.915421562578098], [104.01601285574301, 9.91546998409843], [104.01603552530247, 9.915495152443109], [104.01609320870537, 9.915522631678657], [104.01615814669219, 9.91551567286464], [104.01620535145462, 9.915475324964813], [104.01623375985525, 9.915380338690644], [104.01622752156969, 9.915281414580262], [104.01623052114577, 9.915039284821004], [104.01625197251433, 9.91496237171494], [104.01628837404992, 9.914888915963846], [104.01633721747883, 9.914850378721292], [104.0164007060918, 9.914836726979633], [104.01644683024136, 9.914849180435578], [104.01650868232724, 9.914832180922584], [104.01651901783845, 9.91481103846416], [104.01652724957735, 9.914732026722398], [104.01652566777449, 9.914691337234952], [104.016523822073, 9.914644046997815], [104.01651882565343, 9.914568813671456], [104.01652273924707, 9.91451176680063], [104.01652258654488, 9.914491513392086], [104.01653003071922, 9.914452102730953], [104.01653622962813, 9.914391261678645]]], [[[104.01205184283552, 9.91236252824742], [104.0120045805605, 9.912380090658372], [104.01141463539722, 9.912406086049447], [104.01142763176631, 9.912497244260036], [104.01179043805143, 9.91252290776311], [104.01208157455464, 9.912483276791255], [104.01205184283552, 9.91236252824742]]]], "type": "MultiPolygon"}, "properties": {"id": 26, "area": 189181.0, "perimeter": 3299.1}}, {"type": "Feature", "geometry": {"coordinates": [[[[103.98794523000299, 9.915240717639355], [103.98800528552864, 9.915206993817948], [103.98804790901586, 9.915182737035371], [103.98806297851982, 9.915167841442276], [103.98808262646317, 9.915140746720088], [103.98810500870059, 9.915114560323804], [103.98812546177581, 9.915097502963794], [103.98814938750357, 9.915075658869602], [103.98817777578677, 9.915057528621137], [103.98820352572875, 9.915035416057917], [103.98822992002802, 9.91500941660218], [103.98824847408912, 9.914982048953812], [103.988278371043, 9.914931913856057], [103.98829490783811, 9.91491168596514], [103.98831810640544, 9.91488830368264], [103.9883465099473, 9.914860318135576], [103.98837882750082, 9.914836949751075], [103.98841578970766, 9.914817476316596], [103.98844881644413, 9.914807219275811], [103.98848767639015, 9.914798869851273], [103.98853638680859, 9.914789269615426], [103.9885753338762, 9.914783542367319], [103.98862139179465, 9.914779091769176], [103.98866161439793, 9.914774089779796], [103.98868988621632, 9.91477223412602], [103.98882498359937, 9.914743326085528], [103.98891464723742, 9.914728001567074], [103.98895423766467, 9.914719020290239], [103.98897732173616, 9.91471064678451], [103.98900433313413, 9.914698300967805], [103.98904193754166, 9.914676296800906], [103.98907425405054, 9.914653561253953], [103.98910073552223, 9.914630093495614], [103.98913113185513, 9.914610700399182], [103.98916279490344, 9.914597728740128], [103.98921087814631, 9.914580894195947], [103.98927820944562, 9.914559568153102], [103.98931835817972, 9.91454335442798], [103.98934355569082, 9.914524586310034], [103.98937195212062, 9.914501121442417], [103.9893930491606, 9.914480357936856], [103.98940501727887, 9.914466000053851], [103.98942146475194, 9.914444506147092], [103.98944529034479, 9.914428357988037], [103.9894835099389, 9.914421273289824], [103.98953421932153, 9.914416287144716], [103.98957243793372, 9.914409835344435], [103.98962653448473, 9.914396355263483], [103.98964496783726, 9.914387974637295], [103.98965894813125, 9.914369731930341], [103.98966035639569, 9.914343603942276], [103.98965573298625, 9.91432596585561], [103.98966305334426, 9.914309702165806], [103.98967830217993, 9.914296705495747], [103.98970932992641, 9.914281743671538], [103.98973687511908, 9.914277988093211], [103.98977317355323, 9.914274878729621], [103.9898028243591, 9.91426579182203], [103.98984771574217, 9.914249042745833], [103.98992822369476, 9.91419835150038], [103.99003973991742, 9.914145266127784], [103.99006018445169, 9.914133633568882], [103.99009832622586, 9.914117868774708], [103.99012943828154, 9.914107337406193], [103.99016930804464, 9.9140945589462], [103.99020051142561, 9.914083937293913], [103.99023281564718, 9.914069067773587], [103.99026511162475, 9.91405953276274], [103.99030708041767, 9.914045672485528], [103.99035497793706, 9.91403091704882], [103.99039584392791, 9.914022570442292], [103.99043862280692, 9.914015582970178], [103.99048614969398, 9.914004624410314], [103.99052173574916, 9.913990392753028], [103.99054884115674, 9.913976148219094], [103.99058242005533, 9.91396254641819], [103.99061735660753, 9.913955547019514], [103.99065949519245, 9.913949824366439], [103.99069188261677, 9.913940108620704], [103.99071834494055, 9.913928937230052], [103.9907431616613, 9.913920475811015], [103.99076669349189, 9.913917346966302], [103.99080390350026, 9.913914419703222], [103.99085197638517, 9.913904185244068], [103.99088098573513, 9.913897086410103], [103.99092576867173, 9.9138914581499], [103.9909647096073, 9.913889618482505], [103.991000916804, 9.913886508845033], [103.99111685783143, 9.913861458675866], [103.99114067535585, 9.913850464072214], [103.99117125360459, 9.91383125188799], [103.9911995458336, 9.91381610494166], [103.99122418489594, 9.913804569082979], [103.99124399090316, 9.913793025896448], [103.99128752197895, 9.913771301695178], [103.99131946164557, 9.913756250682175], [103.99140660646117, 9.913718317735992], [103.99144795008013, 9.913695866872539], [103.99148035808254, 9.91367276955569], [103.99155061849088, 9.91358490152076], [103.99159738072113, 9.913537504111785], [103.99162532904322, 9.913508794250674], [103.99165244147099, 9.913489938432702], [103.9916892909874, 9.913484207635836], [103.99172749929414, 9.913484355913347], [103.99176315220313, 9.913485856552683], [103.99181129516508, 9.913489274829146], [103.99185587574627, 9.913496575580925], [103.99190327805648, 9.91350722597959], [103.99196580768513, 9.91352449961568], [103.99201640066627, 9.913535787738118], [103.99207364353538, 9.913551606701896], [103.99221170079657, 9.913613569526067], [103.99235755020744, 9.91370818415338], [103.99239172102239, 9.913724691493897], [103.99250747629812, 9.913761032825159], [103.99255623761798, 9.91377747179489], [103.99259168510673, 9.913793981046002], [103.9926481693396, 9.913828786068386], [103.99268496272023, 9.913859583027676], [103.99271964956948, 9.913896344236592], [103.99275641891793, 9.913942783071223], [103.99278262027133, 9.913982695999875], [103.99279689078132, 9.914012825999482], [103.99280996887747, 9.914047474982436], [103.99288200427557, 9.914169192972466], [103.9929393581596, 9.914290888767798], [103.99295773029445, 9.914322290778243], [103.99297274758187, 9.914341210350557], [103.99298986612826, 9.91435760145654], [103.99300890063623, 9.91437336254601], [103.99302275441146, 9.914377994675286], [103.99303853317718, 9.914376119780123], [103.99307425759811, 9.91433114671384], [103.99309407983118, 9.914309024802293], [103.9931145392793, 9.914287627177567], [103.99313444477967, 9.914270659085098], [103.99315754872812, 9.914249265451275], [103.99317610040394, 9.914223163323808], [103.99319868331676, 9.91418477074448], [103.99320417475712, 9.914112356044106], [103.99319975061995, 9.914083597164192], [103.99318995739631, 9.914047596918959], [103.9931855663145, 9.913997319147018], [103.99318700026778, 9.913954283428778], [103.99318777992112, 9.913921644530435], [103.9931898352584, 9.91388964046839], [103.99319536580401, 9.913851131721813], [103.99320146959461, 9.913795625684683], [103.99318788043477, 9.913737467855267], [103.99317162775189, 9.913691692957379], [103.99316701221474, 9.91366881080971], [103.99316713743013, 9.913646659146604], [103.99316854152288, 9.913623062763053], [103.99316931312065, 9.913595667963973], [103.99316935020128, 9.913571527021737], [103.99317086242606, 9.913536900083026], [103.9931683632785, 9.913501634176866], [103.99316130465012, 9.91346636138565], [103.99313123532752, 9.91339181342167], [103.99311749278101, 9.913374161602238], [103.99310183733797, 9.913355150657583], [103.99307617409958, 9.913321115587664], [103.99305523980601, 9.913295496320616], [103.99304149421147, 9.913279833639669], [103.99302046456614, 9.913256926698338], [103.99299423920273, 9.913232655671788], [103.9929686481411, 9.913211007657486], [103.99294105091293, 9.91318935661072], [103.99291482055887, 9.913168340536897], [103.99288457481184, 9.913149307540511], [103.99285769613302, 9.913134800414966], [103.99283136153653, 9.913122283255348], [103.99280566012682, 9.913113112432223], [103.99277211767085, 9.91310311601677], [103.9926951770701, 9.913087809898013], [103.99266290501822, 9.913081884099364], [103.99263336573355, 9.913077861158541], [103.9925720866616, 9.913077587694374], [103.99256415317434, 9.913077575700864], [103.99253589263047, 9.913072198448921], [103.99249570030722, 9.913057671166877], [103.99246025373539, 9.91304061941605], [103.9924352810252, 9.913031992161464], [103.99240630084655, 9.913020194294807], [103.99237603608928, 9.913013548178881], [103.99230830775655, 9.912996899669258], [103.9921793193046, 9.912967681102879], [103.99211412509422, 9.912963513757216], [103.99208777746064, 9.912959495598415], [103.99206078941391, 9.912956832704165], [103.99203644600142, 9.91295408339424], [103.9920061741607, 9.912952048436157], [103.99195027529683, 9.912951783002043], [103.99184348978889, 9.912953339255239], [103.99181723738792, 9.912946699164008], [103.99179153811242, 9.912936172032744], [103.99176456413592, 9.912924377149613], [103.99173768246493, 9.912911859078497], [103.99171208357616, 9.912895364656658], [103.99168448130779, 9.912877058884991], [103.99166152580385, 9.912861291788202], [103.99157293263445, 9.912774087283236], [103.99155063455456, 9.912745934223347], [103.99153161623165, 9.912719775275814], [103.99151070021031, 9.912682401904993], [103.9914936922401, 9.91265353352972], [103.99147343252609, 9.912604497524944], [103.99146572671303, 9.912575100746354], [103.99146056821158, 9.912549595702119], [103.99145796189772, 9.912524817850002], [103.9914593679148, 9.912500046076444], [103.9914572453477, 9.912398053943248], [103.9914571609856, 9.912393623445785], [103.99146137025522, 9.912325004300605], [103.99146015895046, 9.912282597498558], [103.9914616491883, 9.912262346637567], [103.99146043189221, 9.912223827701753], [103.99145528537758, 9.912190546924442], [103.99144821288274, 9.912164406070227], [103.99144041700565, 9.912134285828792], [103.99143263910389, 9.91209250198802], [103.99142558974214, 9.912051352160761], [103.99141979989236, 9.912021325373733], [103.99137931241296, 9.911843416332673], [103.9913695169365, 9.911809043521743], [103.9913473481679, 9.911756207158035], [103.99130906708443, 9.911685082405109], [103.99126967488394, 9.911624896265304], [103.99123883342402, 9.911578375852118], [103.99121899852982, 9.911549593596465], [103.99115487403395, 9.911443257949303], [103.99113040496434, 9.9114037996112], [103.99111731208235, 9.911378915445077], [103.99110293948901, 9.911356018484208], [103.99108846469466, 9.911340264208796], [103.99107143856155, 9.9113232402452], [103.99105441549753, 9.911304227139878], [103.99103876222233, 9.91128395029054], [103.99102429552134, 9.91126295191383], [103.99095550795383, 9.911164746576578], [103.99088657986572, 9.911098548173735], [103.9908557001509, 9.91107689199016], [103.99083082579781, 9.911063743988283], [103.99080247915366, 9.911055201919169], [103.99077813589578, 9.911052452525217], [103.99075241866635, 9.911053679336407], [103.99073462887424, 9.911058806046327], [103.9907141834416, 9.911071161983092], [103.99068907537297, 9.911091286595596], [103.99067062102422, 9.911113410446099], [103.99065536526267, 9.911131018363083], [103.99064084319716, 9.911145914921368], [103.99061838852883, 9.9111602569488], [103.990603151043, 9.91116602043383], [103.99058208039428, 9.911169876337231], [103.99055052608577, 9.911171727185177], [103.99051686340506, 9.911180717670915], [103.99049833794999, 9.911189821542179], [103.99045278747928, 9.91122031291632], [103.99042779165197, 9.911226784907466], [103.99040408168305, 9.911227291412379], [103.99037053531245, 9.911220007233654], [103.99034492447743, 9.911211378863241], [103.99029753456298, 9.911192952530222], [103.99010238200957, 9.911079907811217], [103.98997089671546, 9.911014789615527], [103.98994594029875, 9.91099576440515], [103.98992700738198, 9.910973493379688], [103.98991190440084, 9.910951228172307], [103.98989816729852, 9.910930230859359], [103.98989026908043, 9.910907434103763], [103.98988182191358, 9.910885811917936], [103.98987145265481, 9.910868798011794], [103.98985296353631, 9.910854393822317], [103.9898280872867, 9.910842511565553], [103.98980175411383, 9.910829270857581], [103.98976558554675, 9.910807606540732], [103.98973205642869, 9.91078920119676], [103.98969662143539, 9.910764915932711], [103.98966310043406, 9.910741266484397], [103.98963167775902, 9.910716987312878], [103.98955546108797, 9.910646799282157], [103.98953516737728, 9.910620005382917], [103.98950505576684, 9.910573485933767], [103.98948224625768, 9.91052245680112], [103.98946661731135, 9.910486538006475], [103.98944306725521, 9.91044265058499], [103.98942469160592, 9.910413870451345], [103.98938613682341, 9.910343197163392], [103.9893254249002, 9.910212454152655], [103.98927427605457, 9.910148271627268], [103.98925069470836, 9.910124637260843], [103.98922310106543, 9.910100996789064], [103.98920014783285, 9.910083963720242], [103.98917317824522, 9.91006954659436], [103.98913372309502, 9.91005040885351], [103.9891067484754, 9.910039246679673], [103.98908433440803, 9.910027368118016], [103.98907067528886, 9.910014960383535], [103.98902734746832, 9.909964532909559], [103.98900248951288, 9.909940896584132], [103.98897289381391, 9.909914630991242], [103.98894793039935, 9.909900216901681], [103.98892096111835, 9.909885618925742], [103.98890065742515, 9.909865334905975], [103.98887043854158, 9.909829303461894], [103.98884557556732, 9.909808922082767], [103.98882780192045, 9.909803650914512], [103.98880345765792, 9.909801624706402], [103.98876852250135, 9.909807991029814], [103.98874544171532, 9.909814465815652], [103.9887223579876, 9.909822839324754], [103.98869206125944, 9.909837078867618], [103.98861878544146, 9.909870149828924], [103.98857790886966, 9.90988563906674], [103.9884888473187, 9.90992519588267], [103.98846248485192, 9.909930942323419], [103.98843940909666, 9.909934162130638], [103.98841240326374, 9.909943162551613], [103.98839313206335, 9.909962753390474], [103.98837202713878, 9.909988760947082], [103.98835146724025, 9.910016125567896], [103.98833238065163, 9.910034270033263], [103.98831121171982, 9.910042736846407], [103.98828750380278, 9.910041977389477], [103.98824145776089, 9.910039194738973], [103.98820323669699, 9.910047545138205], [103.98817950452649, 9.910062427548661], [103.9881470972375, 9.91008516289611], [103.98812199414786, 9.9101020323571], [103.98809232952105, 9.910120251096458], [103.98806522237957, 9.910135761262296], [103.98804212641372, 9.910152000867503], [103.98801966063216, 9.910173485540994], [103.98799581593839, 9.910202110948221], [103.98798319754331, 9.910224243545319], [103.9879680055269, 9.910259482489444], [103.98795263631935, 9.910291375782549], [103.98793809271615, 9.910320105785416], [103.98792218142023, 9.910348743285816], [103.9879095701682, 9.910366264691119], [103.98789477417357, 9.91038134154041], [103.98788710225898, 9.91038910558615], [103.98786793144912, 9.910402729110453], [103.9878454758802, 9.910417613442283], [103.98781380814515, 9.910433839954207], [103.98773597183553, 9.910467446247702], [103.98767531323433, 9.910479017312344], [103.98763709814297, 9.910483479779172], [103.98760818738832, 9.9104859672969], [103.98758183805876, 9.910483214612825], [103.98755157266825, 9.910477200985616], [103.98753544630289, 9.910468134804718], [103.98748980062722, 9.910442387080812], [103.98745564150593, 9.910418736446829], [103.98740900175436, 9.910387200592456], [103.98737155872878, 9.910364268262057], [103.98732754520863, 9.910344490443075], [103.987288078909, 9.910332585725225], [103.98725982263916, 9.910324676411761], [103.98722490159166, 9.910321910609884], [103.98718468148812, 9.910325646638348], [103.98715831995489, 9.91033076006568], [103.98714392535003, 9.910322239005945], [103.98713737802879, 9.910310474968867], [103.98713085206187, 9.910284967783841], [103.98712696241853, 9.910264708734164], [103.98711535222667, 9.910224817692313], [103.98709952094774, 9.91020191834617], [103.9870740298582, 9.910175025953164], [103.98704579187361, 9.910155362614582], [103.98701353555118, 9.910139581007696], [103.98698455288799, 9.910129681417743], [103.98694316857551, 9.91011976287491], [103.98690687466518, 9.910120249906985], [103.98687266178871, 9.910131228331913], [103.98684361728364, 9.910161111524982], [103.98682169040627, 9.910187841046248], [103.98680967173878, 9.91023474840211], [103.9868087647288, 9.910290262229003], [103.98681328452001, 9.910315766352655], [103.98682180241566, 9.910350408568558], [103.98683481090868, 9.91037068155852], [103.98685394324201, 9.910381831926335], [103.98687554273127, 9.910389731100082], [103.98689733064266, 9.910393742687178], [103.98691766361145, 9.910395129995386], [103.98694464829532, 9.910399782430702], [103.98696569250512, 9.910412924858441], [103.98698069184323, 9.910443056192085], [103.98698319439599, 9.910475700068567], [103.98697659732996, 9.910495943095455], [103.98695676792046, 9.910522585413798], [103.98693960518646, 9.910534946132058], [103.9869204475429, 9.910540070548192], [103.98690595359521, 9.910536793434481], [103.98688364904282, 9.910513160860484], [103.98686588748352, 9.910500113860289], [103.98684227691594, 9.9104953761598], [103.98682185064418, 9.910495344938965], [103.98679410706369, 9.910509588205432], [103.98677164525664, 9.910528450741893], [103.9867571219276, 9.910544070448752], [103.98673868465221, 9.910555072973105], [103.9867234541662, 9.910556315508277], [103.98671037684089, 9.910521666319985], [103.98670205750071, 9.910476626605295], [103.98668831851839, 9.910456985403247], [103.98666789646796, 9.910454241710001], [103.98665323118534, 9.910502501246226], [103.98663203279447, 9.910529864776121], [103.98661286797517, 9.910539600361803], [103.98660175012341, 9.910534972162772], [103.98659657782137, 9.910518599020365], [103.98659131925336, 9.910499061198136], [103.98656964798481, 9.910478684536342], [103.98654338577852, 9.910478553958349], [103.98652284806575, 9.910491542402802], [103.98650165880822, 9.910513028920626], [103.98647718478472, 9.910535776231939], [103.98645809089261, 9.910558531770702], [103.9864481167151, 9.910580758764143], [103.98645518878095, 9.910606899704572], [103.98647875785204, 9.910638309985778], [103.98649512611043, 9.910667720107657], [103.9865166260209, 9.910739633433083], [103.98652833142208, 9.91077690258355], [103.98656685200675, 9.910869185458683], [103.98655823862559, 9.910895935318482], [103.98653896121382, 9.910919413905132], [103.98650728338411, 9.9109420597835], [103.98647297809562, 9.910953761346194], [103.98644133571077, 9.910953622528808], [103.98641370253954, 9.910955478985912], [103.98638469239012, 9.910963210351222], [103.986361600368, 9.910976827785417], [103.98634116098177, 9.910985205168963], [103.98630824293586, 9.910984431477589], [103.98628266263808, 9.910956273070385], [103.98627222686675, 9.910923526637895], [103.98626970904384, 9.910900738042306], [103.98627377623616, 9.910865482163846], [103.98627984451484, 9.91083348431049], [103.98627798752963, 9.910796230222559], [103.98626626090642, 9.910772613794954], [103.98625113679765, 9.91076409158106], [103.98622943189791, 9.91076532418582], [103.98621620150257, 9.910770457630923], [103.98617986881641, 9.910795808824014], [103.9861218168627, 9.910831614984197], [103.98608877216851, 9.910853625820508], [103.98606960421823, 9.910865350512664], [103.98603866995383, 9.910878955919475], [103.98600510655893, 9.91088270199311], [103.98598670064128, 9.910873541833533], [103.98596957460656, 9.910862304072829], [103.9859472720751, 9.910837405623377], [103.98593886277206, 9.91079164243243], [103.98592916049296, 9.910756365475985], [103.9859126747592, 9.91074386287413], [103.98587443737125, 9.910762610774794], [103.98586065674009, 9.910769732507125], [103.98583958903447, 9.910771689387511], [103.9858185356956, 9.910764423893204], [103.98580734201337, 9.910749940247122], [103.98579688981512, 9.910727772406888], [103.98578176684848, 9.910718526849141], [103.98575742254874, 9.91071650041781], [103.98571326493052, 9.910730718449818], [103.98569028860292, 9.91072860369346], [103.98567242476372, 9.910722699310838], [103.98566131509259, 9.91071282698651], [103.98563901048142, 9.910689284749381], [103.98562390583879, 9.910668285179865], [103.98560952859432, 9.910648642958764], [103.98559123432254, 9.91062637268203], [103.98556682012153, 9.910610693368783], [103.9855431172533, 9.91060667876115], [103.98551613159168, 9.910602659121336], [103.98546024136105, 9.910597148532274], [103.98543982833709, 9.910588618177506], [103.98542671449928, 9.910577476955362], [103.98540366010597, 9.910566953406148], [103.98537739479649, 9.910568811875855], [103.98534702190635, 9.910573286100444], [103.98530879776281, 9.910583534886873], [103.98527585635883, 9.910597770055848], [103.98525870484248, 9.910602897451305], [103.98521846622153, 9.910618477660986], [103.98515512850143, 9.910652195986563], [103.98512937773701, 9.910674941236516], [103.9850989661876, 9.910704189261745], [103.98507639474983, 9.91073480554307], [103.98505188295258, 9.910781693659963], [103.98503532079467, 9.910818196170917], [103.98500263999654, 9.910899158445329], [103.98498011810479, 9.910956447405175], [103.98496409586674, 9.910997561936723], [103.98494879918452, 9.911041209217911], [103.9849235282024, 9.911107083439548], [103.98487504542176, 9.911204838759211], [103.9848591174508, 9.911243964284802], [103.98483652365377, 9.911288866180545], [103.98482061500907, 9.911315604792797], [103.98479347586955, 9.911351458147315], [103.98477099455802, 9.911382707451049], [103.98473780545932, 9.911438714199093], [103.98472061408371, 9.911469338708592], [103.98470331838713, 9.911508371709697], [103.9846900450244, 9.91154099137481], [103.98467340077252, 9.91157161672106], [103.98464561522462, 9.911612622759367], [103.98460787270136, 9.911664734629749], [103.98454174397399, 9.9117337106309], [103.98450997870115, 9.911753824537573], [103.98447174295784, 9.911771396867202], [103.9844414519563, 9.911781748144353], [103.98441242333301, 9.911801233334778], [103.98438329645427, 9.911825239152376], [103.98434895950487, 9.911857103122776], [103.98425239958604, 9.911967713913484], [103.98423522452781, 9.911987850207561], [103.98421606054713, 9.911996952739948], [103.98419699185263, 9.912003433364836], [103.984163866894, 9.912018301041423], [103.98414341099877, 9.912037166470295], [103.98411097159094, 9.912080154449841], [103.98409313883026, 9.91211267666367], [103.98407355792395, 9.912155141906666], [103.98406103151198, 9.912176551153744], [103.9840323169808, 9.912228405578844], [103.98400853754069, 9.912273305584982], [103.98398609666657, 9.912336923677502], [103.98397133744865, 9.912386629573191], [103.98395804785723, 9.912429556556631], [103.98392861931528, 9.91252978222181], [103.98392472899101, 9.912568383704446], [103.98391929778062, 9.912601015387907], [103.98391522521686, 9.912639526174381], [103.98391022052267, 9.91274928302409], [103.98391633583034, 9.912862311931809], [103.98391949988313, 9.912879947839324], [103.98392273264255, 9.912911959933464], [103.98394534927151, 9.913027545847314], [103.98396708980216, 9.913061937200796], [103.98398484585748, 9.913078510553644], [103.98399777311845, 9.913092364014272], [103.98400560197462, 9.913100965531806], [103.98404610873054, 9.913147411004298], [103.98406803363723, 9.91318053681686], [103.98408686065228, 9.913212030385672], [103.98409539909724, 9.913233381592217], [103.9840980947754, 9.913258973351603], [103.98409860275535, 9.913284019254773], [103.98409098229288, 9.913317099652968], [103.98408181994844, 9.91334484316025], [103.98407631111851, 9.913368794827633], [103.98406630799131, 9.91340937605754], [103.98406554694975, 9.913429537567211], [103.98407570758285, 9.913463187789745], [103.98414500285317, 9.91352721812934], [103.98417196229852, 9.91354814556725], [103.9841817048775, 9.913557563762723], [103.98420037088613, 9.913575404322412], [103.9842271305764, 9.913607452568552], [103.9842577123187, 9.91364456995959], [103.98427798625626, 9.913683841484346], [103.98429627451821, 9.913709999694378], [103.98432170128726, 9.91371971323127], [103.9843430546239, 9.913710161984158], [103.98436286098658, 9.913698528800076], [103.98438330482706, 9.913687439087708], [103.98439717779061, 9.913679684657403], [103.98441541217024, 9.913681973058544], [103.98443792935154, 9.91368625718078], [103.9844664567099, 9.913695885053931], [103.98448687314273, 9.91370233592079], [103.9845250523322, 9.913721110589853], [103.9845589507007, 9.913736623718775], [103.98459821923053, 9.91375856459909], [103.9846449537322, 9.913787931018817], [103.9847325956626, 9.913840868295008], [103.98488159017082, 9.913905472916056], [103.98489872662215, 9.913910110412507], [103.98492243282055, 9.913912135937759], [103.9849501603958, 9.913908381033295], [103.98500543133086, 9.913902046337702], [103.9850265933926, 9.913898190936962], [103.98506882307973, 9.913892559545637], [103.98509673204384, 9.913889437816492], [103.98511661547396, 9.913886846266989], [103.98514626296561, 9.91387992974487], [103.98518822345343, 9.913871495041255], [103.98522480798356, 9.913860339618465], [103.98526950514321, 9.913851276192505], [103.98530927129173, 9.913846545148452], [103.98537493190602, 9.913844023779493], [103.98542763033991, 9.913849981593193], [103.98547175117093, 9.913859633289645], [103.98551103895466, 9.913869277571859], [103.98554868363587, 9.913880004318507], [103.98558040183937, 9.913890179483866], [103.98562560610368, 9.913906794823976], [103.98567828538673, 9.913925049094265], [103.98578528637161, 9.91396092721782], [103.98590885234488, 9.91401708378181], [103.98606264841342, 9.914102129179295], [103.98611103029141, 9.91412779088493], [103.98615404099581, 9.914147657760418], [103.98619330968879, 9.914169598461394], [103.98623312397687, 9.9141925345651], [103.98626536684796, 9.914217176971757], [103.98629268730798, 9.914240636438004], [103.98631718173436, 9.914263549083026], [103.98634540678003, 9.914291711542525], [103.98640492158917, 9.914371006714832], [103.98642957673898, 9.914407843605249], [103.98645114143298, 9.914438256255385], [103.98648544779572, 9.914484691966848], [103.98651768086432, 9.914515663430272], [103.98657468422645, 9.914568101290586], [103.98662732301509, 9.91461248547439], [103.98667184845254, 9.91465522975939], [103.98672020134431, 9.914699607374128], [103.98678742155433, 9.91474980043583], [103.98682230748187, 9.91477544140664], [103.98685136541751, 9.914795829356123], [103.98688461499894, 9.914818212856009], [103.98691796139927, 9.914836979875465], [103.98695941962902, 9.914858381346056], [103.98699651072967, 9.914873356626034], [103.98704653744927, 9.914896941159435], [103.9870873666432, 9.9149123742215], [103.98712290921394, 9.91492626213369], [103.98716101157143, 9.914935994834702], [103.98720158364877, 9.914940848860876], [103.98723714463662, 9.914942892340957], [103.98727243486555, 9.914943127090863], [103.98729769363828, 9.914943708174357], [103.98732676749616, 9.91495387914178], [103.98736757746491, 9.91498169908387], [103.98740519340363, 9.915011051208532], [103.98753249805517, 9.91512643515905], [103.98762994259427, 9.915209495092126], [103.98767194356742, 9.915233790607944], [103.98769436508373, 9.915241058088656], [103.98772454070271, 9.915246438676213], [103.98775945834535, 9.915251736083745], [103.98779237065061, 9.915256487933071], [103.98794523000299, 9.915240717639355]]]], "type": "MultiPolygon"}, "properties": {"id": 0, "area": 0.0, "perimeter": 0.0}}, {"type": "Feature", "geometry": {"coordinates": [[[[104.09068686620083, 9.8496516341416], [104.09068686620083, 9.8496516341416], [104.09082277615057, 9.850193759704041], [104.0910875938414, 9.850894000225418], [104.09154966630021, 9.851632273615145], [104.0923762756554, 9.85220534233492], [104.09345331582966, 9.852801224656636], [104.09386298724118, 9.852929748521335], [104.09418193404828, 9.852839714787926], [104.09430333214347, 9.852877474258634], [104.0945080902101, 9.8529681374885], [104.09492553123138, 9.853006252161123], [104.09522143640935, 9.85311953821012], [104.09548705469098, 9.853097252244309], [104.09594299239836, 9.852668768269522], [104.09645962339468, 9.852262960484769], [104.09655871281936, 9.85190168103224], [104.09643033267594, 9.851382261177688], [104.09613493204411, 9.850854956098566], [104.09603673070418, 9.850486026550904], [104.0959235416334, 9.849921416041555], [104.0957951174716, 9.849439519073837], [104.0956664742657, 9.84906295793411], [104.09560636627592, 9.848633946365837], [104.09568265277784, 9.848280325256273], [104.09573625553969, 9.847911486863842], [104.09562295774217, 9.84743720296889], [104.09526670315606, 9.847022755544435], [104.0948724108883, 9.846773906631677], [104.09463748932787, 9.84645002135646], [104.09428887717257, 9.846050591404747], [104.09381877823404, 9.845688809512225], [104.09314403979307, 9.844995491728803], [104.09277285810326, 9.844490787419108], [104.09280364264708, 9.84414452633292], [104.09267483857533, 9.843903499460188], [104.09244723806368, 9.843858106816846], [104.09232568663683, 9.84394819664173], [104.09226476303381, 9.844113767587539], [104.09219600427309, 9.844497596361718], [104.0922410834699, 9.844836353867162], [104.09194447380632, 9.8453778664804], [104.09190576967242, 9.846010107660481], [104.09197331826257, 9.846612368205568], [104.09175260035103, 9.847048636069196], [104.09126644241596, 9.847439464478768], [104.09090901641557, 9.8479809023519], [104.09061221750699, 9.848597821244729], [104.09063452851241, 9.848989174073441], [104.09068686620083, 9.8496516341416]]]], "type": "MultiPolygon"}, "properties": {"id": 0, "area": 0.0, "perimeter": 0.0}}, {"type": "Feature", "geometry": {"coordinates": [[[[104.0418132894391, 9.823990077440607], [104.04173714971469, 9.824200645564536], [104.04185813928923, 9.824456688879556], [104.04220718014025, 9.824547487416075], [104.04246547743517, 9.824397292578503], [104.0434379427557, 9.823600767237547], [104.04425833350017, 9.823075013512163], [104.04438058959445, 9.822473001819512], [104.04416905149371, 9.821765205278849], [104.0438961920211, 9.8214336409759], [104.0433202045123, 9.820906005804042], [104.04238024699167, 9.820076880491158], [104.04169856717323, 9.81911238660497], [104.04139536289769, 9.81884099699621], [104.04122839969271, 9.818870879723127], [104.04087918647947, 9.818975832621248], [104.04037792719444, 9.819201014084793], [104.04022560665625, 9.819652348958718], [104.04005730485183, 9.820585493216756], [104.03999588240106, 9.82109725934571], [104.0402383924405, 9.821353468214108], [104.04048125581554, 9.821353797829438], [104.04080017593958, 9.821203686408525], [104.04102767763703, 9.821369638407448], [104.04148237531128, 9.821791687127874], [104.0418309991545, 9.822183573394648], [104.04214882288005, 9.822831297296414], [104.04208742368687, 9.823328054700536], [104.0418132894391, 9.823990077440607]]]], "type": "MultiPolygon"}, "properties": {"id": 0, "area": 0.0, "perimeter": 0.0}}, {"type": "Feature", "geometry": {"coordinates": [[[[104.0173347503166, 9.93483953205181], [104.01744520972092, 9.934825224657367], [104.01747732087006, 9.934818308891064], [104.01753369886296, 9.934805460625366], [104.01758094706479, 9.934799561227122], [104.01764925713853, 9.934796675878516], [104.0177064393296, 9.934795130732201], [104.01777181378705, 9.93480408561808], [104.01783464244399, 9.93480779270285], [104.01788772453054, 9.934803709977494], [104.01793825524994, 9.934798176916901], [104.01799070465509, 9.93479020537953], [104.01806730468411, 9.934793389742204], [104.01812810798056, 9.934810113752102], [104.01820067317061, 9.93482848215663], [104.0182928424426, 9.934848958306182], [104.0184615094789, 9.934880213495958], [104.01850144442325, 9.934886328773278], [104.01854128526469, 9.934894433061238], [104.01858895375284, 9.934912946427795], [104.01863078372521, 9.934932807636153], [104.0186687048355, 9.934944073708255], [104.01870399540923, 9.934945661490872], [104.01874138917259, 9.934943364406298], [104.01878144373968, 9.93493004039565], [104.01881431100497, 9.934904951982709], [104.01885394090006, 9.93487019877496], [104.01891594482672, 9.934814229951696], [104.0189370336666, 9.934798799114198], [104.01897380145871, 9.934788002005169], [104.0190138587723, 9.93477277923444], [104.01904680769117, 9.934754200862148], [104.01909152932518, 9.93472985276867], [104.01919792523225, 9.934687871677257], [104.01924201138034, 9.934661533499666], [104.01927159078218, 9.934639695293724], [104.0193025371937, 9.934618491958398], [104.01935127312395, 9.934592974181848], [104.01939142740098, 9.934573773201285], [104.01942418821352, 9.934559082405702], [104.01946433773199, 9.934543136383347], [104.01950630060736, 9.93453442623327], [104.01954498716016, 9.934521100164925], [104.01958249766305, 9.934501262456672], [104.01961089913456, 9.934474178404203], [104.01965510095275, 9.934431022967683], [104.01969018608314, 9.934385865301385], [104.01971679672377, 9.934336084266441], [104.01975782577968, 9.934279813951857], [104.01979353421713, 9.934244964585565], [104.01984293031323, 9.93420443863022], [104.01987260926877, 9.934176813888353], [104.01988850936068, 9.934154865600293], [104.0199025058099, 9.93412504839466], [104.01991522630765, 9.934094686863851], [104.0199358020237, 9.93405583748985], [104.01997078638846, 9.934017189594256], [104.02001233498798, 9.933979816923832], [104.02005323756478, 9.933947687447882], [104.02009541595035, 9.933916192705999], [104.0201349430661, 9.933889214958542], [104.02016632728058, 9.933880399150745], [104.02020445615045, 9.933874215063245], [104.020250983449, 9.933862256377612], [104.02028849199209, 9.933843684404854], [104.02031542183788, 9.93382509727963], [104.02042245060467, 9.933723984640658], [104.02044175700445, 9.933679979703635], [104.02045056379298, 9.933644278003847], [104.02046192010535, 9.93361129243233], [104.02049169778773, 9.93357842364499], [104.02051990341668, 9.93356047123945], [104.02057395029482, 9.933519951822552], [104.0206181282976, 9.933492980669524], [104.02068436863784, 9.933470833124407], [104.0207297170339, 9.93345426146725], [104.02078768330361, 9.933415103860535], [104.02082860086675, 9.933372576466649], [104.0208505425192, 9.933334994805241], [104.02086720798353, 9.933288363998484], [104.02087813852042, 9.933234582126502], [104.02090081616684, 9.933192571130634], [104.02093707811525, 9.933153201622096], [104.02097671981025, 9.933110039470769], [104.02102548485165, 9.93306426829488], [104.02106979629464, 9.933008183322801], [104.02108993660225, 9.932955047518957], [104.02110806863223, 9.93290326508238], [104.02113053924816, 9.932878161560096], [104.0211738841356, 9.932859597822116], [104.02120736374921, 9.932852141145089], [104.02124603216505, 9.93285111141439], [104.02127655304187, 9.9328714986246], [104.02129359422318, 9.93288002207756], [104.02132560248823, 9.932880971972647], [104.0213723318453, 9.932855360597557], [104.02139566196107, 9.932803585569097], [104.02139609756904, 9.93275485197608], [104.02140215601389, 9.932727645419794], [104.02141096253771, 9.932692034102452], [104.02141001983227, 9.932650441402835], [104.02140706991023, 9.932609478747656], [104.02140084444773, 9.932563357702007], [104.0213946001964, 9.932530166115235], [104.02139484473929, 9.932487399703515], [104.0214012042262, 9.932441296635623], [104.02140229527862, 9.932380809899628], [104.02139945718284, 9.932325652093775], [104.02138845672383, 9.932302128222855], [104.02136516002365, 9.93226818894692], [104.02135044776696, 9.932225943663019], [104.02134275045054, 9.93212584216919], [104.02133864233461, 9.9320660713328], [104.02134087819418, 9.932033615187702], [104.0213449228441, 9.932011559465156], [104.02135500516326, 9.93197658288174], [104.02136042706782, 9.931948109591247], [104.02136201982763, 9.931918907502508], [104.02136033429356, 9.93188644575487], [104.02135662748766, 9.9318642885423], [104.02134563913484, 9.931832446416553], [104.02133431070823, 9.931783605598817], [104.02126086822294, 9.931616231090686], [104.02118189538167, 9.931426515916003], [104.0211600965267, 9.931365996467697], [104.02114062812858, 9.931333418889137], [104.02112262555771, 9.931296232189112], [104.02111045460227, 9.93126239921455], [104.02109564386058, 9.931225217075072], [104.021080922345, 9.931189391302373], [104.02106865546942, 9.931158813164947], [104.0210434607464, 9.9311132074941], [104.02101761925104, 9.931073387520255], [104.0209833051862, 9.93102767839331], [104.02094697826888, 9.930986487184823], [104.02090918474693, 9.930950447587074], [104.02086956733659, 9.930914405377395], [104.02082922405931, 9.930875830477717], [104.02079353369999, 9.930835905987959], [104.02075391434283, 9.93080122000257], [104.02071483940001, 9.930768433527222], [104.0206737552852, 9.93073763332526], [104.02063730605832, 9.930717870499308], [104.02060003042445, 9.930701994374612], [104.02055044455395, 9.93068537730452], [104.02050796148211, 9.93067591325384], [104.02041972918556, 9.930645407216277], [104.02038117500183, 9.930630795061909], [104.02027354959176, 9.93057874222505], [104.02023381937335, 9.930557618420018], [104.02020902784152, 9.930548360493818], [104.02017767239866, 9.930537646511276], [104.0201351931785, 9.930525560356694], [104.02010574597966, 9.930519550731239], [104.01996357197443, 9.930520341665918], [104.01992425796143, 9.930526524046801], [104.01989014191405, 9.930532804286514], [104.01982921870528, 9.930536243215114], [104.01977942309637, 9.930538432256073], [104.01974138475012, 9.930545339771198], [104.01971128508893, 9.930549003685503], [104.01968373887927, 9.93055267125717], [104.01963648814927, 9.930560740962816], [104.01959124264619, 9.930569536864294], [104.01955182700911, 9.930582861917024], [104.01950457152424, 9.930594186571874], [104.01946717350891, 9.930599738733907], [104.01943570882202, 9.930601411514207], [104.01940689339925, 9.930599923532217], [104.01937553032937, 9.930594453590938], [104.01934226628889, 9.930579306411214], [104.01931493663722, 9.930559556526752], [104.0192394421883, 9.930486844199097], [104.01919982304383, 9.930452158038905], [104.01902329783213, 9.930245575473535], [104.01891233362505, 9.930107079757239], [104.01883362471054, 9.930050004692442], [104.01878798602827, 9.930015852339583], [104.01874890464481, 9.929987676851628], [104.0187176650738, 9.929960145533538], [104.01867867965365, 9.929928715200948], [104.01864870822976, 9.929907062736007], [104.01860898388529, 9.929882050867892], [104.01856789347936, 9.929855771209308], [104.0185144007602, 9.92982938331082], [104.01847584491492, 9.929816036765823], [104.01844129568279, 9.929806764692353], [104.01840529223168, 9.929794145134933], [104.01834131415426, 9.929766385901733], [104.01831524522485, 9.929757668499915], [104.01829565850862, 9.92974389712002], [104.01828146271292, 9.929722990627381], [104.01826536598297, 9.929692406893754], [104.01824652495993, 9.92966760583589], [104.01822512203239, 9.929648587715532], [104.01820225616143, 9.929632189553534], [104.01811245060061, 9.929555387695727], [104.01803639136072, 9.92949506128967], [104.01800503596463, 9.92948443752698], [104.0179775039881, 9.929478430474699], [104.01794349549073, 9.929473589511687], [104.017910771258, 9.929463596683128], [104.01788343503864, 9.929448457893146], [104.01786129875427, 9.92943206075867], [104.01783980837578, 9.92941051084255], [104.01781056766984, 9.929388136030312], [104.01775708554742, 9.929354605171136], [104.01773229325637, 9.929345979978947], [104.01769701652825, 9.929335350545456], [104.0176650237258, 9.929324092923029], [104.0176245613696, 9.929304956918907], [104.01760115130025, 9.929286568783702], [104.0174922635884, 9.929225290845219], [104.01741601169022, 9.929172106888808], [104.01728297770434, 9.929097050890077], [104.01724135359063, 9.929061728713027], [104.01722652615634, 9.929036300471834], [104.01721891062297, 9.929005728909841], [104.01721850804873, 9.928969290701348], [104.01722074798722, 9.928934302954605], [104.01721981533929, 9.928886200324529], [104.01721157469977, 9.928846586266571], [104.01719750068072, 9.928804884238183], [104.01717431016147, 9.928761179924948], [104.01714455167993, 9.928718822387092], [104.0171178654476, 9.928695818287052], [104.01708332790665, 9.928678679909126], [104.01704349938522, 9.928662709310874], [104.01700485241524, 9.928649452889335], [104.01696840272471, 9.928630322593465], [104.01694297506825, 9.928619707279353], [104.01691279484447, 9.928616227973164], [104.01687995660012, 9.9286218768437], [104.01685111670955, 9.928637205981456], [104.01683066362847, 9.928654626774284], [104.01681349353497, 9.928672052298806], [104.01679368265467, 9.928686851952502], [104.01676220196978, 9.928699555212237], [104.01669725129906, 9.928713385612637], [104.01658304675036, 9.928733293244866], [104.01654244769784, 9.928745260003417], [104.0164958221307, 9.928762462187532], [104.01646616716977, 9.928773902229208], [104.0164326743539, 9.928790580855457], [104.0164051102188, 9.92880654470536], [104.0163673300751, 9.928824030881874], [104.01629175278393, 9.928870576437381], [104.016283536411, 9.928876622446806], [104.01625378957513, 9.928888514415899], [104.01622422764825, 9.928898688746305], [104.01619667876409, 9.92890425476708], [104.01616256854325, 9.928906646755348], [104.01612208057028, 9.928905051230767], [104.0160853344824, 9.928901471953598], [104.01605587038493, 9.92890712561323], [104.01602959051304, 9.928917937576895], [104.0160025744442, 9.928933269272067], [104.01598211651948, 9.928953944976598], [104.01596292880213, 9.928979052895128], [104.0159424833599, 9.928991229517015], [104.015918214401, 9.928998879818105], [104.01589659578704, 9.929002646060543], [104.01586321816518, 9.92900295950949], [104.0158298394804, 9.92900399628103], [104.01579635803994, 9.929012899087029], [104.01576468347163, 9.929033377739751], [104.01573603773411, 9.929102685369438], [104.01570233308739, 9.929139345533988], [104.0156759494972, 9.929158656416048], [104.01564437274843, 9.92917461440105], [104.01560886786238, 9.929195177917812], [104.0155929811781, 9.929207994017542], [104.01555619105595, 9.929234342290169], [104.01552386944883, 9.929260697018263], [104.01549091226892, 9.929285152089593], [104.01542043458768, 9.929336496853528], [104.01538281983163, 9.929365465975126], [104.01535186318672, 9.929393811809382], [104.01531952624997, 9.9294305643253], [104.01530278048124, 9.929469418954028], [104.0152979782438, 9.929510280006498], [104.01530354762023, 9.929629817913836], [104.01530194090901, 9.929668151941804], [104.01528647570483, 9.929704386358866], [104.01526737522605, 9.929732116419956], [104.01524216751073, 9.929757938911116], [104.01521131544942, 9.929777152872623], [104.01517389645299, 9.929796990241945], [104.01513236611616, 9.929821975365817], [104.01509878100399, 9.929839286627585], [104.01506730014917, 9.92985198971891], [104.01496631153842, 9.929876527112095], [104.01492828464465, 9.929875658327582], [104.01489819939228, 9.929869556911743], [104.0148427121671, 9.929835389784433], [104.01482724186918, 9.92981312507156], [104.01480648988664, 9.929785699003777], [104.01477715897205, 9.929762781309162], [104.01474261000108, 9.929753418443793], [104.01470457366618, 9.929758969150921], [104.01466960543783, 9.929786585780407], [104.0146483009172, 9.929824710441672], [104.01464213347246, 9.929863670768441], [104.01464180447029, 9.929901283312361], [104.01463044280105, 9.92993761405403], [104.01460998392949, 9.929958832160834], [104.01457756325493, 9.929990430769221], [104.0145538079171, 9.930020776104277], [104.01452210532729, 9.930060151515322], [104.01449624877397, 9.930093025447134], [104.0144717476061, 9.930134400436078], [104.01446092841185, 9.930173896513129], [104.01445604059231, 9.930210869538406], [104.01445369475753, 9.930255622014975], [104.01446330860534, 9.930291440645282], [104.0144787875612, 9.930307828352628], [104.01450896790278, 9.930311307883809], [104.01454245616806, 9.930297884429155], [104.01458917883586, 9.93027688520546], [104.01462193753812, 9.930263460685712], [104.01465923571689, 9.930263785956093], [104.01468146121515, 9.930281449248534], [104.01468187216206, 9.930312010422218], [104.0146724332938, 9.930343099825828], [104.01464984055282, 9.930388998386944], [104.01463953882796, 9.930448657967528], [104.01464174795025, 9.930496672016188], [104.01463801676412, 9.930553266972098], [104.01463175344266, 9.930595391714311], [104.01460131980065, 9.930640013090205], [104.01457226473038, 9.93067740318719], [104.01454767992564, 9.93071362435073], [104.01452572070522, 9.930762778791008], [104.01452072636093, 9.93081014949096], [104.01452620981391, 9.930864045316639], [104.0145482318994, 9.93089599403756], [104.01458001928941, 9.93092289361319], [104.01460626778807, 9.93093351029892], [104.01463827115106, 9.930937625373213], [104.01465901745821, 9.930968939328105], [104.014657946369, 9.931015049890153], [104.01464776259512, 9.931056536041242], [104.01464284893102, 9.931111049716378], [104.01463273282286, 9.931230384060798], [104.01462581212321, 9.931347281803136], [104.01463455942725, 9.931414202245039], [104.01464407746441, 9.931453185288103], [104.01466397893269, 9.931500863298474], [104.01467287100157, 9.93153143675481], [104.01467531461194, 9.93154409852117], [104.01468228346218, 9.9315801845618], [104.01468203592249, 9.931624397581183], [104.01467640135148, 9.931673033176795], [104.01466230296695, 9.931709902444405], [104.01463314608165, 9.931754435249228], [104.0146061257166, 9.931772479286423], [104.01456999277937, 9.931785808491918], [104.01453193421582, 9.931806277759593], [104.01449497185371, 9.93182548278853], [104.01446805040156, 9.93183828283492], [104.01441312781509, 9.931853935606997], [104.01440172350691, 9.931857264466862], [104.01437172261636, 9.931855683913868], [104.0143363460208, 9.931850840593592], [104.01430690750188, 9.931838953437438], [104.01428348012102, 9.931832319115266], [104.0142545658394, 9.931835984249295], [104.01421843381621, 9.931848680505883], [104.01419607303629, 9.931860854230933], [104.014173067221, 9.931877547813999], [104.01414529818832, 9.931908520200011], [104.01412409239107, 9.931941400835159], [104.01410543218019, 9.9319796196983], [104.01409068961665, 9.932020375886955], [104.01408377915214, 9.932068376705425], [104.01409202507651, 9.932104193359205], [104.01410504009272, 9.932121752918338], [104.0141265437227, 9.932134261497096], [104.01415272311286, 9.932129959498274], [104.01418302735418, 9.932111377766859], [104.01421387209425, 9.932097317611078], [104.01425242520531, 9.932112563378956], [104.01427053462017, 9.932138629412355], [104.01427232211707, 9.932163315543862], [104.01426478384407, 9.932204172600688], [104.01424675533057, 9.932246913181858], [104.0142288305436, 9.932281154817868], [104.01421144038679, 9.932323896322096], [104.01420389543306, 9.93236927416174], [104.01420418539149, 9.932419997899553], [104.01421509039997, 9.932446053489569], [104.01423562648998, 9.932496264087751], [104.01424428933983, 9.932558573199943], [104.0142392949155, 9.93260594388743], [104.0142266716992, 9.932631874946217], [104.0141983718385, 9.932651725407897], [104.0141799399995, 9.932658751119963], [104.01414443370965, 9.932679947364996], [104.01412333239409, 9.932703786558537], [104.0141209931501, 9.932744018238214], [104.01413200376356, 9.93276030906738], [104.01415350356676, 9.932775439701237], [104.01418157036451, 9.932789946945567], [104.01421355669402, 9.932805725693607], [104.01425148685654, 9.932810572733695], [104.01427765776482, 9.93281205733262], [104.01430647226945, 9.932814269089251], [104.01434366047201, 9.932827523721567], [104.01437955274419, 9.932853796360321], [104.01444003215533, 9.932904245676248], [104.01447710425062, 9.932934407898703], [104.01451882638072, 9.932965209767165], [104.01455389499208, 9.93299347034448], [104.01457463381408, 9.933029938001674], [104.0145789632097, 9.933062493997696], [104.01457216610675, 9.93309548595103], [104.01456865470094, 9.933126674347204], [104.01457955882654, 9.933153362836663], [104.01460350082719, 9.933182149782484], [104.01463612078615, 9.93320118438286], [104.01467542559594, 9.933201512573978], [104.01470424786719, 9.933198480187217], [104.01473560442238, 9.933208471358252], [104.01475433311501, 9.933247558154696], [104.01475463567645, 9.933289782817221], [104.01473999191539, 9.933325385469262], [104.0147252578883, 9.933360355078394], [104.01472302322892, 9.93339154532571], [104.01473073739992, 9.93341696336729], [104.01475668679817, 9.933445029883892], [104.01485189999137, 9.933503576456513], [104.01487796444573, 9.933515458685246], [104.0149099584727, 9.933526083675847], [104.01494660440356, 9.933536082487901], [104.01497976386672, 9.933560361960264], [104.0149887481394, 9.933590302630613], [104.01498524249178, 9.933617603156502], [104.01499158209647, 9.9336475399977], [104.01501700353808, 9.93366258584176], [104.01506012902993, 9.933669429466429], [104.01509414083036, 9.933672281593877], [104.01512866918318, 9.933695930122626], [104.01515386604186, 9.93373963747209], [104.01515469186171, 9.933798137754762], [104.0151457637494, 9.933853911442622], [104.01514341409731, 9.933901285973059], [104.01514847511856, 9.933932486783643], [104.01516594819445, 9.93395728603008], [104.01519465643706, 9.933969804973806], [104.01524115993807, 9.93397412182071], [104.01528768460304, 9.93396406256361], [104.01531851031353, 9.933963022175718], [104.01534785120982, 9.933979429905738], [104.0153738158754, 9.933997188987362], [104.0154343973563, 9.934040495428425], [104.01546837420821, 9.934067126851554], [104.01549050840455, 9.934085061215805], [104.01551455771182, 9.934102998348566], [104.01553970416315, 9.934119038332483], [104.01558050939948, 9.93415336497221], [104.01561867209816, 9.93418624113166], [104.01565209901331, 9.93421477047605], [104.01569526419017, 9.934256695450978], [104.01572541618594, 9.934279704683462], [104.0157675943173, 9.934310687898215], [104.01586200127764, 9.934359648948975], [104.01590628491024, 9.934385210235932], [104.01598593574816, 9.934422215027785], [104.01606679062104, 9.934446653729731], [104.016147194577, 9.934467655956793], [104.01623034252042, 9.93448314675749], [104.01629889888481, 9.934498797299186], [104.01637428418172, 9.93452178137578], [104.01643152577937, 9.934541845933996], [104.01657717618583, 9.934596848214445], [104.01668964450762, 9.934642851381415], [104.01674788651495, 9.934664816064966], [104.01681023366932, 9.934685882501423], [104.01682527169208, 9.934692233308184], [104.01688560591552, 9.934717817623236], [104.01696690869234, 9.934747862546779], [104.01703626496096, 9.934777799810101], [104.0171175663092, 9.934808839271335], [104.01720197416675, 9.93483590489069], [104.01725422065036, 9.93484194764503], [104.01731450112163, 9.934842034518011], [104.0173347503166, 9.93483953205181]]]], "type": "MultiPolygon"}, "properties": {"id": 0, "area": 0.0, "perimeter": 0.0}}, {"type": "Feature", "geometry": {"coordinates": [[[[104.02504822670022, 9.970545589169664], [104.02504366618092, 9.970482743680893], [104.0250292486238, 9.970424585789559], [104.02500879904946, 9.970375008818056], [104.02496878971917, 9.970291226828593], [104.02494176928514, 9.970244443393288], [104.02491472777744, 9.970212216874183], [104.02488296570456, 9.970164703359593], [104.02476394229686, 9.96997556485658], [104.02473964564452, 9.969937374787644], [104.02471734897362, 9.969903708355924], [104.02468839416078, 9.969870122858612], [104.02465805974018, 9.969844491987228], [104.0246191527769, 9.969818306410769], [104.02458023822047, 9.969797364937062], [104.02454478463606, 9.969779773773862], [104.02450513939563, 9.969759554577688], [104.02447698240287, 9.969741883384755], [104.02443943306642, 9.969722932988164], [104.02439658502529, 9.96971003289872], [104.02436778095198, 9.969698328219408], [104.02432822313699, 9.969680731186479], [104.02429194296046, 9.96966711711585], [104.02425784791984, 9.969656128214284], [104.0242150863807, 9.969646483195051], [104.02417896947883, 9.969646070055079], [104.02413154189986, 9.969646454530665], [104.02407552656486, 9.969656772496712], [104.02403694999676, 9.969654366686687], [104.02396254169024, 9.96964359152341], [104.0238656058651, 9.969632603382538], [104.02375122470728, 9.969638859747361], [104.02367456630869, 9.969670215080093], [104.02362171138385, 9.9697024181055], [104.02357954891063, 9.96971989860428], [104.0235471555473, 9.969730431022937], [104.02349978292021, 9.969755770250732], [104.02344785157959, 9.969780017973982], [104.02340787316376, 9.969800846952955], [104.02335072771737, 9.969835665866082], [104.02331612569394, 9.969859757479146], [104.023269568627, 9.969888714469347], [104.02322501925968, 9.969916860577824], [104.02319251402977, 9.969941588082506], [104.02314265934183, 9.969980305250816], [104.02310147404792, 9.970015689411573], [104.02305371312623, 9.970057122030765], [104.0230099691887, 9.970095847908233], [104.02296613298331, 9.970135296973984], [104.02276735269656, 9.970352643682117], [104.0226320892888, 9.970481383201472], [104.0225936332103, 9.970521472817612], [104.02256722629616, 9.970554708062304], [104.02253743304735, 9.970595985466664], [104.02250178616364, 9.970648556468728], [104.02247472815318, 9.970690470689817], [104.02244501450272, 9.970739704788217], [104.02241923046398, 9.970783609974001], [104.02236913403524, 9.970862923359707], [104.02234336064035, 9.970899504874547], [104.02232014772123, 9.970931478845964], [104.02228779774207, 9.970974741712647], [104.02224933208137, 9.97102134120657], [104.02221360535503, 9.971066045884447], [104.02218053347075, 9.971103973174282], [104.0221460088683, 9.971137377591289], [104.02209889190058, 9.971174832685543], [104.022029206323, 9.971240193933136], [104.02197057298905, 9.97129435943633], [104.02234460989503, 9.971795346300201], [104.02198067722811, 9.971307845859164], [104.02193430884144, 9.97133228212703], [104.02189996370285, 9.971367675920188], [104.02187017319366, 9.971406964112559], [104.02184704177634, 9.971445538515272], [104.02181740282221, 9.971505984212172], [104.02180383564313, 9.971553071396757], [104.02179811890997, 9.971595558623365], [104.0217977865012, 9.971635883585343], [104.02179543872488, 9.971682263517], [104.02178988225405, 9.971739940823653], [104.02177612856086, 9.971789830627776], [104.02174714922852, 9.971835720319929], [104.02171197933603, 9.971873734965142], [104.02166879489148, 9.971903781531672], [104.02161958674041, 9.971936622347481], [104.02157166905103, 9.971960152180396], [104.0215197439522, 9.97197978838267], [104.02131724647715, 9.972055447265475], [104.02114877518935, 9.972126814884833], [104.02110157745396, 9.972156946031323], [104.02105959299153, 9.97217713891738], [104.02101030898403, 9.972199400884493], [104.02093918585848, 9.972249569968877], [104.02090740697221, 9.972276287418804], [104.02087352544854, 9.97230634723021], [104.02083306728841, 9.972343088362223], [104.02079517267232, 9.972373142403171], [104.02074660968175, 9.972401282388837], [104.02071009371674, 9.972424105138064], [104.02067822451386, 9.972450189524219], [104.02065566046913, 9.972474840619824], [104.0206414888605, 9.972498509194706], [104.02095491184906, 9.97247300990007], [104.02112521111613, 9.972649022552885], [104.02114588064983, 9.972672560310322], [104.0211253239562, 9.972696671823874], [104.0211231573293, 9.973056161799073], [104.02179424626121, 9.974001336000374], [104.02214229462291, 9.974625522584926], [104.02164385032447, 9.974998677554996], [104.02188978128898, 9.975224074881776], [104.02206314075809, 9.975179115371485], [104.02227970421748, 9.97521613431573], [104.02269524135303, 9.975218537334403], [104.02269532979619, 9.975220436192144], [104.02262738163537, 9.975282183370116], [104.02268645597711, 9.975301436029609], [104.02272537011734, 9.975323010651097], [104.0227522379391, 9.97534936007346], [104.02278055850046, 9.975380232360324], [104.02281618340733, 9.975405780561177], [104.02284963763614, 9.975418757861629], [104.02289442182334, 9.975417827331412], [104.02294249539003, 9.975412832788583], [104.02298591449406, 9.975409820731368], [104.02303262955219, 9.975398223881532], [104.0230804573742, 9.97537406082266], [104.02312200188722, 9.975343017176938], [104.02315752395694, 9.975313863649909], [104.02320745438777, 9.975286358192907], [104.02324927118484, 9.975256219077021], [104.02327849823104, 9.975228231946241], [104.02330482596639, 9.975186949550636], [104.02331046189887, 9.975137228923394], [104.02330406019779, 9.975086315692707], [104.02328514472102, 9.975048042792324], [104.02325145251498, 9.975010562519614], [104.02321847840388, 9.974981039858553], [104.02318011926786, 9.974954131556622], [104.0231485172198, 9.974921898376454], [104.02312285718126, 9.974880360860677], [104.02312062697318, 9.974845999676878], [104.02312931707041, 9.974765813299735], [104.0231464356363, 9.97472261902162], [104.02316418199648, 9.974686749317756], [104.02318659055913, 9.974643562596672], [104.02319567408703, 9.97460641469043], [104.02319600752753, 9.974565275985967], [104.02320501246577, 9.974519448051716], [104.02323343107297, 9.974482870266268], [104.02325720009142, 9.974444929598175], [104.0232702977615, 9.974407064097763], [104.02327857289725, 9.974361325533541], [104.02329038788093, 9.974327436493867], [104.02331287314958, 9.974294195607486], [104.02334450144541, 9.974245597096365], [104.02338761509603, 9.974201626191867], [104.02343281900323, 9.974162811966337], [104.0234726289504, 9.974132760362686], [104.02350306757613, 9.974086872609035], [104.02351808921641, 9.974043042401425], [104.0235367372816, 9.97395147783389], [104.02357264758747, 9.973843301405056], [104.02359474703174, 9.973761687496637], [104.02360840435084, 9.973715233277156], [104.0236241507521, 9.973674749481392], [104.02366166344811, 9.973593609648248], [104.02367660250258, 9.973543811869968], [104.02368431297997, 9.973510007368649], [104.02369074761268, 9.973475477719624], [104.02370127117995, 9.97345153255442], [104.02372584162283, 9.973426884110555], [104.0237578719696, 9.973415356601233], [104.02377632000551, 9.973398656005926], [104.02377546268916, 9.97336095139558], [104.02376649270865, 9.973319980239228], [104.0237569447663, 9.973300165554132], [104.02373929466658, 9.973269851073566], [104.0237237538773, 9.973231583012486], [104.02371269390156, 9.973185274340029], [104.02370757194251, 9.973132373789024], [104.02370983312102, 9.97308264832811], [104.02372702827657, 9.97304939985547], [104.0237502325572, 9.9730233932211], [104.02384582217411, 9.972957164425203], [104.0238830723759, 9.97293108740512], [104.02392834126496, 9.972910175520182], [104.02396694708546, 9.97289268992504], [104.02399825821782, 9.972873928099537], [104.02406134608287, 9.972829804749601], [104.02408855487957, 9.972809680827545], [104.02413246508792, 9.972782257038041], [104.02417244672013, 9.972759438847138], [104.0242108874119, 9.972730018100563], [104.0242401142758, 9.972701940451447], [104.02425390533938, 9.972688940235289], [104.02425128015621, 9.972675283706371], [104.02426093768047, 9.972682440321996], [104.02428451144024, 9.972653179204498], [104.02430032687721, 9.972627885322122], [104.02432344748219, 9.972596634407777], [104.02434673226887, 9.972577951522792], [104.02437192583204, 9.972563792146737], [104.02438317792071, 9.972540571319888], [104.02439619085675, 9.972498094434743], [104.02441137648555, 9.972466832205244], [104.02441980405362, 9.972441618203952], [104.02445079932224, 9.972389040369508], [104.02447529756066, 9.972351191051631], [104.02451639377928, 9.972314450368719], [104.02453952312257, 9.972277141589984], [104.02454459989484, 9.972235467133288], [104.0245549688611, 9.972192263146622], [104.02459633186098, 9.97209729504878], [104.02461255230241, 9.972044244070664], [104.0246355307826, 9.971985144857278], [104.02464782554198, 9.97193471034389], [104.02465739459235, 9.971877038682576], [104.02467233144179, 9.971828597078414], [104.02472687639477, 9.971700284295123], [104.02478534015535, 9.971574056643396], [104.02480511102735, 9.971525531497662], [104.02482062100806, 9.971459188367934], [104.02484223419515, 9.971398098042991], [104.02487298920026, 9.971322373366515], [104.02489452072143, 9.971254682565652], [104.02491340437643, 9.971188977141978], [104.0249202514447, 9.971121446268572], [104.02493175119518, 9.971053108274273], [104.02494734460421, 9.970992099786962], [104.024962939971, 9.970929735063859], [104.02498510412525, 9.970866023450187], [104.02499612006508, 9.970816852918004], [104.02499910005893, 9.970774452136746], [104.02500418459613, 9.97072735272719], [104.02502322468473, 9.970679549849049], [104.02503808552868, 9.970620529460364], [104.02504822670022, 9.970545589169664]]]], "type": "MultiPolygon"}, "properties": {"id": 34, "area": 116010.78, "perimeter": 1963.59}}, {"type": "Feature", "geometry": {"coordinates": [[[[104.02224439014044, 9.977981540174973], [104.022242007649, 9.97792656398518], [104.02223696352493, 9.977882976367852], [104.02222246765137, 9.977816138364123], [104.02220867522041, 9.977767294102186], [104.02219352442812, 9.977711757128288], [104.02217854828038, 9.977661554933348], [104.02216195069308, 9.97759742638914], [104.02215154364298, 9.97754126329842], [104.02214120473852, 9.977500923061838], [104.02211939764652, 9.977444110728925], [104.02207120952013, 9.977339792328793], [104.02201891799929, 9.977234835132643], [104.02199110653031, 9.977167525961423], [104.02196801572094, 9.977115413399384], [104.02194683948831, 9.977063846074095], [104.02192775800508, 9.977014361311934], [104.02191477596676, 9.976972751460647], [104.0218989906259, 9.97691459150843], [104.0218872020734, 9.976867648837162], [104.02188955083172, 9.976820636011368], [104.02189799229996, 9.97678610929131], [104.02188894287919, 9.97673718139892], [104.0218625541363, 9.976695009836826], [104.02183913186242, 9.976682589307865], [104.02180494406687, 9.976672232908385], [104.0217668400208, 9.97665798301408], [104.02173011240119, 9.976638038896409], [104.02170114019614, 9.976616207163241], [104.02166992804236, 9.976566795411516], [104.02164805771645, 9.97649090523665], [104.02165284174836, 9.976400134680166], [104.02166599615006, 9.976323571397744], [104.02167291704446, 9.976268518126476], [104.02167255722748, 9.976265081811917], [104.02138814303503, 9.976284836622971], [104.02120415440685, 9.975800848359839], [104.02071836806832, 9.97549933767103], [104.02006406822471, 9.974985830293582], [104.01982369297562, 9.974766859195421], [104.01982150652361, 9.974765138149863], [104.01982059498336, 9.974764775175112], [104.01981986572466, 9.974764502878415], [104.0198191363336, 9.974764320997275], [104.01981840681009, 9.974764229531676], [104.01981758607963, 9.974764137934821], [104.01981676521673, 9.974764136753512], [104.01981594422145, 9.97476422598774], [104.01981521443315, 9.974764315353232], [104.01981494067981, 9.97476440537501], [104.0197982423862, 9.974769444625204], [104.01976995537537, 9.97477817424094], [104.01955688942074, 9.974844503914497], [104.01933598552658, 9.974844547424857], [104.01933434353545, 9.974844725890927], [104.01933288369327, 9.974845085450854], [104.01933078434169, 9.974846167415372], [104.01933005389041, 9.974846708857497], [104.01932950585318, 9.974847250562402], [104.01932895781589, 9.974847792267306], [104.01932804389028, 9.974849056770967], [104.01932740358566, 9.974850321668814], [104.01932712863925, 9.974851225430044], [104.01932685263247, 9.974852852515628], [104.01932690780563, 9.974939651698127], [104.01914727773756, 9.975217782904158], [104.01886874044904, 9.975397579904435], [104.01865316791529, 9.975431355697673], [104.01830956599125, 9.97544758671737], [104.01794745349983, 9.975398691325148], [104.01752930023252, 9.975190763697546], [104.01712830867949, 9.974973185923934], [104.017735804604, 9.974811135423177], [104.01770221678993, 9.974765155693285], [104.01768570210596, 9.974707356181428], [104.01766934882784, 9.974663842584771], [104.01766100646773, 9.974630738374655], [104.01764882450782, 9.974603686466663], [104.0176273208245, 9.974589279282267], [104.01758993038162, 9.97458624150827], [104.01756528762262, 9.974597688675269], [104.01753944068071, 9.974621701883098], [104.01750492402178, 9.97464913834925], [104.01747096923435, 9.974666629895927], [104.01743894163134, 9.974676077227945], [104.01739953864076, 9.97467710522857], [104.01735002432393, 9.97466952910642], [104.01730389065533, 9.974657889160714], [104.01724955781852, 9.974639817831164], [104.01719604704836, 9.974620933941148], [104.0171457283933, 9.974602145077819], [104.01707809681184, 9.974572210018916], [104.01704118798172, 9.974551813065334], [104.0170023518257, 9.974539550731487], [104.01695356040378, 9.974536586799127], [104.01690685208888, 9.974543571603025], [104.01687154090322, 9.974553104542164], [104.01683613651038, 9.97456399357803], [104.01679625418404, 9.974580843561757], [104.0167543583731, 9.974602392240945], [104.01671100044787, 9.974625837526585], [104.01667056100456, 9.974649377449474], [104.01663286322774, 9.974669214295174], [104.01655713762537, 9.974685288997582], [104.01650514901404, 9.974685665747373], [104.01644223197282, 9.974674905520848], [104.01640002410605, 9.974660649085678], [104.01634433895869, 9.974631906598871], [104.01629812186647, 9.974615022284658], [104.01625126339654, 9.974600126179688], [104.01619308340419, 9.974593260649732], [104.01615167093999, 9.974596274734894], [104.01610697315922, 9.97460054987023], [104.01597494820834, 9.974633269692546], [104.01593697730826, 9.974652744398842], [104.01591113211737, 9.97467549165767], [104.01588336103198, 9.974705378959568], [104.01582684040181, 9.9747483348176], [104.01578958458232, 9.974777665853654], [104.01575168603473, 9.974809889254407], [104.01571934375941, 9.974847093577678], [104.01568626474304, 9.974889088859399], [104.0156710851228, 9.974915649037499], [104.01565525516475, 9.974950255266776], [104.0156348688605, 9.974982142410203], [104.01560307259439, 9.975020161254239], [104.01557128326701, 9.975053478489293], [104.01554085709566, 9.975090143080534], [104.01552037168207, 9.975127364597203], [104.01550534799813, 9.975171827297892], [104.015510386121, 9.975218850768657], [104.01553396412828, 9.97524908384303], [104.0155622025172, 9.975273356247406], [104.01558986708572, 9.97531562053738], [104.01560101342594, 9.975364461188928], [104.01560340548944, 9.975412204142325], [104.01559631695488, 9.975456587951028], [104.01557271070934, 9.975507186459227], [104.01555038148987, 9.97555769640383], [104.01553590703429, 9.97560080366633], [104.01552698445545, 9.975651875569653], [104.01553265622627, 9.975702154923825], [104.01554452728276, 9.975754342008862], [104.01555885893367, 9.975807888901528], [104.01556061654836, 9.975852918462207], [104.01555755193566, 9.975889984440995], [104.01555648493066, 9.975933111170757], [104.01556144562043, 9.975970821712108], [104.0155733039979, 9.97603159826704], [104.01557352578558, 9.976066679872497], [104.01556331654147, 9.976124350251334], [104.01554828385974, 9.976174870786853], [104.01552617743677, 9.976259739006485], [104.01549620351722, 9.976360599372683], [104.01547846011334, 9.976393846572536], [104.01545934846126, 9.976427182199648], [104.01544014666686, 9.976459794369097], [104.01541590493996, 9.97650831237525], [104.01540488066448, 9.976562003272283], [104.01540455117771, 9.976599796545377], [104.01538954731538, 9.976630787326611], [104.01536022601826, 9.976660310657131], [104.01534247964263, 9.976695546988266], [104.01533483590559, 9.976745264503197], [104.01533835182754, 9.976773117638201], [104.0153519028465, 9.976799448285615], [104.01538230186036, 9.976842982385577], [104.01541398286602, 9.976883082549703], [104.01543980294288, 9.976939177771996], [104.01544676631917, 9.976979513276344], [104.01544305226543, 9.97702399239231], [104.01542978419592, 9.977114750454026], [104.01542006219752, 9.977151264262993], [104.01540969492724, 9.977192388333345], [104.01540269257887, 9.97724011763528], [104.0154044374729, 9.977293736662496], [104.01541548955656, 9.977344656739819], [104.01546560651688, 9.977438400173492], [104.0155026638961, 9.97748185351997], [104.01553908002514, 9.977527204660477], [104.0155634505999, 9.977576697425247], [104.01559521194697, 9.977624211776345], [104.01561967574872, 9.977672348437762], [104.01563217263775, 9.977733125914963], [104.01562990135335, 9.977788818669884], [104.01560185442435, 9.977881725250738], [104.01559549254311, 9.977928099250413], [104.0156184099281, 9.978035184682541], [104.01562344421691, 9.97808483019518], [104.01562326001807, 9.978147759232945], [104.01561864786952, 9.978244497300087], [104.01561694346353, 9.97828689977307], [104.01561660423619, 9.978331293373104], [104.01561545883452, 9.978365740078921], [104.01561959689622, 9.978466378725335], [104.01562407325181, 9.978523256680067], [104.0156265311411, 9.978588178697686], [104.01562691583143, 9.978636461221882], [104.01561613559645, 9.978710134333841], [104.0155978911281, 9.978773760465806], [104.01558013676792, 9.978814331313686], [104.01555708752433, 9.978858149433702], [104.01553347913165, 9.978910013733566], [104.01551772652218, 9.978953842448552], [104.01550802932825, 9.978973538976879], [104.01550391280136, 9.978981760822414], [104.01547727273608, 9.979048358466057], [104.01545731598296, 9.979097967672011], [104.01541901796415, 9.979153246415384], [104.01536466422051, 9.97921058138399], [104.01532476547293, 9.979238100181673], [104.01527484358074, 9.979259004064215], [104.01522492556074, 9.979277285890527], [104.01517263304649, 9.979297643817489], [104.0151242658223, 9.979315747051198], [104.01508357171964, 9.979325995271925], [104.01504963397775, 9.979331551697582], [104.01501358774297, 9.979344338306019], [104.01498710271187, 9.979367717446202], [104.01495850811304, 9.979399050093582], [104.01492802556868, 9.979411844783552], [104.01489511559653, 9.979400856623359], [104.01489170067262, 9.979366403292742], [104.01492387982657, 9.97931654065575], [104.01492693479277, 9.97928607502376], [104.0149168379839, 9.979267615545565], [104.01488860426709, 9.97923999770637], [104.01485506388637, 9.97922358368686], [104.01481894491953, 9.97922389280873], [104.01479896323845, 9.979228655770092], [104.01477360415711, 9.979230788853068], [104.01474887938288, 9.979235725742157], [104.01472295042761, 9.979253138237134], [104.01469582103665, 9.979280494704772], [104.01466611130219, 9.979325749713764], [104.01463848569047, 9.979380230148815], [104.0146114915637, 9.979439413113742], [104.01458041367906, 9.97948466612231], [104.01455071381963, 9.979523230375358], [104.01452364225098, 9.979573100407082], [104.014511267125, 9.97961494483735], [104.01448565594629, 9.979664093665809], [104.01446043892786, 9.97969344203933], [104.01444653682356, 9.97971937108975], [104.01445960826264, 9.9797616142264], [104.01447909857731, 9.979780720302205], [104.01449859291246, 9.979797113913461], [104.01452281936747, 9.979820747663771], [104.01453536299005, 9.979849879760923], [104.01448065003761, 9.979903235759446], [104.01443811211976, 9.979926681896503], [104.01440352312184, 9.979940826790765], [104.01437221561234, 9.979956332694298], [104.0143300446576, 9.979978332700904], [104.0142411396327, 9.98002413436366], [104.01421110513867, 9.980042264159062], [104.0141778833072, 9.980057043929774], [104.01412595356594, 9.980078668030394], [104.01406024679241, 9.980103346179913], [104.0140039878061, 9.98003057002707], [104.0139956032058, 9.980026127442116], [104.0139875747237, 9.980027562392358], [104.01398419760037, 9.980029184952278], [104.01398072873228, 9.980031169041006], [104.01397725946188, 9.980033424376012], [104.01397369871489, 9.980035860408949], [104.01396675936932, 9.980040913571429], [104.01391544299923, 9.980079446256687], [104.01390558096024, 9.980087207626921], [104.01389535314844, 9.980095601373133], [104.01380467067665, 9.980171327899141], [104.01379508172097, 9.980179451326483], [104.01378868908361, 9.980184866944532], [104.0137808346968, 9.980191907912706], [104.01376905284764, 9.980202650195451], [104.01373626368049, 9.98023316287137], [104.01372347652327, 9.980245259920995], [104.01371726522697, 9.980251399127038], [104.01371105379631, 9.980257628748381], [104.01370794801382, 9.980260788766723], [104.01370200967142, 9.980267380448625], [104.01368748284271, 9.980283995741527], [104.01365559635165, 9.980320838819205], [104.01364408422779, 9.980334203543713], [104.01363622634545, 9.98034359530943], [104.01362516999389, 9.980357141529163], [104.01358679185164, 9.980404644175985], [104.01357317642461, 9.980421712870728], [104.01355946938506, 9.980439052678086], [104.01350518725515, 9.980509226438267], [104.01345575029507, 9.980571902760238], [104.0134475258223, 9.980582469389159], [104.01344213404866, 9.980589513941391], [104.01343683321483, 9.980596739457463], [104.01342879075513, 9.980607577598308], [104.01338428130897, 9.980668724031919], [104.0133567732933, 9.98070521180352], [104.01334873069393, 9.980716140357536], [104.01334342972169, 9.9807234562873], [104.01333602584988, 9.980734204941836], [104.01330092280345, 9.980787318099049], [104.01328611317348, 9.980810081221676], [104.01327678800865, 9.980824805357932], [104.01324917680617, 9.980869339959064], [104.01323564623806, 9.980890658296024], [104.01315941089358, 9.981003204872152], [104.01315191499457, 9.98101449588123], [104.01314716086173, 9.981022083852544], [104.01314258914594, 9.981029672090111], [104.01313838226453, 9.98103726086026], [104.01313225409065, 9.981048825112557], [104.01311149061814, 9.981088577669851], [104.01307563982317, 9.981153805400094], [104.01306576281851, 9.98117160285453], [104.0130545163389, 9.981190302464983], [104.01302681292464, 9.9812354698186], [104.0129981109099, 9.981277471164391], [104.01298138504653, 9.981300773965954], [104.01292409598308, 9.981368773249175], [104.01287612604862, 9.981426117092466], [104.01286077596173, 9.981444268206738], [104.01281062035528, 9.981499348455914], [104.01278549721019, 9.98152670767983], [104.01274073311504, 9.981574924208152], [104.01270081154416, 9.981617451623025], [104.01268866154555, 9.981630363299383], [104.01265230396305, 9.981668284720042], [104.01264097578131, 9.981680564686293], [104.01262544499997, 9.981697540121257], [104.01260461469099, 9.981720836901882], [104.01259575223732, 9.981731040911505], [104.0125907268752, 9.981737000996045], [104.01258597500488, 9.98174305189589], [104.01258049198427, 9.981750096298583], [104.01256422506967, 9.981771410603548], [104.01254804922729, 9.981792815456338], [104.01254009791677, 9.981803653705517], [104.01253507053487, 9.981810970020279], [104.01253013409249, 9.981818467299128], [104.01252291177904, 9.981829758691616], [104.01251587174826, 9.981841140766036], [104.01250883158245, 9.981852613255676], [104.01250425970528, 9.98186029189827], [104.01249996131996, 9.981868061356264], [104.01249365028586, 9.981879896573954], [104.01248157533492, 9.981903658224471], [104.01247370756018, 9.981919650283585], [104.01246995602298, 9.981927691787465], [104.0124682171349, 9.981931667531725], [104.01246318315727, 9.981943414200328], [104.01245018427353, 9.981975131071927], [104.01244221950134, 9.981995010859347], [104.01243434418798, 9.98201606618022], [104.01242665115689, 9.982037212182997], [104.01242381089897, 9.982045797512376], [104.01242243644167, 9.982050045036033], [104.0124198699448, 9.982058540350078], [104.01241748586561, 9.982067035930848], [104.01241170808493, 9.982088275149401], [104.01240602420337, 9.982107706192986], [104.01239732369858, 9.98213165360528], [104.01237580549909, 9.982188131890256], [104.01236317250857, 9.982219125967426], [104.01235850295447, 9.982231144413662], [104.01233698474105, 9.98228762269517], [104.01231382058596, 9.982346901451017], [104.01230960855344, 9.98235792599386], [104.01230704420415, 9.982364974660118], [104.01230438756913, 9.982372746516187], [104.012300355666, 9.98238530838761], [104.01229393967729, 9.98240636583839], [104.0122864227193, 9.982431761627485], [104.01228156333859, 9.9824487526527], [104.01227945274505, 9.982457339047635], [104.01227743309124, 9.98246610640678], [104.01227357606666, 9.982483731807253], [104.01226154221526, 9.982541128111313], [104.01225896857616, 9.98255441543996], [104.0122574960408, 9.982563274014844], [104.01225675977307, 9.982567703302276], [104.01225509795493, 9.98258117279593], [104.0122531557795, 9.982599162659517], [104.01224334709379, 9.982693542198186], [104.01224204997601, 9.982707102640747], [104.01224139818656, 9.982716052831723], [104.0122406495346, 9.982728800336217], [104.01223998589985, 9.982745707082694], [104.0122395045486, 9.98276270451144], [104.01223939409094, 9.982775633780724], [104.01223964106643, 9.982793536430933], [104.01224058460193, 9.982833682337832], [104.0122417988035, 9.982875817783825], [104.01224336545798, 9.98292627198052], [104.01224359776128, 9.982954029909477], [104.01223826159382, 9.982984944237874], [104.01222750719985, 9.983040624513308], [104.0122174115932, 9.983082652996504], [104.01220768593602, 9.983121246227702], [104.01218533705513, 9.983184233200229], [104.01216427734607, 9.98323899423766], [104.01215457281496, 9.983263392248652], [104.01212794448291, 9.983321400096038], [104.01210589047405, 9.983370101828559], [104.01209847828515, 9.983386365788444], [104.01202655642122, 9.983541594517058], [104.01201530117669, 9.983566080668497], [104.01197659167521, 9.983651918819119], [104.01196927283743, 9.983666736262446], [104.01225889184305, 9.98370875127864], [104.01219291962872, 9.984156121526969], [104.01176432677381, 9.984093921085472], [104.01176553149735, 9.984081174252022], [104.01174009818106, 9.984132854718458], [104.01172620064801, 9.984155438260032], [104.01165716738333, 9.98426944161009], [104.01165030968588, 9.98428082392787], [104.0116435429279, 9.984292387209873], [104.01163476362883, 9.984307925829114], [104.0115846466719, 9.98439781591109], [104.01157815313329, 9.984409650838517], [104.01157403697454, 9.984417510963405], [104.01157202429764, 9.984421576715725], [104.0115701940398, 9.984425642735308], [104.01156854647068, 9.984429528191384], [104.01156543361665, 9.984437389786173], [104.0115625030468, 9.984445342063587], [104.01155847216485, 9.984457180598831], [104.01155453276175, 9.984468838436872], [104.01155040986067, 9.984481219330632], [104.01154784331942, 9.984489714634751], [104.01154665125833, 9.984493962420451], [104.01154454076479, 9.984502458392763], [104.01154169425779, 9.984515202818953], [104.01153480257524, 9.984549369810656], [104.01152984287641, 9.984572418516523], [104.01152020613885, 9.984612458498084], [104.01151295959059, 9.984639934215918], [104.01149336657093, 9.984689634073485], [104.01148860506208, 9.984702104445814], [104.01148558260385, 9.984710508665486], [104.01148145996642, 9.984722708727181], [104.01147751974793, 9.984734909056142], [104.01147504481669, 9.984743133246905], [104.01147137809183, 9.984755424392146], [104.01146935907369, 9.98476373966658], [104.01146834956457, 9.984767897303788], [104.0114675223399, 9.984772145623712], [104.01146614138464, 9.984780733079962], [104.01146420683348, 9.984793569257123], [104.01146309950701, 9.984802157114354], [104.011462636986, 9.984806496384337], [104.01146235701914, 9.984810745506277], [104.01146207678259, 9.98481517545897], [104.0114618877557, 9.984819605545345], [104.01146178319608, 9.984828556534495], [104.01146203700243, 9.984841847996659], [104.0114623883563, 9.984850890069545], [104.0114630134741, 9.984859842128067], [104.01146597012884, 9.984895560615104], [104.01146720687991, 9.98492250627026], [104.0114658946138, 9.984946193228769], [104.01146008380887, 9.984989493774846], [104.01145125445032, 9.985038576493576], [104.01143931910252, 9.985090909620281], [104.01143748250061, 9.985099225161596], [104.01143582818321, 9.985107631385628], [104.01143343730988, 9.98512064772455], [104.01143131993068, 9.985133754879866], [104.01142864868453, 9.985151291586643], [104.01142680479933, 9.98516448955834], [104.0114262510673, 9.985168828694428], [104.01142541696285, 9.985177688198444], [104.01142393130813, 9.985195317058437], [104.01142253025462, 9.985217376405675], [104.01142206098896, 9.985226236444399], [104.0114219633057, 9.98523057624892], [104.01142195008894, 9.985239436956078], [104.01142212590017, 9.985243867577045], [104.01142284236174, 9.985252729353734], [104.0114244644478, 9.985265932405508], [104.01142626895358, 9.98527913572465], [104.01142789778304, 9.98528781800745], [104.01142880340761, 9.985292159282537], [104.01142970903219, 9.985296500557618], [104.01143088896053, 9.985300390156864], [104.01143206888891, 9.985304279756114], [104.01143334016197, 9.985308079073661], [104.0114360649929, 9.985315768391517], [104.01144060862583, 9.985327076998237], [104.01144388071602, 9.985334767118143], [104.01144569924821, 9.985338567237774], [104.01144760899027, 9.985342367491068], [104.01144961007707, 9.985346077462665], [104.01145188479332, 9.985349787835304], [104.01145425085431, 9.985353407926226], [104.01145679933504, 9.985357028284499], [104.01145943916049, 9.985360558361066], [104.01146207912083, 9.985363998022226], [104.01146754146136, 9.985370877611851], [104.0114731863566, 9.98537766705337], [104.01147610021643, 9.985380926284705], [104.01147910528613, 9.9853841856497], [104.01148201955061, 9.98538717363485], [104.01148502502498, 9.985390161753656], [104.01149112745343, 9.985395957294095], [104.01150060073543, 9.985404379826287], [104.01150715988783, 9.985409723957918], [104.0115104395315, 9.98541235081599], [104.01151718150841, 9.98541742396864], [104.01152109935147, 9.985420232593048], [104.01154843371906, 9.985439440752124], [104.0115626478935, 9.985449226463558], [104.0115733998696, 9.985456475465027], [104.01158424332567, 9.985463543769058], [104.01159654546578, 9.985471066287987], [104.01161012400526, 9.985478952339], [104.01162507001922, 9.985487292470966], [104.01163555106457, 9.985492732762005], [104.01164138418186, 9.9854956346068], [104.01164940498799, 9.985499443812452], [104.01166152767695, 9.985504976923455], [104.01166963996299, 9.985508605431516], [104.01167775238402, 9.98551214352401], [104.01168194547677, 9.985513867562922], [104.01169115255131, 9.985517316843183], [104.01170737955111, 9.985522946380854], [104.01172780045349, 9.985529757463826], [104.0117401081256, 9.985533572947046], [104.0117494988341, 9.985536208754523], [104.01176199013949, 9.985539210765724], [104.01177876709644, 9.985543032793979], [104.011795635668, 9.985546583708864], [104.01180812778286, 9.985549043226078], [104.01182071124252, 9.985551412461025], [104.01184587856679, 9.98555587968339], [104.01186274808312, 9.985558797687254], [104.01187597028235, 9.985560987024407], [104.01189366095774, 9.985563725398078], [104.0119926929357, 9.985578608143246], [104.01215774405586, 9.985604889438722], [104.01223634921713, 9.985616939332315], [104.0122976261179, 9.985627878866813], [104.01230619769532, 9.98562933805777], [104.01231476940741, 9.98563070683313], [104.01232343259873, 9.985631894910933], [104.01233236968913, 9.985632902558073], [104.01237258720235, 9.985637030098035], [104.0123912821385, 9.985639137005732], [104.01245484212417, 9.98564818112431], [104.01247627228257, 9.985651015352811], [104.01250645738244, 9.98565467612489], [104.01253253897865, 9.985657697983921], [104.01254576226411, 9.98565916397176], [104.01259263703245, 9.985664024545867], [104.0126472598029, 9.985672151403351], [104.01268300588796, 9.985677719017858], [104.01272522599625, 9.98568456191127], [104.0127939809344, 9.985696326028178], [104.01280647373669, 9.985698333431603], [104.01282297896937, 9.985700889192737], [104.01283528962111, 9.985702715497679], [104.01284814780162, 9.985704361771221], [104.01290094880865, 9.985710858444463], [104.01294080015761, 9.985715889537435], [104.01299442125192, 9.98572292988796], [104.01302077568316, 9.985726494601428], [104.01306737321222, 9.98573379592553], [104.01307567157015, 9.985734983451048], [104.01308442597788, 9.985736171642575], [104.01311041637813, 9.985739193323672], [104.01314516172475, 9.985743041531146], [104.01317060580733, 9.985745429500458], [104.01318765991844, 9.985746901058274], [104.01320088415233, 9.985747734112625], [104.01321447349486, 9.985748386868465], [104.01331644017914, 9.98575260447082], [104.01332975616117, 9.98575307599164], [104.01333860325836, 9.98575326974031], [104.01334745062425, 9.985753282657937], [104.01336049405123, 9.985753030454802], [104.01341193942274, 9.985751116417914], [104.0134361104646, 9.985750880456246], [104.01349958453795, 9.985756398043995], [104.01352211004094, 9.98575869131112], [104.01354755238316, 9.985762254652109], [104.01361120216815, 9.985772293255325], [104.01367211592702, 9.985782147023308], [104.01371424432845, 9.98578935132156], [104.01374360642278, 9.985794457431727], [104.01380114448216, 9.985804939161033], [104.01381883452059, 9.985808129510916], [104.01384090183326, 9.985811868738093], [104.0138675288404, 9.985816157107742], [104.01388084267974, 9.985818075253265], [104.01388987072359, 9.98581926382295], [104.01389889903588, 9.985820271561565], [104.01394404073251, 9.985825219835627], [104.0139576290078, 9.98582659588468], [104.01396665758897, 9.985827422790663], [104.01397979021705, 9.985828526927573], [104.01399292311359, 9.985829450233153], [104.01401043382137, 9.985830560752586], [104.01402384048224, 9.985831394040499], [104.01413310280688, 9.98583643577224], [104.01415134373227, 9.985837185686293], [104.01416493361873, 9.985837476742008], [104.01417378098799, 9.985837489637804], [104.0141863687716, 9.98583696549152], [104.01421574080305, 9.985835380820012], [104.01423234222858, 9.985834591274791], [104.0142553271467, 9.985834624772131], [104.01435072850971, 9.985837657089032], [104.01437617408746, 9.985839050397484], [104.01439450367717, 9.98584151832407], [104.01441739269472, 9.985844716216947], [104.01444365474023, 9.985849094424944], [104.01447638545899, 9.985858364496744], [104.01450446353131, 9.985868260697758], [104.01454466020753, 9.985886492783422], [104.01457756223111, 9.98590326759098], [104.01458530932048, 9.985907166744889], [104.01459323909803, 9.985910885333462], [104.01460107793379, 9.985914422958192], [104.01460508876272, 9.985916056280184], [104.01461311055476, 9.985919232508625], [104.01463745023177, 9.985928309514176], [104.01466197273221, 9.985937115537372], [104.01467008627128, 9.985939930235622], [104.01467838263251, 9.98594247395303], [104.01468549406731, 9.985944473451244], [104.01469625283163, 9.985947201584827], [104.01471348563283, 9.985951204962737], [104.01473080991246, 9.985955027641738], [104.01473947218639, 9.98595684856548], [104.0147482262063, 9.985958307960122], [104.01475251227414, 9.985958856693722], [104.01476108467784, 9.985959773329926], [104.01477403489532, 9.985960877170344], [104.01479564953056, 9.985962355285835], [104.01480869149414, 9.985963097596004], [104.01481735604577, 9.985963381455596], [104.01482164291744, 9.985963387695792], [104.01482592992309, 9.98596330352051], [104.01483030840664, 9.985963038647101], [104.01483924832952, 9.985962147503953], [104.01484809731016, 9.985961075396942], [104.01485694655862, 9.985959822458868], [104.01487464518931, 9.985957226166565], [104.0148923440876, 9.985954449042469], [104.01490110239357, 9.985953015139598], [104.01491442254029, 9.98595068371951], [104.014936593006, 9.985946376035267], [104.01498093433752, 9.985937489415996], [104.01498969317831, 9.985935693849065], [104.01499854336294, 9.985933807999205], [104.01500730260521, 9.98593174118552], [104.01501587956119, 9.985929583690762], [104.01504626401426, 9.985921852157288], [104.01505922105912, 9.985918344799941], [104.0150678896261, 9.985915916190232], [104.01507217837145, 9.985914656611232], [104.0150806650537, 9.985911866074074], [104.0150933498064, 9.985907454163026], [104.01510603482649, 9.98590286142062], [104.01511853769394, 9.98589808758149], [104.01512684275845, 9.985894754285193], [104.01513095002026, 9.985892861532063], [104.01513861714977, 9.985889165644961], [104.01514984481598, 9.985883214546527], [104.01515723898422, 9.985879066183807], [104.0151683759751, 9.985872753290325], [104.01517567920054, 9.985868423963659], [104.01518298269347, 9.985863913805957], [104.01518645215369, 9.98586156804628], [104.01519001295767, 9.985859132003808], [104.01519348268543, 9.985856605413202], [104.01520023985461, 9.985851461551114], [104.01521375459386, 9.985840902580206], [104.01522708717982, 9.985830162512542], [104.01523366246325, 9.98582465672269], [104.01524032922407, 9.985818970234504], [104.01527576513647, 9.985787647548438], [104.01530060556429, 9.985766526416104], [104.01530754581891, 9.985760930739769], [104.0153219742564, 9.985749288105271], [104.015360503667, 9.985723123598218], [104.01538058912604, 9.985710132951858], [104.01557026827804, 9.985612488554498], [104.01559874704306, 9.985598153858092], [104.01565013273756, 9.9855749012989], [104.01568262513433, 9.985560301180287], [104.01574331957735, 9.98553344550644], [104.01575518488849, 9.985528037806587], [104.01576504304622, 9.985522988852914], [104.0157689682811, 9.985520824580155], [104.01577672794177, 9.985516224655694], [104.01578832216163, 9.985509098663792], [104.0158570680512, 9.98546534694123], [104.0158953208179, 9.985441171110525], [104.01593357344545, 9.985417085690576], [104.015944985506, 9.985409778597065], [104.01595238099017, 9.98540472606122], [104.015955942051, 9.985402109179114], [104.01595950337894, 9.98539931146609], [104.0159627912108, 9.985396422940235], [104.01596598809991, 9.98539335345101], [104.01596900283641, 9.98539010286599], [104.01597183528668, 9.985386761600596], [104.01597475908035, 9.985383330052185], [104.01598024209525, 9.985376285594603], [104.01598828446458, 9.985365537812285], [104.01600967006262, 9.985336816693067], [104.01604988202766, 9.98528298735961], [104.01608634716227, 9.985234035025448], [104.01610288272616, 9.985216066318914], [104.01614385851872, 9.985200845558223], [104.01616575676051, 9.985195542821794], [104.01621985714961, 9.985186851027581], [104.01623345262352, 9.985183344549108], [104.01638278328797, 9.985169908477813], [104.01643022281466, 9.985162924882175], [104.0164849513853, 9.98516119596004], [104.01653511065615, 9.985165427834023], [104.01658526499142, 9.985173005072141], [104.01663141677038, 9.985173343247238], [104.01668551167717, 9.985168358410142], [104.0167334180536, 9.98515405178073], [104.01677194915439, 9.985126621284653], [104.01680431012477, 9.98507739166911], [104.0168232787152, 9.985017654422714], [104.01682762719244, 9.98497588869709], [104.01682868611478, 9.984938186907234], [104.01683969783726, 9.984893085460357], [104.01685536152051, 9.984847809924101], [104.01687183315147, 9.98481130587565], [104.01689889604212, 9.984767403092485], [104.01693069023037, 9.984731373324538], [104.01697788245414, 9.984706486990243], [104.01704185925706, 9.98468026873215], [104.01709765463472, 9.98463541298519], [104.01713746737761, 9.984604729334965], [104.01720136293382, 9.984571729752913], [104.01726469149962, 9.98455211085377], [104.01732816943787, 9.984554915241041], [104.0173903567219, 9.984567030560328], [104.01746066953127, 9.98457382310654], [104.01752206417015, 9.984566769134808], [104.0175732686224, 9.984542521429514], [104.01760906622222, 9.984513097728774], [104.01763292773191, 9.984475248096135], [104.0176546091243, 9.984431337457748], [104.01768295959728, 9.984380112798227], [104.0178196287569, 9.984169189935614], [104.01787141830799, 9.984119174562029], [104.01788137492086, 9.984109152822759], [104.0179118035891, 9.98407122224819], [104.01793026716886, 9.984044576326724], [104.01795532803338, 9.983997415587421], [104.01797629138008, 9.983945547306504], [104.01798530215086, 9.983896464627886], [104.01798564402606, 9.983850081884887], [104.0179773053022, 9.983814355639538], [104.01796906351012, 9.983774741660444], [104.01796739092939, 9.98373369052893], [104.01797704800927, 9.983679274259778], [104.0179994511257, 9.98364069916035], [104.01805365004948, 9.98356482835371], [104.01811370696284, 9.983474951575106], [104.01815394574527, 9.98340249636604], [104.01820076634188, 9.983320014523017], [104.01824028126033, 9.983243579965388], [104.01825113263985, 9.983183288390922], [104.01824962489215, 9.983154172365124], [104.01825397700789, 9.983109784557538], [104.01826827399097, 9.98306333155872], [104.01831240517221, 9.983010954229051], [104.01836236987641, 9.982961207374553], [104.01841070196961, 9.982905219471755], [104.01846907981736, 9.982840566164755], [104.01852198695019, 9.982774639126504], [104.01858020279361, 9.982696061548676], [104.01862116134745, 9.982630207654871], [104.01864662389443, 9.982557821454687], [104.01864278744705, 9.982499588216308], [104.01862587395875, 9.98246457292863], [104.01862356960547, 9.982418909681819], [104.01866909839676, 9.98234637161665], [104.01870346048153, 9.982300490052232], [104.01872923921032, 9.98226119643957], [104.01875702838302, 9.982219283671366], [104.018800049723, 9.982177212052223], [104.01884597513566, 9.982145090343247], [104.0189050541535, 9.982099696500363], [104.01914400495794, 9.98198720240389], [104.01919593365263, 9.98196630084691], [104.0192432979123, 9.981948105171234], [104.01929916330452, 9.98191717313148], [104.01933633721575, 9.98188187418457], [104.01938266145605, 9.981826516137948], [104.01941831304215, 9.981771956443222], [104.01945404123897, 9.981727342581065], [104.0195004410008, 9.981682653676893], [104.01955359325738, 9.98163589493389], [104.01959983774931, 9.981572670572243], [104.01962555028811, 9.981516197802645], [104.01965189359218, 9.981464970049773], [104.01968931689194, 9.981383921072597], [104.01973242523641, 9.981344561917053], [104.0197703104198, 9.981321741306974], [104.01981230396913, 9.981296214137378], [104.01985839674118, 9.98127421907708], [104.02000897284415, 9.981218739780067], [104.02006824690156, 9.98122678167769], [104.02009805469658, 9.981238759450664], [104.02013932951282, 9.981268023123038], [104.02016831895068, 9.981278281813868], [104.02017223894332, 9.981279643690176], [104.02021146654005, 9.981274365607376], [104.02026614628113, 9.981243250857643], [104.02029343796242, 9.981229456516255], [104.02029672399381, 9.981227743344936], [104.02033340104559, 9.981220201185506], [104.02037883228688, 9.981213937433328], [104.02041407037358, 9.981192469175518], [104.02044306149425, 9.981139256014782], [104.02045599682117, 9.981088099323408], [104.02046636162768, 9.981048331314632], [104.02047223881254, 9.981021124636344], [104.02048741068687, 9.98099980834479], [104.02050868097535, 9.980987090314244], [104.02053789819514, 9.980966336709866], [104.02055644385915, 9.980945658175628], [104.02057909788115, 9.980922273075274], [104.02061423572047, 9.980906952918492], [104.02067715914826, 9.98091427662661], [104.02071191204705, 9.980912699095017], [104.0207513253171, 9.980905160820125], [104.02079657700051, 9.980896907604713], [104.02083863161785, 9.980891904755117], [104.02089071734093, 9.980888182132427], [104.02100606752485, 9.980845671619829], [104.02104395349212, 9.980822217948798], [104.02108778162858, 9.980789459987545], [104.02113626826906, 9.980752007092006], [104.02117407754022, 9.980718607565368], [104.02122923216726, 9.980674473465792], [104.02127169596667, 9.980639091463539], [104.02132138372866, 9.980591061623048], [104.02135711933119, 9.98054111301899], [104.02136820694324, 9.980505957214707], [104.0213778488166, 9.980461486514924], [104.0213876662377, 9.980421717684456], [104.02142339600107, 9.980375747355206], [104.02146657211352, 9.980352210807608], [104.02152517804339, 9.980318027336299], [104.02156033148503, 9.980291947624703], [104.02160737410419, 9.980243913941488], [104.02162248554386, 9.980201440224253], [104.02162016255947, 9.980168254318192], [104.02160203701051, 9.980151139744082], [104.02157844462883, 9.980130129450053], [104.02156946804884, 9.980093769448006], [104.02158065171317, 9.980055268389686], [104.02160096598874, 9.98001008966439], [104.02161060966081, 9.979964353136792], [104.02161007361877, 9.979894189758431], [104.02159822469682, 9.979826089713894], [104.0215929614013, 9.979807727769781], [104.02158043852195, 9.979763948590342], [104.02153783562113, 9.979707287223759], [104.0215295100536, 9.979662338659665], [104.02154332713239, 9.979631797963808], [104.02158514556972, 9.979601026188462], [104.02161886757209, 9.97955577627653], [104.02163597895921, 9.979517826210909], [104.02165358584067, 9.979452842549499], [104.02167238145744, 9.979385781029489], [104.0216959936874, 9.979330661292806], [104.0217456228262, 9.979260117770496], [104.02179668251668, 9.979209286921986], [104.02182246141658, 9.979169450540931], [104.02184550129321, 9.97913150896133], [104.02188942032863, 9.979098751007909], [104.0219245784874, 9.979069325873107], [104.0220008416476, 9.978997916325765], [104.02203327791186, 9.978958631961381], [104.02205825342435, 9.978906769113971], [104.02207456204445, 9.97885634049736], [104.02208092791712, 9.978806620958927], [104.02207709574773, 9.978745042344958], [104.02208467052512, 9.978679411366853], [104.02208628763829, 9.9786337537319], [104.02208655218558, 9.978577425100658], [104.02208736463987, 9.978520645175537], [104.02209035989056, 9.978468117917885], [104.02211140945303, 9.978418961910204], [104.0221338048524, 9.978385088090437], [104.02214561629467, 9.978353821162946], [104.02215405290646, 9.978322639815872], [104.02217044899625, 9.978274742957153], [104.02219349838711, 9.9782302010107], [104.02220113533778, 9.978184461580547], [104.02220083706194, 9.978138801199199], [104.02221842252786, 9.978088374399517], [104.02224074711053, 9.978040486027416], [104.02224439014044, 9.977981540174973]], [[104.01283696907355, 9.982794771417932], [104.01277099788751, 9.983242141851273], [104.01231979089651, 9.983176744575381], [104.01238576267691, 9.982729374258222], [104.01283696907355, 9.982794771417932]]]], "type": "MultiPolygon"}, "properties": {"id": 28, "area": 592786.69, "perimeter": 4744.32}}, {"type": "Feature", "geometry": {"coordinates": [[[[104.03038582917753, 10.002958889140746], [104.03030361356677, 10.002980292044786], [104.03024070447674, 10.003023331539563], [104.02979669692105, 10.003384457696574], [104.02975434385826, 10.003404741380196], [104.02972414645902, 10.003408315332024], [104.0296939697391, 10.00339751321283], [104.02965406409399, 10.003365087985241], [104.02961423926529, 10.00333989612395], [104.0295815877802, 10.00333740874157], [104.02954417398675, 10.00334820573175], [104.02951513831684, 10.00336850821276], [104.02949090945805, 10.003407985617354], [104.02946064491114, 10.003458213953666], [104.02941941033414, 10.003525244093604], [104.02928631489061, 10.003660498560494], [104.02903227818418, 10.003851820370098], [104.02881675630445, 10.004091026415455], [104.02878045052765, 10.00415571263604], [104.02877551250741, 10.00422758611772], [104.02877181567338, 10.004261034687929], [104.02877176901569, 10.004293403439387], [104.02876807035555, 10.00432811782647], [104.0287280365477, 10.004447861914072], [104.02871103594582, 10.004471797991238], [104.02868930426422, 10.004487318706499], [104.02866758978814, 10.00449090457365], [104.02853224336936, 10.004478777941165], [104.02843913320356, 10.004464269894719], [104.02841377363362, 10.004465409355516], [104.02838356230035, 10.004478567223371], [104.02834000768969, 10.004509608478777], [104.02825898547714, 10.00458860733461], [104.02822499110442, 10.004631687414378], [104.02820808167215, 10.004655623592797], [104.02820513798532, 10.004672798398229], [104.02820922245378, 10.00468681862088], [104.02820434653948, 10.004715563893622], [104.02818741987555, 10.00475143491617], [104.02800113630718, 10.0048924904022], [104.027935715295, 10.004969070079195], [104.02791382482158, 10.005031335419915], [104.02790657727107, 10.005060077321051], [104.02791133556771, 10.005112796412376], [104.02791611815285, 10.005148698222222], [104.02793290306671, 10.005211018439985], [104.02795941006016, 10.005299663413027], [104.02802682545504, 10.005484387869984], [104.02804844144097, 10.00554906574369], [104.02805812541118, 10.005601791820386], [104.02806525195035, 10.005656865076396], [104.0280627765598, 10.005728742026543], [104.0280528919351, 10.00581498455756], [104.0280190003226, 10.005913127897227], [104.02799468496157, 10.005949078836503], [104.02797293068818, 10.00598015096133], [104.02791965851141, 10.006044722573929], [104.0278906068283, 10.006075874752566], [104.02783975468782, 10.006106905571443], [104.02763901873172, 10.006212045269228], [104.02757857489871, 10.006252736902354], [104.02753498873547, 10.006305387334391], [104.02749627516738, 10.006331643306888], [104.02738986201416, 10.006369828382981], [104.02736567947356, 10.006376936862974], [104.02733417873952, 10.006398501448931], [104.02730277954765, 10.006412923338694], [104.02727860040224, 10.006417681009744], [104.02724649436534, 10.006416279148812], [104.02722059061799, 10.006415157346709], [104.02714085405286, 10.00642462807313], [104.02709012754391, 10.006431789215759], [104.02701026861536, 10.006462778663181], [104.02695218933995, 10.006508265568241], [104.0269037860053, 10.006548883778159], [104.02687955828779, 10.006587185558683], [104.02686738847885, 10.006613479205361], [104.02687217776892, 10.006644679418335], [104.02688907116804, 10.006694974549935], [104.02691071120643, 10.006742925624451], [104.02694926547372, 10.006826795766992], [104.02698784396861, 10.006893939043731], [104.02700955444419, 10.006956266301845], [104.02701671890195, 10.006985028667586], [104.02701667375851, 10.007016222004435], [104.02700941914263, 10.007049755896821], [104.02699487077128, 10.007080838194604], [104.02694160515527, 10.00714061760943], [104.02692458687075, 10.007176578836125], [104.02692701162032, 10.007202893239697], [104.0269486863757, 10.00722688421334], [104.02701877256271, 10.00726776133947], [104.0270574309345, 10.007279751173947], [104.02709126165695, 10.0072870325264], [104.02712382582092, 10.007287078822486], [104.02717100026585, 10.007276296005513], [104.02721217850987, 10.007248868178193], [104.02724724369696, 10.007222516645113], [104.02729685369778, 10.007167524014617], [104.0273477736588, 10.007089748491174], [104.0273888918975, 10.007040711212081], [104.0274941748885, 10.006964188301833], [104.02756914299975, 10.006909141230198], [104.02760066441873, 10.006873290978767], [104.02761523363277, 10.006827742174563], [104.02762972534765, 10.006772699614658], [104.02763653688062, 10.006730123509469], [104.02764196788847, 10.006696044516078], [104.02764684036133, 10.006669740476543], [104.02766138185717, 10.00664335975073], [104.02769762569508, 10.006621892284258], [104.02775812957772, 10.006602810062326], [104.02782581874574, 10.00659811411926], [104.02787652789904, 10.006602978124144], [104.02792011881334, 10.00661018282695], [104.02794666265996, 10.006610220495672], [104.02797323066405, 10.00659353129778], [104.0279999106425, 10.006562466165027], [104.02817189952678, 10.00627753912557], [104.0281985726732, 10.006251175579663], [104.02825414388802, 10.006236878297612], [104.02829766077281, 10.006232147975206], [104.02832422533619, 10.006217809549415], [104.02855910413038, 10.005966606078463], [104.02875285456636, 10.00570820132593], [104.02877709933668, 10.005657874132465], [104.02879403641614, 10.005614769841063], [104.02882063544635, 10.005576471264206], [104.02884730835272, 10.005550198075657], [104.02888845692101, 10.005543113509422], [104.02894401769566, 10.005535958929302], [104.02904555455815, 10.005526518619885], [104.02917361785755, 10.005529141108182], [104.02921958717586, 10.005531556970489], [104.02925215286771, 10.005530427648631], [104.02927761245995, 10.005523230417763], [104.02954866306929, 10.005299563731676], [104.02996960107563, 10.004998351093858], [104.03002035487656, 10.004972021408358], [104.03007600324375, 10.004967307981264], [104.03021374897176, 10.004960359670914], [104.03030076859486, 10.004960482534251], [104.03036362298566, 10.004955779231961], [104.0304820551691, 10.00493198622496], [104.03054494746871, 10.004900881554299], [104.03083525693289, 10.004731219105588], [104.03090301446183, 10.004678602283994], [104.03094897835149, 10.004621162690993], [104.03118150127884, 10.004293190936346], [104.03125001522014, 10.004221859047567], [104.03130992831764, 10.00416905025101], [104.03140753690863, 10.00409983887068], [104.03145143065287, 10.004086519157326], [104.03152892090795, 10.00405281278816], [104.03162386111906, 10.003999691582914], [104.03170970865389, 10.003926394844498], [104.03177172268332, 10.003871418937491], [104.03183238154047, 10.003807309122188], [104.03188910128962, 10.00375494779811], [104.0319550206832, 10.003711731393102], [104.03203023275066, 10.003676394212423], [104.03213189345642, 10.003643716260536], [104.03224148249087, 10.00361620311907], [104.03237075778068, 10.00353627647882], [104.03244855230847, 10.003417217852704], [104.0324920475105, 10.003363572014788], [104.03258575611939, 10.003278441613643], [104.03266356689174, 10.003211733668392], [104.03275461880546, 10.003134556069563], [104.03283772191993, 10.00306649927494], [104.03290899882207, 10.002976183583629], [104.0329261288782, 10.00292521314542], [104.03294058240782, 10.002832286041258], [104.03295505078047, 10.002728961145065], [104.03296030101113, 10.002629420771557], [104.03296557503779, 10.002577077453179], [104.03297745385687, 10.002498613251277], [104.03300123894395, 10.002450183786795], [104.03304471339223, 10.002410913939617], [104.03310941661924, 10.00238867203237], [104.03316080053318, 10.00236776766403], [104.03322554298232, 10.002318039398512], [104.03329150114493, 10.002247336368585], [104.0333402550376, 10.002151835281692], [104.0333903326136, 10.0020236055367], [104.03342466354374, 10.001871845607578], [104.03346541132849, 10.001697761974153], [104.03349052563593, 10.001548701585172], [104.03351291663573, 10.001390414966854], [104.03352870663043, 10.001255627192023], [104.03354174147394, 10.001133945839575], [104.03353515577784, 10.001018837338309], [104.03352453046789, 10.000922077575499], [104.03350613516999, 10.00083706097171], [104.03347576473922, 10.000770291567092], [104.03344136773009, 10.000712738924026], [104.03340038833342, 10.000665665279124], [104.03334756036985, 10.000612065082482], [104.0333278098164, 10.000581928940623], [104.03330799411519, 10.000533528721423], [104.03329471992497, 10.000439387295309], [104.03329609007514, 10.000438032979984], [104.03329996237107, 10.000345181416112], [104.03334349429103, 10.000265405327244], [104.0334318856266, 10.000070412007044], [104.03347676144182, 10.000007635945273], [104.03348169771301, 10.00000013835464], [104.03351497112462, 9.999950094649172], [104.03355061377313, 9.999901681743783], [104.03358351831002, 9.99985444040234], [104.03362445509691, 9.999803412848562], [104.03366794960507, 9.999749766814785], [104.03370887888902, 9.999703983353681], [104.0337471536722, 9.999664706104697], [104.03376880763237, 9.99963932960131], [104.0338199935892, 9.99956498910466], [104.03380673780654, 9.999521842213746], [104.0337935137308, 9.9994564530852], [104.03376973844044, 9.999434267920481], [104.03373282098528, 9.999417218045405], [104.03367868981101, 9.999446075267587], [104.03360344911593, 9.999502298884627], [104.03353886922342, 9.999566403595075], [104.03345963146782, 9.999675062724448], [104.03339109757351, 9.999761404140951], [104.033319815994, 9.999855607861084], [104.03321270653724, 10.000000122905728], [104.03312862749976, 10.000113476774697], [104.03304160658467, 10.000370677974187], [104.03299282862343, 10.000483177165073], [104.03295980676876, 10.00054859184351], [104.03291501450303, 10.000616612057357], [104.03287013836535, 10.000679478447987], [104.03283448442174, 10.000735667009625], [104.03280153111818, 10.000816904522967], [104.03278572443249, 10.000899341506921], [104.03276467743397, 10.001010523343913], [104.03273309617566, 10.00108905030059], [104.03268821631735, 10.001154448296482], [104.03263803656534, 10.0012264391931], [104.03259061209528, 10.001285233250275], [104.0325522920036, 10.001355974966575], [104.0325167272036, 10.001413519847759], [104.03246264582828, 10.001471038712717], [104.03241506484738, 10.001511658955273], [104.03237285439747, 10.001560062491022], [104.03235436917785, 10.00160189900933], [104.03234653912715, 10.001655594962024], [104.03234518738316, 10.001707853365586], [104.03233862489346, 10.00176815144839], [104.03231097318547, 10.00184143976225], [104.03229648263586, 10.001896392172712], [104.03226746087482, 10.001970944376518], [104.03222916507353, 10.002024597504283], [104.03217507979237, 10.002084738364848], [104.03211444565746, 10.002131850141177], [104.03206032139677, 10.002155462965996], [104.03201150272655, 10.00216850460085], [104.0319494520849, 10.00218559632698], [104.03188082659422, 10.002207832489992], [104.03179905295877, 10.002239272545964], [104.0317198239999, 10.002277226094977], [104.03163941104378, 10.002313912137565], [104.03154840031083, 10.002362337287488], [104.03145855668787, 10.002423783920166], [104.03138203778781, 10.002480095594075], [104.0313106156193, 10.002544280596043], [104.03124997155726, 10.002598173370131], [104.03102180534087, 10.002751377802285], [104.03090328460824, 10.002837467351206], [104.03084523064155, 10.002866137709306], [104.03079203181863, 10.002880348386865], [104.03071950216642, 10.002889830177661], [104.03038582917753, 10.002958889140746]]]], "type": "MultiPolygon"}, "properties": {"id": 0, "area": 0.0, "perimeter": 0.0}}, {"type": "Feature", "geometry": {"coordinates": [[[[103.99942593223736, 10.207787935171895], [103.99898527958246, 10.206905630041545], [103.99883988090397, 10.206498542866074], [103.99920512418744, 10.20639964781194], [103.99966173802414, 10.20623760244973], [104.00005443291396, 10.206093541379667], [104.00054534664463, 10.20717194016518], [104.00027984000026, 10.206466935664723], [104.00123379730145, 10.206186392721637], [104.00139554321734, 10.207058323576918], [104.0014731935719, 10.20707272764007], [104.00161902704367, 10.20708542752004], [104.00170174099298, 10.207071810844697], [104.00176157024205, 10.20704233672149], [104.00179158907592, 10.206989942279906], [104.00180654476695, 10.206939604371216], [104.00186959268065, 10.206835905039313], [104.00193439456991, 10.206778138809321], [104.00202189688947, 10.206737314664815], [104.00221961352372, 10.206723873289178], [104.00236676528918, 10.20671044511928], [104.00249092365114, 10.206692370708733], [104.00278069188278, 10.20664724346487], [104.00288190620326, 10.206592697002149], [104.00292796385162, 10.20655633019631], [104.0031947808746, 10.206479251386243], [104.00351889125307, 10.20647748417867], [104.00363160867427, 10.206479915964994], [104.00390298909039, 10.20640284350442], [104.00411916343087, 10.206375866874934], [104.00434904229972, 10.206399000425202], [104.00448689077842, 10.20644025780479], [104.00455049547878, 10.206448039570043], [104.00456084860254, 10.206481598985498], [104.00456341549564, 10.206533319854167], [104.00481130908369, 10.206534509755977], [104.00503362932585, 10.206546781648811], [104.00524130297539, 10.206527838258047], [104.00534668020099, 10.206496081722724], [104.00542987973182, 10.206404256455], [104.0058631111342, 10.206251298688665], [104.00615379441895, 10.206204180679297], [104.0061906503102, 10.206215899883924], [104.00621376924632, 10.205961508986672], [104.0065037657823, 10.206122975436765], [104.00653082368297, 10.206155384668003], [104.0067960944761, 10.206014829667815], [104.0067740373011, 10.205994905189788], [104.00690373750305, 10.205933981061458], [104.00703876968423, 10.20590751278839], [104.00713850678709, 10.206041295764924], [104.00727185490163, 10.205982275696952], [104.00741841610699, 10.206055822914678], [104.00718551748163, 10.206334309149465], [104.00728721752172, 10.206438167908706], [104.0073446796717, 10.206819803084185], [104.00731553488546, 10.207253928657085], [104.0069815415991, 10.207390221171234], [104.00663928752476, 10.207497116191972], [104.00670759571773, 10.20776981858333], [104.00665416625674, 10.207792522227727], [104.00669967230347, 10.207936349761942], [104.00661565497559, 10.20796651155046], [104.00667619145703, 10.208307284166475], [104.00660777411635, 10.20834235190137], [104.00681253191952, 10.208558028276869], [104.00692088839523, 10.208725729722346], [104.00690841688379, 10.20900075119345], [104.00709658823614, 10.208963242290316], [104.00826481214465, 10.208949543883701], [104.00845812203619, 10.209607689726393], [104.00847765347875, 10.20960835204742], [104.00847236884087, 10.20972127157328], [104.00852043201053, 10.209864831495132], [104.00890993314913, 10.209780428465617], [104.00992659173042, 10.209623731859573], [104.00998303320793, 10.209720379136664], [104.01012591931425, 10.209333981950413], [104.01058685041122, 10.20945221223262], [104.01079013495266, 10.209559115577843], [104.01133729496583, 10.209693658258711], [104.011284089028, 10.209868892011349], [104.0116904977049, 10.209949245916496], [104.0123475563063, 10.210260711481137], [104.01253324233808, 10.20951769239949], [104.01279407292915, 10.209056335713676], [104.013792523468, 10.20910701029572], [104.01376687543329, 10.209287529617889], [104.014126128907, 10.209285985192956], [104.01417270796559, 10.209206218632392], [104.01460366297842, 10.20911002612591], [104.01507300374483, 10.2091005070841], [104.01507709552992, 10.209291558805987], [104.01551215715101, 10.209437048917646], [104.01551190611771, 10.209602958988096], [104.01585062044406, 10.209603461715423], [104.01579881221481, 10.210123538956479], [104.01624532976766, 10.21005783707193], [104.01656275212544, 10.210256767166408], [104.016353701327, 10.209433686152229], [104.01659457083376, 10.209434043065134], [104.01658206503667, 10.208467584728316], [104.01709836104752, 10.20849086230574], [104.01709821270784, 10.208589232992347], [104.01710583732365, 10.208859402606025], [104.0175156940608, 10.208893010105715], [104.01748344021613, 10.209279303308607], [104.01735977457972, 10.209272972244891], [104.01732237511371, 10.209500218814629], [104.01713239775161, 10.209706805965583], [104.01680443042494, 10.209661113265351], [104.01681241971876, 10.210052348312448], [104.01682977880496, 10.210222443548465], [104.01715302921167, 10.210188564571384], [104.01759857383739, 10.209920421469466], [104.01762904356215, 10.209991351430954], [104.01916737748445, 10.20937563913136], [104.01979812761745, 10.209219246766624], [104.01986390511634, 10.209543931487062], [104.02035612891794, 10.20949176290606], [104.02033603930816, 10.21016830484897], [104.02104188608263, 10.210148998447517], [104.02131260441764, 10.2101482203259], [104.02113728207573, 10.210321920527754], [104.02039300854919, 10.210463230168342], [104.0204674981878, 10.210700044725987], [104.02056986093234, 10.21066999672084], [104.02150993410054, 10.210456009407066], [104.02169868813209, 10.21045583408336], [104.0218025549615, 10.210396403179919], [104.0218246980748, 10.210359636936206], [104.02171255548386, 10.210154502937026], [104.02169332912955, 10.210071745500866], [104.0217305004699, 10.209995218917634], [104.02222208650804, 10.209453271294858], [104.02244104603707, 10.2092119138589], [104.02256467057146, 10.209123488543511], [104.02279113550144, 10.209112698812952], [104.02286510989025, 10.20908378392616], [104.02301547792193, 10.20899494546061], [104.02325045914674, 10.208965361636222], [104.02328455838799, 10.20856098734059], [104.02444562847512, 10.208939619499727], [104.02486678919324, 10.208798915062014], [104.02498824495449, 10.209187512701535], [104.02517059102867, 10.209630447627207], [104.02493359146403, 10.209789774727103], [104.02489223815935, 10.209855626707803], [104.0249041851569, 10.210600388534115], [104.02562994180207, 10.210573596820518], [104.02607658171726, 10.21060968836698], [104.02601166680182, 10.210252818311716], [104.02641901184091, 10.209394923687166], [104.02663156008096, 10.209104730136037], [104.02662209838097, 10.208713492643994], [104.02719250600018, 10.208808893191792], [104.02726540500362, 10.209879055091418], [104.02802772759416, 10.209874733747844], [104.02768502925343, 10.2083049122921], [104.02829272392147, 10.208305791217349], [104.02848652852967, 10.209647823571114], [104.02886265346156, 10.209594570176314], [104.02863478712675, 10.210371083090877], [104.02865378153706, 10.210674632235449], [104.0287959076125, 10.21066588647896], [104.02880473664256, 10.21080658429858], [104.02866261050453, 10.21081533005605], [104.02863581405552, 10.21109946432423], [104.02898386917222, 10.211204576637819], [104.030184940776, 10.211081265009618], [104.03119846886317, 10.210878566728326], [104.03198464590587, 10.21091667496465], [104.03231868798301, 10.211367870783047], [104.03229894312682, 10.211450662259475], [104.03256879840703, 10.211729435581109], [104.0327999762474, 10.211617652600466], [104.0330082427555, 10.211569398129184], [104.03336967740867, 10.211639263294039], [104.0339774792458, 10.210881462906638], [104.03472811393137, 10.210882534190404], [104.03509571891486, 10.210977179840189], [104.03552990182082, 10.21091911911376], [104.03631235986008, 10.211004950592782], [104.03693173271944, 10.211013244248353], [104.03719056765895, 10.210141652414286], [104.03789168617082, 10.209857297369783], [104.03805306950318, 10.210418639409351], [104.03848997193906, 10.210246113540853], [104.03868121181968, 10.21016790402347], [104.03864250443381, 10.209666228582194], [104.03892556973078, 10.209458041966526], [104.03903142678006, 10.209028269619083], [104.03942053284122, 10.208832619117715], [104.03939917806538, 10.208766947899788], [104.04022582686981, 10.208395062474459], [104.04037097466812, 10.208823923121725], [104.0404140178325, 10.209359058045793], [104.04160000532488, 10.208480719625898], [104.04153977265238, 10.208220330990805], [104.04203209232885, 10.207970573387891], [104.04193782116307, 10.20745028506595], [104.0424627803662, 10.207224803698338], [104.04254443214874, 10.207506650520969], [104.04280604854975, 10.20742311220946], [104.04306278279135, 10.208394345396643], [104.04342210435719, 10.20802514235288], [104.0438950093081, 10.206922472182692], [104.04329829854971, 10.206836647912066], [104.04296090810067, 10.206485185547844], [104.04276688269788, 10.2060872696921], [104.04279093274299, 10.204840483749361], [104.04266801649345, 10.204309757710433], [104.04260969921621, 10.203858325471742], [104.04301793873208, 10.203232413126878], [104.04334644524884, 10.2026424641829], [104.04366477059325, 10.202150871905959], [104.0437048136921, 10.201014685088397], [104.04364897173839, 10.200682965566703], [104.04348076970682, 10.200419261755833], [104.04356560246124, 10.200197502396795], [104.0435581926209, 10.199504372135173], [104.04360662191957, 10.198952366977375], [104.0436254982643, 10.198579432247316], [104.04340869517807, 10.198091883844745], [104.04334807111657, 10.197850029889361], [104.0434226238411, 10.1975401921059], [104.04341574353629, 10.196988019190547], [104.04341795817456, 10.196714698281092], [104.04334119478192, 10.196462152810787], [104.0432448819526, 10.196158043545298], [104.04294981723503, 10.195638469014668], [104.04271830511104, 10.195099182340785], [104.04260891213256, 10.19494378698294], [104.04259449975716, 10.19487405698076], [104.042556427862, 10.194690913670025], [104.04235182527322, 10.194546686788367], [104.04176854316628, 10.19408556755199], [104.04128898548427, 10.193723325916407], [104.04103553276632, 10.1932758688175], [104.0408251898516, 10.19299854237113], [104.04081185383872, 10.192751058293588], [104.04073302923804, 10.192665234295179], [104.04072473493649, 10.192593704523272], [104.04038835266473, 10.192060236351717], [104.04026435698223, 10.191969827986565], [104.0401152175977, 10.191910758139421], [104.0397943417916, 10.19195741262233], [104.03968479609902, 10.191910152251966], [104.03962420971028, 10.191835474708633], [104.03940976876427, 10.191744034479722], [104.039275225875, 10.19156256318773], [104.03917808780425, 10.191328251921764], [104.03897655948698, 10.191143159897237], [104.03884989945584, 10.190748049390708], [104.03885412322548, 10.190412887681193], [104.03891845347324, 10.19010493518682], [104.03868328037132, 10.190151347860706], [104.03855436132042, 10.189296746029411], [104.03854036692334, 10.188937146595668], [104.03858695404806, 10.188718498927065], [104.03843351170677, 10.188670000838117], [104.03825288427461, 10.188803017214466], [104.03817991873765, 10.188959512595769], [104.03817384346154, 10.189058779466404], [104.03803999618975, 10.188965915201173], [104.03778733847032, 10.189049282210123], [104.03768043117408, 10.188882044510073], [104.03753697793238, 10.188741879525818], [104.03743205729882, 10.188716143715153], [104.03713216032094, 10.188710384814554], [104.03706018338872, 10.188813898257534], [104.0369058579293, 10.188871545169766], [104.03669394983517, 10.188924137599704], [104.03656670703431, 10.189124587664468], [104.03601575739432, 10.188912145245753], [104.03574269268296, 10.18871736585027], [104.0353636535061, 10.188720805662001], [104.03528298939096, 10.188457403211368], [104.03513094206971, 10.188013431379748], [104.03519972851282, 10.187655486670174], [104.03570181056389, 10.18738875306169], [104.03589609133978, 10.187218144922728], [104.03593729940323, 10.18712281580815], [104.03636179987089, 10.186984631257548], [104.03632130693704, 10.186900940161555], [104.03629619858583, 10.186781466619536], [104.03629664848309, 10.186659588118388], [104.03583432448231, 10.186698805143335], [104.03583509950798, 10.186162917797077], [104.03535747075637, 10.186183215764569], [104.03533247654192, 10.185228671360969], [104.03517722967841, 10.185230349468654], [104.0349928384615, 10.184937957186616], [104.03488253669379, 10.184721799426073], [104.03510546999057, 10.184427816234553], [104.03519266019279, 10.184406511843592], [104.03486052109173, 10.18385405740129], [104.0345915164995, 10.183506120321463], [104.03399998587439, 10.182964507352427], [104.03405956867336, 10.182911157085456], [104.03361418347254, 10.18247662187352], [104.03353018942546, 10.182559774131883], [104.03320272918607, 10.182244934860886], [104.03364618765316, 10.181806151454895], [104.03284864905355, 10.181094624721593], [104.03227986413832, 10.180167874400821], [104.03207052920138, 10.180399760255089], [104.03174674986752, 10.18019179516724], [104.03140774384902, 10.17997413358934], [104.0309480618996, 10.179523028625917], [104.03048642258636, 10.178913423171617], [104.03006144490759, 10.178635149449828], [104.02988485210423, 10.178569887608942], [104.02933987040008, 10.17865997111358], [104.02900311718541, 10.178588691881815], [104.02874486026224, 10.178573763323158], [104.0283896838319, 10.178618639881053], [104.02800295814365, 10.178582097286537], [104.02733531880864, 10.1785465048598], [104.02736450864687, 10.178432534045037], [104.02694370770195, 10.178295128583738], [104.02666751355716, 10.178128185325976], [104.02633143419826, 10.178157807191862], [104.02547510452507, 10.178092914748987], [104.02522124911462, 10.177385141925086], [104.02511728616446, 10.17739394215683], [104.02425093919197, 10.177131114302751], [104.0232942473962, 10.177233880050482], [104.02302365562825, 10.177045152050933], [104.02290814364726, 10.176964605048207], [104.02255567636355, 10.17684546704534], [104.02176499723025, 10.176578493632036], [104.02143144330795, 10.176445367812182], [104.02141157297217, 10.176612244232185], [104.0202842935596, 10.17733707577021], [104.02031831611484, 10.17710530247745], [104.01862362562021, 10.176988892035405], [104.01841935279923, 10.177004866181306], [104.01811024547337, 10.177123939368279], [104.0181073155212, 10.177191113117548], [104.01773695303986, 10.177199699499532], [104.01773050828703, 10.177297970690304], [104.01691717712096, 10.177227694505783], [104.01693294476266, 10.177120305226037], [104.01693542132239, 10.176990654335688], [104.01575088881363, 10.176880948973922], [104.01576299822047, 10.176233960052317], [104.01576552701245, 10.1760699517151], [104.01571241164437, 10.176069873137283], [104.01514493322678, 10.17637264527073], [104.01528911881259, 10.176803503495378], [104.01524173234027, 10.176817085921922], [104.01481940894637, 10.176847020315478], [104.01477848052929, 10.176572822635078], [104.01456875448686, 10.17669475218381], [104.01426300117254, 10.176888599515618], [104.01438264832953, 10.17713000313509], [104.01421073022657, 10.17729565875794], [104.0141074829648, 10.177374256589731], [104.01305553975943, 10.177577030135149], [104.01307808069971, 10.177638093494922], [104.01314507705571, 10.177752929230783], [104.01298112743802, 10.177899156882697], [104.01299343723703, 10.178869413729005], [104.01297887367242, 10.17914479476207], [104.01239875075393, 10.179294923161322], [104.01220131327482, 10.179676630315726], [104.01183347684616, 10.179822824555199], [104.0116763954457, 10.179892571019494], [104.01140898323436, 10.179956818225884], [104.01124315913593, 10.180014164631109], [104.01108293432033, 10.17993047267039], [104.01099172608608, 10.179833412018308], [104.01078078132832, 10.179614745660809], [104.01007037880782, 10.179434210025079], [104.00957141035853, 10.178972348646257], [104.00884328187738, 10.17838898729257], [104.00879013990304, 10.17834641272104], [104.00800868999568, 10.177720474775189], [104.00802385116357, 10.177772666726053], [104.00752239829424, 10.178161056492769], [104.00749871160559, 10.178431269728966], [104.0071727712127, 10.178573453103416], [104.00696418380757, 10.178664457540073], [104.00654661596079, 10.178923860185744], [104.00653950040312, 10.178684251124682], [104.00663053600258, 10.178595510959681], [104.0064738859768, 10.178384247399238], [104.0063855401305, 10.178444963095458], [104.00637985800537, 10.178757336497664], [104.00629615289473, 10.179005036268242], [104.00617088673657, 10.17921650750915], [104.0058889033178, 10.179675568108077], [104.00569072423978, 10.179881775401165], [104.00551343270891, 10.18003638747783], [104.00533066467338, 10.180132040953973], [104.00462306097911, 10.18032780268422], [104.00372337201291, 10.180564500533444], [104.00339385996587, 10.180653239613887], [104.00334243253243, 10.179915379925152], [104.00331725387548, 10.179554588179325], [104.00325277423234, 10.179466878732415], [104.00303155434473, 10.179522418952347], [104.00252884617385, 10.180715667750333], [104.00353202639897, 10.181662293309182], [104.00329524355129, 10.181865818399775], [104.00353081728436, 10.182090132458953], [104.00372498650879, 10.182649549765646], [104.001537052249, 10.183960938741231], [104.00223723382521, 10.18473224509208], [104.00253243169146, 10.18505746266335], [104.0027681348675, 10.185317129531208], [104.00276740473974, 10.185317128421174], [104.002763114819, 10.185317393142197], [104.00275909813597, 10.185318019936098], [104.00275535497062, 10.185318827974557], [104.00275206729474, 10.185320179191763], [104.00274932637426, 10.185322073726509], [104.00274758867907, 10.185324421858422], [104.00274621520737, 10.185327313030372], [104.00274538877116, 10.185330566691542], [104.0027446533208, 10.185334001319816], [104.00274308499101, 10.185344848660929], [104.00274234954058, 10.185348283289194], [104.00274143183832, 10.185351536811579], [104.00274014963237, 10.185354428122254], [104.00273841193693, 10.185356776254107], [104.00273585368808, 10.185358580652066], [104.00273283994972, 10.18535984187118], [104.00272937044173, 10.185360740739776], [104.0027255364301, 10.185361277396602], [104.00272161129254, 10.185361723500446], [104.00271750404325, 10.185361898084198], [104.00270043646435, 10.185362414618956], [104.00269632921504, 10.185362589202446], [104.00269231295157, 10.185362944752992], [104.00268857020583, 10.185363481548151], [104.00268510097787, 10.185364199587937], [104.00268217878545, 10.185365280117017], [104.00267980334836, 10.185366903963752], [104.00267834029091, 10.1853687100266], [104.00267760680094, 10.185370878856347], [104.0026773295008, 10.185373138794162], [104.00267750853058, 10.185375399425869], [104.00267832656235, 10.185377570614875], [104.00267978401637, 10.185379381118674], [104.00268215455051, 10.185380921767766], [104.00268507324094, 10.185382101592841], [104.00268854022772, 10.185382830179725], [104.00269228129268, 10.185383378354567], [104.0026962964358, 10.18538374611737], [104.00270469248633, 10.185384030127071], [104.00271765183628, 10.18538432107506], [104.0027217583855, 10.185384598562148], [104.00272577366871, 10.185384875910414], [104.00272960599976, 10.185385424223604], [104.00273316397256, 10.185386333777128], [104.00273626519524, 10.18538751387928], [104.00273872657549, 10.185389325909243], [104.0027406392393, 10.18539186041994], [104.00274200332672, 10.185395026997226], [104.00274291052392, 10.185398554537352], [104.00274354336287, 10.185402443317862], [104.0027439021237, 10.185406512510411], [104.00274398680645, 10.185410762115017], [104.00274415589178, 10.18541944215255], [104.00274363008708, 10.185464286885372], [104.00274339937077, 10.185495389081078], [104.00274335104625, 10.185526581968423], [104.00274373804102, 10.185571337674414], [104.00274372431397, 10.185580198262674], [104.0027436263245, 10.185584538003862], [104.00274334594297, 10.185588787053367], [104.00274297457554, 10.185592855135765], [104.0027424210962, 10.185596651698134], [104.00274150283282, 10.185600266877108], [104.0027401290796, 10.185603338877256], [104.00273820857048, 10.185605867559804], [104.00273565045963, 10.185607581543481], [104.00273263685897, 10.185608752348305], [104.00272907622228, 10.185609560663817], [104.0027253336138, 10.185610007045096], [104.00272131734718, 10.18561036259584], [104.00271730150085, 10.18561044690406], [104.00270023446903, 10.185610601781502], [104.00269621862272, 10.185610686089447], [104.00269220235609, 10.18561104163984], [104.00268845974756, 10.185611488020692], [104.00268489911075, 10.185612296335723], [104.00268188550987, 10.185613467140058], [104.00267932739868, 10.185615181123282], [104.0026774981551, 10.185617709944225], [104.00267612440118, 10.185620781944063], [104.00267520613697, 10.18562439712281], [104.00267456139072, 10.185628193546234], [104.00267419002233, 10.185632261628509], [104.0026740009059, 10.185636510816664], [104.00267380478478, 10.18564528071306], [104.00267410050314, 10.185690036279576], [104.00267414343702, 10.185721229305004], [104.00267391257252, 10.185752421914012], [104.00267339390005, 10.185792655522974], [104.0026733733061, 10.185805946405035], [104.00267345784765, 10.185810286423676], [104.00267372506153, 10.185814536305724], [104.00267408382169, 10.18581860549823], [104.00267462553437, 10.185822403725822], [104.0026754413256, 10.18582602154145], [104.00267680555409, 10.185829097704817], [104.00267871807975, 10.185831722630072], [104.00268108833694, 10.18583344410761], [104.0026840068913, 10.185834714347013], [104.00268719980441, 10.185835623346104], [104.00269075820229, 10.185836261657796], [104.00270161648854, 10.185837815213555], [104.00270517488649, 10.185838453525099], [104.00270845920588, 10.185839272248588], [104.00271156057282, 10.185840361936993], [104.00271420490878, 10.185841903002304], [104.00271620996173, 10.185843714338658], [104.00271784952994, 10.185845796362393], [104.00272094571393, 10.185850231374774], [104.00272267640825, 10.185852403951428], [104.00272459019519, 10.18585421514896], [104.00272741692346, 10.185855846905884], [104.00273079194895, 10.185857027424598], [104.00273453259923, 10.185857846841708], [104.00273845606195, 10.185858485707966], [104.00274639439364, 10.18585967316499], [104.00275022645023, 10.185860402306517], [104.00275387555432, 10.185861402412964], [104.00275706776759, 10.185862763482223], [104.00275971154366, 10.185864666203825], [104.0027614419582, 10.185867019608613], [104.00276271520168, 10.185869914804567], [104.00276362296047, 10.185873080687958], [104.00276434776683, 10.185876517536313], [104.00276579121648, 10.185887369456248], [104.00276642461667, 10.18589089658], [104.00276714970323, 10.185894152600023], [104.00276824013446, 10.185897228346752], [104.00276978759673, 10.185899852716483], [104.00277197448224, 10.18590211640086], [104.00277461825875, 10.185904019122374], [104.00278018003047, 10.185907553739117], [104.00278264099465, 10.185909637011386], [104.00278437182978, 10.185911719173564], [104.00278573718016, 10.185914072023206], [104.00278865041328, 10.185918777999998], [104.00279028984228, 10.185920950437554], [104.00279220362998, 10.185922761634723], [104.00279493909312, 10.185924393252352], [104.00279813172735, 10.185925483078728], [104.00280168984635, 10.185926302217597], [104.00280552218396, 10.185926850530196], [104.00280953747409, 10.185927127877758], [104.00281364417043, 10.18592731494985], [104.00282222290777, 10.185927508820535], [104.00283983741348, 10.185927445184145], [104.00284841643098, 10.185927458225816], [104.00285270565963, 10.185927645574898], [104.00285681235601, 10.185927832646458], [104.00286082750618, 10.185928200407552], [104.00286465984398, 10.18592874871946], [104.0028682179632, 10.185929567857617], [104.00287131933162, 10.185930657544567], [104.00287405479527, 10.185932289161542], [104.00287596858351, 10.185934100358248], [104.00287769927937, 10.185936272934136], [104.00288061265405, 10.185940888495999], [104.00288216081769, 10.185943060794408], [104.00288407446602, 10.185944962405221], [104.00288690105594, 10.185946684575004], [104.00289018481689, 10.185947864953407], [104.00289392532865, 10.18594877478291], [104.00289775738669, 10.185949503922785], [104.00290569572141, 10.185950691376057], [104.0029095277795, 10.185951420515787], [104.0029132682914, 10.185952330345083], [104.0029165520525, 10.185953510723225], [104.00291937864267, 10.18595523289273], [104.00292138355746, 10.185957134642068], [104.00292302312761, 10.185959216664857], [104.00292602776936, 10.185963832365069], [104.0029275760734, 10.18596591424911], [104.0029295809883, 10.185967815998403], [104.00293222532643, 10.185969357062037], [104.00293523528929, 10.185970537023854], [104.00293842834459, 10.185971355606412], [104.00294198660454, 10.185972084329627], [104.002952844897, 10.185973637877305], [104.00295622062471, 10.185974366322949], [104.0029595962124, 10.185975185182722], [104.00296260617543, 10.185976365144294], [104.00296515924767, 10.185977906068967], [104.00296698163055, 10.18597980754062], [104.00296862106107, 10.185981979977353], [104.00297144289135, 10.185986776228109], [104.00297289964962, 10.185989038801575], [104.00297463048642, 10.185991120962829], [104.00297709145258, 10.185993204233704], [104.00297982677728, 10.185994926264017], [104.00298274477434, 10.185996558157537], [104.00298547995912, 10.185998370601972], [104.00298803219155, 10.186000454011475], [104.0029897630285, 10.186002536172644], [104.00299112852079, 10.186004798607344], [104.00299395035165, 10.186009594857913], [104.0029954985163, 10.18601176715583], [104.00299741216575, 10.186013668766025], [104.00300014763073, 10.186015300382016], [104.00300343139286, 10.186016480759324], [104.00300698951347, 10.186017299896026], [104.00301082185263, 10.186017848206284], [104.00301483700419, 10.186018215965547], [104.00301903496809, 10.18601840317382], [104.00302332419817, 10.186018590520725], [104.00303208561068, 10.186018694249258], [104.00305873575297, 10.186018463503153], [104.00307206061414, 10.186018483750537], [104.00308063921443, 10.186018768028733], [104.0030848370384, 10.186019045650337], [104.00308885205013, 10.18601950382286], [104.00309268438951, 10.186020052132168], [104.0030962423705, 10.186020961682072], [104.0030994348669, 10.186022141919773], [104.0031022614587, 10.186023864087772], [104.00310408398265, 10.186025675144544], [104.00310572341436, 10.186027847580638], [104.0031084542609, 10.1860324628633], [104.00310991144028, 10.186034454193711], [104.00311155157196, 10.186036174558936], [104.00311401365916, 10.18603753451549], [104.00311684193089, 10.18603817171335], [104.00311967118243, 10.186038176012003], [104.00312241014757, 10.186037547272786], [104.00312487643399, 10.186036194804203], [104.00312661301083, 10.186034569983784], [104.003128076489, 10.186032492676524], [104.0031308214728, 10.186027976127983], [104.003132376357, 10.186025808545185], [104.00313438715222, 10.186023912898209], [104.00313712779686, 10.186022199188843], [104.00314050646485, 10.18602102893507], [104.00314434104384, 10.186020130617072], [104.00314826632913, 10.18601959409436], [104.00315255653912, 10.186019148540396], [104.00315684646917, 10.18601888381471], [104.0031658821003, 10.186018716713104], [104.00317491759151, 10.186018640025438], [104.00320722567724, 10.18601877952015], [104.0032440973518, 10.186018745114932], [104.00325313270315, 10.186018758839252], [104.00326207636854, 10.186019043667228], [104.00326645686509, 10.186019231149581], [104.00327056314335, 10.186019689458515], [104.00327457801549, 10.186020238042945], [104.00327831866936, 10.186021057453974], [104.00328160243265, 10.186022237828544], [104.00328452029174, 10.186023960133635], [104.00328643394302, 10.18602586174223], [104.00328798210984, 10.186028034038845], [104.0032909867576, 10.186032649735973], [104.0032925349245, 10.186034822032576], [104.00329444857587, 10.186036723641125], [104.00329709277653, 10.186038355116088], [104.00330028527388, 10.186039535351862], [104.00330375212951, 10.186040354346774], [104.00330740193729, 10.18604090237636], [104.00331132582343, 10.186041269993401], [104.0033154323819, 10.186041547473444], [104.00333185931541, 10.186042205322257], [104.0033358746077, 10.18604248266344], [104.00333979849394, 10.186042850280142], [104.00334344830182, 10.186043398309325], [104.0033469151576, 10.18604421730379], [104.00335001638906, 10.186045397400493], [104.00335129285646, 10.186046213068451], [104.00138397825094, 10.186912191869117], [104.00130096004902, 10.186948773500538], [104.00130041202907, 10.186949043907838], [104.00146093146523, 10.187372247014496], [104.001352714618, 10.18894158465128], [104.00132088787385, 10.189042619342393], [104.00136407769487, 10.189146932952395], [104.00182689341716, 10.190205305499607], [104.00096035337027, 10.190821513690711], [104.00056031077689, 10.190597398517816], [104.00039970061444, 10.19052536412125], [104.00023918179456, 10.190453329788419], [103.99983798459067, 10.190092324731182], [103.99954775524037, 10.190267013081682], [103.99946099767142, 10.190125743514745], [103.99942173596583, 10.189960948522373], [103.99937633575416, 10.189460345367038], [103.99935371296536, 10.189335991042439], [103.99930530800272, 10.189298847045436], [103.99923249989637, 10.189283997999476], [103.9991634674311, 10.189306043760926], [103.99911113090045, 10.189331912488454], [103.99908120865335, 10.189381775343023], [103.99904381971814, 10.1894205962073], [103.99902704111554, 10.189411257823014], [103.99884535469923, 10.189510977587624], [103.9986395906014, 10.189658218245064], [103.99859741120262, 10.189608696933337], [103.99851642449693, 10.189571141193033], [103.99844394653205, 10.189578624809318], [103.99836807500043, 10.189596772089713], [103.99823839904704, 10.189645577638931], [103.99837489014016, 10.189849400099316], [103.99811562084987, 10.190069070563256], [103.99792821236647, 10.18985902163459], [103.99796193240459, 10.189831949131491], [103.99670921645144, 10.188713497020998], [103.9961113300023, 10.188187811657793], [103.99580213694365, 10.188059398816174], [103.99584004839106, 10.1882690375634], [103.99551586052056, 10.188332008341822], [103.99546918099824, 10.188068559546995], [103.99523894394888, 10.18787589305175], [103.99516827895862, 10.18777542411974], [103.995097522603, 10.187675045447076], [103.99490935369167, 10.187544377465587], [103.99485273313307, 10.18750875719367], [103.99479828339568, 10.18760152852209], [103.99473686962477, 10.187769875402118], [103.99471187171997, 10.1878799613443], [103.99470692852604, 10.187947312330062], [103.99470532816775, 10.188036277489616], [103.99473703046687, 10.188189397823303], [103.9947356839812, 10.188291021370695], [103.99464974747956, 10.188325517220889], [103.9949085475938, 10.188810266309877], [103.99478347303966, 10.189008713184645], [103.99448364181679, 10.189484009513452], [103.99416935618441, 10.190096170310602], [103.99395688693491, 10.190558219898934], [103.99400365673877, 10.19059020852261], [103.99391979440954, 10.190755807996156], [103.99384557444675, 10.19082594494225], [103.99378032157232, 10.190765899260684], [103.99366929981585, 10.190733630260786], [103.99360262617627, 10.190706402711227], [103.99348066522536, 10.190665979421775], [103.9933339378491, 10.190588628697185], [103.99308327418565, 10.190211484005587], [103.99266242752917, 10.18981535933581], [103.99258912384735, 10.189767778101588], [103.9924086062625, 10.189704298329548], [103.99228481007299, 10.18967047200487], [103.9921553563565, 10.189636003946534], [103.99202581125999, 10.189601626110392], [103.99190455459734, 10.18957792998325], [103.99184474385734, 10.189539682223268], [103.9917779744977, 10.18951552825289], [103.99170454468737, 10.189547691968613], [103.9915913937928, 10.189592361473535], [103.99152552162144, 10.189693161285506], [103.99136914232507, 10.190120396392352], [103.99138366267807, 10.190345098283016], [103.99138532430264, 10.19067863886432], [103.99145945980139, 10.19083480911891], [103.99176777715233, 10.190709884121915], [103.99185730133718, 10.190830997508034], [103.99220759978422, 10.19053425992463], [103.99249344535431, 10.190940844488123], [103.99206551948393, 10.191038369656797], [103.99163759337947, 10.191135894252058], [103.9915829727199, 10.191220346579906], [103.99163166112604, 10.191308576153205], [103.99188739369326, 10.19148121284345], [103.99207691113043, 10.191683040659573], [103.99221586025556, 10.191831083778986], [103.99233253486292, 10.192040121837913], [103.99238366709612, 10.192083780901688], [103.99237351603624, 10.192154288218143], [103.99240350190804, 10.192238058344284], [103.9923497060865, 10.192320342135341], [103.99270799833363, 10.192509954554636], [103.99280856400331, 10.192575118448637], [103.99290200036762, 10.192877789384225], [103.99299503884885, 10.193028111734078], [103.99321801140867, 10.193256482208566], [103.99323973850063, 10.193253170573865], [103.99328821285701, 10.193246283841095], [103.99332817571172, 10.193254302250669], [103.99343496557044, 10.193423904033393], [103.99349241292876, 10.193398857922581], [103.99495032364678, 10.193753096849385], [103.99495954130913, 10.195376046490948], [103.9949862539955, 10.195394532280414], [103.99559192658198, 10.195503060773351], [103.99555790522697, 10.195837179245265], [103.99543437311719, 10.196271790514825], [103.99556702710694, 10.19694259765753], [103.9953720337426, 10.19696923996105], [103.99482387338836, 10.197082766774082], [103.99470055045356, 10.19709414907219], [103.99440097227306, 10.19711439042874], [103.9943460573047, 10.197153726030113], [103.99434279029666, 10.19719974180416], [103.99445512443867, 10.19796391569013], [103.99349453007116, 10.198125263633301], [103.99349195529372, 10.198426248474728], [103.99341388138266, 10.198681457065325], [103.99324085296739, 10.199304323211642], [103.99349774947248, 10.199380217527278], [103.99377396435511, 10.199533536130902], [103.99397854831265, 10.19967679798175], [103.99407559829568, 10.199715736012939], [103.9946020308353, 10.199782372566975], [103.99465174930539, 10.199797458253926], [103.99485073773315, 10.199843063590988], [103.99476384608239, 10.200249883483195], [103.99468887789814, 10.20085111229095], [103.9947082867268, 10.201450136322253], [103.99493128380107, 10.201319832787638], [103.99509108765324, 10.201268905470023], [103.99522016308461, 10.201256989508039], [103.99526696310274, 10.201560582296073], [103.99543843702097, 10.20163363071233], [103.99552307132532, 10.201732855429748], [103.99598437051927, 10.201490082298257], [103.9961348217998, 10.201524491041752], [103.99630328288853, 10.201656303598178], [103.9964574735162, 10.201808708507691], [103.9965056656422, 10.202040333603891], [103.99638997764684, 10.202767627889774], [103.99635045594955, 10.202768471072886], [103.99640170872534, 10.203085271072116], [103.99588529511549, 10.203202193444836], [103.99592431377768, 10.203637145950962], [103.9960036344685, 10.203633380594885], [103.99623546702117, 10.203805344525831], [103.9962918747507, 10.203978213082666], [103.99629655831704, 10.204076048466343], [103.9963777631949, 10.204267218933849], [103.9963814217677, 10.204378434035396], [103.99641690899541, 10.204447565220283], [103.9964524875093, 10.204516696542536], [103.99653085629974, 10.204654156570973], [103.99655265898716, 10.204719378827868], [103.99655041987907, 10.204750297028953], [103.99651414647722, 10.204774833748278], [103.99654226229126, 10.204888346920914], [103.99660100249127, 10.205087258313998], [103.99672123997392, 10.205240786175064], [103.99688481606516, 10.205462372266725], [103.99735139025589, 10.205874294806655], [103.99718780307538, 10.20600830794398], [103.9970117501386, 10.206117709123014], [103.99731436982205, 10.206316634458458], [103.99748936953947, 10.206471331365142], [103.99764602064258, 10.206627989057493], [103.99743249183902, 10.206830007318727], [103.9975396368894, 10.206893643042212], [103.99764613802787, 10.206902305910294], [103.9976688359299, 10.206978921667815], [103.99759424241478, 10.207110630751654], [103.99753655652795, 10.207169944075812], [103.99767472615434, 10.207238781129439], [103.99758304425674, 10.207499846613763], [103.99794080978967, 10.207514140114219], [103.99794516889209, 10.207469934277714], [103.99835250642879, 10.207477160855602], [103.99848464764366, 10.207490745235114], [103.99872623021665, 10.207500700272357], [103.99872579549768, 10.20760350055718], [103.999175688612, 10.207479690866837], [103.99932456483805, 10.207823041223895], [103.99942593223736, 10.207787935171895]], [[104.03978308401693, 10.206346092934377], [104.03977252985469, 10.206259279916736], [104.03986007530793, 10.206248824816424], [104.03987072076626, 10.206335637960976], [104.03978308401693, 10.206346092934377]], [[104.02746869734828, 10.207820067467061], [104.02745805537222, 10.207733163658457], [104.02754578402853, 10.207722712162202], [104.02755633475559, 10.207809615836931], [104.02746869734828, 10.207820067467061]], [[104.03703913959788, 10.206672678339377], [104.03702894603894, 10.206589482365008], [104.0371129313594, 10.20657947503319], [104.03712312494011, 10.206662671005937], [104.03703913959788, 10.206672678339377]], [[104.03090289561398, 10.20740902399312], [104.03089234371723, 10.207322301213244], [104.03097998105021, 10.207311758237925], [104.03099053283817, 10.207398571430486], [104.03090289561398, 10.20740902399312]], [[104.0343495072445, 10.20699280806376], [104.03433976548614, 10.206913229267302], [104.03442009951752, 10.206903579085264], [104.03442984116435, 10.206983248294726], [104.0343495072445, 10.20699280806376]]]], "type": "MultiPolygon"}, "properties": {"id": 43, "area": 15717593.85, "perimeter": 24470.48}}, {"type": "Feature", "geometry": {"coordinates": [[[[103.95071322476034, 10.277741421537261], [103.95062508158142, 10.2778211974406], [103.95056055189994, 10.277866113852427], [103.95018962085993, 10.278137086193777], [103.95001543043256, 10.278245738611755], [103.94986588757325, 10.27835506564411], [103.94985200684401, 10.27835757365935], [103.94961747627971, 10.278516573991634], [103.94872609568455, 10.278993254627743], [103.94823580932626, 10.279125689514515], [103.94777543113534, 10.27922589710238], [103.94695743144436, 10.27929050427654], [103.94680601441831, 10.27932180010988], [103.94702045730547, 10.279585810567786], [103.94696162574492, 10.279713373508466], [103.94688758853717, 10.279765325140627], [103.94698294171413, 10.28084230781077], [103.947105110951, 10.280988533367665], [103.94698987183543, 10.28110939991375], [103.94701397958892, 10.281158173700389], [103.94698296960254, 10.281298622740756], [103.94699537666096, 10.281356146635396], [103.94687930083397, 10.281380631349204], [103.94695066074175, 10.281713382874866], [103.94793816537921, 10.281930249547232], [103.94812901053764, 10.281958240967759], [103.94816190648929, 10.281835515980926], [103.94862875914076, 10.281899599684385], [103.94864891502489, 10.281542592586232], [103.9490907584614, 10.281656269868702], [103.95011384213889, 10.281044192404876], [103.95036668356983, 10.280961531560695], [103.95081285082424, 10.28126743217327], [103.95083283157102, 10.28127460866519], [103.95076384915282, 10.281465715586807], [103.95169858504622, 10.281737723911784], [103.95165674048285, 10.281862332864428], [103.95245360243945, 10.282094866495207], [103.95210270227743, 10.282553753174193], [103.95215030420971, 10.282690538339992], [103.95196098366138, 10.282942651781456], [103.9519726382636, 10.2830135554026], [103.95165099624452, 10.283128288104407], [103.95150821875954, 10.283601268892106], [103.9516284426084, 10.28371277093656], [103.9517496286604, 10.283848686117251], [103.9518590156263, 10.284421005553321], [103.95205887559713, 10.284569530721615], [103.95225615446702, 10.285050410142478], [103.95282257897212, 10.284923161315355], [103.95302752230036, 10.285089053830424], [103.95313966762859, 10.285014923505724], [103.95406671300121, 10.285997831333146], [103.95447951608729, 10.285749257534519], [103.9548067632136, 10.286253048107168], [103.95497686481464, 10.286720318368173], [103.95629252603545, 10.287831446870518], [103.95644898241223, 10.287631444216938], [103.95792743216957, 10.288849436763991], [103.95772290998754, 10.289182628723594], [103.95793888060398, 10.28947005215903], [103.95839156853418, 10.290192939753647], [103.95866453556204, 10.290357586516238], [103.95820852767797, 10.291098845101711], [103.95900697225963, 10.291598085477128], [103.9595416642497, 10.291936762079946], [103.95950242444566, 10.292301965953323], [103.95983051667407, 10.292585778043522], [103.96026722047539, 10.292780804288276], [103.9603783685295, 10.292542117820508], [103.9607342626667, 10.292798399341784], [103.96084972654963, 10.292652393440287], [103.96108420442337, 10.292796721649594], [103.96097755226667, 10.292968690901686], [103.96078116018015, 10.293245480420946], [103.96170983662687, 10.29334810772469], [103.96202053664983, 10.293121958145667], [103.96208764804456, 10.292955257219328], [103.96244855767236, 10.293054316638285], [103.96253265282077, 10.292885925951849], [103.96345236900787, 10.293428484281243], [103.96324912061553, 10.293711683360167], [103.96355472284793, 10.293962725001268], [103.9640587961894, 10.293786169017508], [103.96462615179048, 10.293384587817048], [103.9653743375816, 10.294029114639525], [103.96617141285958, 10.294159630508116], [103.9665281068689, 10.293943859448767], [103.96606112914334, 10.293343559088825], [103.9660969116785, 10.293346963388817], [103.9666026235659, 10.29317194304883], [103.96657651405339, 10.292736379148243], [103.96649103453254, 10.292425849438125], [103.96662190401642, 10.29240093014072], [103.96723575196269, 10.292309086245874], [103.96729762399443, 10.292270671967328], [103.967673594402, 10.291718684035574], [103.96737781389962, 10.291544061607484], [103.96775465977444, 10.29106829338651], [103.96803816558044, 10.290722204903023], [103.96834105170201, 10.290305896782545], [103.96947727010976, 10.288858976307708], [103.96931461483409, 10.28758216351069], [103.96977768362291, 10.286639729394286], [103.96936785161645, 10.286372429339092], [103.96750873035337, 10.284682175360485], [103.96737970500928, 10.284807095393942], [103.96719397566353, 10.284665835622478], [103.96734369721402, 10.284502885659123], [103.96728764503523, 10.28406573532367], [103.96719713425014, 10.283979784237681], [103.96672158284288, 10.284089487112468], [103.96641416733216, 10.283780400291777], [103.96663258775442, 10.283698845363476], [103.96709069315453, 10.283539657791385], [103.96732704337451, 10.283381822979344], [103.96709331779576, 10.282954325983315], [103.9665505564501, 10.283347544864652], [103.96676581010864, 10.28254132151719], [103.96657489220694, 10.282663969514973], [103.9662072223929, 10.282029928172507], [103.96578124312873, 10.281652383466524], [103.9658590859774, 10.281290044607417], [103.96611578040307, 10.280922485126174], [103.96566952527488, 10.280442468593213], [103.9654691768308, 10.28074484220393], [103.96508504567855, 10.280510218780488], [103.96528429765002, 10.280262814925564], [103.96507684980554, 10.280009676931328], [103.96524772577928, 10.279752552022899], [103.96492852186243, 10.279562157275965], [103.96473627522664, 10.27987828664431], [103.96401544603209, 10.279651062289563], [103.96350697841686, 10.278712092429542], [103.96344071341896, 10.278650140045546], [103.9633492238664, 10.278712916304253], [103.96309641762545, 10.278723437760773], [103.96285961151652, 10.278881901736986], [103.96245155576136, 10.27886938127213], [103.9623709386513, 10.278548913187253], [103.96260209700192, 10.278383116723765], [103.96256636388846, 10.278135415384423], [103.9613965183454, 10.275672061921599], [103.96162291072179, 10.275516384427211], [103.96175636100855, 10.27541895953825], [103.96191663703013, 10.275329716299048], [103.96208201622687, 10.275191839063353], [103.96201690199314, 10.275097791597918], [103.96171804397676, 10.27443284810008], [103.9611916697793, 10.274696342668713], [103.96097667880409, 10.273672777782858], [103.96132953058968, 10.273503567708527], [103.96095935094216, 10.272746464371231], [103.96093633628116, 10.272752031753807], [103.96061951230219, 10.272563535789585], [103.96049367199288, 10.272695962885178], [103.96021806936895, 10.272532398761788], [103.96035682676158, 10.272265729465227], [103.96006635396604, 10.272204036315085], [103.96007808349054, 10.272446906034574], [103.95979906596538, 10.272305487154563], [103.95961121478888, 10.27186097363639], [103.95959777350068, 10.271873699525246], [103.9592707968687, 10.272019985923148], [103.9593039827154, 10.272099514541983], [103.95911516785088, 10.272168727627543], [103.95907941916028, 10.27209317290427], [103.95851929919678, 10.272392862721128], [103.95797856344461, 10.272513203922339], [103.95726690946404, 10.272699983293224], [103.9564352390389, 10.27308212388168], [103.95549678982204, 10.273551512621175], [103.9549891264616, 10.273708792797153], [103.9543416002094, 10.274081834117993], [103.95380247912843, 10.274482271019219], [103.95386393022832, 10.274528304419103], [103.95373034782267, 10.27464841946113], [103.95368710488178, 10.274578366788834], [103.95341869196942, 10.274854126948687], [103.95326154231206, 10.275035411808828], [103.95318360738442, 10.27512551280585], [103.95302832898165, 10.275280219207447], [103.95336708111014, 10.275403661913774], [103.95350906242427, 10.275496303504102], [103.95340169947853, 10.275817631960926], [103.9528936810035, 10.27575411895392], [103.95259779942586, 10.276023050997386], [103.9524628944573, 10.276009261270527], [103.95228561854888, 10.276108326011206], [103.95220759147566, 10.276198607411546], [103.95202302005995, 10.276399012861939], [103.95202292876871, 10.27639901270767], [103.95196340672948, 10.276610931050271], [103.95177902734231, 10.277017478723128], [103.95176604603822, 10.27702785429185], [103.95169061859305, 10.277039751709895], [103.95142556793603, 10.277057657288916], [103.95142556778009, 10.277057747701834], [103.95139090142501, 10.277096476305955], [103.95190701517383, 10.277866855705996], [103.95183550150955, 10.277938432462271], [103.95161077048645, 10.27808000113063], [103.95126497820189, 10.278067391134467], [103.95115449838717, 10.278129860463082], [103.95130782807128, 10.27862974315777], [103.95141969711631, 10.279137964059835], [103.95096811595818, 10.279060890908548], [103.95084696791999, 10.27869270415745], [103.95065979658854, 10.278388598852386], [103.95071322476034, 10.277741421537261]]], [[[103.94633540057835, 10.279165757439907], [103.94641349533593, 10.279142835461785], [103.9468895533757, 10.27900314604856], [103.9476598096025, 10.27872652932904], [103.94810751368804, 10.27861698774175], [103.94857891134728, 10.278531716537245], [103.94931698757911, 10.278332525071864], [103.94984900667747, 10.278086509944414], [103.94992615038953, 10.278032573767488], [103.95056095373515, 10.277580680177577], [103.95067833623206, 10.277485854826264], [103.95055893283796, 10.277482216817418], [103.95018838425203, 10.277426617505744], [103.94969704185988, 10.277485185431537], [103.9494409449998, 10.277445963449528], [103.94948048554883, 10.277175785680093], [103.9495775929625, 10.277138609901726], [103.94976133749492, 10.276625736678128], [103.95004409835575, 10.276027048320172], [103.95014275580584, 10.275304181507426], [103.95040104608739, 10.274706988231602], [103.95044394164478, 10.274607787248152], [103.95042979626471, 10.273970892838944], [103.94995097355455, 10.273655533750004], [103.9502111819156, 10.27332126530504], [103.95084656047264, 10.272794690210414], [103.9513739459595, 10.27226494749541], [103.95103884533826, 10.272091058502575], [103.95123852282907, 10.271599729322492], [103.95161675648043, 10.271694850686517], [103.95178137594102, 10.27152234925517], [103.95173754536403, 10.271105018199146], [103.9522813292741, 10.271016698817233], [103.95265653108478, 10.271122844248772], [103.95270305543964, 10.271195434144321], [103.95305109344297, 10.271118808164648], [103.95344214962026, 10.270817486956126], [103.95342529273792, 10.270692688284747], [103.95349034778457, 10.270553380648325], [103.95395187563588, 10.270094135083834], [103.9543284325306, 10.269729137346959], [103.95459328067088, 10.269293067380083], [103.95511313773035, 10.268887894713512], [103.9552793959694, 10.26860933928465], [103.95552917575962, 10.268015110281768], [103.95603412781206, 10.267034882363467], [103.95592629063921, 10.266996095132697], [103.95556783929908, 10.266652375603762], [103.9554019888379, 10.266479860044809], [103.95479033537237, 10.266171156790193], [103.95434020973681, 10.266213617953786], [103.95440134014538, 10.266073037647484], [103.9539889660593, 10.266246480205], [103.95381052344173, 10.265911650872898], [103.95362691006754, 10.265717586217725], [103.9529498672444, 10.265001367395215], [103.95281696306529, 10.264516528291644], [103.95266579035959, 10.26414449409984], [103.95260137942697, 10.263591056298822], [103.95300247213636, 10.263446799824086], [103.9528255012962, 10.263106909359706], [103.95224742581823, 10.262494198455068], [103.95249438883148, 10.262370387135364], [103.95202190502674, 10.261668796845516], [103.95179363168859, 10.261117342666704], [103.95132044055762, 10.260457340382965], [103.95096540380527, 10.260523013282809], [103.95090498431036, 10.260303930209023], [103.95034307555758, 10.26080215126091], [103.95006594848944, 10.26084327218674], [103.9488681099865, 10.261300992827694], [103.94856717831762, 10.261434926421815], [103.94835939291164, 10.26170762143782], [103.94816900406147, 10.262108190149386], [103.94743898377932, 10.262210743055206], [103.94707635048168, 10.262338874149226], [103.94647287920203, 10.262636932794582], [103.9462383895783, 10.262778391247732], [103.94626934959287, 10.262823108161397], [103.9460528159053, 10.26303285904017], [103.94589929853736, 10.263226442936684], [103.9455399267648, 10.263158109962696], [103.9455259309955, 10.263174631671955], [103.94545805535756, 10.26325516429717], [103.94547766797544, 10.263263334979836], [103.94574375214636, 10.263641625970196], [103.94534439165321, 10.263942652683312], [103.94515176425773, 10.264105609702558], [103.94484629752846, 10.264220364271765], [103.94425934635778, 10.264726216138307], [103.94382832616725, 10.265068053362004], [103.94382171224521, 10.265196157443674], [103.94321960442176, 10.265910473918087], [103.94325260676464, 10.265935665373544], [103.94260020813594, 10.266591035327437], [103.94230429934788, 10.267084363399483], [103.94234296066261, 10.267110107150598], [103.94221205965678, 10.267418733363007], [103.9418547090131, 10.26791376358473], [103.94161931909042, 10.268252859813616], [103.94160164390091, 10.268285016459837], [103.94143205221806, 10.268635889018602], [103.94127105556464, 10.269186679574426], [103.94130552980154, 10.269205544851303], [103.94058199347548, 10.27033536573516], [103.94056013972613, 10.270355580580967], [103.94038480847178, 10.272307748079339], [103.94000950875747, 10.273815280314125], [103.93966675675695, 10.274308524334984], [103.93949363002741, 10.274175498878243], [103.93922961522252, 10.274591032821077], [103.93861576096602, 10.275168523721058], [103.93835857075469, 10.276164248845545], [103.93886615169988, 10.276577320418204], [103.93907224597271, 10.277066811327613], [103.93948949457271, 10.277092306010356], [103.9402587666916, 10.277115966869923], [103.94102388999612, 10.27711095782779], [103.94149118308897, 10.27702315826406], [103.94202704721974, 10.27635647086466], [103.94210315480031, 10.276217094474756], [103.94224380631863, 10.276077105775682], [103.9428747237032, 10.275970960406292], [103.94357699753056, 10.276144583860086], [103.94353396000065, 10.276375786645724], [103.94389713834083, 10.276676942715335], [103.9441369193914, 10.277118660055736], [103.94416794860928, 10.277176577614132], [103.9444475104083, 10.277579304492251], [103.94455896698227, 10.277480854772076], [103.94490061995494, 10.277876725844772], [103.94485901948094, 10.277912639026955], [103.94494368757485, 10.27825553996961], [103.94559271703353, 10.278654377602194], [103.94580816324766, 10.278603752964315], [103.94633540057835, 10.279165757439907]]], [[[103.95429007493479, 10.273784197469366], [103.9544118977765, 10.273707099084366], [103.95489287698032, 10.273406017919223], [103.95530592719547, 10.273162867241744], [103.95597603552969, 10.27287539264832], [103.95614512590923, 10.272810126563057], [103.95633057153735, 10.272789913606866], [103.9566097209223, 10.272693006236654], [103.95568143986331, 10.272822639586671], [103.95556423128448, 10.272604275690663], [103.95542597042217, 10.272418425191656], [103.95537507460654, 10.272445915792856], [103.9552880515559, 10.272459512496111], [103.95494075061498, 10.272584874805622], [103.95459086494489, 10.27283328481292], [103.95464561693608, 10.27343218379657], [103.95429007493479, 10.273784197469366]]], [[[103.95730120298984, 10.27245095206147], [103.95788189784648, 10.272238818866084], [103.95840219151988, 10.272060488746952], [103.95905590383879, 10.271856250808751], [103.95903776633043, 10.271785336525756], [103.95911066141694, 10.271758605313323], [103.95914387024955, 10.271824571987267], [103.95951366389008, 10.271677091257697], [103.95952738180686, 10.271662738392955], [103.95950337799303, 10.271605738009352], [103.95901078782752, 10.271759794983634], [103.95820446147735, 10.272004011919547], [103.95802300061635, 10.272096924927054], [103.95770922512949, 10.272210230903669], [103.95772887230802, 10.272145075760202], [103.95760103262533, 10.271789628207904], [103.95728138360977, 10.271974712112632], [103.95730120298984, 10.27245095206147]]], [[[103.95270021177355, 10.275289882347646], [103.9529119855245, 10.275037173083621], [103.95298608333326, 10.27494878353343], [103.95324570635567, 10.274688379185285], [103.95325521644577, 10.274679173068886], [103.95313591648407, 10.27450971839412], [103.9530224743782, 10.274596956679263], [103.95276795033138, 10.274811982016585], [103.95273411486377, 10.274898631193134], [103.95268757135572, 10.275208308303196], [103.95270021177355, 10.275289882347646]]]], "type": "MultiPolygon"}, "properties": {"id": 8, "area": 5177482.7, "perimeter": 16828.53}}]}