{"type": "FeatureCollection", "name": "Thửa giao khoán đất rừng", "features": [{"type": "Feature", "geometry": {"coordinates": [[[[104.38998897928607, 9.647991043594578], [104.39003198087727, 9.648014024114806], [104.39008893011491, 9.648018020784088], [104.39014196762751, 9.648002033277184], [104.3901720507917, 9.64796099198172], [104.39017397989882, 9.647912888916288], [104.39014202806032, 9.647533926614196], [104.39010898284111, 9.64715496395298], [104.39009200648495, 9.64695983119514], [104.39004294494715, 9.64679796292725], [104.38995097840952, 9.646596928895345], [104.38986294926052, 9.646337032377264], [104.3897550268182, 9.646167007408678], [104.3896890152951, 9.646010920573248], [104.38958299159434, 9.645886920171865], [104.38943989537823, 9.645721947379029], [104.38937000811129, 9.64571595720348], [104.3893039384295, 9.645738993207763], [104.38928095657491, 9.645798934591149], [104.38930096911224, 9.645902924548347], [104.38930598180893, 9.646178979819682], [104.38943999369114, 9.64653898667753], [104.38961897940202, 9.64702197970556], [104.38973591532482, 9.647496001159265], [104.38984692039834, 9.647714944575215], [104.38994799828336, 9.64791896540946], [104.38998897928607, 9.647991043594578]]]], "type": "MultiPolygon"}, "properties": {"fid": 1, "TT": 1.0, "id": 1.0, "Tinh": "Kiên Giang", "Huyen": "Kiên Hải", "Xa": "Nam Du", "Ddanh": "Hòn Bờ Đập Nhỏ", "TK": "1", "Khoanh": "1", "Lo": "36", "ldlr": "RTK", "sldlr": "Dừa, Xoài", "Ht2023": "NULL", "namtr": "NULL", "ChuQL": "BQL RPH Kiên Giang", "Nguoinkcu": "Nguyễn Văn Tuấn", "Churung": "Nguyễn Văn Tuấn", "CMND": "NULL", "DienThoai": "NULL", "Dtich": 1.12, "DtichBS": 1.12, "NgayDoVe": "PyQt5.QtCore.QDate(2019, 9, 18)", "TranhChap": "Không", "KT": 0.0, "Lapdia": "NULL", "mdsd": "Phòng hộ môi sinh", "nqh": "0", "Anh": "https://cdn2.fptshop.com.vn/unsafe/1920x0/filters:format(webp):quality(75)/hinh_nen_meme_con_luoi_flash_zootopia_1_c520bf6214.jpg", "Anh2": "https://png.pngtree.com/thumb_back/fh260/background/20230830/pngtree-the-lotus-is-also-represented-image_13145607.jpg"}}, {"type": "Feature", "geometry": {"coordinates": [[[[104.3999060510595, 9.650379991893113], [104.39996902457929, 9.650350985213738], [104.40001997682026, 9.650299008235873], [104.40004697265042, 9.650217999330893], [104.40005200849303, 9.650135989428206], [104.40001695149469, 9.65005197864203], [104.39992803880784, 9.649977988885372], [104.3997440187947, 9.649824943954668], [104.3996369858136, 9.649707908706915], [104.399466936358, 9.649457936954919], [104.39929597564486, 9.649208959476676], [104.3991099668065, 9.649005006901143], [104.39894798410262, 9.648901970517702], [104.39885002888589, 9.648902032196673], [104.39877503831934, 9.648894957377825], [104.39871800128547, 9.648878936193844], [104.39865405369241, 9.648813905073006], [104.39859702921696, 9.648755928774461], [104.39849701986167, 9.64861692306493], [104.39844099867038, 9.64855596316048], [104.39838896797654, 9.648557937071688], [104.39836490902275, 9.648567966648502], [104.39834795303717, 9.648592917696801], [104.39837098298493, 9.648671951981386], [104.3984420191023, 9.648799917891072], [104.39847798287059, 9.64889704007374], [104.39854298982986, 9.649076001329833], [104.3985929749933, 9.649211013804175], [104.39860497280577, 9.649312016997888], [104.39871799725279, 9.649502927847294], [104.39881198669391, 9.649662909269393], [104.3988799286141, 9.649778938674899], [104.39898095625495, 9.649866043220143], [104.39906002910047, 9.649934966790653], [104.3991860267871, 9.650013036544125], [104.399329052406, 9.650130986653032], [104.39945003265166, 9.650228947346584], [104.39967598313413, 9.650332996752322], [104.39980499818999, 9.650376978643648], [104.3999060510595, 9.650379991893113]]]], "type": "MultiPolygon"}, "properties": {"fid": 2, "TT": 2.0, "id": 2.0, "Tinh": "Kiên Giang", "Huyen": "Kiên Hải", "Xa": "Nam Du", "Ddanh": "Hòn Đuôi Nai", "TK": "1", "Khoanh": "1", "Lo": "35", "ldlr": "RTK", "sldlr": "Bàng, Dầu", "Ht2023": "NULL", "namtr": "NULL", "ChuQL": "BQL RPH Kiên Giang", "Nguoinkcu": "Trần Vũ Linh", "Churung": "Trần Vũ Linh", "CMND": "092066001879/ Ngày cấp 07/06/2018/ CA Cần Thơ", "DienThoai": "0917127141", "Dtich": 1.33, "DtichBS": 1.33, "NgayDoVe": "PyQt5.QtCore.QDate(2019, 9, 18)", "TranhChap": "Không", "KT": 0.0, "Lapdia": "NULL", "mdsd": "Phòng hộ môi sinh", "nqh": "0", "Anh": "https://cdn2.fptshop.com.vn/unsafe/1920x0/filters:format(webp):quality(75)/hinh_nen_meme_con_luoi_flash_zootopia_1_c520bf6214.jpg", "Anh2": "https://png.pngtree.com/thumb_back/fh260/background/20230830/pngtree-the-lotus-is-also-represented-image_13145607.jpg"}}, {"type": "Feature", "geometry": {"coordinates": [[[[104.39269856466329, 9.652550354379537], [104.39232272360685, 9.651858159075502], [104.39207493556134, 9.651944975567497], [104.3918519478067, 9.651983967256653], [104.39172601602245, 9.651987996614407], [104.39202295221853, 9.652368940695505], [104.39221303251722, 9.6526564467889], [104.39269856466329, 9.652550354379537]]]], "type": "MultiPolygon"}, "properties": {"fid": 3, "TT": 3.0, "id": 3.0, "Tinh": "Kiên Giang", "Huyen": "Kiên Hải", "Xa": "Nam Du", "Ddanh": "Hòn Bờ Đập Lớn", "TK": "1", "Khoanh": "1", "Lo": "32", "ldlr": "RTK", "sldlr": "Xoài, Mít, Dừa, Tràm", "Ht2023": "NULL", "namtr": "NULL", "ChuQL": "BQL RPH Kiên Giang", "Nguoinkcu": "Đỗ Văn Mười", "Churung": "Đỗ Thị Hường", "CMND": "370655124/ Ngày cấp 11/03/2014/ CA Kiên Giang", "DienThoai": "0932851768", "Dtich": 0.49, "DtichBS": 0.49, "NgayDoVe": "PyQt5.QtCore.QDate(2019, 9, 18)", "TranhChap": "Không", "KT": 0.0, "Lapdia": "NULL", "mdsd": "Phòng hộ môi sinh", "nqh": "0", "Anh": "https://cdn2.fptshop.com.vn/unsafe/1920x0/filters:format(webp):quality(75)/hinh_nen_meme_con_luoi_flash_zootopia_1_c520bf6214.jpg", "Anh2": "https://png.pngtree.com/thumb_back/fh260/background/20230830/pngtree-the-lotus-is-also-represented-image_13145607.jpg"}}, {"type": "Feature", "geometry": {"coordinates": [[[[104.38942931500769, 9.655538167300563], [104.38961402921196, 9.65579303128097], [104.39024492417339, 9.656198949340826], [104.39043307616124, 9.656251905206112], [104.39049596947066, 9.656194960356704], [104.39048597695552, 9.656098930703354], [104.39048991268196, 9.656044950970283], [104.39050196933353, 9.655956975745243], [104.39049798865983, 9.655868000794857], [104.39050602555601, 9.655812033116021], [104.39048099356134, 9.655729019216992], [104.39048293299163, 9.655648997769104], [104.38942931500769, 9.655538167300563]]]], "type": "MultiPolygon"}, "properties": {"fid": 4, "TT": 4.0, "id": 4.0, "Tinh": "Kiên Giang", "Huyen": "Kiên Hải", "Xa": "Nam Du", "Ddanh": "Hòn Bờ Đập Lớn", "TK": "1", "Khoanh": "1", "Lo": "23", "ldlr": "RTK", "sldlr": "Xoài, Dừa, Mít", "Ht2023": "NULL", "namtr": "NULL", "ChuQL": "BQL RPH Kiên Giang", "Nguoinkcu": "Đỗ Văn Mười", "Churung": "Đỗ Kim Cường", "CMND": "371610138/ Ngày cấp 15/07/2009/ CA Kiên Giang", "DienThoai": "0336141966", "Dtich": 0.52, "DtichBS": 0.52, "NgayDoVe": "PyQt5.QtCore.QDate(2019, 9, 18)", "TranhChap": "Không", "KT": 0.0, "Lapdia": "NULL", "mdsd": "Phòng hộ môi sinh", "nqh": "0", "Anh": "https://cdn2.fptshop.com.vn/unsafe/1920x0/filters:format(webp):quality(75)/hinh_nen_meme_con_luoi_flash_zootopia_1_c520bf6214.jpg", "Anh2": "https://png.pngtree.com/thumb_back/fh260/background/20230830/pngtree-the-lotus-is-also-represented-image_13145607.jpg"}}, {"type": "Feature", "geometry": {"coordinates": [[[[104.39310847545768, 9.691077320880432], [104.3933379767676, 9.690982993573975], [104.39354905019994, 9.690948970693556], [104.39353695696876, 9.69115123700979], [104.39325375184175, 9.691330090663108], [104.39333372070261, 9.691474154965539], [104.39365797749856, 9.691162034547066], [104.39381396712349, 9.690964966741118], [104.39423497755324, 9.690160085370078], [104.3931365502677, 9.689906025862971], [104.3930979693832, 9.690295092138523], [104.39275958410606, 9.69061760595841], [104.39275949294502, 9.69061769635016], [104.39275912830094, 9.690618057917137], [104.3928219671136, 9.690751989920225], [104.3929000145926, 9.690919020464788], [104.39304396928962, 9.691028021750855], [104.39310847545768, 9.691077320880432]]]], "type": "MultiPolygon"}, "properties": {"fid": 5, "TT": 5.0, "id": 5.0, "Tinh": "Kiên Giang", "Huyen": "Kiên Hải", "Xa": "Nam Du", "Ddanh": "Hòn Dầu", "TK": "1", "Khoanh": "1", "Lo": "4", "ldlr": "RTK", "sldlr": "Xoài, Dừa, Mít, Chuối", "Ht2023": "NULL", "namtr": "NULL", "ChuQL": "BQL RPH Kiên Giang", "Nguoinkcu": "Lí Nguyệt Anh", "Churung": "Lí Nguyệt Anh", "CMND": "371044330/ Ngày cấp 19/03/2011/ CA Kiên Giang", "DienThoai": "0917165180", "Dtich": 1.39, "DtichBS": 1.39, "NgayDoVe": "PyQt5.QtCore.QDate(2019, 9, 19)", "TranhChap": "Không", "KT": 0.0, "Lapdia": "NULL", "mdsd": "Phòng hộ môi sinh", "nqh": "0", "Anh": "https://cdn2.fptshop.com.vn/unsafe/1920x0/filters:format(webp):quality(75)/hinh_nen_meme_con_luoi_flash_zootopia_1_c520bf6214.jpg", "Anh2": "https://png.pngtree.com/thumb_back/fh260/background/20230830/pngtree-the-lotus-is-also-represented-image_13145607.jpg"}}, {"type": "Feature", "geometry": {"coordinates": [[[[104.39740996786297, 9.635275055922733], [104.39733013081248, 9.635335161832593], [104.39724646004566, 9.635417600454298], [104.39714194180651, 9.635438998978806], [104.39725998080097, 9.635601971953658], [104.39746903822657, 9.635490003098326], [104.39763500297107, 9.635358038393111], [104.39760092743639, 9.63535007127447], [104.39740996786297, 9.635275055922733]]]], "type": "MultiPolygon"}, "properties": {"fid": 6, "TT": 6.0, "id": 6.0, "Tinh": "Kiên Giang", "Huyen": "Kiên Hải", "Xa": "Nam Du", "Ddanh": "Hòn Mấu", "TK": "1", "Khoanh": "1", "Lo": "41", "ldlr": "RTK", "sldlr": "Xoài, Bạch đàn", "Ht2023": "NULL", "namtr": "1975", "ChuQL": "BQL RPH Kiên Giang", "Nguoinkcu": "Lê Thị Nương", "Churung": "Lê Thị Nương", "CMND": "370506470/ Ngày cấp 18/09/2017/ CA Kiên Giang", "DienThoai": "0945003441", "Dtich": 0.09, "DtichBS": 0.09, "NgayDoVe": "PyQt5.QtCore.QDate(2019, 9, 19)", "TranhChap": "Không", "KT": 0.0, "Lapdia": "NULL", "mdsd": "Phòng hộ môi sinh", "nqh": "0", "Anh": "https://cdn2.fptshop.com.vn/unsafe/1920x0/filters:format(webp):quality(75)/hinh_nen_meme_con_luoi_flash_zootopia_1_c520bf6214.jpg", "Anh2": "https://png.pngtree.com/thumb_back/fh260/background/20230830/pngtree-the-lotus-is-also-represented-image_13145607.jpg"}}, {"type": "Feature", "geometry": {"coordinates": [[[[104.40405899285899, 9.681949012635197], [104.40403299634897, 9.681714093401123], [104.40396898597285, 9.681524012011227], [104.40390395730735, 9.681389990917939], [104.40390397889276, 9.681314037859948], [104.40384604733582, 9.681218989896003], [104.4037299823665, 9.681098065422832], [104.40365901761362, 9.68100907193485], [104.40358803067538, 9.680998020737904], [104.40358803039177, 9.680999015361296], [104.40298599990093, 9.681094058435768], [104.40271097825945, 9.681066040768378], [104.40266605934963, 9.68103799774508], [104.40252401856728, 9.68093207527754], [104.4023730477632, 9.680824070546175], [104.40226100534434, 9.68066101085709], [104.40207499704611, 9.680389968196627], [104.40188493053125, 9.67997307630515], [104.40176297691322, 9.680050079559289], [104.40170699959144, 9.680131984351728], [104.4016979620514, 9.680186053113852], [104.40170997256938, 9.680249983713257], [104.4017609830271, 9.680326041790298], [104.40177801091544, 9.680371980179421], [104.40177699309973, 9.680424966192318], [104.40174406625773, 9.68052496164178], [104.40174002371218, 9.680637985876427], [104.40178598578201, 9.680839093795862], [104.40187795224737, 9.681096004184544], [104.40198699661623, 9.681227054348852], [104.40210298259294, 9.68130403511171], [104.40221496902856, 9.681346022036905], [104.40237297087607, 9.681406015650277], [104.40247300637819, 9.681493028408884], [104.4025410579391, 9.681570990033093], [104.40258303308522, 9.681695058606122], [104.40265805996457, 9.68191805636027], [104.40285000883964, 9.682134034406701], [104.40303306076447, 9.682233005955965], [104.40335004920259, 9.682418999463447], [104.40372395990244, 9.6824059935446], [104.40391098425737, 9.682316981919637], [104.40397506832173, 9.68224800914765], [104.40397500785377, 9.682140047280487], [104.4039819573113, 9.68205704337835], [104.40403300263452, 9.682013022954255], [104.40405899285899, 9.681949012635197]]]], "type": "MultiPolygon"}, "properties": {"fid": 7, "TT": 7.0, "id": 7.0, "Tinh": "Kiên Giang", "Huyen": "Kiên Hải", "Xa": "Nam Du", "Ddanh": "Hòn Đụng Lớn", "TK": "1", "Khoanh": "1", "Lo": "15", "ldlr": "RTK", "sldlr": "Xoài, Mít, Dừa", "Ht2023": "NULL", "namtr": "NULL", "ChuQL": "BQL RPH Kiên Giang", "Nguoinkcu": "Nguyễn Văn Bê", "Churung": "Nguyễn Văn Bê", "CMND": "370527738/ Ngày cấp 27/02/2017/ CA Kiên Giang", "DienThoai": "0855570001", "Dtich": 2.85, "DtichBS": 2.85, "NgayDoVe": "PyQt5.QtCore.QDate(2019, 9, 18)", "TranhChap": "Không", "KT": 0.0, "Lapdia": "NULL", "mdsd": "Phòng hộ môi sinh", "nqh": "0", "Anh": "https://cdn2.fptshop.com.vn/unsafe/1920x0/filters:format(webp):quality(75)/hinh_nen_meme_con_luoi_flash_zootopia_1_c520bf6214.jpg", "Anh2": "https://png.pngtree.com/thumb_back/fh260/background/20230830/pngtree-the-lotus-is-also-represented-image_13145607.jpg"}}, {"type": "Feature", "geometry": {"coordinates": [[[[104.4044260084987, 9.685693058019913], [104.40458696199748, 9.685636047584154], [104.40471593748681, 9.685547019414392], [104.40484500935973, 9.685439093380078], [104.40492192391416, 9.685439024268645], [104.4050829647099, 9.685394943724043], [104.40517395799183, 9.685236009986568], [104.40523104155783, 9.685108985229737], [104.40519898844613, 9.685020002807427], [104.40515393759118, 9.684810034431399], [104.40510639750106, 9.684702511559463], [104.40490299234695, 9.684707066718136], [104.40422495094937, 9.684485981463618], [104.40415714660672, 9.684496903399822], [104.40413598382028, 9.684569052889895], [104.40413004047397, 9.684639036541032], [104.40410395550848, 9.684715072726771], [104.40405901018067, 9.684777992697423], [104.40401998802965, 9.684841999361199], [104.40401403017204, 9.68496298005175], [104.40401399609813, 9.68508296777423], [104.40401997096254, 9.685223030481128], [104.40406502655355, 9.685414010734636], [104.40413598153074, 9.68554107106639], [104.4042330108185, 9.685630071714167], [104.4044260084987, 9.685693058019913]]]], "type": "MultiPolygon"}, "properties": {"fid": 8, "TT": 8.0, "id": 8.0, "Tinh": "Kiên Giang", "Huyen": "Kiên Hải", "Xa": "Nam Du", "Ddanh": "Hòn Đụng Nhỏ", "TK": "1", "Khoanh": "1", "Lo": "9", "ldlr": "RTK", "sldlr": "Xoài, Mít, ổi", "Ht2023": "NULL", "namtr": "NULL", "ChuQL": "BQL RPH Kiên Giang", "Nguoinkcu": "Nguyễn Văn Bê", "Churung": "Nguyễn Văn Bê", "CMND": "370527738/ Ngày cấp 27/02/2017/ CA Kiên Giang", "DienThoai": "0855570001", "Dtich": 1.27, "DtichBS": 1.27, "NgayDoVe": "PyQt5.QtCore.QDate(2019, 9, 19)", "TranhChap": "Không", "KT": 0.0, "Lapdia": "NULL", "mdsd": "Phòng hộ môi sinh", "nqh": "0", "Anh": "https://cdn2.fptshop.com.vn/unsafe/1920x0/filters:format(webp):quality(75)/hinh_nen_meme_con_luoi_flash_zootopia_1_c520bf6214.jpg", "Anh2": "https://png.pngtree.com/thumb_back/fh260/background/20230830/pngtree-the-lotus-is-also-represented-image_13145607.jpg"}}, {"type": "Feature", "geometry": {"coordinates": [[[[104.39075353209707, 9.662545085586862], [104.39075471645641, 9.662545899746286], [104.39075480696887, 9.66254779860294], [104.3907959672602, 9.662634976911933], [104.39086492133524, 9.66271999394338], [104.39095994101433, 9.662792993312102], [104.39111101381525, 9.66283083687159], [104.39128098982582, 9.662743002013894], [104.39137697857153, 9.662635974601923], [104.39144999579493, 9.662553986360875], [104.39149403595475, 9.662469999718848], [104.39149898199915, 9.662390973866456], [104.39145197572734, 9.66234701473643], [104.3914119835184, 9.66231101480698], [104.39139295063205, 9.66227303224047], [104.39137793300429, 9.66221705728465], [104.39134998980234, 9.662117043521524], [104.3913140167448, 9.662051025283033], [104.39124597460386, 9.661963928958018], [104.3911800122743, 9.661926926168679], [104.39109499591311, 9.661917947655336], [104.39099895412247, 9.661906976380399], [104.39093098097833, 9.661888961186696], [104.39086200579165, 9.661869951037614], [104.3908139805502, 9.661877983216623], [104.39078599790362, 9.661900941113384], [104.3907699480554, 9.661937917954747], [104.3907729290193, 9.662019025981998], [104.39079897034479, 9.662082057251842], [104.39084096108526, 9.66213704616576], [104.39085297246824, 9.66219003631824], [104.39084494286557, 9.66222303720962], [104.39082898768736, 9.662248982796761], [104.39080802577824, 9.662259012807693], [104.3907500382379, 9.662358999340364], [104.39072795960928, 9.66244100361246], [104.39074597393302, 9.662528988359973], [104.39075353209707, 9.662545085586862]]]], "type": "MultiPolygon"}, "properties": {"fid": 9, "TT": 9.0, "id": 9.0, "Tinh": "Kiên Giang", "Huyen": "Kiên Hải", "Xa": "Nam Du", "Ddanh": "Hòn Lò Lớn", "TK": "1", "Khoanh": "1", "Lo": "22", "ldlr": "RTK", "sldlr": "Rừng tự nhiên", "Ht2023": "NULL", "namtr": "NULL", "ChuQL": "BQL RPH Kiên Giang", "Nguoinkcu": "BQL RPH Kiên Giang", "Churung": "BQL RPH Kiên Giang", "CMND": "NULL", "DienThoai": "NULL", "Dtich": 0.63, "DtichBS": 0.63, "NgayDoVe": "PyQt5.QtCore.QDate(2019, 9, 18)", "TranhChap": "Không", "KT": 0.0, "Lapdia": "NULL", "mdsd": "Phòng hộ môi sinh", "nqh": "0", "Anh": "https://cdn2.fptshop.com.vn/unsafe/1920x0/filters:format(webp):quality(75)/hinh_nen_meme_con_luoi_flash_zootopia_1_c520bf6214.jpg", "Anh2": "https://png.pngtree.com/thumb_back/fh260/background/20230830/pngtree-the-lotus-is-also-represented-image_13145607.jpg"}}, {"type": "Feature", "geometry": {"coordinates": [[[[104.39116873879846, 9.664682573933613], [104.3912299784447, 9.664671923698197], [104.39129094865797, 9.664648976196677], [104.39131984513202, 9.664618604083062], [104.39132467964727, 9.664603414988477], [104.39133918464074, 9.664553326686256], [104.3913355763524, 9.664438853359826], [104.39132101125116, 9.664392282268922], [104.39128475144055, 9.664367224370224], [104.3912302608392, 9.664360063937362], [104.39117941063104, 9.664367281486083], [104.39115763399342, 9.664360131388019], [104.39113586656883, 9.664324318034572], [104.39107418856999, 9.664281439256905], [104.39104858758938, 9.66426524590422], [104.39102598798348, 9.664266956733425], [104.39098807666402, 9.664276981383646], [104.39098707402471, 9.664277794849268], [104.39097257242585, 9.664317213534583], [104.39094714735184, 9.664320731870486], [104.3909000332785, 9.664327950562194], [104.39089273635737, 9.664349377875357], [104.39093264114635, 9.66437443697067], [104.39096525708548, 9.664395876936632], [104.39093991273744, 9.664431675368865], [104.39093625619797, 9.664467480675317], [104.39095446628963, 9.664513962516796], [104.39100885426257, 9.664556929426505], [104.39106334145899, 9.664574759496933], [104.3911140913902, 9.664596114770244], [104.3911649197278, 9.664657074181846], [104.39116873879846, 9.664682573933613]]]], "type": "MultiPolygon"}, "properties": {"fid": 10, "TT": 10.0, "id": 10.0, "Tinh": "Kiên Giang", "Huyen": "Kiên Hải", "Xa": "Nam Du", "Ddanh": "Hòn Lò Nhỏ", "TK": "1", "Khoanh": "1", "Lo": "20", "ldlr": "RTK", "sldlr": "Rừng tự nhiên", "Ht2023": "NULL", "namtr": "NULL", "ChuQL": "BQL RPH Kiên Giang", "Nguoinkcu": "BQL RPH Kiên Giang", "Churung": "BQL RPH Kiên Giang", "CMND": "NULL", "DienThoai": "NULL", "Dtich": 0.14, "DtichBS": 0.14, "NgayDoVe": "PyQt5.QtCore.QDate(2019, 9, 18)", "TranhChap": "Không", "KT": 0.0, "Lapdia": "NULL", "mdsd": "Phòng hộ môi sinh", "nqh": "0", "Anh": "https://cdn2.fptshop.com.vn/unsafe/1920x0/filters:format(webp):quality(75)/hinh_nen_meme_con_luoi_flash_zootopia_1_c520bf6214.jpg", "Anh2": "https://png.pngtree.com/thumb_back/fh260/background/20230830/pngtree-the-lotus-is-also-represented-image_13145607.jpg"}}, {"type": "Feature", "geometry": {"coordinates": [[[[104.39084601714103, 9.654643005091758], [104.3909529322756, 9.65455505989674], [104.39107106429142, 9.654439539987559], [104.39059950028211, 9.653889091823103], [104.39048593496587, 9.653971971254729], [104.39053391647568, 9.654095952906582], [104.39084601714103, 9.654643005091758]]]], "type": "MultiPolygon"}, "properties": {"fid": 11, "TT": 11.0, "id": 11.0, "Tinh": "Kiên Giang", "Huyen": "Kiên Hải", "Xa": "Nam Du", "Ddanh": "Hòn Bờ Đập Lớn", "TK": "1", "Khoanh": "1", "Lo": "28", "ldlr": "RTK", "sldlr": "Xoài, Dừa, Gió bầu", "Ht2023": "NULL", "namtr": "NULL", "ChuQL": "BQL RPH Kiên Giang", "Nguoinkcu": "Đỗ Văn Chính", "Churung": "Đỗ Văn Chính", "CMND": "370527793/ Ngày cấp 11/04/2014/ CA Kiên Giang", "DienThoai": "0939949297", "Dtich": 0.21, "DtichBS": 0.21, "NgayDoVe": "PyQt5.QtCore.QDate(2019, 9, 18)", "TranhChap": "Không", "KT": 0.0, "Lapdia": "NULL", "mdsd": "Phòng hộ môi sinh", "nqh": "0", "Anh": "https://cdn2.fptshop.com.vn/unsafe/1920x0/filters:format(webp):quality(75)/hinh_nen_meme_con_luoi_flash_zootopia_1_c520bf6214.jpg", "Anh2": "https://png.pngtree.com/thumb_back/fh260/background/20230830/pngtree-the-lotus-is-also-represented-image_13145607.jpg"}}, {"type": "Feature", "geometry": {"coordinates": [[[[104.38892357925602, 9.65248984187123], [104.38902096361669, 9.652845044687169], [104.38912398124913, 9.652972028139475], [104.38922694898504, 9.653252002898219], [104.3892152514565, 9.653355711358493], [104.38969893399555, 9.65333895798644], [104.39002394318425, 9.653412935407797], [104.3902089815309, 9.6535088400936], [104.39027794427516, 9.653560944234824], [104.3903054681044, 9.653545852791968], [104.38979501215626, 9.65295000008197], [104.3899980388292, 9.652649145808295], [104.39002174200733, 9.652613889411247], [104.38980999116166, 9.652561920408305], [104.38892357925602, 9.65248984187123]]]], "type": "MultiPolygon"}, "properties": {"fid": 12, "TT": 12.0, "id": 12.0, "Tinh": "Kiên Giang", "Huyen": "Kiên Hải", "Xa": "Nam Du", "Ddanh": "Hòn Bờ Đập Lớn", "TK": "1", "Khoanh": "1", "Lo": "30", "ldlr": "RTK", "sldlr": "Xoài, Dừa", "Ht2023": "NULL", "namtr": "NULL", "ChuQL": "BQL RPH Kiên Giang", "Nguoinkcu": "Đỗ Văn Chính", "Churung": "Đỗ Văn Chính", "CMND": "370527793/ Ngày cấp 11/04/2014/ CA Kiên Giang", "DienThoai": "0939949297", "Dtich": 0.88, "DtichBS": 0.88, "NgayDoVe": "PyQt5.QtCore.QDate(2019, 9, 18)", "TranhChap": "Không", "KT": 0.0, "Lapdia": "NULL", "mdsd": "Phòng hộ môi sinh", "nqh": "0", "Anh": "https://cdn2.fptshop.com.vn/unsafe/1920x0/filters:format(webp):quality(75)/hinh_nen_meme_con_luoi_flash_zootopia_1_c520bf6214.jpg", "Anh2": "https://png.pngtree.com/thumb_back/fh260/background/20230830/pngtree-the-lotus-is-also-represented-image_13145607.jpg"}}, {"type": "Feature", "geometry": {"coordinates": [[[[104.39359882189888, 9.685118507435527], [104.39360695093049, 9.685060098461943], [104.39361096985135, 9.685030984381132], [104.39358494042874, 9.684923014514151], [104.39348200011041, 9.684804079939397], [104.39321204507426, 9.684597024085978], [104.39305397190621, 9.684474997941809], [104.39282503534476, 9.68423902007314], [104.39260793016584, 9.684339951676815], [104.39234099513911, 9.68438200392603], [104.39234099513911, 9.68438200392603], [104.3921129952018, 9.68435399249647], [104.39189494901582, 9.684261966501019], [104.39174400224759, 9.684085056899221], [104.39169902095034, 9.68396894309046], [104.3916820227716, 9.683834030688217], [104.39167596796743, 9.683675069945089], [104.39172395097711, 9.683523992807928], [104.39172759911834, 9.68351486151095], [104.39172759914729, 9.683514771090692], [104.39175897322303, 9.68343602492625], [104.39174312400745, 9.68341269149991], [104.39074573743983, 9.684712709433185], [104.39156424807723, 9.685644659293304], [104.39359882189888, 9.685118507435527]]]], "type": "MultiPolygon"}, "properties": {"fid": 13, "TT": 13.0, "id": 13.0, "Tinh": "Kiên Giang", "Huyen": "Kiên Hải", "Xa": "Nam Du", "Ddanh": "Hòn Dầu", "TK": "1", "Khoanh": "1", "Lo": "10", "ldlr": "RTK", "sldlr": "Xoài, Dừa (ít)", "Ht2023": "NULL", "namtr": "NULL", "ChuQL": "BQL RPH Kiên Giang", "Nguoinkcu": "Tô Thị Hương", "Churung": "Trịnh Thanh Bích", "CMND": "370211427/ Ngày cấp 22/09/2015/ CA Kiên Giang", "DienThoai": "0372116488", "Dtich": 3.53, "DtichBS": 3.53, "NgayDoVe": "PyQt5.QtCore.QDate(2019, 9, 19)", "TranhChap": "Không", "KT": 0.0, "Lapdia": "NULL", "mdsd": "Phòng hộ môi sinh", "nqh": "0", "Anh": "https://cdn2.fptshop.com.vn/unsafe/1920x0/filters:format(webp):quality(75)/hinh_nen_meme_con_luoi_flash_zootopia_1_c520bf6214.jpg", "Anh2": "https://png.pngtree.com/thumb_back/fh260/background/20230830/pngtree-the-lotus-is-also-represented-image_13145607.jpg"}}, {"type": "Feature", "geometry": {"coordinates": [[[[104.38735188080864, 9.680782128933838], [104.38736598461045, 9.680846060691554], [104.38747896107638, 9.68119304030292], [104.38754367783183, 9.681423090665987], [104.38777596913793, 9.681419007316185], [104.3885533780634, 9.682308182137952], [104.3891340902024, 9.683324332219733], [104.39002028131195, 9.682082242690745], [104.3900109884041, 9.682075006092752], [104.38984007193389, 9.6819416718279], [104.38961494707328, 9.681766093791385], [104.3889829966387, 9.681379976366074], [104.3886129928576, 9.6811539867221], [104.38829928176797, 9.68100659021211], [104.38825025900152, 9.680991383659228], [104.38823832543257, 9.680977997575736], [104.38801891917511, 9.680875027839543], [104.38762293170691, 9.680687999800583], [104.38753199197784, 9.68066500328512], [104.38745890833923, 9.680658016985207], [104.3874109728351, 9.680661979767281], [104.38737697549396, 9.68067996225553], [104.38735591021288, 9.680722995397305], [104.38735188080864, 9.680782128933838]]]], "type": "MultiPolygon"}, "properties": {"fid": 14, "TT": 14.0, "id": 14.0, "Tinh": "Kiên Giang", "Huyen": "Kiên Hải", "Xa": "Nam Du", "Ddanh": "Hòn Dầu", "TK": "1", "Khoanh": "1", "Lo": "14", "ldlr": "RTK", "sldlr": "Rừng tự nhiên", "Ht2023": "NULL", "namtr": "NULL", "ChuQL": "BQL RPH Kiên Giang", "Nguoinkcu": "Tô Thị Hương", "Churung": "Lê Văn Trực", "CMND": "371744948/ Ngày cấp 21/05/2018/ CA Kiên Giang", "DienThoai": "0859495182", "Dtich": 3.27, "DtichBS": 3.27, "NgayDoVe": "PyQt5.QtCore.QDate(2019, 9, 19)", "TranhChap": "Không", "KT": 0.0, "Lapdia": "NULL", "mdsd": "Phòng hộ môi sinh", "nqh": "0", "Anh": "https://cdn2.fptshop.com.vn/unsafe/1920x0/filters:format(webp):quality(75)/hinh_nen_meme_con_luoi_flash_zootopia_1_c520bf6214.jpg", "Anh2": "https://png.pngtree.com/thumb_back/fh260/background/20230830/pngtree-the-lotus-is-also-represented-image_13145607.jpg"}}, {"type": "Feature", "geometry": {"coordinates": [[[[104.40061795300339, 9.632427024043686], [104.40139799926675, 9.632440087496597], [104.40141101989914, 9.631843044228857], [104.40144300462349, 9.631519076471875], [104.40144295207193, 9.631386067801106], [104.40141101256434, 9.631240029461331], [104.40141694991843, 9.631189033955986], [104.40148202177929, 9.631138055332997], [104.40141699428735, 9.631036042364457], [104.40137900778025, 9.631005017258015], [104.40126299289643, 9.6310869955494], [104.40117196213421, 9.631106048238824], [104.40108202475813, 9.63112510121746], [104.40095296497316, 9.631259067491024], [104.40088904981518, 9.63140507836118], [104.40090796502145, 9.631532034267527], [104.40094693896356, 9.631614056907724], [104.40088295099567, 9.631697044618194], [104.40070900025808, 9.63172900350236], [104.40061203006445, 9.631805019288281], [104.40065099463607, 9.631918960416536], [104.40068898469089, 9.631937959667896], [104.40079895129362, 9.631975967927959], [104.400824977047, 9.632091080784509], [104.40074698123749, 9.632091058364304], [104.40067000261406, 9.632040039021694], [104.40056705198182, 9.632002032741882], [104.40047692654275, 9.632040073823145], [104.40043198000242, 9.632129034693214], [104.4004829924106, 9.63217308421927], [104.40054803097294, 9.632237030303283], [104.40058601169503, 9.632288038442065], [104.40061795300339, 9.632427024043686]]]], "type": "MultiPolygon"}, "properties": {"fid": 15, "TT": 15.0, "id": 15.0, "Tinh": "Kiên Giang", "Huyen": "Kiên Hải", "Xa": "Nam Du", "Ddanh": "Hòn Mấu", "TK": "1", "Khoanh": "1", "Lo": "48", "ldlr": "RTK", "sldlr": "Dừa", "Ht2023": "NULL", "namtr": "NULL", "ChuQL": "BQL RPH Kiên Giang", "Nguoinkcu": "Lợi Duy Tân", "Churung": "Lợi Duy Tân", "CMND": "371481808/ Ngày cấp 26/02/2017/ CA Kiên Giang", "DienThoai": "0366929737", "Dtich": 1.08, "DtichBS": 1.08, "NgayDoVe": "PyQt5.QtCore.QDate(2019, 9, 19)", "TranhChap": "Không", "KT": 0.0, "Lapdia": "NULL", "mdsd": "Phòng hộ môi sinh", "nqh": "0", "Anh": "https://cdn2.fptshop.com.vn/unsafe/1920x0/filters:format(webp):quality(75)/hinh_nen_meme_con_luoi_flash_zootopia_1_c520bf6214.jpg", "Anh2": "https://png.pngtree.com/thumb_back/fh260/background/20230830/pngtree-the-lotus-is-also-represented-image_13145607.jpg"}}, {"type": "Feature", "geometry": {"coordinates": [[[[104.39813474520922, 9.634873984302194], [104.3981709942646, 9.634318089501944], [104.39807104261317, 9.634305039433471], [104.39777900779018, 9.634319058651096], [104.39735705070066, 9.634297051623287], [104.3973198733058, 9.634302284954064], [104.39734297787156, 9.634432045306479], [104.39724095965387, 9.634623977749479], [104.39746593392199, 9.634605056360636], [104.3975530411549, 9.634607975690969], [104.39756096290522, 9.634626062151137], [104.39754900604159, 9.634694054848229], [104.39765696197314, 9.634754035703649], [104.39769295782797, 9.634739036568364], [104.39770088538705, 9.634737863451731], [104.39781095987286, 9.634721982053057], [104.39793500003303, 9.6349270925537], [104.39813465403766, 9.634874165116358], [104.39813474520922, 9.634873984302194]]]], "type": "MultiPolygon"}, "properties": {"fid": 16, "TT": 16.0, "id": 16.0, "Tinh": "Kiên Giang", "Huyen": "Kiên Hải", "Xa": "Nam Du", "Ddanh": "Hòn Mấu", "TK": "1", "Khoanh": "1", "Lo": "47", "ldlr": "RTK", "sldlr": "Bạch đàn, Tre", "Ht2023": "NULL", "namtr": "1987", "ChuQL": "BQL RPH Kiên Giang", "Nguoinkcu": "Nguyễn Văn Toại", "Churung": "Nguyễn Văn Toại", "CMND": "370212567/ Ngày cấp 08/04/2018/ CA Kiên Giang", "DienThoai": "0917444329", "Dtich": 0.46, "DtichBS": 0.46, "NgayDoVe": "PyQt5.QtCore.QDate(2019, 9, 19)", "TranhChap": "Không", "KT": 0.0, "Lapdia": "NULL", "mdsd": "Phòng hộ môi sinh", "nqh": "0", "Anh": "https://cdn2.fptshop.com.vn/unsafe/1920x0/filters:format(webp):quality(75)/hinh_nen_meme_con_luoi_flash_zootopia_1_c520bf6214.jpg", "Anh2": "https://png.pngtree.com/thumb_back/fh260/background/20230830/pngtree-the-lotus-is-also-represented-image_13145607.jpg"}}, {"type": "Feature", "geometry": {"coordinates": [[[[104.39629694164157, 9.63536206942359], [104.39635302426738, 9.635512003520693], [104.3963875447317, 9.635554873221981], [104.39648199792042, 9.635671996164646], [104.39661194706252, 9.635621037948562], [104.39674498657763, 9.635595036675317], [104.39681302766938, 9.635373074617956], [104.39680395266817, 9.634952073885318], [104.39668699570285, 9.634827981908193], [104.39629694164157, 9.63536206942359]]]], "type": "MultiPolygon"}, "properties": {"fid": 17, "TT": 17.0, "id": 17.0, "Tinh": "Kiên Giang", "Huyen": "Kiên Hải", "Xa": "Nam Du", "Ddanh": "Hòn Mấu", "TK": "1", "Khoanh": "1", "Lo": "42", "ldlr": "RTK", "sldlr": "Dừa, Xoài", "Ht2023": "NULL", "namtr": "1975", "ChuQL": "BQL RPH Kiên Giang", "Nguoinkcu": "Nguyễn Thị Huệ", "Churung": "Nguyễn Thị Huệ", "CMND": "370993361/ Ngày cấp 03/06/2009/ CA Kiên Giang", "DienThoai": "0833831555", "Dtich": 0.33, "DtichBS": 0.33, "NgayDoVe": "PyQt5.QtCore.QDate(2019, 9, 18)", "TranhChap": "Không", "KT": 0.0, "Lapdia": "NULL", "mdsd": "Phòng hộ môi sinh", "nqh": "0", "Anh": "https://cdn2.fptshop.com.vn/unsafe/1920x0/filters:format(webp):quality(75)/hinh_nen_meme_con_luoi_flash_zootopia_1_c520bf6214.jpg", "Anh2": "https://png.pngtree.com/thumb_back/fh260/background/20230830/pngtree-the-lotus-is-also-represented-image_13145607.jpg"}}, {"type": "Feature", "geometry": {"coordinates": [[[[104.4016983233482, 9.664509514461654], [104.4016159802078, 9.664391944407988], [104.40156395405839, 9.6643699573698], [104.40144295537533, 9.664316032172048], [104.4011142957107, 9.664216113746704], [104.40111201557383, 9.66422298504148], [104.40110937159585, 9.664227595721744], [104.40113393297312, 9.664372998777921], [104.40111198379623, 9.664643982393955], [104.40110230716482, 9.664703385811386], [104.40121102889859, 9.664671950751178], [104.40136497893118, 9.664536997273778], [104.40155999441664, 9.664511916259586], [104.40168300631761, 9.664536997885303], [104.4016983233482, 9.664509514461654]]]], "type": "MultiPolygon"}, "properties": {"fid": 18, "TT": 18.0, "id": 18.0, "Tinh": "Kiên Giang", "Huyen": "Kiên Hải", "Xa": "Nam Du", "Ddanh": "Hòn Ngang", "TK": "1", "Khoanh": "1", "Lo": "21", "ldlr": "RTK", "sldlr": "Keo, Dừa", "Ht2023": "NULL", "namtr": "NULL", "ChuQL": "BQL RPH Kiên Giang", "Nguoinkcu": "Vừ Văn Tâm", "Churung": "Vừ Văn Lại", "CMND": "371110155/ Ngày cấp 05/09/2018/ CA Kiên Giang", "DienThoai": "0919895363", "Dtich": 0.18, "DtichBS": 0.18, "NgayDoVe": "PyQt5.QtCore.QDate(2019, 9, 20)", "TranhChap": "Không", "KT": 0.0, "Lapdia": "NULL", "mdsd": "Phòng hộ môi sinh", "nqh": "0", "Anh": "https://cdn2.fptshop.com.vn/unsafe/1920x0/filters:format(webp):quality(75)/hinh_nen_meme_con_luoi_flash_zootopia_1_c520bf6214.jpg", "Anh2": "https://png.pngtree.com/thumb_back/fh260/background/20230830/pngtree-the-lotus-is-also-represented-image_13145607.jpg"}}, {"type": "Feature", "geometry": {"coordinates": [[[[104.40160292753397, 9.66572157256225], [104.40174002275276, 9.66557594450051], [104.40178297856946, 9.665452985035142], [104.4018739088999, 9.665183286952866], [104.40186999144679, 9.665180030701269], [104.40165695051964, 9.664830042940427], [104.40144263149314, 9.665115981313074], [104.40125894222952, 9.665360967899995], [104.40122999389067, 9.665572000780944], [104.40160292753397, 9.66572157256225]]]], "type": "MultiPolygon"}, "properties": {"fid": 19, "TT": 19.0, "id": 19.0, "Tinh": "Kiên Giang", "Huyen": "Kiên Hải", "Xa": "Nam Du", "Ddanh": "Hòn Ngang", "TK": "1", "Khoanh": "1", "Lo": "17", "ldlr": "RTK", "sldlr": "Xoài, Mít, Dừa, Bạch đàn", "Ht2023": "NULL", "namtr": "2015", "ChuQL": "BQL RPH Kiên Giang", "Nguoinkcu": "Nguyễn Hữu Hạnh", "Churung": "Phạm Thanh Hiền", "CMND": "371481731/ Ngày cấp 20/09/2017/ CA Kiên Giang", "DienThoai": "0932885454", "Dtich": 0.4, "DtichBS": 0.4, "NgayDoVe": "PyQt5.QtCore.QDate(2019, 9, 20)", "TranhChap": "Không", "KT": 0.0, "Lapdia": "NULL", "mdsd": "Phòng hộ môi sinh", "nqh": "0", "Anh": "https://cdn2.fptshop.com.vn/unsafe/1920x0/filters:format(webp):quality(75)/hinh_nen_meme_con_luoi_flash_zootopia_1_c520bf6214.jpg", "Anh2": "https://png.pngtree.com/thumb_back/fh260/background/20230830/pngtree-the-lotus-is-also-represented-image_13145607.jpg"}}, {"type": "Feature", "geometry": {"coordinates": [[[[104.40086503961288, 9.637186742394388], [104.40071596826739, 9.637194746951135], [104.40058493885583, 9.637200767391446], [104.40052693360232, 9.63738593192692], [104.40043597759842, 9.637454896554942], [104.40044799344058, 9.637494956319458], [104.40048003623869, 9.63759994380511], [104.40035894754114, 9.637885908994557], [104.4001889616256, 9.638057930121237], [104.40056098943175, 9.638395939092245], [104.40063099549823, 9.63830291654145], [104.40078895281299, 9.638133966036929], [104.4009009601624, 9.638054970688996], [104.40110994399984, 9.637883955015791], [104.40119865437927, 9.637703772310587], [104.40119596617674, 9.637547886537568], [104.40086503961288, 9.637186742394388]]]], "type": "MultiPolygon"}, "properties": {"fid": 20, "TT": 20.0, "id": 20.0, "Tinh": "Kiên Giang", "Huyen": "Kiên Hải", "Xa": "Nam Du", "Ddanh": "Hòn Mấu", "TK": "1", "Khoanh": "1", "Lo": "38", "ldlr": "RTK", "sldlr": "Dừa, Xoài, Tràm", "Ht2023": "NULL", "namtr": "1985", "ChuQL": "BQL RPH Kiên Giang", "Nguoinkcu": "Mạc Thị Kim Ơi", "Churung": "Mạc Thị Kim Ơi", "CMND": "370213555/ Ngày cấp 31/03/2015/ CA Kiên Giang", "DienThoai": "0942525227", "Dtich": 0.82, "DtichBS": 0.82, "NgayDoVe": "PyQt5.QtCore.QDate(2019, 9, 19)", "TranhChap": "không", "KT": 0.0, "Lapdia": "NULL", "mdsd": "Phòng hộ môi sinh", "nqh": "0", "Anh": "https://cdn2.fptshop.com.vn/unsafe/1920x0/filters:format(webp):quality(75)/hinh_nen_meme_con_luoi_flash_zootopia_1_c520bf6214.jpg", "Anh2": "https://png.pngtree.com/thumb_back/fh260/background/20230830/pngtree-the-lotus-is-also-represented-image_13145607.jpg"}}, {"type": "Feature", "geometry": {"coordinates": [[[[104.40136502402937, 9.638058991781364], [104.40157394012083, 9.638120989522575], [104.40165696853114, 9.638052926541807], [104.40191201127651, 9.63804296248057], [104.40211357234305, 9.638016616941005], [104.40188647501824, 9.637492203730599], [104.40170398640171, 9.637735021341138], [104.40147499495814, 9.637775012310339], [104.40151094779158, 9.637908935389765], [104.40140895722723, 9.638009996411757], [104.40136502402937, 9.638058991781364]]]], "type": "MultiPolygon"}, "properties": {"fid": 21, "TT": 21.0, "id": 21.0, "Tinh": "Kiên Giang", "Huyen": "Kiên Hải", "Xa": "Nam Du", "Ddanh": "Hòn Mấu", "TK": "1", "Khoanh": "1", "Lo": "37", "ldlr": "RTK", "sldlr": "Xoài, Mít, Bạch đàn", "Ht2023": "NULL", "namtr": "1981", "ChuQL": "BQL RPH Kiên Giang", "Nguoinkcu": "Vươn Chí Cường", "Churung": "Vươn Chí Cường", "CMND": "370782256/ Ngày cấp 15/07/2014/ CA Kiên Giang", "DienThoai": "0943949920", "Dtich": 0.27, "DtichBS": 0.27, "NgayDoVe": "PyQt5.QtCore.QDate(2019, 9, 19)", "TranhChap": "không", "KT": 0.0, "Lapdia": "NULL", "mdsd": "Phòng hộ môi sinh", "nqh": "0", "Anh": "https://cdn2.fptshop.com.vn/unsafe/1920x0/filters:format(webp):quality(75)/hinh_nen_meme_con_luoi_flash_zootopia_1_c520bf6214.jpg", "Anh2": "https://png.pngtree.com/thumb_back/fh260/background/20230830/pngtree-the-lotus-is-also-represented-image_13145607.jpg"}}, {"type": "Feature", "geometry": {"coordinates": [[[[104.39560707496837, 9.637490812688826], [104.39562994703941, 9.637486117742673], [104.39565391260956, 9.637481151864195], [104.39560096372536, 9.637214937826865], [104.39519496009791, 9.636565776200484], [104.39563399882505, 9.636161096598157], [104.39519701864992, 9.635800095803765], [104.39438100886743, 9.636259816176464], [104.39560707496837, 9.637490812688826]]]], "type": "MultiPolygon"}, "properties": {"fid": 22, "TT": 22.0, "id": 22.0, "Tinh": "Kiên Giang", "Huyen": "Kiên Hải", "Xa": "Nam Du", "Ddanh": "Hòn Mấu", "TK": "1", "Khoanh": "1", "Lo": "39", "ldlr": "RTK", "sldlr": "Bạch đàn, Xoài, Dừa", "Ht2023": "NULL", "namtr": "NULL", "ChuQL": "BQL RPH Kiên Giang", "Nguoinkcu": "Nguyễn Văn Phấn", "Churung": "Nguyễn Văn Phấn", "CMND": "370547495/ Ngày cấp 30/12/2013/ CA Kiên Giang", "DienThoai": "0879392645", "Dtich": 1.04, "DtichBS": 1.04, "NgayDoVe": "PyQt5.QtCore.QDate(2019, 9, 19)", "TranhChap": "Không", "KT": 0.0, "Lapdia": "NULL", "mdsd": "Phòng hộ môi sinh", "nqh": "0", "Anh": "https://cdn2.fptshop.com.vn/unsafe/1920x0/filters:format(webp):quality(75)/hinh_nen_meme_con_luoi_flash_zootopia_1_c520bf6214.jpg", "Anh2": "https://png.pngtree.com/thumb_back/fh260/background/20230830/pngtree-the-lotus-is-also-represented-image_13145607.jpg"}}, {"type": "Feature", "geometry": {"coordinates": [[[[104.39151089986929, 9.65533493140424], [104.39158990592226, 9.655326908870123], [104.39163593317272, 9.655294914530302], [104.39172094786095, 9.655303983315784], [104.39185608739561, 9.65529019146049], [104.39165394027509, 9.655119956687868], [104.39159455041145, 9.655050585535166], [104.39144398956526, 9.65513200690027], [104.39151089986929, 9.65533493140424]]]], "type": "MultiPolygon"}, "properties": {"fid": 23, "TT": 23.0, "id": 23.0, "Tinh": "Kiên Giang", "Huyen": "Kiên Hải", "Xa": "Nam Du", "Ddanh": "Hòn Bờ Đập Lớn", "TK": "1", "Khoanh": "1", "Lo": "26", "ldlr": "RTK", "sldlr": "Dừa, Xoài", "Ht2023": "NULL", "namtr": "NULL", "ChuQL": "BQL RPH Kiên Giang", "Nguoinkcu": "Đỗ Văn Nhàn", "Churung": "Đỗ Văn Bình", "CMND": "370686643/ Ngày cấp 22/06/2005/ CA Kiên Giang", "DienThoai": "0911651508", "Dtich": 0.07, "DtichBS": 0.07, "NgayDoVe": "PyQt5.QtCore.QDate(2019, 10, 8)", "TranhChap": "Không", "KT": 0.0, "Lapdia": "NULL", "mdsd": "Phòng hộ môi sinh", "nqh": "0", "Anh": "https://cdn2.fptshop.com.vn/unsafe/1920x0/filters:format(webp):quality(75)/hinh_nen_meme_con_luoi_flash_zootopia_1_c520bf6214.jpg", "Anh2": "https://png.pngtree.com/thumb_back/fh260/background/20230830/pngtree-the-lotus-is-also-represented-image_13145607.jpg"}}, {"type": "Feature", "geometry": {"coordinates": [[[[104.38982944338385, 9.65018450219239], [104.38997710971715, 9.650312494303604], [104.39018755395428, 9.650455697001897], [104.3901139848111, 9.650560922933455], [104.39001498206612, 9.650698963347685], [104.39003497692738, 9.650859013903242], [104.39001096330445, 9.65100901373961], [104.39005899159886, 9.651267993195791], [104.3901169433995, 9.651272984810348], [104.39019897384787, 9.65148992958776], [104.39024998132867, 9.651553963509548], [104.39034098227076, 9.651645950071606], [104.39048001285333, 9.65171200121963], [104.39067791144409, 9.651768034331917], [104.39089197247098, 9.651719003906878], [104.39102296038558, 9.651860010828926], [104.3910549729877, 9.652053972784648], [104.39105594030177, 9.652163020132129], [104.39106898897076, 9.652389979542331], [104.39114768142473, 9.652505200049347], [104.39163797189474, 9.652622087424891], [104.39188270722423, 9.652680485513024], [104.39187902748658, 9.652503983674148], [104.39202295221853, 9.652368940695505], [104.39172601602245, 9.651987996614407], [104.3918519478067, 9.651983967256653], [104.39207493556134, 9.651944975567497], [104.39232454501112, 9.6518614147806], [104.39230696876581, 9.651829038769357], [104.39191991937015, 9.651142988099576], [104.39175296222122, 9.650927011666171], [104.39136600511891, 9.650813050523793], [104.39110901502288, 9.650329943393855], [104.39077391819013, 9.649897989283872], [104.39038705211118, 9.649224957473901], [104.390322997193, 9.64893296946919], [104.39006490458667, 9.648767960323644], [104.38980596338818, 9.6489720469757], [104.3898459086499, 9.649427959627776], [104.38993593671715, 9.649707930089136], [104.39010405202187, 9.650000041780418], [104.3900389420911, 9.65015201776515], [104.38982944338385, 9.65018450219239]]]], "type": "MultiPolygon"}, "properties": {"fid": 24, "TT": 24.0, "id": 24.0, "Tinh": "Kiên Giang", "Huyen": "Kiên Hải", "Xa": "Nam Du", "Ddanh": "Hòn Bờ Đập Lớn", "TK": "1", "Khoanh": "1", "Lo": "34", "ldlr": "RTK", "sldlr": "Xoài, Mít, Dừa, Tràm", "Ht2023": "NULL", "namtr": "NULL", "ChuQL": "BQL RPH Kiên Giang", "Nguoinkcu": "Nguyễn Văn Tuấn", "Churung": "Nguyễn Văn Tuấn", "CMND": "371512589/ Ngày cấp 05/09/2018/ CA Kiên Giang", "DienThoai": "0333846342", "Dtich": 4.99, "DtichBS": 4.99, "NgayDoVe": "PyQt5.QtCore.QDate(2019, 9, 18)", "TranhChap": "Không", "KT": 0.0, "Lapdia": "NULL", "mdsd": "Phòng hộ môi sinh", "nqh": "0", "Anh": "https://cdn2.fptshop.com.vn/unsafe/1920x0/filters:format(webp):quality(75)/hinh_nen_meme_con_luoi_flash_zootopia_1_c520bf6214.jpg", "Anh2": "https://png.pngtree.com/thumb_back/fh260/background/20230830/pngtree-the-lotus-is-also-represented-image_13145607.jpg"}}, {"type": "Feature", "geometry": {"coordinates": [[[[104.38910789673339, 9.654787664946717], [104.38922702232777, 9.655258974475291], [104.38942931500769, 9.655538167300563], [104.39048293299163, 9.655648997769104], [104.3902565718818, 9.654840928880054], [104.38910789673339, 9.654787664946717]]]], "type": "MultiPolygon"}, "properties": {"fid": 25, "TT": 25.0, "id": 25.0, "Tinh": "Kiên Giang", "Huyen": "Kiên Hải", "Xa": "Nam Du", "Ddanh": "Hòn Bờ Đập Lớn", "TK": "1", "Khoanh": "1", "Lo": "27", "ldlr": "RTK", "sldlr": "Dừa, Mít, Xoài", "Ht2023": "NULL", "namtr": "NULL", "ChuQL": "BQL RPH Kiên Giang", "Nguoinkcu": "Đỗ Văn Chính", "Churung": "Đỗ Văn Chính", "CMND": "370527793/ Ngày cấp 11/04/2014/ CA Kiên Giang", "DienThoai": "0939949297", "Dtich": 1.06, "DtichBS": 1.06, "NgayDoVe": "PyQt5.QtCore.QDate(2019, 9, 18)", "TranhChap": "Không", "KT": 0.0, "Lapdia": "NULL", "mdsd": "Phòng hộ môi sinh", "nqh": "0", "Anh": "https://cdn2.fptshop.com.vn/unsafe/1920x0/filters:format(webp):quality(75)/hinh_nen_meme_con_luoi_flash_zootopia_1_c520bf6214.jpg", "Anh2": "https://png.pngtree.com/thumb_back/fh260/background/20230830/pngtree-the-lotus-is-also-represented-image_13145607.jpg"}}, {"type": "Feature", "geometry": {"coordinates": [[[[104.40415714660672, 9.684496903399822], [104.40422495094937, 9.684485981463618], [104.40490299234695, 9.684707066718136], [104.40510639750106, 9.684702511559463], [104.40506996835606, 9.684620038175845], [104.40492201507058, 9.684467006089923], [104.4047740402167, 9.68439101203042], [104.40467701113755, 9.684302011531274], [104.40465798260708, 9.684238983298354], [104.40467696822331, 9.684131026729624], [104.40474799137341, 9.684016031814716], [104.40474801983251, 9.68391503234442], [104.40465198797577, 9.683845020377372], [104.40447101176746, 9.683813051709958], [104.40436201966706, 9.68381302137075], [104.40425199990489, 9.683902054707952], [104.40418798856547, 9.684035045116145], [104.40414301780697, 9.684188023713297], [104.40417502550092, 9.684435965108664], [104.40415714660672, 9.684496903399822]]]], "type": "MultiPolygon"}, "properties": {"fid": 26, "TT": 26.0, "id": 26.0, "Tinh": "Kiên Giang", "Huyen": "Kiên Hải", "Xa": "Nam Du", "Ddanh": "Hòn Đụng Nhỏ", "TK": "1", "Khoanh": "1", "Lo": "11", "ldlr": "RTK", "sldlr": "Dừa (nhỏ)", "Ht2023": "NULL", "namtr": "NULL", "ChuQL": "BQL RPH Kiên Giang", "Nguoinkcu": "Nguyễn Văn Bê", "Churung": "Nguyễn Hải Phong", "CMND": "370527738/ Ngày cấp 27/20/2017/ CA Kiên Giang", "DienThoai": "0919511515", "Dtich": 0.56, "DtichBS": 0.56, "NgayDoVe": "PyQt5.QtCore.QDate(2019, 9, 19)", "TranhChap": "Không", "KT": 0.0, "Lapdia": "NULL", "mdsd": "Phòng hộ môi sinh", "nqh": "0", "Anh": "https://cdn2.fptshop.com.vn/unsafe/1920x0/filters:format(webp):quality(75)/hinh_nen_meme_con_luoi_flash_zootopia_1_c520bf6214.jpg", "Anh2": "https://png.pngtree.com/thumb_back/fh260/background/20230830/pngtree-the-lotus-is-also-represented-image_13145607.jpg"}}, {"type": "Feature", "geometry": {"coordinates": [[[[104.39156424807723, 9.685644659293304], [104.39181593103804, 9.687986984943478], [104.39237363393838, 9.688630138656736], [104.39259296595219, 9.688700011798064], [104.39260198705222, 9.688702998489287], [104.39261100815243, 9.688705985180274], [104.39261893564237, 9.688709061949101], [104.39262795674293, 9.688712048639642], [104.39263597507764, 9.688716029638956], [104.39264499586244, 9.68872001095166], [104.39265292306577, 9.688723991922076], [104.39266103250415, 9.68872806336955], [104.39267005328962, 9.688732044681599], [104.3926779804935, 9.688736025651432], [104.39268590738166, 9.688741001243697], [104.39269401650498, 9.688746067312996], [104.39270094094361, 9.688751042591484], [104.3927090500961, 9.688756018240202], [104.39271697698521, 9.688760993831746], [104.3927239925276, 9.688766059558489], [104.3927320102332, 9.688772029800779], [104.39273902580479, 9.68877700510699], [104.39274594992898, 9.68878297500717], [104.39275296515653, 9.688789035355928], [104.39275998041308, 9.688795005284316], [104.39276699566983, 9.688800975212558], [104.39277300813234, 9.688808029870287], [104.39277993225777, 9.688813999769785], [104.39278594472077, 9.688821054427303], [104.39279295997854, 9.68882702435501], [104.39279897247074, 9.688833988592055], [104.39280498493449, 9.688841043249232], [104.39281099742718, 9.688848007486067], [104.39307900160723, 9.689182103473392], [104.3930860159334, 9.689191057262905], [104.39309302991659, 9.689201096095093], [104.39309995279687, 9.689211044478517], [104.3931069667809, 9.689221083310418], [104.39311297834253, 9.68923103140972], [104.39311898956122, 9.689242064551747], [104.39312500109494, 9.689252103071066], [104.393131012343, 9.689263045792641], [104.39313592997934, 9.689274078593803], [104.3931410299085, 9.68928502103141], [104.39314494509385, 9.689296053520295], [104.39315004499507, 9.689307086377996], [104.39315396020955, 9.689318028446534], [104.39315796621312, 9.689330055586217], [104.39316096976518, 9.689342082413765], [104.3931639736606, 9.689353024198457], [104.3931669772131, 9.68936505102594], [104.39316897831394, 9.689377077541327], [104.39317198220992, 9.689388019325937], [104.39317398331106, 9.689400045841277], [104.39317498196036, 9.689412072044561], [104.39317598063835, 9.689424007827604], [104.39317697928777, 9.68943603403086], [104.39317797793728, 9.689448060234113], [104.39317797413474, 9.689460086125312], [104.3931779703608, 9.689472021596266], [104.39317796655826, 9.689484047487456], [104.39317696030348, 9.689496073066586], [104.39317595407721, 9.689508008225472], [104.3931365502677, 9.689906025862971], [104.39423497755324, 9.690160085370078], [104.39445174694828, 9.689394292635571], [104.39407003394453, 9.689270028024255], [104.39382292961811, 9.689125008006046], [104.39355001840738, 9.688743982960785], [104.39327692520392, 9.688364042682851], [104.39320398277383, 9.688192944880862], [104.39277294060457, 9.687585005562065], [104.39256197350814, 9.687290983350971], [104.39243801683335, 9.687061005825308], [104.39239700126686, 9.686795067001725], [104.39258901722351, 9.686501080465119], [104.39293494702375, 9.686227034307555], [104.3933259649926, 9.686020003218765], [104.39337497273192, 9.685797042076368], [104.39348804453148, 9.685577084674216], [104.39355397285644, 9.685448075403993], [104.39357799700534, 9.68526796568209], [104.39359882189888, 9.685118507435527], [104.39156424807723, 9.685644659293304]]]], "type": "MultiPolygon"}, "properties": {"fid": 27, "TT": 27.0, "id": 27.0, "Tinh": "Kiên Giang", "Huyen": "Kiên Hải", "Xa": "Nam Du", "Ddanh": "Hòn Dầu", "TK": "1", "Khoanh": "1", "Lo": "7", "ldlr": "RTK", "sldlr": "Xoài, Dừa, Mít, Chuối", "Ht2023": "NULL", "namtr": "NULL", "ChuQL": "BQL RPH Kiên Giang", "Nguoinkcu": "Trịnh Thị Trọng", "Churung": "Trịnh Thị Trọng", "CMND": "091142000208", "DienThoai": "0901613399", "Dtich": 6.5, "DtichBS": 6.5, "NgayDoVe": "PyQt5.QtCore.QDate(2019, 9, 19)", "TranhChap": "Không", "KT": 0.0, "Lapdia": "NULL", "mdsd": "Phòng hộ môi sinh", "nqh": "0", "Anh": "https://cdn2.fptshop.com.vn/unsafe/1920x0/filters:format(webp):quality(75)/hinh_nen_meme_con_luoi_flash_zootopia_1_c520bf6214.jpg", "Anh2": "https://png.pngtree.com/thumb_back/fh260/background/20230830/pngtree-the-lotus-is-also-represented-image_13145607.jpg"}}, {"type": "Feature", "geometry": {"coordinates": [[[[104.39770088538705, 9.634737863451731], [104.39773597505338, 9.635009045054453], [104.39779499623829, 9.635085106216152], [104.39779799017154, 9.635431056084395], [104.39795399984848, 9.63537603615326], [104.39805998688603, 9.63531801749752], [104.39810435490544, 9.635338646486142], [104.3981090233169, 9.635267215638683], [104.39813465403766, 9.634874165116358], [104.39793500003303, 9.6349270925537], [104.39781095987286, 9.634721982053057], [104.39770088538705, 9.634737863451731]]]], "type": "MultiPolygon"}, "properties": {"fid": 28, "TT": 28.0, "id": 28.0, "Tinh": "Kiên Giang", "Huyen": "Kiên Hải", "Xa": "Nam Du", "Ddanh": "Hòn Mấu", "TK": "1", "Khoanh": "1", "Lo": "45", "ldlr": "RTK", "sldlr": "Xoài, ổi, Mít, Dừa", "Ht2023": "NULL", "namtr": "2016", "ChuQL": "BQL RPH Kiên Giang", "Nguoinkcu": "Nguyễn Thị Lài", "Churung": "Nguyễn Thị Lài", "CMND": "370620549/ Ngày cấp 31/12/2013/ CA Kiên Giang", "DienThoai": "0945441580", "Dtich": 0.23, "DtichBS": 0.23, "NgayDoVe": "PyQt5.QtCore.QDate(2019, 9, 19)", "TranhChap": "Không", "KT": 0.0, "Lapdia": "NULL", "mdsd": "Phòng hộ môi sinh", "nqh": "0", "Anh": "https://cdn2.fptshop.com.vn/unsafe/1920x0/filters:format(webp):quality(75)/hinh_nen_meme_con_luoi_flash_zootopia_1_c520bf6214.jpg", "Anh2": "https://png.pngtree.com/thumb_back/fh260/background/20230830/pngtree-the-lotus-is-also-represented-image_13145607.jpg"}}, {"type": "Feature", "geometry": {"coordinates": [[[[104.39074573743983, 9.684712709433185], [104.39174312400745, 9.68341269149991], [104.39152597175907, 9.683092987310735], [104.39150898877874, 9.6829110563572], [104.39147865346796, 9.682876596647825], [104.39147865349697, 9.682876506227558], [104.39134100599804, 9.682720035627629], [104.3911499510635, 9.682580004537803], [104.39098202076826, 9.682509965975955], [104.39076094229003, 9.682499949491461], [104.39050598963051, 9.682408995921865], [104.39029897772008, 9.682298978804031], [104.39002028131195, 9.682082242690745], [104.3891340902024, 9.683324332219733], [104.39074573743983, 9.684712709433185]]]], "type": "MultiPolygon"}, "properties": {"fid": 29, "TT": 29.0, "id": 29.0, "Tinh": "Kiên Giang", "Huyen": "Kiên Hải", "Xa": "Nam Du", "Ddanh": "Hòn Dầu", "TK": "1", "Khoanh": "1", "Lo": "12", "ldlr": "RTK", "sldlr": "Xoài, Dừa (ít)", "Ht2023": "NULL", "namtr": "NULL", "ChuQL": "BQL RPH Kiên Giang", "Nguoinkcu": "Tô Thị Hương", "Churung": "Trịnh Thanh Đạt", "CMND": "370607777/ Ngày cấp 14/02/2004/ CA Kiên Giang", "DienThoai": "NULL", "Dtich": 4.5, "DtichBS": 4.5, "NgayDoVe": "PyQt5.QtCore.QDate(2019, 9, 19)", "TranhChap": "Không", "KT": 0.0, "Lapdia": "NULL", "mdsd": "Phòng hộ môi sinh", "nqh": "0", "Anh": "https://cdn2.fptshop.com.vn/unsafe/1920x0/filters:format(webp):quality(75)/hinh_nen_meme_con_luoi_flash_zootopia_1_c520bf6214.jpg", "Anh2": "https://png.pngtree.com/thumb_back/fh260/background/20230830/pngtree-the-lotus-is-also-represented-image_13145607.jpg"}}, {"type": "Feature", "geometry": {"coordinates": [[[[104.40095697128444, 9.665295597569736], [104.40095694952383, 9.665370013544797], [104.40097305273102, 9.665458991844543], [104.40101802872644, 9.665595991678952], [104.40105799374571, 9.665729915772275], [104.40109697038174, 9.665816007190708], [104.40116600948912, 9.665933031016003], [104.40121492444348, 9.666000046574132], [104.40127705528359, 9.666058023879708], [104.4015990078706, 9.66572591161976], [104.40160292753397, 9.66572157256225], [104.40122999389067, 9.665572000780944], [104.40125894222952, 9.665360967899995], [104.40097680700998, 9.665085285450045], [104.40095699894103, 9.665201017848833], [104.40095697128444, 9.665295597569736]]]], "type": "MultiPolygon"}, "properties": {"fid": 30, "TT": 30.0, "id": 30.0, "Tinh": "Kiên Giang", "Huyen": "Kiên Hải", "Xa": "Nam Du", "Ddanh": "Hòn Ngang", "TK": "1", "Khoanh": "1", "Lo": "16", "ldlr": "RTK", "sldlr": "Bạch đàn, Xoài", "Ht2023": "NULL", "namtr": "1990", "ChuQL": "BQL RPH Kiên Giang", "Nguoinkcu": "Châu Văn Hiệp", "Churung": "Châu Văn Hiệp", "CMND": "370890323", "DienThoai": "0339123979", "Dtich": 0.31, "DtichBS": 0.31, "NgayDoVe": "PyQt5.QtCore.QDate(2019, 9, 20)", "TranhChap": "Không", "KT": 0.0, "Lapdia": "NULL", "mdsd": "Phòng hộ môi sinh", "nqh": "0", "Anh": "https://cdn2.fptshop.com.vn/unsafe/1920x0/filters:format(webp):quality(75)/hinh_nen_meme_con_luoi_flash_zootopia_1_c520bf6214.jpg", "Anh2": "https://png.pngtree.com/thumb_back/fh260/background/20230830/pngtree-the-lotus-is-also-represented-image_13145607.jpg"}}, {"type": "Feature", "geometry": {"coordinates": [[[[104.39629612312986, 9.63535700562766], [104.39629694164157, 9.63536206942359], [104.39668699570285, 9.634827981908193], [104.39689392893173, 9.63480896507155], [104.39700499367937, 9.634832959684344], [104.39724191868554, 9.634767023329724], [104.39724095965387, 9.634623977749479], [104.39734297787156, 9.634432045306479], [104.3973198733058, 9.634302284954064], [104.39702801258488, 9.634343068067725], [104.39695894939912, 9.634331021519479], [104.3968365945232, 9.634279897355311], [104.39683650340599, 9.634279897328073], [104.39661670828445, 9.634347194849463], [104.39639283565751, 9.634339532378064], [104.39578464028615, 9.634300649238444], [104.39543002871953, 9.634543049837344], [104.39550203143892, 9.634774005698526], [104.39557397537239, 9.634900073704957], [104.39538398767475, 9.635222094093406], [104.39522601612903, 9.635432997259315], [104.39516096019531, 9.635721961511502], [104.3952129735127, 9.635769990613747], [104.3952549663637, 9.635810059659578], [104.39542996294082, 9.635941041669884], [104.3956800065915, 9.635886051263368], [104.39581599364989, 9.63575697183701], [104.39585294008545, 9.635614028131696], [104.39592595311848, 9.635522996687653], [104.3960569840765, 9.635510015630636], [104.39611503969411, 9.63546500369028], [104.39616798719113, 9.635438074309397], [104.39625794184838, 9.63536703082888], [104.39629612312986, 9.63535700562766]]]], "type": "MultiPolygon"}, "properties": {"fid": 31, "TT": 31.0, "id": 31.0, "Tinh": "Kiên Giang", "Huyen": "Kiên Hải", "Xa": "Nam Du", "Ddanh": "Hòn Mấu", "TK": "1", "Khoanh": "1", "Lo": "44", "ldlr": "RTK", "sldlr": "Dừa, Bạch đàn, Tràm", "Ht2023": "NULL", "namtr": "1987", "ChuQL": "BQL RPH Kiên Giang", "Nguoinkcu": "Nguyễn Văn Toại", "Churung": "Nguyễn Văn Toại", "CMND": "370212567/ Ngày cấp 08/04/2018/ CA Kiên Giang", "DienThoai": "0917444329", "Dtich": 2.21, "DtichBS": 2.21, "NgayDoVe": "PyQt5.QtCore.QDate(2019, 9, 19)", "TranhChap": "Không", "KT": 0.0, "Lapdia": "NULL", "mdsd": "Phòng hộ môi sinh", "nqh": "0", "Anh": "https://cdn2.fptshop.com.vn/unsafe/1920x0/filters:format(webp):quality(75)/hinh_nen_meme_con_luoi_flash_zootopia_1_c520bf6214.jpg", "Anh2": "https://png.pngtree.com/thumb_back/fh260/background/20230830/pngtree-the-lotus-is-also-represented-image_13145607.jpg"}}, {"type": "Feature", "geometry": {"coordinates": [[[[104.3956800065915, 9.635886051263368], [104.39597698356422, 9.63610305978317], [104.3963875447317, 9.635554873221981], [104.39635302426738, 9.635512003520693], [104.39629694164157, 9.63536206942359], [104.39629612312986, 9.63535700562766], [104.39625794184838, 9.63536703082888], [104.39616798719113, 9.635438074309397], [104.39611503969411, 9.63546500369028], [104.3960569840765, 9.635510015630636], [104.39592595311848, 9.635522996687653], [104.39585294008545, 9.635614028131696], [104.39581599364989, 9.63575697183701], [104.3956800065915, 9.635886051263368]]]], "type": "MultiPolygon"}, "properties": {"fid": 32, "TT": 32.0, "id": 32.0, "Tinh": "Kiên Giang", "Huyen": "Kiên Hải", "Xa": "Nam Du", "Ddanh": "Hòn Mấu", "TK": "1", "Khoanh": "1", "Lo": "40", "ldlr": "RTK", "sldlr": "Xoài, Mít", "Ht2023": "NULL", "namtr": "1975", "ChuQL": "BQL RPH Kiên Giang", "Nguoinkcu": "Lê Triều Nguyên", "Churung": "Lê Triều Nguyên", "CMND": "370620666/ Ngày cấp 31/12/2013/ CA Kiên Giang", "DienThoai": "0949696653", "Dtich": 0.3, "DtichBS": 0.3, "NgayDoVe": "PyQt5.QtCore.QDate(2019, 9, 18)", "TranhChap": "Không", "KT": 0.0, "Lapdia": "NULL", "mdsd": "Phòng hộ môi sinh", "nqh": "0", "Anh": "https://cdn2.fptshop.com.vn/unsafe/1920x0/filters:format(webp):quality(75)/hinh_nen_meme_con_luoi_flash_zootopia_1_c520bf6214.jpg", "Anh2": "https://png.pngtree.com/thumb_back/fh260/background/20230830/pngtree-the-lotus-is-also-represented-image_13145607.jpg"}}, {"type": "Feature", "geometry": {"coordinates": [[[[104.40172901985544, 9.664553377123607], [104.40172273480535, 9.664544423709012], [104.40168300631761, 9.664536997885303], [104.40155999441664, 9.664511916259586], [104.40136497893118, 9.664536997273778], [104.40121102889859, 9.664671950751178], [104.40110230716482, 9.664703385811386], [104.40110194195057, 9.664705827057041], [104.40109299584991, 9.664759986301142], [104.40102998087043, 9.664922001523239], [104.40098903494962, 9.665026696555598], [104.40140900966752, 9.66510403618719], [104.40144263149314, 9.665115981313074], [104.40165695051964, 9.664830042940427], [104.40172901985544, 9.664553377123607]]]], "type": "MultiPolygon"}, "properties": {"fid": 33, "TT": 33.0, "id": 33.0, "Tinh": "Kiên Giang", "Huyen": "Kiên Hải", "Xa": "Nam Du", "Ddanh": "Hòn Ngang", "TK": "1", "Khoanh": "1", "Lo": "19", "ldlr": "RTK", "sldlr": "Xoài, Mít, Dừa, Bạch đàn", "Ht2023": "NULL", "namtr": "NULL", "ChuQL": "BQL RPH Kiên Giang", "Nguoinkcu": "Nguyễn Văn Phúc", "Churung": "Nguyễn Quốc Tự", "CMND": "371481776/ Ngày cấp 18/03/2013/ CA Kiên Giang", "DienThoai": "0333159937", "Dtich": 0.35, "DtichBS": 0.35, "NgayDoVe": "PyQt5.QtCore.QDate(2019, 9, 20)", "TranhChap": "Không", "KT": 0.0, "Lapdia": "NULL", "mdsd": "Phòng hộ môi sinh", "nqh": "0", "Anh": "https://cdn2.fptshop.com.vn/unsafe/1920x0/filters:format(webp):quality(75)/hinh_nen_meme_con_luoi_flash_zootopia_1_c520bf6214.jpg", "Anh2": "https://png.pngtree.com/thumb_back/fh260/background/20230830/pngtree-the-lotus-is-also-represented-image_13145607.jpg"}}, {"type": "Feature", "geometry": {"coordinates": [[[[104.39185608739561, 9.65529019146049], [104.39172094786095, 9.655303983315784], [104.39163593317272, 9.655294914530302], [104.39158990592226, 9.655326908870123], [104.39151089986929, 9.65533493140424], [104.39149952059988, 9.655300296799139], [104.3914949648937, 9.655298939057351], [104.391416959922, 9.655310940383757], [104.3912799952684, 9.65533295974799], [104.3911560457761, 9.655402905992124], [104.39106197290654, 9.655509029810208], [104.39092096561082, 9.655634036602716], [104.39097897425823, 9.655747984695388], [104.3907939950155, 9.655747021872731], [104.39048293299163, 9.655648997769104], [104.39048099356134, 9.655729019216992], [104.39050602555601, 9.655812033116021], [104.39049798865983, 9.655868000794857], [104.39050196933353, 9.655956975745243], [104.39048991268196, 9.656044950970283], [104.39048597695552, 9.656098930703354], [104.39049205021601, 9.65619794298371], [104.39043262057517, 9.656251814640715], [104.3908769875059, 9.65637691677005], [104.39152093811634, 9.656428026952916], [104.39182994491478, 9.656401992674038], [104.39202398649041, 9.656274922480884], [104.39210097105276, 9.656033976210788], [104.39211404206925, 9.655906939623124], [104.39198499756489, 9.655666019177275], [104.39191998043117, 9.655526027970266], [104.39189498639605, 9.65532293586634], [104.39185608739561, 9.65529019146049]]]], "type": "MultiPolygon"}, "properties": {"fid": 34, "TT": 34.0, "id": 34.0, "Tinh": "Kiên Giang", "Huyen": "Kiên Hải", "Xa": "Nam Du", "Ddanh": "Hòn Bờ Đập Lớn", "TK": "1", "Khoanh": "1", "Lo": "24", "ldlr": "RTK", "sldlr": "Dừa, Mãng cầu, Tràm", "Ht2023": "NULL", "namtr": "NULL", "ChuQL": "BQL RPH Kiên Giang", "Nguoinkcu": "Đỗ Văn Mười", "Churung": "Đỗ Kim Soan", "CMND": "371512589/ Ngày cấp 05/09/2018/ CA Kiên Giang", "DienThoai": "0333846342", "Dtich": 1.7, "DtichBS": 1.7, "NgayDoVe": "PyQt5.QtCore.QDate(2019, 9, 18)", "TranhChap": "Không", "KT": 0.0, "Lapdia": "NULL", "mdsd": "Phòng hộ môi sinh", "nqh": "0", "Anh": "https://cdn2.fptshop.com.vn/unsafe/1920x0/filters:format(webp):quality(75)/hinh_nen_meme_con_luoi_flash_zootopia_1_c520bf6214.jpg", "Anh2": "https://png.pngtree.com/thumb_back/fh260/background/20230830/pngtree-the-lotus-is-also-represented-image_13145607.jpg"}}, {"type": "Feature", "geometry": {"coordinates": [[[[104.39188270722423, 9.652680485513024], [104.39261900942437, 9.65285604107317], [104.39268733127129, 9.652630553805263], [104.39268487189041, 9.652627659585102], [104.39268879068385, 9.65262594281781], [104.39270694297356, 9.652565909304299], [104.39269856466329, 9.652550354379537], [104.39221303251722, 9.6526564467889], [104.39202295221853, 9.652368940695505], [104.39187902748658, 9.652503983674148], [104.39188270722423, 9.652680485513024]]]], "type": "MultiPolygon"}, "properties": {"fid": 35, "TT": 35.0, "id": 35.0, "Tinh": "Kiên Giang", "Huyen": "Kiên Hải", "Xa": "Nam Du", "Ddanh": "Hòn Bờ Đập Lớn", "TK": "1", "Khoanh": "1", "Lo": "31", "ldlr": "RTK", "sldlr": "Xoài, Dừa, Mít", "Ht2023": "NULL", "namtr": "NULL", "ChuQL": "BQL RPH Kiên Giang", "Nguoinkcu": "Đỗ Văn Chính", "Churung": "Đỗ Văn Chính", "CMND": "370527793/ Ngày cấp 11/04/2014/ CA Kiên Giang", "DienThoai": "0939949297", "Dtich": 0.21, "DtichBS": 0.21, "NgayDoVe": "PyQt5.QtCore.QDate(2019, 9, 18)", "TranhChap": "Không", "KT": 0.0, "Lapdia": "NULL", "mdsd": "Phòng hộ môi sinh", "nqh": "0", "Anh": "https://cdn2.fptshop.com.vn/unsafe/1920x0/filters:format(webp):quality(75)/hinh_nen_meme_con_luoi_flash_zootopia_1_c520bf6214.jpg", "Anh2": "https://png.pngtree.com/thumb_back/fh260/background/20230830/pngtree-the-lotus-is-also-represented-image_13145607.jpg"}}, {"type": "Feature", "geometry": {"coordinates": [[[[104.39724646004566, 9.635417600454298], [104.39733013081248, 9.635335161832593], [104.39740996786297, 9.635275055922733], [104.39729402370624, 9.635115067497889], [104.39729299859849, 9.634889106266366], [104.39724191868554, 9.634767023329724], [104.39700499367937, 9.634832959684344], [104.39698393904753, 9.635155031355298], [104.39703899660927, 9.635381008710374], [104.39706102279347, 9.635461037456873], [104.39714194180651, 9.635438998978806], [104.39724646004566, 9.635417600454298]]]], "type": "MultiPolygon"}, "properties": {"fid": 36, "TT": 36.0, "id": 36.0, "Tinh": "Kiên Giang", "Huyen": "Kiên Hải", "Xa": "Nam Du", "Ddanh": "Hòn Mấu", "TK": "1", "Khoanh": "1", "Lo": "43", "ldlr": "RTK", "sldlr": "Xoài, Mít, Tre", "Ht2023": "NULL", "namtr": "1975", "ChuQL": "BQL RPH Kiên Giang", "Nguoinkcu": "Lê ánh Tri", "Churung": "Lê ánh Tri", "CMND": "371110187/ Ngày cấp 31/08/2018/ CA Kiên Giang", "DienThoai": "0948556940", "Dtich": 0.24, "DtichBS": 0.24, "NgayDoVe": "PyQt5.QtCore.QDate(2019, 9, 19)", "TranhChap": "Không", "KT": 0.0, "Lapdia": "NULL", "mdsd": "Phòng hộ môi sinh", "nqh": "0", "Anh": "https://cdn2.fptshop.com.vn/unsafe/1920x0/filters:format(webp):quality(75)/hinh_nen_meme_con_luoi_flash_zootopia_1_c520bf6214.jpg", "Anh2": "https://png.pngtree.com/thumb_back/fh260/background/20230830/pngtree-the-lotus-is-also-represented-image_13145607.jpg"}}, {"type": "Feature", "geometry": {"coordinates": [[[[104.38910789673339, 9.654787664946717], [104.3902565718818, 9.654840928880054], [104.3909000009551, 9.654804332225424], [104.39129960528577, 9.654706442862937], [104.39107106429142, 9.654439539987559], [104.3909529322756, 9.65455505989674], [104.39084601714103, 9.654643005091758], [104.39053391647568, 9.654095952906582], [104.39048593496587, 9.653971971254729], [104.39059950028211, 9.653889091823103], [104.3903054681044, 9.653545852791968], [104.39027794427516, 9.653560944234824], [104.3902089815309, 9.6535088400936], [104.39002394318425, 9.653412935407797], [104.38969893399555, 9.65333895798644], [104.3892152514565, 9.653355711358493], [104.38913693201924, 9.654052013800227], [104.38905993713051, 9.654598037892457], [104.38910789673339, 9.654787664946717]]]], "type": "MultiPolygon"}, "properties": {"fid": 37, "TT": 37.0, "id": 37.0, "Tinh": "Kiên Giang", "Huyen": "Kiên Hải", "Xa": "Nam Du", "Ddanh": "Hòn Bờ Đập Lớn", "TK": "1", "Khoanh": "1", "Lo": "29", "ldlr": "RTK", "sldlr": "Xoài, Mít, Dừa, Tràm", "Ht2023": "NULL", "namtr": "NULL", "ChuQL": "BQL RPH Kiên Giang", "Nguoinkcu": "Đỗ Văn Thanh", "Churung": "Đỗ Văn Tâm", "CMND": "371407602/ Ngày cấp 08/10/2007/ CA Kiên Giang", "DienThoai": "0917747428", "Dtich": 2.64, "DtichBS": 2.64, "NgayDoVe": "PyQt5.QtCore.QDate(2019, 9, 18)", "TranhChap": "Không", "KT": 0.0, "Lapdia": "NULL", "mdsd": "Phòng hộ môi sinh", "nqh": "0", "Anh": "https://cdn2.fptshop.com.vn/unsafe/1920x0/filters:format(webp):quality(75)/hinh_nen_meme_con_luoi_flash_zootopia_1_c520bf6214.jpg", "Anh2": "https://png.pngtree.com/thumb_back/fh260/background/20230830/pngtree-the-lotus-is-also-represented-image_13145607.jpg"}}, {"type": "Feature", "geometry": {"coordinates": [[[[104.38697099568768, 9.684215351569843], [104.38697299666002, 9.684227016441193], [104.38701997325423, 9.68436700245359], [104.38715399569234, 9.68445900392573], [104.38726095869863, 9.684532098628864], [104.38734294564563, 9.684624082937125], [104.38739895806458, 9.68472302106737], [104.38743991891782, 9.684867073959225], [104.38750591284499, 9.685095045040988], [104.38757494178957, 9.68524001131313], [104.38774600414875, 9.685485106164272], [104.38787601350644, 9.685589041516147], [104.38802702515913, 9.68584100161601], [104.38811190071387, 9.686017891293696], [104.38819695855906, 9.686194961849417], [104.38834199304634, 9.686334979596458], [104.3884559688999, 9.686423538071633], [104.3885479878003, 9.686495090374727], [104.38867796154308, 9.686709066850634], [104.38876303277422, 9.686846894882356], [104.38879195292196, 9.687028016002088], [104.38879601139982, 9.687156956583955], [104.38875304270869, 9.687296099413693], [104.38868001779085, 9.68738306001069], [104.38860900726581, 9.687441086767945], [104.38842596577933, 9.687591034494952], [104.3883129927119, 9.6877759975611], [104.38828198054328, 9.68785899324678], [104.38831300583551, 9.688011994385896], [104.38850495746877, 9.688201939293469], [104.38858401982222, 9.688323037665192], [104.38869507476882, 9.688428051593489], [104.38896393974927, 9.688625073958697], [104.38900603425124, 9.688650586081616], [104.38901131944888, 9.688651944094403], [104.38916630779171, 9.688733734075434], [104.3893538384742, 9.68879048807479], [104.38936841811427, 9.688794923366562], [104.38958500092158, 9.688630970805614], [104.39048503195427, 9.688026980710518], [104.39080897902433, 9.687824994675848], [104.39111794474766, 9.68745002964286], [104.39047602525562, 9.686855041023255], [104.39027694263335, 9.685892001766907], [104.39019797391457, 9.685763037235644], [104.38970895397823, 9.68523799089996], [104.38955106142781, 9.685124010618065], [104.38955998219062, 9.68487590030401], [104.38975699958506, 9.684618989248976], [104.38958693891938, 9.684372991496286], [104.38932693852881, 9.68410897104806], [104.38878804731782, 9.683941971545227], [104.38826799973513, 9.684113962881105], [104.38725797069961, 9.684200978680874], [104.38697099568768, 9.684215351569843]]]], "type": "MultiPolygon"}, "properties": {"fid": 38, "TT": 38.0, "id": 38.0, "Tinh": "Kiên Giang", "Huyen": "Kiên Hải", "Xa": "Nam Du", "Ddanh": "Hòn Dầu", "TK": "1", "Khoanh": "1", "Lo": "8", "ldlr": "RTK", "sldlr": "NULL", "Ht2023": "NULL", "namtr": "NULL", "ChuQL": "BQL RPH Kiên Giang", "Nguoinkcu": "NULL", "Churung": "NULL", "CMND": "NULL", "DienThoai": "NULL", "Dtich": 11.57, "DtichBS": 11.57, "NgayDoVe": "NULL", "TranhChap": "NULL", "KT": 0.0, "Lapdia": "NULL", "mdsd": "NULL", "nqh": "NULL", "Anh": "https://cdn2.fptshop.com.vn/unsafe/1920x0/filters:format(webp):quality(75)/hinh_nen_meme_con_luoi_flash_zootopia_1_c520bf6214.jpg", "Anh2": "https://png.pngtree.com/thumb_back/fh260/background/20230830/pngtree-the-lotus-is-also-represented-image_13145607.jpg"}}, {"type": "Feature", "geometry": {"coordinates": [[[[104.38892357925602, 9.65248984187123], [104.38980999116166, 9.652561920408305], [104.39002174200733, 9.652613889411247], [104.39024099577524, 9.65228898833085], [104.39114768142473, 9.652505200049347], [104.39106898897076, 9.652389979542331], [104.39105594030177, 9.652163020132129], [104.3910549729877, 9.652053972784648], [104.39102296038558, 9.651860010828926], [104.39089197247098, 9.651719003906878], [104.39067791144409, 9.651768034331917], [104.39048001285333, 9.65171200121963], [104.39034098227076, 9.651645950071606], [104.39024998132867, 9.651553963509548], [104.39019897384787, 9.65148992958776], [104.3901169433995, 9.651272984810348], [104.39005899159886, 9.651267993195791], [104.39001096330445, 9.65100901373961], [104.39003497692738, 9.650859013903242], [104.39001498206612, 9.650698963347685], [104.3901139848111, 9.650560922933455], [104.39018755395428, 9.650455697001897], [104.38997710971715, 9.650312494303604], [104.38982944338385, 9.65018450219239], [104.38979399535783, 9.650190006501546], [104.3897300031044, 9.650266933818283], [104.38973001586588, 9.650507994709027], [104.38945894604613, 9.651015980260507], [104.389072962324, 9.65154996967267], [104.3888919975279, 9.652374997745842], [104.38892357925602, 9.65248984187123]]]], "type": "MultiPolygon"}, "properties": {"fid": 39, "TT": 39.0, "id": 39.0, "Tinh": "Kiên Giang", "Huyen": "Kiên Hải", "Xa": "Nam Du", "Ddanh": "Hòn Bờ Đập Lớn", "TK": "1", "Khoanh": "1", "Lo": "33", "ldlr": "RTK", "sldlr": "Xoài, Dừa, Mít, ổi", "Ht2023": "NULL", "namtr": "NULL", "ChuQL": "BQL RPH Kiên Giang", "Nguoinkcu": "Đỗ Văn Thanh", "Churung": "Đỗ Văn Tâm", "CMND": "371407602/ Ngày cấp 08/10/2007/ CA Kiên Giang", "DienThoai": "0917747428", "Dtich": 3.11, "DtichBS": 3.11, "NgayDoVe": "PyQt5.QtCore.QDate(2019, 9, 18)", "TranhChap": "Không", "KT": 0.0, "Lapdia": "NULL", "mdsd": "Phòng hộ môi sinh", "nqh": "0", "Anh": "https://cdn2.fptshop.com.vn/unsafe/1920x0/filters:format(webp):quality(75)/hinh_nen_meme_con_luoi_flash_zootopia_1_c520bf6214.jpg", "Anh2": "https://png.pngtree.com/thumb_back/fh260/background/20230830/pngtree-the-lotus-is-also-represented-image_13145607.jpg"}}, {"type": "Feature", "geometry": {"coordinates": [[[[104.40098903494962, 9.665026696555598], [104.4009850224166, 9.665037003325423], [104.40097680700998, 9.665085285450045], [104.40125894222952, 9.665360967899995], [104.40144263149314, 9.665115981313074], [104.40140900966752, 9.66510403618719], [104.40098903494962, 9.665026696555598]]]], "type": "MultiPolygon"}, "properties": {"fid": 40, "TT": 40.0, "id": 40.0, "Tinh": "Kiên Giang", "Huyen": "Kiên Hải", "Xa": "Nam Du", "Ddanh": "Hòn Ngang", "TK": "1", "Khoanh": "1", "Lo": "18", "ldlr": "RTK", "sldlr": "Mai", "Ht2023": "NULL", "namtr": "NULL", "ChuQL": "BQL RPH Kiên Giang", "Nguoinkcu": "Nguyễn Thị Loan", "Churung": "Nguyễn Thị Loan", "CMND": "371044465/ Ngày cấp 27/02/2017/ CA Kiên Giang", "DienThoai": "0376300037", "Dtich": 0.09, "DtichBS": 0.09, "NgayDoVe": "PyQt5.QtCore.QDate(2019, 9, 20)", "TranhChap": "Không", "KT": 0.0, "Lapdia": "NULL", "mdsd": "Phòng hộ môi sinh", "nqh": "0", "Anh": "https://cdn2.fptshop.com.vn/unsafe/1920x0/filters:format(webp):quality(75)/hinh_nen_meme_con_luoi_flash_zootopia_1_c520bf6214.jpg", "Anh2": "https://png.pngtree.com/thumb_back/fh260/background/20230830/pngtree-the-lotus-is-also-represented-image_13145607.jpg"}}, {"type": "Feature", "geometry": {"coordinates": [[[[104.39724095965387, 9.634623977749479], [104.39724191868554, 9.634767023329724], [104.39729299859849, 9.634889106266366], [104.39729402370624, 9.635115067497889], [104.39740996786297, 9.635275055922733], [104.39760092743639, 9.63535007127447], [104.39763500297107, 9.635358038393111], [104.39779799017154, 9.635431056084395], [104.39779499623829, 9.635085106216152], [104.39773597505338, 9.635009045054453], [104.39770088538705, 9.634737863451731], [104.39769295782797, 9.634739036568364], [104.39765696197314, 9.634754035703649], [104.39754900604159, 9.634694054848229], [104.39756096290522, 9.634626062151137], [104.3975530411549, 9.634607975690969], [104.39746593392199, 9.634605056360636], [104.39724095965387, 9.634623977749479]]]], "type": "MultiPolygon"}, "properties": {"fid": 41, "TT": 41.0, "id": 41.0, "Tinh": "Kiên Giang", "Huyen": "Kiên Hải", "Xa": "Nam Du", "Ddanh": "Hòn Mấu", "TK": "1", "Khoanh": "1", "Lo": "46", "ldlr": "RTK", "sldlr": "Dừa, Xoài, Mít", "Ht2023": "NULL", "namtr": "1960", "ChuQL": "BQL RPH Kiên Giang", "Nguoinkcu": "Nguyễn Mười Nhỏ", "Churung": "Nguyễn Mười Nhỏ", "CMND": "371792041/ Ngày cấp 31/12/2013/ CA Kiên Giang", "DienThoai": "0917736412", "Dtich": 0.38, "DtichBS": 0.38, "NgayDoVe": "PyQt5.QtCore.QDate(2019, 9, 19)", "TranhChap": "Không", "KT": 0.0, "Lapdia": "NULL", "mdsd": "Phòng hộ môi sinh", "nqh": "0", "Anh": "https://cdn2.fptshop.com.vn/unsafe/1920x0/filters:format(webp):quality(75)/hinh_nen_meme_con_luoi_flash_zootopia_1_c520bf6214.jpg", "Anh2": "https://png.pngtree.com/thumb_back/fh260/background/20230830/pngtree-the-lotus-is-also-represented-image_13145607.jpg"}}, {"type": "Feature", "geometry": {"coordinates": [[[[104.3902565718818, 9.654840928880054], [104.39048293299163, 9.655648997769104], [104.3907939950155, 9.655747021872731], [104.39097897425823, 9.655747984695388], [104.39092096561082, 9.655634036602716], [104.39106197290654, 9.655509029810208], [104.3911560457761, 9.655402905992124], [104.3912799952684, 9.65533295974799], [104.391416959922, 9.655310940383757], [104.3914949648937, 9.655298939057351], [104.3914994294771, 9.65530029677042], [104.39144398956526, 9.65513200690027], [104.39159455041145, 9.655050585535166], [104.39157724353909, 9.655030416332934], [104.39129960528577, 9.654706442862937], [104.3909000009551, 9.654804332225424], [104.3902565718818, 9.654840928880054]]], [[[104.39151089986929, 9.65533493140424], [104.39149952059988, 9.655300296799139], [104.3914994294771, 9.65530029677042], [104.39151089986929, 9.65533493140424]]]], "type": "MultiPolygon"}, "properties": {"fid": 42, "TT": 42.0, "id": 42.0, "Tinh": "Kiên Giang", "Huyen": "Kiên Hải", "Xa": "Nam Du", "Ddanh": "Hòn Bờ Đập Lớn", "TK": "1", "Khoanh": "1", "Lo": "25", "ldlr": "RTK", "sldlr": "Xoài, Mít", "Ht2023": "NULL", "namtr": "NULL", "ChuQL": "BQL RPH Kiên Giang", "Nguoinkcu": "Trần Văn Nguyên", "Churung": "Trần Văn Nguyên", "CMND": "371917040/ Ngày cấp 19/07/2016/ CA Kiên Giang", "DienThoai": "0963921563", "Dtich": 1.05, "DtichBS": 1.05, "NgayDoVe": "PyQt5.QtCore.QDate(2019, 10, 8)", "TranhChap": "Không", "KT": 0.0, "Lapdia": "NULL", "mdsd": "Phòng hộ môi sinh", "nqh": "0", "Anh": "https://cdn2.fptshop.com.vn/unsafe/1920x0/filters:format(webp):quality(75)/hinh_nen_meme_con_luoi_flash_zootopia_1_c520bf6214.jpg", "Anh2": "https://png.pngtree.com/thumb_back/fh260/background/20230830/pngtree-the-lotus-is-also-represented-image_13145607.jpg"}}, {"type": "Feature", "geometry": {"coordinates": [[[[104.386931974712, 9.683993989941435], [104.38697099568768, 9.684215351569843], [104.38725797069961, 9.684200978680874], [104.38826799973513, 9.684113962881105], [104.38878804731782, 9.683941971545227], [104.38893693941738, 9.683988134071074], [104.3891340902024, 9.683324332219733], [104.3885533780634, 9.682308182137952], [104.38777596913793, 9.681419007316185], [104.38754367783183, 9.681423090665987], [104.38756898203674, 9.681512976698173], [104.38761694994318, 9.681686056792104], [104.38761896484341, 9.681930011333229], [104.38760397762708, 9.68205605228006], [104.38775493224038, 9.682200050715753], [104.38789896343525, 9.682336994044592], [104.387984946155, 9.682470030312013], [104.38808692977396, 9.682718086348974], [104.38813293597178, 9.68276204558763], [104.38811602691239, 9.682913041919031], [104.38798503996733, 9.683012009403388], [104.38762598679214, 9.683285955900441], [104.3872149883161, 9.683561060416222], [104.38695894614577, 9.683731056721104], [104.386931974712, 9.683993989941435]]]], "type": "MultiPolygon"}, "properties": {"fid": 43, "TT": 43.0, "id": 43.0, "Tinh": "Kiên Giang", "Huyen": "Kiên Hải", "Xa": "Nam Du", "Ddanh": "Hòn Dầu", "TK": "1", "Khoanh": "1", "Lo": "13", "ldlr": "RTK", "sldlr": "Bạch đàn, Mít, Tràm", "Ht2023": "NULL", "namtr": "NULL", "ChuQL": "BQL RPH Kiên Giang", "Nguoinkcu": "Trần Văn Phương", "Churung": "Trương Tử Giang", "CMND": "NULL", "DienThoai": "0948757420", "Dtich": 3.51, "DtichBS": 3.51, "NgayDoVe": "PyQt5.QtCore.QDate(2019, 9, 19)", "TranhChap": "Không", "KT": 0.0, "Lapdia": "NULL", "mdsd": "Phòng hộ môi sinh", "nqh": "0", "Anh": "https://cdn2.fptshop.com.vn/unsafe/1920x0/filters:format(webp):quality(75)/hinh_nen_meme_con_luoi_flash_zootopia_1_c520bf6214.jpg", "Anh2": "https://png.pngtree.com/thumb_back/fh260/background/20230830/pngtree-the-lotus-is-also-represented-image_13145607.jpg"}}, {"type": "Feature", "geometry": {"coordinates": [[[[104.39423497755324, 9.690160085370078], [104.39480082877076, 9.690709019762386], [104.39549358867713, 9.69021137758521], [104.39551473563111, 9.690197549727216], [104.39549305651362, 9.690164087634457], [104.3951519742205, 9.689788016204512], [104.39486798014272, 9.689580053169676], [104.39445703206736, 9.689396012245728], [104.39445174694828, 9.689394292635571], [104.39423497755324, 9.690160085370078]]]], "type": "MultiPolygon"}, "properties": {"fid": 44, "TT": 44.0, "id": 44.0, "Tinh": "Kiên Giang", "Huyen": "Kiên Hải", "Xa": "Nam Du", "Ddanh": "Hòn Dầu", "TK": "1", "Khoanh": "1", "Lo": "6", "ldlr": "RTK", "sldlr": "Xoài, Dừa, Mít, Chuối", "Ht2023": "NULL", "namtr": "NULL", "ChuQL": "BQL RPH Kiên Giang", "Nguoinkcu": "Lí Minh Nhựt", "Churung": "Lí Minh Nhựt", "CMND": "381166556/ Ngày cấp 06/09/2017/ CA Cà Mau", "DienThoai": "0971678168", "Dtich": 1.13, "DtichBS": 1.13, "NgayDoVe": "PyQt5.QtCore.QDate(2019, 9, 19)", "TranhChap": "Không", "KT": 0.0, "Lapdia": "NULL", "mdsd": "Phòng hộ môi sinh", "nqh": "0", "Anh": "https://cdn2.fptshop.com.vn/unsafe/1920x0/filters:format(webp):quality(75)/hinh_nen_meme_con_luoi_flash_zootopia_1_c520bf6214.jpg", "Anh2": "https://png.pngtree.com/thumb_back/fh260/background/20230830/pngtree-the-lotus-is-also-represented-image_13145607.jpg"}}, {"type": "Feature", "geometry": {"coordinates": [[[[104.39333372070261, 9.691474154965539], [104.39336905998053, 9.691538002634871], [104.39342899146209, 9.691644988391028], [104.3935109877968, 9.691717982978155], [104.39359992315121, 9.691750019332376], [104.3937309838499, 9.691711993033376], [104.39385301358212, 9.691701994162496], [104.39394896586563, 9.69173502721993], [104.39406593313778, 9.691884980101857], [104.39416897879876, 9.691966028432098], [104.39427796347616, 9.69199807079532], [104.3943909686445, 9.691996116353877], [104.39461993460851, 9.691865981619662], [104.39503703135824, 9.691629027615527], [104.39536797786704, 9.691486988085224], [104.39538812236435, 9.691473431191937], [104.39497099518071, 9.690930420641285], [104.39480082877076, 9.690709019762386], [104.39423497755324, 9.690160085370078], [104.39381396712349, 9.690964966741118], [104.39365797749856, 9.691162034547066], [104.39333372070261, 9.691474154965539]]]], "type": "MultiPolygon"}, "properties": {"fid": 45, "TT": 45.0, "id": 45.0, "Tinh": "Kiên Giang", "Huyen": "Kiên Hải", "Xa": "Nam Du", "Ddanh": "Hòn Dầu", "TK": "1", "Khoanh": "1", "Lo": "3", "ldlr": "RTK", "sldlr": "Xoài, Dừa, Mít, Chuối", "Ht2023": "NULL", "namtr": "NULL", "ChuQL": "BQL RPH Kiên Giang", "Nguoinkcu": "Lí Minh Nhựt", "Churung": "Lí Minh Nhựt", "CMND": "381166556/ Ngày cấp 06/09/2017/ CA Cà Mau", "DienThoai": "0971678168", "Dtich": 2.31, "DtichBS": 2.31, "NgayDoVe": "PyQt5.QtCore.QDate(2019, 9, 19)", "TranhChap": "Không", "KT": 0.0, "Lapdia": "NULL", "mdsd": "Phòng hộ môi sinh", "nqh": "0", "Anh": "https://cdn2.fptshop.com.vn/unsafe/1920x0/filters:format(webp):quality(75)/hinh_nen_meme_con_luoi_flash_zootopia_1_c520bf6214.jpg", "Anh2": "https://png.pngtree.com/thumb_back/fh260/background/20230830/pngtree-the-lotus-is-also-represented-image_13145607.jpg"}}, {"type": "Feature", "geometry": {"coordinates": [[[[104.39496971890522, 9.690931776554232], [104.39567241152389, 9.69043712093265], [104.39551473563111, 9.690197549727216], [104.39549358867713, 9.69021137758521], [104.39480082877076, 9.690709019762386], [104.39496971890522, 9.690931776554232]]]], "type": "MultiPolygon"}, "properties": {"fid": 46, "TT": 46.0, "id": 46.0, "Tinh": "Kiên Giang", "Huyen": "Kiên Hải", "Xa": "Nam Du", "Ddanh": "Hòn Dầu", "TK": "1", "Khoanh": "1", "Lo": "5", "ldlr": "RTK", "sldlr": "Xoài, Dừa, Mít, Chuối", "Ht2023": "NULL", "namtr": "NULL", "ChuQL": "BQL RPH Kiên Giang", "Nguoinkcu": "Lí Minh Nhựt", "Churung": "Nguyễn Thị Lành", "CMND": "052184010779/ Ngày cấp 25/03/2022/ CCS", "DienThoai": "0964063839", "Dtich": 0.3, "DtichBS": 0.3, "NgayDoVe": "PyQt5.QtCore.QDate(2019, 9, 19)", "TranhChap": "Không", "KT": 0.0, "Lapdia": "NULL", "mdsd": "Phòng hộ môi sinh", "nqh": "0", "Anh": "https://cdn2.fptshop.com.vn/unsafe/1920x0/filters:format(webp):quality(75)/hinh_nen_meme_con_luoi_flash_zootopia_1_c520bf6214.jpg", "Anh2": "https://png.pngtree.com/thumb_back/fh260/background/20230830/pngtree-the-lotus-is-also-represented-image_13145607.jpg"}}, {"type": "Feature", "geometry": {"coordinates": [[[[104.39577970989201, 9.690616908985536], [104.39508823448836, 9.691085346379854], [104.39538812236435, 9.691473431191937], [104.39571699608906, 9.69125507600525], [104.39578553808082, 9.691221550920813], [104.39585389779408, 9.691188025767154], [104.39595114481747, 9.691159934575328], [104.3959904263955, 9.6911486439547], [104.39604802723944, 9.691132024085752], [104.39608393896829, 9.691114041335412], [104.39611994950069, 9.69107110262408], [104.39612843051897, 9.691052569041746], [104.39606848200486, 9.690998479583172], [104.39607003957462, 9.690971444402154], [104.39593893742303, 9.690849970280288], [104.39577970989201, 9.690616908985536]]]], "type": "MultiPolygon"}, "properties": {"fid": 47, "TT": 47.0, "id": 47.0, "Tinh": "Kiên Giang", "Huyen": "Kiên Hải", "Xa": "Nam Du", "Ddanh": "Hòn Dầu", "TK": "1", "Khoanh": "1", "Lo": "1", "ldlr": "RTK", "sldlr": "Xoài, Dừa, Mít, Chuối", "Ht2023": "NULL", "namtr": "NULL", "ChuQL": "BQL RPH Kiên Giang", "Nguoinkcu": "Lí Minh Nhựt", "Churung": "Nguyễn Văn Lên", "CMND": "381166556/ Ngày cấp 06/09/2017/ CA Cà Mau", "DienThoai": "0964063839", "Dtich": 0.52, "DtichBS": 0.52, "NgayDoVe": "PyQt5.QtCore.QDate(2019, 9, 19)", "TranhChap": "Không", "KT": 0.0, "Lapdia": "NULL", "mdsd": "Phòng hộ môi sinh", "nqh": "0", "Anh": "https://cdn2.fptshop.com.vn/unsafe/1920x0/filters:format(webp):quality(75)/hinh_nen_meme_con_luoi_flash_zootopia_1_c520bf6214.jpg", "Anh2": "https://png.pngtree.com/thumb_back/fh260/background/20230830/pngtree-the-lotus-is-also-represented-image_13145607.jpg"}}, {"type": "Feature", "geometry": {"coordinates": [[[[104.39496971890522, 9.690931776554232], [104.39508823448836, 9.691085346379854], [104.39577970989201, 9.690616908985536], [104.39574500848326, 9.690552067128573], [104.39567241152389, 9.69043712093265], [104.39496971890522, 9.690931776554232]]]], "type": "MultiPolygon"}, "properties": {"fid": 48, "TT": 48.0, "id": 48.0, "Tinh": "Kiên Giang", "Huyen": "Kiên Hải", "Xa": "Nam Du", "Ddanh": "Hòn Dầu", "TK": "1", "Khoanh": "1", "Lo": "2", "ldlr": "RTK", "sldlr": "Xoài, Dừa, Mít, Chuối", "Ht2023": "NULL", "namtr": "NULL", "ChuQL": "BQL RPH Kiên Giang", "Nguoinkcu": "Lí Minh Nhựt", "Churung": "Nguyễn Văn Phường", "CMND": "381713716/ Ngày cấp 15/07/2010/ CA Cà Mau", "DienThoai": "0964063839", "Dtich": 0.21, "DtichBS": 0.21, "NgayDoVe": "PyQt5.QtCore.QDate(2019, 9, 19)", "TranhChap": "Không", "KT": 0.0, "Lapdia": "NULL", "mdsd": "Phòng hộ môi sinh", "nqh": "0", "Anh": "https://cdn2.fptshop.com.vn/unsafe/1920x0/filters:format(webp):quality(75)/hinh_nen_meme_con_luoi_flash_zootopia_1_c520bf6214.jpg", "Anh2": "https://png.pngtree.com/thumb_back/fh260/background/20230830/pngtree-the-lotus-is-also-represented-image_13145607.jpg"}}, {"type": "Feature", "geometry": {"coordinates": [[[[104.38718169591215, 9.679553713641738], [104.38713212811648, 9.679261006916557], [104.38711400183588, 9.678962704456252], [104.38701178679332, 9.678594479465627], [104.3868282802158, 9.678240333234227], [104.38646471288789, 9.677586293778816], [104.38636050587587, 9.677454336129662], [104.38612290336917, 9.677272241423026], [104.38594424349144, 9.677143152412507], [104.38583982981373, 9.67708452539004], [104.38573914322278, 9.67705320650214], [104.38566487713902, 9.677042060101643], [104.38559450842966, 9.677093485821013], [104.38551636845439, 9.677219686512329], [104.38541490877967, 9.677318391641423], [104.38533586089164, 9.677434284073577], [104.38532758772811, 9.677645412673263], [104.38538901532138, 9.67789436020669], [104.38549883295711, 9.678141877133214], [104.3856055355456, 9.678439124139247], [104.38572664013778, 9.678726248829008], [104.38586191246279, 9.678887422735015], [104.38600022174374, 9.67896088992647], [104.38627363783013, 9.679146884643043], [104.38671186373396, 9.679462234532707], [104.38691693820779, 9.679634462312391], [104.3870120672103, 9.679664513148202], [104.38713436291836, 9.67966419167201], [104.38717657671246, 9.679601544287383], [104.38718169591215, 9.679553713641738]]]], "type": "MultiPolygon"}, "properties": {"fid": 49, "TT": 18.0, "id": 18.0, "Tinh": "Kiên Giang", "Huyen": "Kiên Hải", "Xa": "An Sơn", "Ddanh": "Hòn Bỏ áo", "TK": "1", "Khoanh": "4", "Lo": "3", "ldlr": "RTK", "sldlr": "Tram", "Ht2023": "NULL", "namtr": "NULL", "ChuQL": "Ban Quản lí rừng Kiên Giang", "Nguoinkcu": "Đinh Văn Giang", "Churung": "Đinh Văn Giang", "CMND": "091083000600/Ngày cấp 31/03/2021/CCS", "DienThoai": "NULL", "Dtich": 3.15, "DtichBS": 3.15, "NgayDoVe": "PyQt5.QtCore.QDate(2019, 10, 10)", "TranhChap": "Không", "KT": 1.0, "Lapdia": "1", "mdsd": "Phòng hộ môi sinh", "nqh": "0", "Anh": "https://cdn2.fptshop.com.vn/unsafe/1920x0/filters:format(webp):quality(75)/hinh_nen_meme_con_luoi_flash_zootopia_1_c520bf6214.jpg", "Anh2": "https://png.pngtree.com/thumb_back/fh260/background/20230830/pngtree-the-lotus-is-also-represented-image_13145607.jpg"}}, {"type": "Feature", "geometry": {"coordinates": [[[[104.35627257852931, 9.6837922804128], [104.35629113778973, 9.683865980605418], [104.35649503029217, 9.683786315312519], [104.35666609611108, 9.68375302173328], [104.35674939457147, 9.683740488096255], [104.35673501146076, 9.683703952352634], [104.35673830690708, 9.683669141968231], [104.35627257852931, 9.6837922804128]]]], "type": "MultiPolygon"}, "properties": {"fid": 50, "TT": 19.0, "id": 19.0, "Tinh": "Kiên Giang", "Huyen": "Kiên Hải", "Xa": "An Sơn", "Ddanh": "Hòn Lớn", "TK": "1", "Khoanh": "3", "Lo": "15", "ldlr": "RTK", "sldlr": "Xoài, Tràm, Bạch đàn", "Ht2023": "NULL", "namtr": "2009", "ChuQL": "Ban Quản lí rừng Kiên Giang", "Nguoinkcu": "Vừ Thị Hai", "Churung": "Vừ Thị Hai", "CMND": "NULL", "DienThoai": "NULL", "Dtich": 0.04, "DtichBS": 0.04, "NgayDoVe": "PyQt5.QtCore.QDate(2019, 11, 14)", "TranhChap": "Không", "KT": 1.0, "Lapdia": "1", "mdsd": "Phòng hộ môi sinh", "nqh": "0", "Anh": "https://cdn2.fptshop.com.vn/unsafe/1920x0/filters:format(webp):quality(75)/hinh_nen_meme_con_luoi_flash_zootopia_1_c520bf6214.jpg", "Anh2": "https://png.pngtree.com/thumb_back/fh260/background/20230830/pngtree-the-lotus-is-also-represented-image_13145607.jpg"}}, {"type": "Feature", "geometry": {"coordinates": [[[[104.36188093454109, 9.655178924939943], [104.3620123838123, 9.655055192221688], [104.36223203011602, 9.654955004034877], [104.36247583573304, 9.654825348329235], [104.36281603575537, 9.654728010921497], [104.36306100432876, 9.654650979889459], [104.36268509015015, 9.654059119553265], [104.36164476431851, 9.654683869277022], [104.36188093454109, 9.655178924939943]]]], "type": "MultiPolygon"}, "properties": {"fid": 51, "TT": 21.0, "id": 21.0, "Tinh": "Kiên Giang", "Huyen": "Kiên Hải", "Xa": "An Sơn", "Ddanh": "Hòn Nồm Trong", "TK": "1", "Khoanh": "5", "Lo": "18", "ldlr": "RTK", "sldlr": "Bạch đàn, dừa", "Ht2023": "NULL", "namtr": "NULL", "ChuQL": "Ban Quản lí rừng Kiên Giang", "Nguoinkcu": "Lê Thị Gậy", "Churung": "Lê Thị Gậy", "CMND": "371320767 Ngày cấp 10/04/2018 / CA Kiên Giang", "DienThoai": "0365945338", "Dtich": 0.87, "DtichBS": 0.87, "NgayDoVe": "PyQt5.QtCore.QDate(2019, 11, 15)", "TranhChap": "Không", "KT": 1.0, "Lapdia": "1", "mdsd": "Phòng hộ môi sinh", "nqh": "0", "Anh": "https://cdn2.fptshop.com.vn/unsafe/1920x0/filters:format(webp):quality(75)/hinh_nen_meme_con_luoi_flash_zootopia_1_c520bf6214.jpg", "Anh2": "https://png.pngtree.com/thumb_back/fh260/background/20230830/pngtree-the-lotus-is-also-represented-image_13145607.jpg"}}, {"type": "Feature", "geometry": {"coordinates": [[[[104.35472149619649, 9.661180608536863], [104.3546484981037, 9.66119820966185], [104.35427644899202, 9.661171920851817], [104.3549097577247, 9.662672893535971], [104.35534955042404, 9.662614305547425], [104.35473287463287, 9.661208824462932], [104.35472149619649, 9.661180608536863]]]], "type": "MultiPolygon"}, "properties": {"fid": 52, "TT": 22.0, "id": 22.0, "Tinh": "Kiên Giang", "Huyen": "Kiên Hải", "Xa": "An Sơn", "Ddanh": "Hòn Lớn", "TK": "1", "Khoanh": "4", "Lo": "10", "ldlr": "RTK", "sldlr": "Dừa, Tràm", "Ht2023": "NULL", "namtr": "NULL", "ChuQL": "Ban Quản lí rừng Kiên Giang", "Nguoinkcu": "Trần Thị Yến", "Churung": "Trần Thị Yến", "CMND": "371407738/ Ngày cấp 27/03/2019/ CA Kiên Giang", "DienThoai": "0907357832", "Dtich": 0.8, "DtichBS": 0.8, "NgayDoVe": "PyQt5.QtCore.QDate(2019, 10, 17)", "TranhChap": "Không", "KT": 1.0, "Lapdia": "1", "mdsd": "Phòng hộ môi sinh", "nqh": "0", "Anh": "https://cdn2.fptshop.com.vn/unsafe/1920x0/filters:format(webp):quality(75)/hinh_nen_meme_con_luoi_flash_zootopia_1_c520bf6214.jpg", "Anh2": "https://png.pngtree.com/thumb_back/fh260/background/20230830/pngtree-the-lotus-is-also-represented-image_13145607.jpg"}}, {"type": "Feature", "geometry": {"coordinates": [[[[104.35664773852572, 9.696088398307307], [104.35660522710123, 9.696189922293248], [104.35633930891669, 9.696594712140746], [104.35621701575043, 9.696788883225185], [104.35610814839488, 9.697128184128085], [104.35610303575787, 9.697149611541898], [104.35758611880667, 9.696791715084423], [104.35778296592923, 9.696580304192123], [104.35768054902627, 9.696538758878567], [104.35759845193161, 9.69650445558088], [104.35692436306118, 9.696223691868516], [104.35664773852572, 9.696088398307307]]]], "type": "MultiPolygon"}, "properties": {"fid": 53, "TT": 23.0, "id": 23.0, "Tinh": "Kiên Giang", "Huyen": "Kiên Hải", "Xa": "An Sơn", "Ddanh": "Hòn Lớn", "TK": "1", "Khoanh": "2", "Lo": "29", "ldlr": "RTK", "sldlr": "NULL", "Ht2023": "NULL", "namtr": "NULL", "ChuQL": "Ban Quản lí rừng Kiên Giang", "Nguoinkcu": "Vương Phước Khương", "Churung": "Vương Phước Khương", "CMND": "NULL", "DienThoai": "NULL", "Dtich": 1.07, "DtichBS": 1.07, "NgayDoVe": "PyQt5.QtCore.QDate(2019, 10, 17)", "TranhChap": "Không", "KT": 1.0, "Lapdia": "1", "mdsd": "Phòng hộ môi sinh", "nqh": "0", "Anh": "https://cdn2.fptshop.com.vn/unsafe/1920x0/filters:format(webp):quality(75)/hinh_nen_meme_con_luoi_flash_zootopia_1_c520bf6214.jpg", "Anh2": "https://png.pngtree.com/thumb_back/fh260/background/20230830/pngtree-the-lotus-is-also-represented-image_13145607.jpg"}}, {"type": "Feature", "geometry": {"coordinates": [[[[104.36064864769227, 9.647944982341658], [104.36066229545482, 9.647772646662647], [104.36091949541259, 9.647632689438447], [104.36086312525619, 9.647550926677868], [104.36079904359532, 9.647386968686993], [104.36066986210002, 9.647320005412778], [104.36055898644562, 9.647276016269675], [104.3605249577856, 9.647375012790194], [104.36045500743619, 9.647523002594772], [104.36040501616668, 9.64766195843386], [104.36040700356, 9.647703914284078], [104.36064864769227, 9.647944982341658]]]], "type": "MultiPolygon"}, "properties": {"fid": 54, "TT": 24.0, "id": 24.0, "Tinh": "Kiên Giang", "Huyen": "Kiên Hải", "Xa": "An Sơn", "Ddanh": "Hòn Nồm Giữa", "TK": "1", "Khoanh": "5", "Lo": "21", "ldlr": "RTK", "sldlr": "NULL", "Ht2023": "NULL", "namtr": "NULL", "ChuQL": "Ban Quản lí rừng Kiên Giang", "Nguoinkcu": "Dương Ngọc Hồng", "Churung": "Dương Ngọc Hồng", "CMND": "370686677/ Ngày cấp 02/04/2012/ CA Kiên Giang", "DienThoai": "0354002451", "Dtich": 0.22, "DtichBS": 0.22, "NgayDoVe": "PyQt5.QtCore.QDate(2019, 9, 18)", "TranhChap": "Không", "KT": 1.0, "Lapdia": "1", "mdsd": "Phòng hộ môi sinh", "nqh": "0", "Anh": "https://cdn2.fptshop.com.vn/unsafe/1920x0/filters:format(webp):quality(75)/hinh_nen_meme_con_luoi_flash_zootopia_1_c520bf6214.jpg", "Anh2": "https://png.pngtree.com/thumb_back/fh260/background/20230830/pngtree-the-lotus-is-also-represented-image_13145607.jpg"}}, {"type": "Feature", "geometry": {"coordinates": [[[[104.35963236286464, 9.698728000895171], [104.35971276691771, 9.698890699541414], [104.3597472487745, 9.699030503102437], [104.35972703686967, 9.699201750473609], [104.36035406327461, 9.699371815387428], [104.36058690742341, 9.698942053061357], [104.36099779804807, 9.698141278727997], [104.3610760040838, 9.697888676679044], [104.360326394351, 9.697743428715075], [104.3597945350536, 9.698402554939067], [104.35963236286464, 9.698728000895171]]]], "type": "MultiPolygon"}, "properties": {"fid": 55, "TT": 25.0, "id": 25.0, "Tinh": "Kiên Giang", "Huyen": "Kiên Hải", "Xa": "An Sơn", "Ddanh": "Hòn Lớn", "TK": "1", "Khoanh": "2", "Lo": "22", "ldlr": "RTK", "sldlr": "Keo lá tràm", "Ht2023": "NULL", "namtr": "NULL", "ChuQL": "Ban Quản lí rừng Kiên Giang", "Nguoinkcu": "Đoàn Hồng Phục", "Churung": "Đoàn Hồng Phục", "CMND": "091077000561 Ngày cấp 02/04/2021", "DienThoai": "NULL", "Dtich": 1.69, "DtichBS": 1.69, "NgayDoVe": "PyQt5.QtCore.QDate(2019, 9, 10)", "TranhChap": "Không", "KT": 1.0, "Lapdia": "1", "mdsd": "Phòng hộ môi sinh", "nqh": "0", "Anh": "https://cdn2.fptshop.com.vn/unsafe/1920x0/filters:format(webp):quality(75)/hinh_nen_meme_con_luoi_flash_zootopia_1_c520bf6214.jpg", "Anh2": "https://png.pngtree.com/thumb_back/fh260/background/20230830/pngtree-the-lotus-is-also-represented-image_13145607.jpg"}}, {"type": "Feature", "geometry": {"coordinates": [[[[104.35459617940793, 9.683710738939835], [104.35460661163336, 9.683821779296961], [104.35464341673178, 9.684060594484391], [104.35598298273865, 9.683967393312832], [104.35607499094887, 9.683618048429969], [104.35459617940793, 9.683710738939835]]], [[[104.35459198729636, 9.6837110084249], [104.35459617940793, 9.683710738939835], [104.3545959978863, 9.683709020880176], [104.35459198729636, 9.6837110084249]]]], "type": "MultiPolygon"}, "properties": {"fid": 56, "TT": 26.0, "id": 26.0, "Tinh": "Kiên Giang", "Huyen": "Kiên Hải", "Xa": "An Sơn", "Ddanh": "Hòn Lớn", "TK": "1", "Khoanh": "3", "Lo": "12", "ldlr": "RTK", "sldlr": "Xoài, Dừa", "Ht2023": "NULL", "namtr": "NULL", "ChuQL": "Ban Quản lí rừng Kiên Giang", "Nguoinkcu": "Trần Văn Ngàn", "Churung": "Nguyễn Thị Thu Thuận", "CMND": "280840938/ Ngày cấp 29/01/2015/ CA Kiên Giang", "DienThoai": "NULL", "Dtich": 0.6, "DtichBS": 0.6, "NgayDoVe": "PyQt5.QtCore.QDate(2019, 10, 17)", "TranhChap": "Không", "KT": 1.0, "Lapdia": "1", "mdsd": "Phòng hộ môi sinh", "nqh": "0", "Anh": "https://cdn2.fptshop.com.vn/unsafe/1920x0/filters:format(webp):quality(75)/hinh_nen_meme_con_luoi_flash_zootopia_1_c520bf6214.jpg", "Anh2": "https://png.pngtree.com/thumb_back/fh260/background/20230830/pngtree-the-lotus-is-also-represented-image_13145607.jpg"}}, {"type": "Feature", "geometry": {"coordinates": [[[[104.35684874250313, 9.694671056885515], [104.3568645503981, 9.694787343728178], [104.35695306514212, 9.694730054316407], [104.35695905925607, 9.694563774256247], [104.35696006310103, 9.694560519551363], [104.35696503562734, 9.694439358692824], [104.35696816652472, 9.694362955014617], [104.35685033128809, 9.694362905853827], [104.35678915425122, 9.694425722283407], [104.35679533190464, 9.694471477432643], [104.35684874250313, 9.694671056885515]]], [[[104.35720528170373, 9.695472146731857], [104.35717249471917, 9.695422311606274], [104.35692525372806, 9.695412352757119], [104.35693934344266, 9.695067134713055], [104.35689298643905, 9.694996587697874], [104.35690488792848, 9.695083848056198], [104.35685943081165, 9.695470194149534], [104.35692577569735, 9.69547094519559], [104.35717138000065, 9.695472223034223], [104.35720528170373, 9.695472146731857]]]], "type": "MultiPolygon"}, "properties": {"fid": 57, "TT": 27.0, "id": 27.0, "Tinh": "Kiên Giang", "Huyen": "Kiên Hải", "Xa": "An Sơn", "Ddanh": "Hòn Lớn", "TK": "1", "Khoanh": "2", "Lo": "36", "ldlr": "RTK", "sldlr": "Dầu", "Ht2023": "NULL", "namtr": "NULL", "ChuQL": "Ban Quản lí rừng Kiên Giang", "Nguoinkcu": "Huỳnh Thanh Tuấn", "Churung": "Huỳnh Thanh Tuấn", "CMND": "370812959/ Ngày cấp 09/11/2011/ CA Kiên Giang", "DienThoai": "0919073888", "Dtich": 0.11, "DtichBS": 0.11, "NgayDoVe": "PyQt5.QtCore.QDate(2019, 10, 17)", "TranhChap": "Không", "KT": 1.0, "Lapdia": "1", "mdsd": "Phòng hộ môi sinh", "nqh": "0", "Anh": "https://cdn2.fptshop.com.vn/unsafe/1920x0/filters:format(webp):quality(75)/hinh_nen_meme_con_luoi_flash_zootopia_1_c520bf6214.jpg", "Anh2": "https://png.pngtree.com/thumb_back/fh260/background/20230830/pngtree-the-lotus-is-also-represented-image_13145607.jpg"}}, {"type": "Feature", "geometry": {"coordinates": [[[[104.35803535148663, 9.695411186526693], [104.35814509713485, 9.695578328280277], [104.3580791896818, 9.69562088887742], [104.3582153334008, 9.695861281809618], [104.35848200868203, 9.696035088969296], [104.35891260466349, 9.695624487887754], [104.35866952998222, 9.69502264202782], [104.35866743520121, 9.695019566881095], [104.35866424734944, 9.695015225402456], [104.35803535148663, 9.695411186526693]]]], "type": "MultiPolygon"}, "properties": {"fid": 58, "TT": 28.0, "id": 28.0, "Tinh": "Kiên Giang", "Huyen": "Kiên Hải", "Xa": "An Sơn", "Ddanh": "Hòn Lớn", "TK": "1", "Khoanh": "2", "Lo": "34", "ldlr": "RTK", "sldlr": "Keo", "Ht2023": "NULL", "namtr": "NULL", "ChuQL": "Ban Quản lí rừng Kiên Giang", "Nguoinkcu": "Trần Chí Nhỏ", "Churung": "Trần Chí Nhỏ", "CMND": "370412004/ Ngày cấp 02/08/2007/ CA Kiên Giang", "DienThoai": "0772111122", "Dtich": 0.63, "DtichBS": 0.63, "NgayDoVe": "PyQt5.QtCore.QDate(2019, 10, 18)", "TranhChap": "Không", "KT": 1.0, "Lapdia": "1", "mdsd": "Phòng hộ môi sinh", "nqh": "0", "Anh": "https://cdn2.fptshop.com.vn/unsafe/1920x0/filters:format(webp):quality(75)/hinh_nen_meme_con_luoi_flash_zootopia_1_c520bf6214.jpg", "Anh2": "https://png.pngtree.com/thumb_back/fh260/background/20230830/pngtree-the-lotus-is-also-represented-image_13145607.jpg"}}, {"type": "Feature", "geometry": {"coordinates": [[[[104.36429221819522, 9.64585320496259], [104.36430732993564, 9.645888746121784], [104.36427445369343, 9.646071201500165], [104.36428574562325, 9.646088657079998], [104.36430669749298, 9.646103132590543], [104.36442608494814, 9.646053267527535], [104.36464921812981, 9.64587567918549], [104.36495090282301, 9.645682569177335], [104.36523050889883, 9.645557988917057], [104.3656797101845, 9.645380488216327], [104.36588087988731, 9.645209129501906], [104.36618252629377, 9.64487876022289], [104.36634601967212, 9.644585861587426], [104.3664277440015, 9.644380186870391], [104.36645932995083, 9.643999890924782], [104.3665098727774, 9.643145799412398], [104.3664788365867, 9.642360395771068], [104.36646019071543, 9.641811717522183], [104.36642579758957, 9.64145327769888], [104.36639758716792, 9.641129019176894], [104.36631605263219, 9.64085465204563], [104.36621253277426, 9.640645831162876], [104.36616462553543, 9.640591922005788], [104.36607616333424, 9.640556081176324], [104.36581479093071, 9.640666834990114], [104.36552791124971, 9.640762026345831], [104.3654679283466, 9.6408294565742], [104.36538931595135, 9.641000862989403], [104.36536725745557, 9.641250143441406], [104.36536086142632, 9.641524566877223], [104.36521632148674, 9.641817472515077], [104.36505915041113, 9.642023117452883], [104.36485175014711, 9.642284803275967], [104.36463800262756, 9.642696222652061], [104.36444307003312, 9.642995347147945], [104.36435498780459, 9.643375711096708], [104.3644113375041, 9.643737233990933], [104.36438610132376, 9.643955408465068], [104.36435316365555, 9.644064171233387], [104.36437737031535, 9.644142213553769], [104.36420354879868, 9.644510427355963], [104.36416687365492, 9.644622805444424], [104.36415974401528, 9.644678501591944], [104.36414706965695, 9.64492787601657], [104.36410607694499, 9.645127327221724], [104.36410603197892, 9.645239629318638], [104.36417822526404, 9.645401781519888], [104.36429443215442, 9.645557621611772], [104.36431943534166, 9.64569479917317], [104.36431000260853, 9.64581324615726], [104.36429221819522, 9.64585320496259]]]], "type": "MultiPolygon"}, "properties": {"fid": 59, "TT": 29.0, "id": 29.0, "Tinh": "Kiên Giang", "Huyen": "Kiên Hải", "Xa": "An Sơn", "Ddanh": "Hòn Nồm Ngoài", "TK": "1", "Khoanh": "5", "Lo": "23", "ldlr": "RTK", "sldlr": "NULL", "Ht2023": "NULL", "namtr": "NULL", "ChuQL": "Ban Quản lí rừng Kiên Giang", "Nguoinkcu": "NULL", "Churung": "NULL", "CMND": "NULL", "DienThoai": "NULL", "Dtich": 10.34, "DtichBS": 10.34, "NgayDoVe": "PyQt5.QtCore.QDate(2019, 9, 18)", "TranhChap": "Không", "KT": 1.0, "Lapdia": "1", "mdsd": "Phòng hộ môi sinh", "nqh": "0", "Anh": "https://cdn2.fptshop.com.vn/unsafe/1920x0/filters:format(webp):quality(75)/hinh_nen_meme_con_luoi_flash_zootopia_1_c520bf6214.jpg", "Anh2": "https://png.pngtree.com/thumb_back/fh260/background/20230830/pngtree-the-lotus-is-also-represented-image_13145607.jpg"}}, {"type": "Feature", "geometry": {"coordinates": [[[[104.35923724015126, 9.701699946831225], [104.35923722193982, 9.701525164828483], [104.35930920468188, 9.701340285338786], [104.35930911365989, 9.701340014041204], [104.35930984334398, 9.701338567619576], [104.3593566458191, 9.70121823771191], [104.35880959353105, 9.701142692878555], [104.35869328826688, 9.70140070382781], [104.35852933762405, 9.701614570075039], [104.35923724015126, 9.701699946831225]]]], "type": "MultiPolygon"}, "properties": {"fid": 60, "TT": 30.0, "id": 30.0, "Tinh": "Kiên Giang", "Huyen": "Kiên Hải", "Xa": "An Sơn", "Ddanh": "Hòn Lớn", "TK": "1", "Khoanh": "2", "Lo": "10", "ldlr": "RTK", "sldlr": "NULL", "Ht2023": "NULL", "namtr": "NULL", "ChuQL": "Ban Quản lí rừng Kiên Giang", "Nguoinkcu": "Trần Quốc Hưng", "Churung": "Trần Quốc Hưng", "CMND": "NULL", "DienThoai": "NULL", "Dtich": 0.36, "DtichBS": 0.36, "NgayDoVe": "PyQt5.QtCore.QDate(2019, 9, 10)", "TranhChap": "Không", "KT": 1.0, "Lapdia": "1", "mdsd": "Phòng hộ môi sinh", "nqh": "0", "Anh": "https://cdn2.fptshop.com.vn/unsafe/1920x0/filters:format(webp):quality(75)/hinh_nen_meme_con_luoi_flash_zootopia_1_c520bf6214.jpg", "Anh2": "https://png.pngtree.com/thumb_back/fh260/background/20230830/pngtree-the-lotus-is-also-represented-image_13145607.jpg"}}, {"type": "Feature", "geometry": {"coordinates": [[[[104.35605413323827, 9.698132638113604], [104.35616256757574, 9.698596448190033], [104.35616256753721, 9.698596538610088], [104.35619795434013, 9.698747826238803], [104.3577564004539, 9.698634547094832], [104.35770038708019, 9.697904833790043], [104.35709977154568, 9.698002328093438], [104.35605413323827, 9.698132638113604]]]], "type": "MultiPolygon"}, "properties": {"fid": 61, "TT": 32.0, "id": 32.0, "Tinh": "Kiên Giang", "Huyen": "Kiên Hải", "Xa": "An Sơn", "Ddanh": "Hòn Lớn", "TK": "1", "Khoanh": "2", "Lo": "24", "ldlr": "RTK", "sldlr": "NULL", "Ht2023": "NULL", "namtr": "NULL", "ChuQL": "Ban Quản lí rừng Kiên Giang", "Nguoinkcu": "Nguyễn Văn Đượm", "Churung": "Nguyễn Văn Đượm", "CMND": "091076000214 Ngày cấp 04/03/2021", "DienThoai": "NULL", "Dtich": 1.32, "DtichBS": 1.32, "NgayDoVe": "PyQt5.QtCore.QDate(2019, 10, 17)", "TranhChap": "Không", "KT": 1.0, "Lapdia": "1", "mdsd": "Phòng hộ môi sinh", "nqh": "0", "Anh": "https://cdn2.fptshop.com.vn/unsafe/1920x0/filters:format(webp):quality(75)/hinh_nen_meme_con_luoi_flash_zootopia_1_c520bf6214.jpg", "Anh2": "https://png.pngtree.com/thumb_back/fh260/background/20230830/pngtree-the-lotus-is-also-represented-image_13145607.jpg"}}, {"type": "Feature", "geometry": {"coordinates": [[[[104.35840197715251, 9.706279740201518], [104.35850910081733, 9.70618836979904], [104.35861757604073, 9.706133800877504], [104.35861766721503, 9.706133710495093], [104.35861784948783, 9.706133710570317], [104.35902750258971, 9.705927812103184], [104.35939281070885, 9.70584721712715], [104.35940338448216, 9.705842519624193], [104.35942189623646, 9.70581594372649], [104.35953919560161, 9.705580538029267], [104.35748803894934, 9.704821970969306], [104.35699203998449, 9.705767919626595], [104.35840197715251, 9.706279740201518]]]], "type": "MultiPolygon"}, "properties": {"fid": 62, "TT": 34.0, "id": 34.0, "Tinh": "Kiên Giang", "Huyen": "Kiên Hải", "Xa": "An Sơn", "Ddanh": "Hòn Lớn", "TK": "1", "Khoanh": "2", "Lo": "5", "ldlr": "RTK", "sldlr": "NULL", "Ht2023": "NULL", "namtr": "NULL", "ChuQL": "Ban Quản lí rừng Kiên Giang", "Nguoinkcu": "Vũ Kim Tầng", "Churung": "Vũ Kim Tầng", "CMND": "370782581 Ngày cấp 06/08/2015", "DienThoai": "NULL", "Dtich": 2.43, "DtichBS": 2.43, "NgayDoVe": "PyQt5.QtCore.QDate(2019, 10, 10)", "TranhChap": "Không", "KT": 1.0, "Lapdia": "1", "mdsd": "Phòng hộ môi sinh", "nqh": "0", "Anh": "https://cdn2.fptshop.com.vn/unsafe/1920x0/filters:format(webp):quality(75)/hinh_nen_meme_con_luoi_flash_zootopia_1_c520bf6214.jpg", "Anh2": "https://png.pngtree.com/thumb_back/fh260/background/20230830/pngtree-the-lotus-is-also-represented-image_13145607.jpg"}}, {"type": "Feature", "geometry": {"coordinates": [[[[104.35559704651159, 9.690362014201845], [104.35583974835103, 9.690108759091888], [104.35566902487315, 9.689972966725527], [104.35559095206422, 9.689909006853608], [104.35551104979953, 9.689861050554558], [104.35544608167046, 9.689840045723818], [104.35536398461007, 9.689809991649454], [104.35530502478062, 9.689803999064184], [104.35532905705513, 9.689866037397703], [104.35537603110431, 9.689982970410584], [104.35547601703516, 9.690163038990416], [104.35552100506553, 9.690236026970062], [104.35559704651159, 9.690362014201845]]]], "type": "MultiPolygon"}, "properties": {"fid": 63, "TT": 35.0, "id": 35.0, "Tinh": "Kiên Giang", "Huyen": "Kiên Hải", "Xa": "An Sơn", "Ddanh": "Hòn Lớn", "TK": "1", "Khoanh": "2", "Lo": "51", "ldlr": "RTK", "sldlr": "Tràm bông vàng", "Ht2023": "NULL", "namtr": "2000", "ChuQL": "Ban Quản lí rừng Kiên Giang", "Nguoinkcu": "Hồ Minh Hậu", "Churung": "Hồ Dương Nhật", "CMND": "371120698/ Ngày cấp 12/03/2014/ CA Kiên Giang", "DienThoai": "0919263697", "Dtich": 0.16, "DtichBS": 0.16, "NgayDoVe": "PyQt5.QtCore.QDate(2019, 10, 17)", "TranhChap": "Không", "KT": 1.0, "Lapdia": "1", "mdsd": "Phòng hộ môi sinh", "nqh": "0", "Anh": "https://cdn2.fptshop.com.vn/unsafe/1920x0/filters:format(webp):quality(75)/hinh_nen_meme_con_luoi_flash_zootopia_1_c520bf6214.jpg", "Anh2": "https://png.pngtree.com/thumb_back/fh260/background/20230830/pngtree-the-lotus-is-also-represented-image_13145607.jpg"}}, {"type": "Feature", "geometry": {"coordinates": [[[[104.35606206851828, 9.700894703297267], [104.35592587045635, 9.701207409064512], [104.35546077072829, 9.701720347064732], [104.35530495224431, 9.701879872711686], [104.35710344939685, 9.702229648734182], [104.35745167771509, 9.700719417003304], [104.35606206851828, 9.700894703297267]]]], "type": "MultiPolygon"}, "properties": {"fid": 64, "TT": 36.0, "id": 36.0, "Tinh": "Kiên Giang", "Huyen": "Kiên Hải", "Xa": "An Sơn", "Ddanh": "Hòn Lớn", "TK": "1", "Khoanh": "2", "Lo": "11", "ldlr": "RTK", "sldlr": "Sao, Dầu", "Ht2023": "NULL", "namtr": "NULL", "ChuQL": "Ban Quản lí rừng Kiên Giang", "Nguoinkcu": "Hồ Minh Hậu", "Churung": "Hồ Minh Hậu", "CMND": "370379279/ Ngày cấp 10/04/2018/ CA Kiên Giang", "DienThoai": "0919263697", "Dtich": 2.42, "DtichBS": 2.42, "NgayDoVe": "PyQt5.QtCore.QDate(2019, 10, 17)", "TranhChap": "Không", "KT": 1.0, "Lapdia": "1", "mdsd": "Phòng hộ môi sinh", "nqh": "0", "Anh": "https://cdn2.fptshop.com.vn/unsafe/1920x0/filters:format(webp):quality(75)/hinh_nen_meme_con_luoi_flash_zootopia_1_c520bf6214.jpg", "Anh2": "https://png.pngtree.com/thumb_back/fh260/background/20230830/pngtree-the-lotus-is-also-represented-image_13145607.jpg"}}, {"type": "Feature", "geometry": {"coordinates": [[[[104.35270049325912, 9.690801852194664], [104.35292798213894, 9.690749506125465], [104.35298439864776, 9.690736509809243], [104.35305702922315, 9.690531196866582], [104.35271471986242, 9.690778982016344], [104.35270049325912, 9.690801852194664]]]], "type": "MultiPolygon"}, "properties": {"fid": 65, "TT": 39.0, "id": 39.0, "Tinh": "Kiên Giang", "Huyen": "Kiên Hải", "Xa": "An Sơn", "Ddanh": "Hòn Lớn", "TK": "1", "Khoanh": "2", "Lo": "47", "ldlr": "RTK", "sldlr": "Bạch đàn, Tre", "Ht2023": "NULL", "namtr": "NULL", "ChuQL": "Ban Quản lí rừng Kiên Giang", "Nguoinkcu": "Nguyễn Thị Chăm", "Churung": "Nguyễn Thị Chăm", "CMND": "NULL", "DienThoai": "NULL", "Dtich": 0.04, "DtichBS": 0.04, "NgayDoVe": "PyQt5.QtCore.QDate(2019, 10, 12)", "TranhChap": "Không", "KT": 1.0, "Lapdia": "1", "mdsd": "Phòng hộ môi sinh", "nqh": "0", "Anh": "https://cdn2.fptshop.com.vn/unsafe/1920x0/filters:format(webp):quality(75)/hinh_nen_meme_con_luoi_flash_zootopia_1_c520bf6214.jpg", "Anh2": "https://png.pngtree.com/thumb_back/fh260/background/20230830/pngtree-the-lotus-is-also-represented-image_13145607.jpg"}}, {"type": "Feature", "geometry": {"coordinates": [[[[104.35509994211061, 9.686487483178592], [104.35555370101194, 9.686447256630526], [104.35554666428504, 9.68564043478104], [104.35507861099168, 9.68458991714625], [104.35466495603599, 9.684620756390048], [104.35509101005117, 9.685640242735253], [104.35509994211061, 9.686487483178592]]]], "type": "MultiPolygon"}, "properties": {"fid": 66, "TT": 40.0, "id": 40.0, "Tinh": "Kiên Giang", "Huyen": "Kiên Hải", "Xa": "An Sơn", "Ddanh": "Hòn Lớn", "TK": "1", "Khoanh": "3", "Lo": "8", "ldlr": "RTK", "sldlr": "Xoài, Dừa", "Ht2023": "NULL", "namtr": "NULL", "ChuQL": "Ban Quản lí rừng Kiên Giang", "Nguoinkcu": "Đặng Hữu Thích", "Churung": "Đặng Hữu Thích", "CMND": "371878270/ Ngày cấp 19/11/2014/ CA Kiên Giang", "DienThoai": "0358837217", "Dtich": 1.02, "DtichBS": 1.02, "NgayDoVe": "PyQt5.QtCore.QDate(2019, 9, 22)", "TranhChap": "Không", "KT": 1.0, "Lapdia": "1", "mdsd": "Phòng hộ môi sinh", "nqh": "0", "Anh": "https://cdn2.fptshop.com.vn/unsafe/1920x0/filters:format(webp):quality(75)/hinh_nen_meme_con_luoi_flash_zootopia_1_c520bf6214.jpg", "Anh2": "https://png.pngtree.com/thumb_back/fh260/background/20230830/pngtree-the-lotus-is-also-represented-image_13145607.jpg"}}, {"type": "Feature", "geometry": {"coordinates": [[[[104.36137559857907, 9.647524278378757], [104.36152504667717, 9.647499111188091], [104.36197635552496, 9.647527593829533], [104.36200299267834, 9.64745400232292], [104.36208517992662, 9.647462715581687], [104.36199836362783, 9.64718545198953], [104.36182725866097, 9.646914031910589], [104.36162717764982, 9.646642690532968], [104.36156697799296, 9.64656689408929], [104.36154100625694, 9.646572851399533], [104.36144404758966, 9.64658899767543], [104.36140999599318, 9.646744959112155], [104.3613180297053, 9.647031012143627], [104.36135798013184, 9.647156983783848], [104.36136000441624, 9.647331947997905], [104.36138803685894, 9.647411981294658], [104.36137559857907, 9.647524278378757]]]], "type": "MultiPolygon"}, "properties": {"fid": 67, "TT": 41.0, "id": 41.0, "Tinh": "Kiên Giang", "Huyen": "Kiên Hải", "Xa": "An Sơn", "Ddanh": "Hòn Nồm Giữa", "TK": "1", "Khoanh": "5", "Lo": "22", "ldlr": "RTK", "sldlr": "NULL", "Ht2023": "NULL", "namtr": "NULL", "ChuQL": "Ban Quản lí rừng Kiên Giang", "Nguoinkcu": "Dương Ngọc Loan", "Churung": "Dương Ngọc Loan", "CMND": "NULL", "DienThoai": "0814211496", "Dtich": 0.58, "DtichBS": 0.58, "NgayDoVe": "PyQt5.QtCore.QDate(2019, 9, 18)", "TranhChap": "Không", "KT": 1.0, "Lapdia": "1", "mdsd": "Phòng hộ môi sinh", "nqh": "0", "Anh": "https://cdn2.fptshop.com.vn/unsafe/1920x0/filters:format(webp):quality(75)/hinh_nen_meme_con_luoi_flash_zootopia_1_c520bf6214.jpg", "Anh2": "https://png.pngtree.com/thumb_back/fh260/background/20230830/pngtree-the-lotus-is-also-represented-image_13145607.jpg"}}, {"type": "Feature", "geometry": {"coordinates": [[[[104.355005978042, 9.687567783217876], [104.35489040181375, 9.68804253045287], [104.35496099545503, 9.688120050341082], [104.35530140006608, 9.688479433190112], [104.35602077218272, 9.688314809441719], [104.3560399574281, 9.687561436970267], [104.355005978042, 9.687567783217876]]]], "type": "MultiPolygon"}, "properties": {"fid": 68, "TT": 42.0, "id": 42.0, "Tinh": "Kiên Giang", "Huyen": "Kiên Hải", "Xa": "An Sơn", "Ddanh": "Hòn Lớn", "TK": "1", "Khoanh": "3", "Lo": "1", "ldlr": "RTK", "sldlr": "Xoài, Dầu", "Ht2023": "NULL", "namtr": "NULL", "ChuQL": "Ban Quản lí rừng Kiên Giang", "Nguoinkcu": "Ngô Minh Tuấn", "Churung": "Ngô Minh Tuấn", "CMND": "370993383/ Ngày cấp 18/03/2015/ CA Kiên Giang", "DienThoai": "0869848314", "Dtich": 1.05, "DtichBS": 1.05, "NgayDoVe": "PyQt5.QtCore.QDate(2019, 10, 18)", "TranhChap": "Không", "KT": 1.0, "Lapdia": "1", "mdsd": "Phòng hộ môi sinh", "nqh": "0", "Anh": "https://cdn2.fptshop.com.vn/unsafe/1920x0/filters:format(webp):quality(75)/hinh_nen_meme_con_luoi_flash_zootopia_1_c520bf6214.jpg", "Anh2": "https://png.pngtree.com/thumb_back/fh260/background/20230830/pngtree-the-lotus-is-also-represented-image_13145607.jpg"}}, {"type": "Feature", "geometry": {"coordinates": [[[[104.36160303342754, 9.69633203650125], [104.36165758607198, 9.69619868885626], [104.36194986266828, 9.69572681367212], [104.36196974299038, 9.695694541694882], [104.36200176573385, 9.695609288417451], [104.36201171004718, 9.695582980166405], [104.36203102540182, 9.695372128235926], [104.36202252917712, 9.69520005534227], [104.36195816973449, 9.695024162321516], [104.36191235640719, 9.694958679715707], [104.3607899519515, 9.69541403373312], [104.36097226413723, 9.695968292527327], [104.36092664651513, 9.696312774629524], [104.36160303342754, 9.69633203650125]]]], "type": "MultiPolygon"}, "properties": {"fid": 69, "TT": 43.0, "id": 43.0, "Tinh": "Kiên Giang", "Huyen": "Kiên Hải", "Xa": "An Sơn", "Ddanh": "Hòn Lớn", "TK": "1", "Khoanh": "2", "Lo": "33", "ldlr": "RTK", "sldlr": "NULL", "Ht2023": "NULL", "namtr": "NULL", "ChuQL": "Ban Quản lí rừng Kiên Giang", "Nguoinkcu": "Tống Văn Hoàng", "Churung": "Tống Văn Hoàng", "CMND": "371044962/ Ngày cấp 24/10/2017/ CA Kiên Giang", "DienThoai": "0822927792", "Dtich": 1.4, "DtichBS": 1.4, "NgayDoVe": "PyQt5.QtCore.QDate(2019, 9, 10)", "TranhChap": "Không", "KT": 1.0, "Lapdia": "1", "mdsd": "Phòng hộ môi sinh", "nqh": "0", "Anh": "https://cdn2.fptshop.com.vn/unsafe/1920x0/filters:format(webp):quality(75)/hinh_nen_meme_con_luoi_flash_zootopia_1_c520bf6214.jpg", "Anh2": "https://png.pngtree.com/thumb_back/fh260/background/20230830/pngtree-the-lotus-is-also-represented-image_13145607.jpg"}}, {"type": "Feature", "geometry": {"coordinates": [[[[104.35630517197083, 9.699287588608781], [104.35634927614686, 9.699513295589655], [104.35634925342241, 9.699780758145794], [104.35769037403753, 9.699822096981624], [104.35776502311114, 9.699150306801599], [104.35630517197083, 9.699287588608781]]]], "type": "MultiPolygon"}, "properties": {"fid": 70, "TT": 44.0, "id": 44.0, "Tinh": "Kiên Giang", "Huyen": "Kiên Hải", "Xa": "An Sơn", "Ddanh": "Hòn Lớn", "TK": "1", "Khoanh": "2", "Lo": "18", "ldlr": "RTK", "sldlr": "Sao", "Ht2023": "NULL", "namtr": "NULL", "ChuQL": "Ban Quản lí rừng Kiên Giang", "Nguoinkcu": "Hoàng Đinh Mẫn", "Churung": "Hoàng Đinh Mẫn", "CMND": "370890322/ Ngày cấp 16/07/2014/ CA Kiên Giang", "DienThoai": "0919681532", "Dtich": 0.99, "DtichBS": 0.99, "NgayDoVe": "PyQt5.QtCore.QDate(2019, 10, 17)", "TranhChap": "Không", "KT": 1.0, "Lapdia": "1", "mdsd": "Phòng hộ môi sinh", "nqh": "0", "Anh": "https://cdn2.fptshop.com.vn/unsafe/1920x0/filters:format(webp):quality(75)/hinh_nen_meme_con_luoi_flash_zootopia_1_c520bf6214.jpg", "Anh2": "https://png.pngtree.com/thumb_back/fh260/background/20230830/pngtree-the-lotus-is-also-represented-image_13145607.jpg"}}, {"type": "Feature", "geometry": {"coordinates": [[[[104.35373344692997, 9.69066151000347], [104.35417617756093, 9.690637556286882], [104.35434041855619, 9.690800743928063], [104.3544183186371, 9.690631058446494], [104.35374878160854, 9.690605003973603], [104.35373344692997, 9.69066151000347]]]], "type": "MultiPolygon"}, "properties": {"fid": 71, "TT": 45.0, "id": 45.0, "Tinh": "Kiên Giang", "Huyen": "Kiên Hải", "Xa": "An Sơn", "Ddanh": "Hòn Lớn", "TK": "1", "Khoanh": "2", "Lo": "48", "ldlr": "RTK", "sldlr": "Bạch đàn, Tre, Xoài", "Ht2023": "NULL", "namtr": "NULL", "ChuQL": "Ban Quản lí rừng Kiên Giang", "Nguoinkcu": "Nguyễn Văn Sang", "Churung": "Nguyễn Văn Sang", "CMND": "NULL", "DienThoai": "NULL", "Dtich": 0.05, "DtichBS": 0.05, "NgayDoVe": "PyQt5.QtCore.QDate(2019, 10, 12)", "TranhChap": "Không", "KT": 1.0, "Lapdia": "1", "mdsd": "Phòng hộ môi sinh", "nqh": "0", "Anh": "https://cdn2.fptshop.com.vn/unsafe/1920x0/filters:format(webp):quality(75)/hinh_nen_meme_con_luoi_flash_zootopia_1_c520bf6214.jpg", "Anh2": "https://png.pngtree.com/thumb_back/fh260/background/20230830/pngtree-the-lotus-is-also-represented-image_13145607.jpg"}}, {"type": "Feature", "geometry": {"coordinates": [[[[104.3541437784982, 9.684835916133194], [104.35458688291186, 9.684772629167037], [104.35449075299678, 9.683895965153678], [104.35430457376125, 9.683049915308764], [104.35390303754617, 9.68308862535773], [104.35402617788436, 9.684089357472015], [104.35410445710238, 9.68472694315754], [104.3541437784982, 9.684835916133194]]]], "type": "MultiPolygon"}, "properties": {"fid": 72, "TT": 46.0, "id": 46.0, "Tinh": "Kiên Giang", "Huyen": "Kiên Hải", "Xa": "An Sơn", "Ddanh": "Hòn Lớn", "TK": "1", "Khoanh": "3", "Lo": "11", "ldlr": "RTK", "sldlr": "Dầu, Xoài, Dừa", "Ht2023": "NULL", "namtr": "NULL", "ChuQL": "Ban Quản lí rừng Kiên Giang", "Nguoinkcu": "Trần Văn Hoàng", "Churung": "Nguyễn Thành Tiến", "CMND": "371740942/ Ngày cấp 27/06/2016/ CA An Giang", "DienThoai": "0947443383", "Dtich": 0.99, "DtichBS": 0.99, "NgayDoVe": "PyQt5.QtCore.QDate(2019, 9, 22)", "TranhChap": "Không", "KT": 1.0, "Lapdia": "1", "mdsd": "Phòng hộ môi sinh", "nqh": "0", "Anh": "https://cdn2.fptshop.com.vn/unsafe/1920x0/filters:format(webp):quality(75)/hinh_nen_meme_con_luoi_flash_zootopia_1_c520bf6214.jpg", "Anh2": "https://png.pngtree.com/thumb_back/fh260/background/20230830/pngtree-the-lotus-is-also-represented-image_13145607.jpg"}}, {"type": "Feature", "geometry": {"coordinates": [[[[104.35927126463532, 9.674715064578699], [104.35927090535145, 9.674702496022283], [104.35881324485531, 9.672775363116857], [104.3569903003831, 9.67285074329778], [104.35745104364692, 9.674790357746996], [104.35927126463532, 9.674715064578699]]]], "type": "MultiPolygon"}, "properties": {"fid": 73, "TT": 48.0, "id": 48.0, "Tinh": "Kiên Giang", "Huyen": "Kiên Hải", "Xa": "An Sơn", "Ddanh": "Hòn Lớn", "TK": "1", "Khoanh": "4", "Lo": "5", "ldlr": "RTK", "sldlr": "Xoài, Dừa", "Ht2023": "NULL", "namtr": "NULL", "ChuQL": "Ban Quản lí rừng Kiên Giang", "Nguoinkcu": "Vũ Thành Đô", "Churung": "Vũ Thành Đô", "CMND": "NULL", "DienThoai": "NULL", "Dtich": 4.35, "DtichBS": 4.35, "NgayDoVe": "PyQt5.QtCore.QDate(2019, 11, 27)", "TranhChap": "Không", "KT": 1.0, "Lapdia": "1", "mdsd": "Phòng hộ môi sinh", "nqh": "0", "Anh": "https://cdn2.fptshop.com.vn/unsafe/1920x0/filters:format(webp):quality(75)/hinh_nen_meme_con_luoi_flash_zootopia_1_c520bf6214.jpg", "Anh2": "https://png.pngtree.com/thumb_back/fh260/background/20230830/pngtree-the-lotus-is-also-represented-image_13145607.jpg"}}, {"type": "Feature", "geometry": {"coordinates": [[[[104.35677721372002, 9.683252773382751], [104.35677757958175, 9.683249608829865], [104.35683816345029, 9.683076298653422], [104.35650403157223, 9.68319090235659], [104.35652866476119, 9.68333956338658], [104.35677721372002, 9.683252773382751]]]], "type": "MultiPolygon"}, "properties": {"fid": 74, "TT": 49.0, "id": 49.0, "Tinh": "Kiên Giang", "Huyen": "Kiên Hải", "Xa": "An Sơn", "Ddanh": "Hòn Lớn", "TK": "1", "Khoanh": "3", "Lo": "19", "ldlr": "RTK", "sldlr": "NULL", "Ht2023": "NULL", "namtr": "NULL", "ChuQL": "Ban Quản lí rừng Kiên Giang", "Nguoinkcu": "NULL", "Churung": "NULL", "CMND": "NULL", "DienThoai": "NULL", "Dtich": 0.06, "DtichBS": 0.06, "NgayDoVe": "PyQt5.QtCore.QDate(2019, 11, 15)", "TranhChap": "Không", "KT": 1.0, "Lapdia": "1", "mdsd": "Phòng hộ môi sinh", "nqh": "0", "Anh": "https://cdn2.fptshop.com.vn/unsafe/1920x0/filters:format(webp):quality(75)/hinh_nen_meme_con_luoi_flash_zootopia_1_c520bf6214.jpg", "Anh2": "https://png.pngtree.com/thumb_back/fh260/background/20230830/pngtree-the-lotus-is-also-represented-image_13145607.jpg"}}, {"type": "Feature", "geometry": {"coordinates": [[[[104.35698496019278, 9.686124423103989], [104.35699338036513, 9.686039069997166], [104.35701003801346, 9.685869358326936], [104.35693376392565, 9.685863449236823], [104.35669199365196, 9.685863257967394], [104.35663402039035, 9.685896237111825], [104.35663027694797, 9.686127711111602], [104.35698496019278, 9.686124423103989]]]], "type": "MultiPolygon"}, "properties": {"fid": 75, "TT": 51.0, "id": 51.0, "Tinh": "Kiên Giang", "Huyen": "Kiên Hải", "Xa": "An Sơn", "Ddanh": "Hòn Lớn", "TK": "1", "Khoanh": "3", "Lo": "5", "ldlr": "RTK", "sldlr": "Tràm bông vàng, Mít, Xoài", "Ht2023": "NULL", "namtr": "1983", "ChuQL": "Ban Quản lí rừng Kiên Giang", "Nguoinkcu": "Nguyễn Văn Phúc", "Churung": "Nguyễn Văn Phúc", "CMND": "370230359/ Ngày cấp 07/11/2018 / CA Kiên Giang", "DienThoai": "0393421402", "Dtich": 0.12, "DtichBS": 0.12, "NgayDoVe": "PyQt5.QtCore.QDate(2019, 11, 14)", "TranhChap": "Không", "KT": 1.0, "Lapdia": "1", "mdsd": "Phòng hộ môi sinh", "nqh": "0", "Anh": "https://cdn2.fptshop.com.vn/unsafe/1920x0/filters:format(webp):quality(75)/hinh_nen_meme_con_luoi_flash_zootopia_1_c520bf6214.jpg", "Anh2": "https://png.pngtree.com/thumb_back/fh260/background/20230830/pngtree-the-lotus-is-also-represented-image_13145607.jpg"}}, {"type": "Feature", "geometry": {"coordinates": [[[[104.36009212234335, 9.66683346792521], [104.36003726344565, 9.666615804049727], [104.35984286934008, 9.666671062081326], [104.35960880196743, 9.665927892951377], [104.35947600614662, 9.664892165063861], [104.35981308923894, 9.664866442407096], [104.35985334196883, 9.664705781998828], [104.35736930336833, 9.665054687388626], [104.35785529491612, 9.667394602944395], [104.36008823296615, 9.666983744805881], [104.36009212234335, 9.66683346792521]]]], "type": "MultiPolygon"}, "properties": {"fid": 76, "TT": 52.0, "id": 52.0, "Tinh": "Kiên Giang", "Huyen": "Kiên Hải", "Xa": "An Sơn", "Ddanh": "Hòn Lớn", "TK": "1", "Khoanh": "4", "Lo": "9", "ldlr": "RTK", "sldlr": "Xoài, Mít, Tram", "Ht2023": "NULL", "namtr": "NULL", "ChuQL": "Ban Quản lí rừng Kiên Giang", "Nguoinkcu": "Nguyễn Văn Sinh", "Churung": "Nguyễn Văn Sinh", "CMND": "371512205/ Ngày cấp 11/06/2009/ Nơi cấp CA Kiên Giang", "DienThoai": "0917774134", "Dtich": 6.05, "DtichBS": 6.05, "NgayDoVe": "PyQt5.QtCore.QDate(2019, 11, 27)", "TranhChap": "Không", "KT": 1.0, "Lapdia": "1", "mdsd": "Phòng hộ môi sinh", "nqh": "0", "Anh": "https://cdn2.fptshop.com.vn/unsafe/1920x0/filters:format(webp):quality(75)/hinh_nen_meme_con_luoi_flash_zootopia_1_c520bf6214.jpg", "Anh2": "https://png.pngtree.com/thumb_back/fh260/background/20230830/pngtree-the-lotus-is-also-represented-image_13145607.jpg"}}, {"type": "Feature", "geometry": {"coordinates": [[[[104.35614972337386, 9.691524777765354], [104.35617532731479, 9.691534825132393], [104.35617723697597, 9.69154450088487], [104.35639041906123, 9.691489795600164], [104.35634717980828, 9.691375396055479], [104.35634949915314, 9.69127891876599], [104.35631081940376, 9.691157830036513], [104.3562812605688, 9.691018751520263], [104.35617972971535, 9.690826927911885], [104.35595200025907, 9.691016985875748], [104.35594676214134, 9.691332821128853], [104.35614972337386, 9.691524777765354]]]], "type": "MultiPolygon"}, "properties": {"fid": 77, "TT": 54.0, "id": 54.0, "Tinh": "Kiên Giang", "Huyen": "Kiên Hải", "Xa": "An Sơn", "Ddanh": "Hòn Lớn", "TK": "1", "Khoanh": "2", "Lo": "44", "ldlr": "RTK", "sldlr": "Xoài, Mít, Chuối", "Ht2023": "NULL", "namtr": "1998", "ChuQL": "Ban Quản lí rừng Kiên Giang", "Nguoinkcu": "Ngô Văn Đông", "Churung": "Ngô Minh Tuấn", "CMND": "370993383/ Ngày cấp 18/03/2015/CA Kiên Giang", "DienThoai": "0869848314", "Dtich": 0.25, "DtichBS": 0.25, "NgayDoVe": "PyQt5.QtCore.QDate(2019, 10, 17)", "TranhChap": "Không", "KT": 1.0, "Lapdia": "1", "mdsd": "Phòng hộ môi sinh", "nqh": "0", "Anh": "https://cdn2.fptshop.com.vn/unsafe/1920x0/filters:format(webp):quality(75)/hinh_nen_meme_con_luoi_flash_zootopia_1_c520bf6214.jpg", "Anh2": "https://png.pngtree.com/thumb_back/fh260/background/20230830/pngtree-the-lotus-is-also-represented-image_13145607.jpg"}}, {"type": "Feature", "geometry": {"coordinates": [[[[104.35899023535622, 9.7004594627494], [104.35969912604634, 9.700573773356606], [104.35972356621214, 9.70053526440653], [104.35972374866986, 9.700534812380813], [104.3597239310148, 9.700534631615287], [104.3597360598855, 9.700515557942344], [104.36001459662754, 9.700007510958697], [104.35920275070539, 9.699831040148938], [104.3590784900292, 9.700154783387275], [104.35899023535622, 9.7004594627494]]]], "type": "MultiPolygon"}, "properties": {"fid": 78, "TT": 55.0, "id": 55.0, "Tinh": "Kiên Giang", "Huyen": "Kiên Hải", "Xa": "An Sơn", "Ddanh": "Hòn Lớn", "TK": "1", "Khoanh": "2", "Lo": "15", "ldlr": "RTK", "sldlr": "Tràm, Dầu", "Ht2023": "NULL", "namtr": "NULL", "ChuQL": "Ban Quản lí rừng Kiên Giang", "Nguoinkcu": "Tạ Thanh Hải", "Churung": "Nguyễn Thị Hờn", "CMND": "370630651/ Ngày cấp 28/09/2018/ CA Kiên Giang", "DienThoai": "0907707839/ 0825693759", "Dtich": 0.61, "DtichBS": 0.61, "NgayDoVe": "PyQt5.QtCore.QDate(2019, 9, 10)", "TranhChap": "Không", "KT": 1.0, "Lapdia": "1", "mdsd": "Phòng hộ môi sinh", "nqh": "0", "Anh": "https://cdn2.fptshop.com.vn/unsafe/1920x0/filters:format(webp):quality(75)/hinh_nen_meme_con_luoi_flash_zootopia_1_c520bf6214.jpg", "Anh2": "https://png.pngtree.com/thumb_back/fh260/background/20230830/pngtree-the-lotus-is-also-represented-image_13145607.jpg"}}, {"type": "Feature", "geometry": {"coordinates": [[[[104.35482349850213, 9.710950335089288], [104.35529705725303, 9.710508833803578], [104.35531003104192, 9.710433700258335], [104.35558412277322, 9.709912363755592], [104.35608114442248, 9.709583444138438], [104.3563067161422, 9.709567444097019], [104.35628805242145, 9.709521864576631], [104.35628799195764, 9.7092361372933], [104.3563455789076, 9.70883605286356], [104.3567216949366, 9.708423443007625], [104.35712349935939, 9.70825253616727], [104.35720315762052, 9.708241809404017], [104.35749543429479, 9.707809632970678], [104.35611534867772, 9.707596568951447], [104.35469748416335, 9.71046002436958], [104.35471697816696, 9.710481914282452], [104.35475402030335, 9.710599928104726], [104.35482349850213, 9.710950335089288]]]], "type": "MultiPolygon"}, "properties": {"fid": 79, "TT": 56.0, "id": 56.0, "Tinh": "Kiên Giang", "Huyen": "Kiên Hải", "Xa": "An Sơn", "Ddanh": "Hòn Lớn", "TK": "1", "Khoanh": "2", "Lo": "1", "ldlr": "RTK", "sldlr": "Keo, Sao, Dầu", "Ht2023": "NULL", "namtr": "NULL", "ChuQL": "Ban Quản lí rừng Kiên Giang", "Nguoinkcu": "Huỳnh Thanh Nhựt", "Churung": "Huỳnh Thanh Nhựt", "CMND": "NULL", "DienThoai": "NULL", "Dtich": 3.49, "DtichBS": 3.49, "NgayDoVe": "PyQt5.QtCore.QDate(2019, 9, 10)", "TranhChap": "Không", "KT": 1.0, "Lapdia": "1", "mdsd": "Phòng hộ môi sinh", "nqh": "0", "Anh": "https://cdn2.fptshop.com.vn/unsafe/1920x0/filters:format(webp):quality(75)/hinh_nen_meme_con_luoi_flash_zootopia_1_c520bf6214.jpg", "Anh2": "https://png.pngtree.com/thumb_back/fh260/background/20230830/pngtree-the-lotus-is-also-represented-image_13145607.jpg"}}, {"type": "Feature", "geometry": {"coordinates": [[[[104.35891548610653, 9.698542255037978], [104.35939086047807, 9.698500133733322], [104.35939861729338, 9.698475180970553], [104.359413943567, 9.698437482079274], [104.35940350632615, 9.698333765958866], [104.35952082438398, 9.698265998983093], [104.35954044331457, 9.698205787242111], [104.35957958311613, 9.697882913133668], [104.35959606791158, 9.69768905920889], [104.35960629576911, 9.697638970666066], [104.3587303274732, 9.697608320137025], [104.35872505641186, 9.698008607694776], [104.35883316822289, 9.698162818473744], [104.35895902584875, 9.698377979657375], [104.35891548610653, 9.698542255037978]]]], "type": "MultiPolygon"}, "properties": {"fid": 80, "TT": 57.0, "id": 57.0, "Tinh": "Kiên Giang", "Huyen": "Kiên Hải", "Xa": "An Sơn", "Ddanh": "Hòn Lớn", "TK": "1", "Khoanh": "2", "Lo": "23", "ldlr": "RTK", "sldlr": "Xoài, Mít, Tre, Chuối", "Ht2023": "NULL", "namtr": "NULL", "ChuQL": "Ban Quản lí rừng Kiên Giang", "Nguoinkcu": "Đặng Hữu Tuyến", "Churung": "Đặng Hữu Tuyến", "CMND": "371375900/ Ngày cấp 20/10/2006/ CA Kiên Giang", "DienThoai": "0962082779", "Dtich": 0.78, "DtichBS": 0.78, "NgayDoVe": "PyQt5.QtCore.QDate(2019, 9, 22)", "TranhChap": "Không", "KT": 1.0, "Lapdia": "1", "mdsd": "Phòng hộ môi sinh", "nqh": "0", "Anh": "https://cdn2.fptshop.com.vn/unsafe/1920x0/filters:format(webp):quality(75)/hinh_nen_meme_con_luoi_flash_zootopia_1_c520bf6214.jpg", "Anh2": "https://png.pngtree.com/thumb_back/fh260/background/20230830/pngtree-the-lotus-is-also-represented-image_13145607.jpg"}}, {"type": "Feature", "geometry": {"coordinates": [[[[104.354420133716, 9.705860330692063], [104.35562097956671, 9.706633116372448], [104.35598901064968, 9.7055151371413], [104.35469250493803, 9.704038392190286], [104.35459730972455, 9.704364406468436], [104.35447593098407, 9.704753703616548], [104.35439645867895, 9.705179819474443], [104.35440063003928, 9.705439326740493], [104.35440506372508, 9.705724513402796], [104.354420133716, 9.705860330692063]]]], "type": "MultiPolygon"}, "properties": {"fid": 81, "TT": 59.0, "id": 59.0, "Tinh": "Kiên Giang", "Huyen": "Kiên Hải", "Xa": "An Sơn", "Ddanh": "Hòn Lớn", "TK": "1", "Khoanh": "2", "Lo": "7", "ldlr": "RTK", "sldlr": "Sao, Dầu", "Ht2023": "NULL", "namtr": "NULL", "ChuQL": "Ban Quản lí rừng Kiên Giang", "Nguoinkcu": "Huỳnh Trọng Thắng", "Churung": "Huỳnh Trọng Thắng", "CMND": "NULL", "DienThoai": "NULL", "Dtich": 2.84, "DtichBS": 2.84, "NgayDoVe": "PyQt5.QtCore.QDate(2019, 10, 17)", "TranhChap": "Không", "KT": 1.0, "Lapdia": "1", "mdsd": "Phòng hộ môi sinh", "nqh": "0", "Anh": "https://cdn2.fptshop.com.vn/unsafe/1920x0/filters:format(webp):quality(75)/hinh_nen_meme_con_luoi_flash_zootopia_1_c520bf6214.jpg", "Anh2": "https://png.pngtree.com/thumb_back/fh260/background/20230830/pngtree-the-lotus-is-also-represented-image_13145607.jpg"}}, {"type": "Feature", "geometry": {"coordinates": [[[[104.34378679160602, 9.7043175125966], [104.34395227197199, 9.704562807030893], [104.34395612383756, 9.704707571196938], [104.3439676830879, 9.705133997150165], [104.34404478208727, 9.705335668836764], [104.3440552579324, 9.705346071904358], [104.34406828939422, 9.705348247915575], [104.34406628034408, 9.705357017740347], [104.34409734354989, 9.705387774674463], [104.34421461102424, 9.705441356653276], [104.34431347061793, 9.70549149426798], [104.34435309014206, 9.705545040905303], [104.34435507201812, 9.70559513448103], [104.34433062740118, 9.70563870581033], [104.34415218953252, 9.705623886225005], [104.34414932268949, 9.7057139432311], [104.3439863239836, 9.705815772368133], [104.34393733908587, 9.705912409024275], [104.34393697370385, 9.70591421725759], [104.34408063201104, 9.70624892704604], [104.34422721143527, 9.706573963161956], [104.34423541300596, 9.706575504031154], [104.34429228215296, 9.706575529885423], [104.34456663163957, 9.706513264688262], [104.34455707877812, 9.706477544458524], [104.34456789885469, 9.706334414527033], [104.34463242714446, 9.706128557483797], [104.34457733609416, 9.705830056105754], [104.34463363044206, 9.70569273367326], [104.34466401299687, 9.705618512636894], [104.34480045786563, 9.70558819335827], [104.34475676872985, 9.705466016152466], [104.34473992930181, 9.705222959576734], [104.34480142916745, 9.7048638392168], [104.3446727772945, 9.704398208347218], [104.34475469031428, 9.704041628990437], [104.34493974562768, 9.703735369816052], [104.3450876846984, 9.703480723576863], [104.34519039470516, 9.703281845980795], [104.34526361384707, 9.703001938706823], [104.3452856379419, 9.702671463515737], [104.34534280881648, 9.70260828573422], [104.3453568472864, 9.702401591922769], [104.34539487550008, 9.702347537913376], [104.34559472680168, 9.702166968827322], [104.34533670130558, 9.701816294082779], [104.34498916499791, 9.701501927518851], [104.34485994147613, 9.701488758146821], [104.34474172958059, 9.701509772480167], [104.3446038284096, 9.701539639007112], [104.34434123670788, 9.701607786954614], [104.34402549447859, 9.701716237838875], [104.34387230697658, 9.701890045766296], [104.34390658884013, 9.702054535377616], [104.34406528480564, 9.702187886714007], [104.34392182966783, 9.702796528890424], [104.34391230916623, 9.703085145205423], [104.34390271244553, 9.70353841630181], [104.34374003497841, 9.703932573350542], [104.34378679160602, 9.7043175125966]]]], "type": "MultiPolygon"}, "properties": {"fid": 82, "TT": 60.0, "id": 60.0, "Tinh": "Kiên Giang", "Huyen": "Kiên Hải", "Xa": "An Sơn", "Ddanh": "Hòn Hàng", "TK": "1", "Khoanh": "1", "Lo": "8", "ldlr": "RTK", "sldlr": "Dừa", "Ht2023": "NULL", "namtr": "NULL", "ChuQL": "Ban Quản lí rừng Kiên Giang", "Nguoinkcu": "Trần Minh Dũng", "Churung": "Trần Minh Dũng", "CMND": "371796947/ Ngày cấp 14/06/2012/ CA Kiên Giang", "DienThoai": "0335122629", "Dtich": 6.0, "DtichBS": 6.0, "NgayDoVe": "PyQt5.QtCore.QDate(2019, 5, 10)", "TranhChap": "Không", "KT": 1.0, "Lapdia": "1", "mdsd": "Phòng hộ môi sinh", "nqh": "0", "Anh": "https://cdn2.fptshop.com.vn/unsafe/1920x0/filters:format(webp):quality(75)/hinh_nen_meme_con_luoi_flash_zootopia_1_c520bf6214.jpg", "Anh2": "https://png.pngtree.com/thumb_back/fh260/background/20230830/pngtree-the-lotus-is-also-represented-image_13145607.jpg"}}, {"type": "Feature", "geometry": {"coordinates": [[[[104.34221629779461, 9.712193728557246], [104.34255077172958, 9.712394072307209], [104.34290711350674, 9.712411144531806], [104.34293796251872, 9.712511524829745], [104.34307304206942, 9.713462262101181], [104.34314718173124, 9.713758873498044], [104.34321728739782, 9.71391126321925], [104.34320724125575, 9.714152046924866], [104.34317045172318, 9.714478265218093], [104.34313645663798, 9.714870581755507], [104.34316977561002, 9.715147553291727], [104.34323292185852, 9.715175341140757], [104.34328524342301, 9.715158366153304], [104.34335105554955, 9.71494102675009], [104.34341544546989, 9.714646015951102], [104.34346917893089, 9.714532382662847], [104.34355828222411, 9.714401314483368], [104.34353467395798, 9.71421232601285], [104.34362415021234, 9.714062902733945], [104.3437291709998, 9.713803355032129], [104.34375180883947, 9.713726779671477], [104.34381342406915, 9.713517937711908], [104.34383732850921, 9.713264772761818], [104.34390022058695, 9.712856917049162], [104.34387277551365, 9.712097015245215], [104.34379301136697, 9.711743527253905], [104.34389161095986, 9.711375020474225], [104.34390813245227, 9.71092627374239], [104.34384724863968, 9.710737901201616], [104.34393005109096, 9.710630972135835], [104.34396006473061, 9.710567510999816], [104.34414443826687, 9.710365506346202], [104.34417782748109, 9.710294361028382], [104.34418457905146, 9.710278359766578], [104.34434299297178, 9.709846857305047], [104.34441805772128, 9.709719670519538], [104.34441805772128, 9.709719670519538], [104.34452805517891, 9.709533545755379], [104.34435316466708, 9.709529397413695], [104.34401230942048, 9.709533401644121], [104.343513268698, 9.7094753051906], [104.34353615121567, 9.709656426840516], [104.34335757688906, 9.709930769799815], [104.34347221462424, 9.710351455891512], [104.34352291678712, 9.710680065207125], [104.34348893534973, 9.710848592483726], [104.34348887471853, 9.710979158878327], [104.34332689388735, 9.711238047561064], [104.34320486388093, 9.711426607731202], [104.34314114162645, 9.711463017786564], [104.34307070122439, 9.711443454798275], [104.34300315682181, 9.71127207801773], [104.34289943944366, 9.711277726902585], [104.3428947037905, 9.711465707816618], [104.34278924431565, 9.711493689596411], [104.3426226437844, 9.711495059779422], [104.34225369676828, 9.71192980995994], [104.34221629779461, 9.712193728557246]]]], "type": "MultiPolygon"}, "properties": {"fid": 83, "TT": 61.0, "id": 61.0, "Tinh": "Kiên Giang", "Huyen": "Kiên Hải", "Xa": "An Sơn", "Ddanh": "Hòn Hàng", "TK": "1", "Khoanh": "1", "Lo": "4", "ldlr": "RTK", "sldlr": "Tràm, Dừa, Bạch đàn", "Ht2023": "NULL", "namtr": "NULL", "ChuQL": "Ban Quản lí rừng Kiên Giang", "Nguoinkcu": "Trần Minh Dũng", "Churung": "Trần Minh Dũng", "CMND": "371796947/ Ngày cấp 14/06/2012/ CA Kiên Giang", "DienThoai": "0335122629", "Dtich": 5.21, "DtichBS": 5.21, "NgayDoVe": "PyQt5.QtCore.QDate(2019, 5, 10)", "TranhChap": "Không", "KT": 1.0, "Lapdia": "1", "mdsd": "Phòng hộ môi sinh", "nqh": "0", "Anh": "https://cdn2.fptshop.com.vn/unsafe/1920x0/filters:format(webp):quality(75)/hinh_nen_meme_con_luoi_flash_zootopia_1_c520bf6214.jpg", "Anh2": "https://png.pngtree.com/thumb_back/fh260/background/20230830/pngtree-the-lotus-is-also-represented-image_13145607.jpg"}}, {"type": "Feature", "geometry": {"coordinates": [[[[104.34907671265476, 9.669155593555946], [104.34913272387996, 9.669430766806657], [104.34919134756915, 9.669773937180208], [104.34915414527497, 9.670029267496986], [104.34915378076852, 9.670029267337059], [104.3490760883032, 9.670555930875567], [104.34847011013288, 9.670929823061124], [104.34810391577156, 9.671033644669048], [104.34791334106524, 9.671096764120227], [104.34788652525307, 9.671151275627624], [104.34787842626687, 9.671328857287543], [104.34791998689808, 9.671516678399602], [104.34805221159822, 9.671923989377714], [104.348000231643, 9.672413229994937], [104.34783732192355, 9.672761094759991], [104.35001316679089, 9.672768470963303], [104.35007965140336, 9.669151963415088], [104.34907671265476, 9.669155593555946]]]], "type": "MultiPolygon"}, "properties": {"fid": 84, "TT": 62.0, "id": 62.0, "Tinh": "Kiên Giang", "Huyen": "Kiên Hải", "Xa": "An Sơn", "Ddanh": "Hòn Lớn", "TK": "1", "Khoanh": "4", "Lo": "6", "ldlr": "RTK", "sldlr": "Tram,Tre", "Ht2023": "NULL", "namtr": "NULL", "ChuQL": "Ban Quản lí rừng Kiên Giang", "Nguoinkcu": "Từ Văn Ngon", "Churung": "Từ Văn Ngon", "CMND": "095079001611/Ngày cấp 26/05/2022/CCS", "DienThoai": "NULL", "Dtich": 6.76, "DtichBS": 6.76, "NgayDoVe": "PyQt5.QtCore.QDate(2019, 10, 10)", "TranhChap": "Không", "KT": 1.0, "Lapdia": "1", "mdsd": "Phòng hộ môi sinh", "nqh": "0", "Anh": "https://cdn2.fptshop.com.vn/unsafe/1920x0/filters:format(webp):quality(75)/hinh_nen_meme_con_luoi_flash_zootopia_1_c520bf6214.jpg", "Anh2": "https://png.pngtree.com/thumb_back/fh260/background/20230830/pngtree-the-lotus-is-also-represented-image_13145607.jpg"}}, {"type": "Feature", "geometry": {"coordinates": [[[[104.35698463574612, 9.693993776611912], [104.35699328398223, 9.69380082372009], [104.35689605463091, 9.693778087722713], [104.35684103978832, 9.693708441286615], [104.35684278648637, 9.693457707069731], [104.35692015072387, 9.693260713941568], [104.35695113870933, 9.693254126198255], [104.35692135571911, 9.693212882208535], [104.35690086530165, 9.693178694861214], [104.35687643758713, 9.693188359620992], [104.35677626570522, 9.693228012236016], [104.35678025557215, 9.693275122776415], [104.35670613036423, 9.693355565711423], [104.3567506338766, 9.693498176803212], [104.35678628847292, 9.69366212333822], [104.35682668351724, 9.69382254546326], [104.35694727507953, 9.693984538181471], [104.35698463574612, 9.693993776611912]]]], "type": "MultiPolygon"}, "properties": {"fid": 85, "TT": 63.0, "id": 63.0, "Tinh": "Kiên Giang", "Huyen": "Kiên Hải", "Xa": "An Sơn", "Ddanh": "Hòn Lớn", "TK": "1", "Khoanh": "2", "Lo": "40", "ldlr": "RTK", "sldlr": "Xoài", "Ht2023": "NULL", "namtr": "NULL", "ChuQL": "Ban Quản lí rừng Kiên Giang", "Nguoinkcu": "Lê Minh Khai", "Churung": "Lê Minh Khai", "CMND": "370527163/ Ngày cấp 15/06/2017/ CA Kiên Giang", "DienThoai": "0326010647", "Dtich": 0.1, "DtichBS": 0.1, "NgayDoVe": "PyQt5.QtCore.QDate(2019, 11, 15)", "TranhChap": "Không", "KT": 1.0, "Lapdia": "1", "mdsd": "Phòng hộ môi sinh", "nqh": "0", "Anh": "https://cdn2.fptshop.com.vn/unsafe/1920x0/filters:format(webp):quality(75)/hinh_nen_meme_con_luoi_flash_zootopia_1_c520bf6214.jpg", "Anh2": "https://png.pngtree.com/thumb_back/fh260/background/20230830/pngtree-the-lotus-is-also-represented-image_13145607.jpg"}}, {"type": "Feature", "geometry": {"coordinates": [[[[104.34189897636301, 9.730974246995409], [104.34206215685565, 9.73128916436277], [104.34222543606225, 9.731394307651863], [104.34249905142732, 9.73177600563032], [104.34262395079408, 9.73190011920681], [104.34275849395068, 9.73186672580309], [104.34282216094874, 9.731761958491438], [104.34284576505881, 9.731376147851954], [104.34282679769449, 9.731006593197396], [104.34265965648765, 9.730584436411759], [104.34241019793446, 9.7303904613044], [104.34214259184874, 9.730218630499364], [104.34207223534706, 9.730206300894453], [104.34205782131903, 9.730234957326735], [104.34205778548406, 9.730311271665817], [104.34197680303845, 9.730412504464077], [104.34197607087913, 9.730418923934993], [104.34196695387041, 9.730424706589698], [104.34190877057388, 9.730497286819832], [104.34185107403512, 9.730697630512545], [104.3418990391414, 9.730840696907967], [104.34189897636301, 9.730974246995409]]]], "type": "MultiPolygon"}, "properties": {"fid": 86, "TT": 64.0, "id": 64.0, "Tinh": "Kiên Giang", "Huyen": "Kiên Hải", "Xa": "An Sơn", "Ddanh": "Hòn Nhàn", "TK": "1", "Khoanh": "1", "Lo": "1", "ldlr": "RTK", "sldlr": "NULL", "Ht2023": "NULL", "namtr": "NULL", "ChuQL": "Ban Quản lí rừng Kiên Giang", "Nguoinkcu": "Danh Bạc", "Churung": "Danh Bạc", "CMND": "NULL", "DienThoai": "NULL", "Dtich": 1.27, "DtichBS": 1.27, "NgayDoVe": "PyQt5.QtCore.QDate(2019, 11, 15)", "TranhChap": "Không", "KT": 1.0, "Lapdia": "1", "mdsd": "Phòng hộ môi sinh", "nqh": "0", "Anh": "https://cdn2.fptshop.com.vn/unsafe/1920x0/filters:format(webp):quality(75)/hinh_nen_meme_con_luoi_flash_zootopia_1_c520bf6214.jpg", "Anh2": "https://png.pngtree.com/thumb_back/fh260/background/20230830/pngtree-the-lotus-is-also-represented-image_13145607.jpg"}}, {"type": "Feature", "geometry": {"coordinates": [[[[104.36459501374662, 9.70980907827215], [104.36462981679938, 9.709837574345793], [104.36465713264829, 9.709900788754736], [104.36487591320198, 9.709774377503422], [104.36575084308262, 9.70974759558962], [104.36599707688812, 9.709796609275443], [104.36630279732746, 9.709911652651899], [104.3663050017324, 9.709868523147703], [104.36619246060599, 9.709834209993787], [104.36619092950318, 9.709788276009116], [104.365945718681, 9.70968772343339], [104.36593605901744, 9.709685459150784], [104.36571606068988, 9.709667017687408], [104.36534088997728, 9.709562073535675], [104.36504724577432, 9.709561144167917], [104.36476357219959, 9.709696029397792], [104.36469257534546, 9.709698081015356], [104.36459501374662, 9.70980907827215]]]], "type": "MultiPolygon"}, "properties": {"fid": 87, "TT": 65.0, "id": 65.0, "Tinh": "Kiên Giang", "Huyen": "Kiên Hải", "Xa": "An Sơn", "Ddanh": "Hòn Dâm", "TK": "1", "Khoanh": "1", "Lo": "6", "ldlr": "RTK", "sldlr": "Xoài, Dừa, Keo, Sao, Tràm, Dừa, Mít", "Ht2023": "NULL", "namtr": "NULL", "ChuQL": "Ban Quản lí rừng Kiên Giang", "Nguoinkcu": "Trương Mộng Thúy", "Churung": "Trương Mộng Thúy", "CMND": "NULL", "DienThoai": "NULL", "Dtich": 0.27, "DtichBS": 0.27, "NgayDoVe": "PyQt5.QtCore.QDate(2019, 10, 10)", "TranhChap": "Không", "KT": 1.0, "Lapdia": "1", "mdsd": "Phòng hộ môi sinh", "nqh": "0", "Anh": "https://cdn2.fptshop.com.vn/unsafe/1920x0/filters:format(webp):quality(75)/hinh_nen_meme_con_luoi_flash_zootopia_1_c520bf6214.jpg", "Anh2": "https://png.pngtree.com/thumb_back/fh260/background/20230830/pngtree-the-lotus-is-also-represented-image_13145607.jpg"}}, {"type": "Feature", "geometry": {"coordinates": [[[[104.3564788542792, 9.679815868759283], [104.3575777974052, 9.680429555830177], [104.35759322520586, 9.680365635163769], [104.35795103360952, 9.679633470311307], [104.35828321105676, 9.678954099848285], [104.35833138704527, 9.678811255827373], [104.35851925440011, 9.6782550682587], [104.35859183174884, 9.677944414366987], [104.35725448363057, 9.677374847040424], [104.3564788542792, 9.679815868759283]]]], "type": "MultiPolygon"}, "properties": {"fid": 88, "TT": 66.0, "id": 66.0, "Tinh": "Kiên Giang", "Huyen": "Kiên Hải", "Xa": "An Sơn", "Ddanh": "Hòn Lớn", "TK": "1", "Khoanh": "4", "Lo": "1", "ldlr": "RTK", "sldlr": "Xoài, Tre", "Ht2023": "NULL", "namtr": "NULL", "ChuQL": "Ban Quản lí rừng Kiên Giang", "Nguoinkcu": "Huỳnh Thanh Hùng", "Churung": "Huỳnh Thanh Hùng", "CMND": "091063017160/ Ngày cấp 18/11/2021/ CCS", "DienThoai": "NULL", "Dtich": 4.46, "DtichBS": 4.46, "NgayDoVe": "PyQt5.QtCore.QDate(2019, 10, 10)", "TranhChap": "Không", "KT": 1.0, "Lapdia": "1", "mdsd": "Phòng hộ môi sinh", "nqh": "0", "Anh": "https://cdn2.fptshop.com.vn/unsafe/1920x0/filters:format(webp):quality(75)/hinh_nen_meme_con_luoi_flash_zootopia_1_c520bf6214.jpg", "Anh2": "https://png.pngtree.com/thumb_back/fh260/background/20230830/pngtree-the-lotus-is-also-represented-image_13145607.jpg"}}, {"type": "Feature", "geometry": {"coordinates": [[[[104.35641871140776, 9.692464445806717], [104.35647552344624, 9.692593318233566], [104.35657013730179, 9.692979903760287], [104.35664204744032, 9.692965014503192], [104.35669834872641, 9.693009343879826], [104.35675377640345, 9.692964789918513], [104.35678893783806, 9.69300214810374], [104.35696149891535, 9.692892178833452], [104.35684993343719, 9.692721780812102], [104.35678710033855, 9.692607373149581], [104.35668802808551, 9.692418444168437], [104.35656808929733, 9.69243765352439], [104.35654612528297, 9.692440085683133], [104.35641871140776, 9.692464445806717]], [[104.35656808929733, 9.69243765352439], [104.35664163794273, 9.69242692427536], [104.35674533396802, 9.69267236776771], [104.35682165007695, 9.692797721898321], [104.35691063366554, 9.692923171716242], [104.35683333179807, 9.692973232201098], [104.35677257197166, 9.692912444525431], [104.3567067172483, 9.692831581447232], [104.35664597485837, 9.692729833448253], [104.35656808929733, 9.69243765352439]]]], "type": "MultiPolygon"}, "properties": {"fid": 89, "TT": 67.0, "id": 67.0, "Tinh": "Kiên Giang", "Huyen": "Kiên Hải", "Xa": "An Sơn", "Ddanh": "Hòn Lớn", "TK": "1", "Khoanh": "2", "Lo": "41", "ldlr": "RTK", "sldlr": "NULL", "Ht2023": "NULL", "namtr": "NULL", "ChuQL": "Ban Quản lí rừng Kiên Giang", "Nguoinkcu": "Đoàn Hồng Nam", "Churung": "Đoàn Hồng Nam", "CMND": "NULL", "DienThoai": "NULL", "Dtich": 0.15, "DtichBS": 0.15, "NgayDoVe": "PyQt5.QtCore.QDate(2019, 10, 10)", "TranhChap": "Không", "KT": 1.0, "Lapdia": "1", "mdsd": "Phòng hộ môi sinh", "nqh": "0", "Anh": "https://cdn2.fptshop.com.vn/unsafe/1920x0/filters:format(webp):quality(75)/hinh_nen_meme_con_luoi_flash_zootopia_1_c520bf6214.jpg", "Anh2": "https://png.pngtree.com/thumb_back/fh260/background/20230830/pngtree-the-lotus-is-also-represented-image_13145607.jpg"}}, {"type": "Feature", "geometry": {"coordinates": [[[[104.35131476561037, 9.691149462260885], [104.35133197835455, 9.69117505860686], [104.3513733083419, 9.691275261978562], [104.35151726026763, 9.691152624240791], [104.35185349038579, 9.691054754206581], [104.35228115152573, 9.690898511832941], [104.35255138589426, 9.69083623820579], [104.3525514770265, 9.690836238244959], [104.35250802886334, 9.690786036413899], [104.35236994580377, 9.690618066898809], [104.35233598453244, 9.690547072504556], [104.35237195837925, 9.690392017509275], [104.35236303019833, 9.690385684260509], [104.35206696327373, 9.690544967377209], [104.35206632515062, 9.690545419202584], [104.35206514003657, 9.690546322892613], [104.35131476561037, 9.691149462260885]]]], "type": "MultiPolygon"}, "properties": {"fid": 90, "TT": 68.0, "id": 68.0, "Tinh": "Kiên Giang", "Huyen": "Kiên Hải", "Xa": "An Sơn", "Ddanh": "Hòn Lớn", "TK": "1", "Khoanh": "2", "Lo": "45", "ldlr": "RTK", "sldlr": "NULL", "Ht2023": "NULL", "namtr": "NULL", "ChuQL": "Ban Quản lí rừng Kiên Giang", "Nguoinkcu": "NULL", "Churung": "NULL", "CMND": "NULL", "DienThoai": "NULL", "Dtich": 0.43, "DtichBS": 0.43, "NgayDoVe": "PyQt5.QtCore.QDate(2019, 10, 10)", "TranhChap": "Không", "KT": 1.0, "Lapdia": "1", "mdsd": "Phòng hộ môi sinh", "nqh": "0", "Anh": "https://cdn2.fptshop.com.vn/unsafe/1920x0/filters:format(webp):quality(75)/hinh_nen_meme_con_luoi_flash_zootopia_1_c520bf6214.jpg", "Anh2": "https://png.pngtree.com/thumb_back/fh260/background/20230830/pngtree-the-lotus-is-also-represented-image_13145607.jpg"}}, {"type": "Feature", "geometry": {"coordinates": [[[[104.36400098716557, 9.654062625629612], [104.36427607962952, 9.653850065529873], [104.3644755304034, 9.653662160196244], [104.36466506220412, 9.65366856415593], [104.36480969663933, 9.65383852078409], [104.36485232703758, 9.653875790697004], [104.364881596834, 9.654055467396708], [104.36488387356034, 9.654058813842559], [104.36513187155035, 9.654381349987624], [104.365250001441, 9.654522180700312], [104.36535041377505, 9.654533974623206], [104.36553361190424, 9.654428435254948], [104.3655895008118, 9.65435069558282], [104.36562473342349, 9.654200973250015], [104.36581627441541, 9.653966587993711], [104.36586205622051, 9.653869584801921], [104.36588824706068, 9.653771669770771], [104.36593040809421, 9.65361354100519], [104.36595433106055, 9.653489764865373], [104.36596301651547, 9.653416799027017], [104.36597081687833, 9.65304716368504], [104.36597090968007, 9.653042913964802], [104.3659302090164, 9.652734203053162], [104.36587120070807, 9.652405773366546], [104.36578271137824, 9.652200575117806], [104.36565273385544, 9.652065707698984], [104.36549328927043, 9.652018626886855], [104.36516236270293, 9.651948240882588], [104.3647842305374, 9.651889500258564], [104.36446525999466, 9.65177209969934], [104.36412850213878, 9.651701619991575], [104.36361913901301, 9.651682972935992], [104.36357567296253, 9.65168539707232], [104.36354603198674, 9.65175103050231], [104.36361705630583, 9.651877014174012], [104.36414199719287, 9.65213401541511], [104.36415297690378, 9.65224894400541], [104.36390498042798, 9.65238293947198], [104.36416802638547, 9.653578038549833], [104.3639550091466, 9.65396594812953], [104.36400098716557, 9.654062625629612]]]], "type": "MultiPolygon"}, "properties": {"fid": 91, "TT": 69.0, "id": 69.0, "Tinh": "Kiên Giang", "Huyen": "Kiên Hải", "Xa": "An Sơn", "Ddanh": "Hòn Nồm Trong", "TK": "1", "Khoanh": "5", "Lo": "19", "ldlr": "RTK", "sldlr": "NULL", "Ht2023": "NULL", "namtr": "NULL", "ChuQL": "Ban Quản lí rừng Kiên Giang", "Nguoinkcu": "Phan Văn Toàn", "Churung": "Phan Văn Toàn", "CMND": "NULL", "DienThoai": "NULL", "Dtich": 5.06, "DtichBS": 5.06, "NgayDoVe": "PyQt5.QtCore.QDate(2019, 9, 18)", "TranhChap": "Không", "KT": 1.0, "Lapdia": "1", "mdsd": "Phòng hộ môi sinh", "nqh": "0", "Anh": "https://cdn2.fptshop.com.vn/unsafe/1920x0/filters:format(webp):quality(75)/hinh_nen_meme_con_luoi_flash_zootopia_1_c520bf6214.jpg", "Anh2": "https://png.pngtree.com/thumb_back/fh260/background/20230830/pngtree-the-lotus-is-also-represented-image_13145607.jpg"}}, {"type": "Feature", "geometry": {"coordinates": [[[[104.35840941317375, 9.696813485592708], [104.35920553107812, 9.696443091011664], [104.35909405875948, 9.696044021333938], [104.35840941317375, 9.696813485592708]]]], "type": "MultiPolygon"}, "properties": {"fid": 92, "TT": 70.0, "id": 70.0, "Tinh": "Kiên Giang", "Huyen": "Kiên Hải", "Xa": "An Sơn", "Ddanh": "Hòn Lớn", "TK": "1", "Khoanh": "2", "Lo": "30", "ldlr": "RTK", "sldlr": "Rừng tự nhiên", "Ht2023": "NULL", "namtr": "NULL", "ChuQL": "Ban Quản lí rừng Kiên Giang", "Nguoinkcu": "Trần Hoàng Kiếm", "Churung": "Nguyễn Công Tâm", "CMND": "371407725/ Ngày cấp 11/10/2007/ CA Kiên Giang", "DienThoai": "0396669221", "Dtich": 0.22, "DtichBS": 0.22, "NgayDoVe": "PyQt5.QtCore.QDate(2019, 10, 18)", "TranhChap": "Không", "KT": 1.0, "Lapdia": "1", "mdsd": "Phòng hộ môi sinh", "nqh": "0", "Anh": "https://cdn2.fptshop.com.vn/unsafe/1920x0/filters:format(webp):quality(75)/hinh_nen_meme_con_luoi_flash_zootopia_1_c520bf6214.jpg", "Anh2": "https://png.pngtree.com/thumb_back/fh260/background/20230830/pngtree-the-lotus-is-also-represented-image_13145607.jpg"}}, {"type": "Feature", "geometry": {"coordinates": [[[[104.35598298273865, 9.683967393312832], [104.35464341673178, 9.684060594484391], [104.35469062891876, 9.684469132678798], [104.35466495603599, 9.684620756390048], [104.35507861099168, 9.68458991714625], [104.355867468928, 9.68451574303837], [104.35598298273865, 9.683967393312832]]]], "type": "MultiPolygon"}, "properties": {"fid": 93, "TT": 71.0, "id": 71.0, "Tinh": "Kiên Giang", "Huyen": "Kiên Hải", "Xa": "An Sơn", "Ddanh": "Hòn Lớn", "TK": "1", "Khoanh": "3", "Lo": "10", "ldlr": "RTK", "sldlr": "Xoài, Dừa", "Ht2023": "NULL", "namtr": "NULL", "ChuQL": "Ban Quản lí rừng Kiên Giang", "Nguoinkcu": "Đặng Hữu Tuyến", "Churung": "Đặng Hữu Tuyến", "CMND": "371375900/ Ngày cấp 20/10/2006/ CA Kiên Giang", "DienThoai": "0962082779", "Dtich": 0.85, "DtichBS": 0.85, "NgayDoVe": "PyQt5.QtCore.QDate(2019, 9, 8)", "TranhChap": "Không", "KT": 1.0, "Lapdia": "1", "mdsd": "Phòng hộ môi sinh", "nqh": "0", "Anh": "https://cdn2.fptshop.com.vn/unsafe/1920x0/filters:format(webp):quality(75)/hinh_nen_meme_con_luoi_flash_zootopia_1_c520bf6214.jpg", "Anh2": "https://png.pngtree.com/thumb_back/fh260/background/20230830/pngtree-the-lotus-is-also-represented-image_13145607.jpg"}}, {"type": "Feature", "geometry": {"coordinates": [[[[104.3541437784982, 9.684835916133194], [104.35458263377097, 9.686387892684081], [104.35502703690211, 9.686488266175417], [104.35501828069268, 9.685656397230481], [104.35458688291186, 9.684772629167037], [104.3541437784982, 9.684835916133194]]]], "type": "MultiPolygon"}, "properties": {"fid": 94, "TT": 72.0, "id": 72.0, "Tinh": "Kiên Giang", "Huyen": "Kiên Hải", "Xa": "An Sơn", "Ddanh": "Hòn Lớn", "TK": "1", "Khoanh": "3", "Lo": "7", "ldlr": "RTK", "sldlr": "Dầu, Xoài, Dừa", "Ht2023": "NULL", "namtr": "NULL", "ChuQL": "Ban Quản lí rừng Kiên Giang", "Nguoinkcu": "Trần Văn Hoàng", "Churung": "Trần Văn Hoàng", "CMND": "370708941/ Ngày cấp 24/09/2015/ CA An Giang", "DienThoai": "0907586694", "Dtich": 1.09, "DtichBS": 1.09, "NgayDoVe": "PyQt5.QtCore.QDate(2019, 9, 22)", "TranhChap": "Không", "KT": 1.0, "Lapdia": "1", "mdsd": "Phòng hộ môi sinh", "nqh": "0", "Anh": "https://cdn2.fptshop.com.vn/unsafe/1920x0/filters:format(webp):quality(75)/hinh_nen_meme_con_luoi_flash_zootopia_1_c520bf6214.jpg", "Anh2": "https://png.pngtree.com/thumb_back/fh260/background/20230830/pngtree-the-lotus-is-also-represented-image_13145607.jpg"}}, {"type": "Feature", "geometry": {"coordinates": [[[[104.35927653730627, 9.674964807358124], [104.35927242560409, 9.674772029786793], [104.35921457121881, 9.674743523723707], [104.35927153233997, 9.674728718140143], [104.35927126463532, 9.674715064578699], [104.35745104364692, 9.674790357746996], [104.35749905229112, 9.675044187168314], [104.35927653730627, 9.674964807358124]]]], "type": "MultiPolygon"}, "properties": {"fid": 95, "TT": 73.0, "id": 73.0, "Tinh": "Kiên Giang", "Huyen": "Kiên Hải", "Xa": "An Sơn", "Ddanh": "Hòn Lớn", "TK": "1", "Khoanh": "4", "Lo": "4", "ldlr": "RTK", "sldlr": "Xoài, Dừa", "Ht2023": "NULL", "namtr": "NULL", "ChuQL": "Ban Quản lí rừng Kiên Giang", "Nguoinkcu": "Lê Quang Sánh", "Churung": "Lê Quang Sánh", "CMND": "NULL", "DienThoai": "NULL", "Dtich": 0.55, "DtichBS": 0.55, "NgayDoVe": "PyQt5.QtCore.QDate(2019, 11, 27)", "TranhChap": "Không", "KT": 1.0, "Lapdia": "1", "mdsd": "Phòng hộ môi sinh", "nqh": "0", "Anh": "https://cdn2.fptshop.com.vn/unsafe/1920x0/filters:format(webp):quality(75)/hinh_nen_meme_con_luoi_flash_zootopia_1_c520bf6214.jpg", "Anh2": "https://png.pngtree.com/thumb_back/fh260/background/20230830/pngtree-the-lotus-is-also-represented-image_13145607.jpg"}}, {"type": "Feature", "geometry": {"coordinates": [[[[104.35681522468523, 9.681723874733654], [104.35685030395247, 9.681737361962767], [104.35687531317437, 9.681643697095577], [104.35687704739611, 9.681637187566414], [104.35687796007183, 9.681633932820827], [104.35689375040012, 9.681575166293456], [104.3569237776254, 9.68146757880687], [104.3569478610857, 9.681408001949723], [104.35697285396004, 9.681352856057519], [104.35703358946715, 9.681250887397502], [104.35713159692307, 9.681149024653132], [104.35725957829067, 9.681065348792876], [104.35738491935415, 9.680975704055934], [104.35746304665584, 9.680906384218657], [104.35757761545098, 9.680428832393323], [104.35648778429636, 9.679817409633543], [104.35600964211667, 9.681284276748254], [104.35681522468523, 9.681723874733654]]]], "type": "MultiPolygon"}, "properties": {"fid": 96, "TT": 75.0, "id": 75.0, "Tinh": "Kiên Giang", "Huyen": "Kiên Hải", "Xa": "An Sơn", "Ddanh": "Hòn Lớn", "TK": "1", "Khoanh": "3", "Lo": "26", "ldlr": "RTK", "sldlr": "Tram, Tre", "Ht2023": "NULL", "namtr": "NULL", "ChuQL": "Ban Quản lí rừng Kiên Giang", "Nguoinkcu": "Lưu Kỳ Vịnh", "Churung": "Lưu Kỳ Vịnh", "CMND": "091035001316/Ngày cấp 27/08/2022 / CCS", "DienThoai": "0833307482", "Dtich": 2.05, "DtichBS": 2.05, "NgayDoVe": "PyQt5.QtCore.QDate(2023, 3, 21)", "TranhChap": "Không", "KT": 1.0, "Lapdia": "1", "mdsd": "Phòng hộ môi sinh", "nqh": "0", "Anh": "https://cdn2.fptshop.com.vn/unsafe/1920x0/filters:format(webp):quality(75)/hinh_nen_meme_con_luoi_flash_zootopia_1_c520bf6214.jpg", "Anh2": "https://png.pngtree.com/thumb_back/fh260/background/20230830/pngtree-the-lotus-is-also-represented-image_13145607.jpg"}}, {"type": "Feature", "geometry": {"coordinates": [[[[104.35953919560161, 9.705580538029267], [104.35960997646426, 9.70543851714102], [104.35993709613558, 9.704923166302413], [104.35995013828108, 9.704899843259481], [104.35995004725766, 9.704899571962107], [104.35994486316584, 9.704873890547283], [104.35786301287497, 9.704077788879648], [104.35748803894934, 9.704821970969306], [104.35953919560161, 9.705580538029267]]]], "type": "MultiPolygon"}, "properties": {"fid": 97, "TT": 76.0, "id": 76.0, "Tinh": "Kiên Giang", "Huyen": "Kiên Hải", "Xa": "An Sơn", "Ddanh": "Hòn Lớn", "TK": "1", "Khoanh": "2", "Lo": "6", "ldlr": "RTK", "sldlr": "NULL", "Ht2023": "NULL", "namtr": "NULL", "ChuQL": "Ban Quản lí rừng Kiên Giang", "Nguoinkcu": "Phạm Minh Trực", "Churung": "Phạm Minh Trực", "CMND": "370685296/ Ngày cấp 07/04/2012/ CA Kiên Giang", "DienThoai": "0944768859", "Dtich": 2.2, "DtichBS": 2.2, "NgayDoVe": "PyQt5.QtCore.QDate(2019, 10, 10)", "TranhChap": "Không", "KT": 1.0, "Lapdia": "1", "mdsd": "Phòng hộ môi sinh", "nqh": "0", "Anh": "https://cdn2.fptshop.com.vn/unsafe/1920x0/filters:format(webp):quality(75)/hinh_nen_meme_con_luoi_flash_zootopia_1_c520bf6214.jpg", "Anh2": "https://png.pngtree.com/thumb_back/fh260/background/20230830/pngtree-the-lotus-is-also-represented-image_13145607.jpg"}}, {"type": "Feature", "geometry": {"coordinates": [[[[104.35585221542397, 9.690791617043834], [104.35620498984646, 9.690574123855761], [104.35618661075127, 9.690504583083037], [104.35613443215192, 9.690410343446898], [104.35606841579487, 9.690282552134757], [104.35590096764486, 9.690159058392549], [104.35583974835103, 9.690108759091888], [104.35559704651159, 9.690362014201845], [104.3556480283713, 9.690484012389554], [104.35574000094476, 9.690650062402167], [104.35580501815015, 9.690769986804241], [104.35585221542397, 9.690791617043834]]]], "type": "MultiPolygon"}, "properties": {"fid": 98, "TT": 77.0, "id": 77.0, "Tinh": "Kiên Giang", "Huyen": "Kiên Hải", "Xa": "An Sơn", "Ddanh": "Hòn Lớn", "TK": "1", "Khoanh": "2", "Lo": "50", "ldlr": "RTK", "sldlr": "Xoài, Mít, Chuối", "Ht2023": "NULL", "namtr": "1998", "ChuQL": "Ban Quản lí rừng Kiên Giang", "Nguoinkcu": "Ngô Văn Đông", "Churung": "Ngô Thị Bích Tuyền", "CMND": "370993944/ Ngày cấp 01/03/2017/ CA Kiên Giang", "DienThoai": "0857334996", "Dtich": 0.29, "DtichBS": 0.29, "NgayDoVe": "PyQt5.QtCore.QDate(2019, 10, 17)", "TranhChap": "Không", "KT": 1.0, "Lapdia": "1", "mdsd": "Phòng hộ môi sinh", "nqh": "0", "Anh": "https://cdn2.fptshop.com.vn/unsafe/1920x0/filters:format(webp):quality(75)/hinh_nen_meme_con_luoi_flash_zootopia_1_c520bf6214.jpg", "Anh2": "https://png.pngtree.com/thumb_back/fh260/background/20230830/pngtree-the-lotus-is-also-represented-image_13145607.jpg"}}, {"type": "Feature", "geometry": {"coordinates": [[[[104.35517834974861, 9.661069312922109], [104.35513615439885, 9.661080597694784], [104.35477781687743, 9.661166888429815], [104.35472149619649, 9.661180608536863], [104.35473287463287, 9.661208824462932], [104.35534955042404, 9.662614305547425], [104.35572737930936, 9.662553159249901], [104.35517834974861, 9.661069312922109]]]], "type": "MultiPolygon"}, "properties": {"fid": 99, "TT": 79.0, "id": 79.0, "Tinh": "Kiên Giang", "Huyen": "Kiên Hải", "Xa": "An Sơn", "Ddanh": "Hòn Lớn", "TK": "1", "Khoanh": "4", "Lo": "11", "ldlr": "RTK", "sldlr": "Dừa, Tràm", "Ht2023": "NULL", "namtr": "NULL", "ChuQL": "Ban Quản lí rừng Kiên Giang", "Nguoinkcu": "Trần Thị Yến", "Churung": "Trần Minh Sơn", "CMND": "370899780/ Ngày cấp 09/01/2012/ CA Kiên Giang", "DienThoai": "0966631419", "Dtich": 0.8, "DtichBS": 0.8, "NgayDoVe": "PyQt5.QtCore.QDate(2019, 10, 17)", "TranhChap": "Không", "KT": 1.0, "Lapdia": "1", "mdsd": "Phòng hộ môi sinh", "nqh": "0", "Anh": "https://cdn2.fptshop.com.vn/unsafe/1920x0/filters:format(webp):quality(75)/hinh_nen_meme_con_luoi_flash_zootopia_1_c520bf6214.jpg", "Anh2": "https://png.pngtree.com/thumb_back/fh260/background/20230830/pngtree-the-lotus-is-also-represented-image_13145607.jpg"}}, {"type": "Feature", "geometry": {"coordinates": [[[[104.35634925342241, 9.699780758145794], [104.35634940099285, 9.7000763414101], [104.35624463908299, 9.700403075610225], [104.35615685049662, 9.700677192415885], [104.35606206851828, 9.700894703297267], [104.35745167771509, 9.700719417003304], [104.35769037403753, 9.699822096981624], [104.35634925342241, 9.699780758145794]]]], "type": "MultiPolygon"}, "properties": {"fid": 100, "TT": 80.0, "id": 80.0, "Tinh": "Kiên Giang", "Huyen": "Kiên Hải", "Xa": "An Sơn", "Ddanh": "Hòn Lớn", "TK": "1", "Khoanh": "2", "Lo": "14", "ldlr": "RTK", "sldlr": "NULL", "Ht2023": "NULL", "namtr": "NULL", "ChuQL": "Ban Quản lí rừng Kiên Giang", "Nguoinkcu": "Nguyễn Văn Thơi", "Churung": "Nguyễn Văn Thơi", "CMND": "036072009007 Ngày cấp 07/04/2021", "DienThoai": "NULL", "Dtich": 1.59, "DtichBS": 1.59, "NgayDoVe": "PyQt5.QtCore.QDate(2019, 10, 17)", "TranhChap": "Không", "KT": 1.0, "Lapdia": "1", "mdsd": "Phòng hộ môi sinh", "nqh": "0", "Anh": "https://cdn2.fptshop.com.vn/unsafe/1920x0/filters:format(webp):quality(75)/hinh_nen_meme_con_luoi_flash_zootopia_1_c520bf6214.jpg", "Anh2": "https://png.pngtree.com/thumb_back/fh260/background/20230830/pngtree-the-lotus-is-also-represented-image_13145607.jpg"}}, {"type": "Feature", "geometry": {"coordinates": [[[[104.35402617788436, 9.684089357472015], [104.35390303754617, 9.68308862535773], [104.35253131398551, 9.683162635578826], [104.35238938273704, 9.68284040762744], [104.3522150363392, 9.68349895293281], [104.35210587590142, 9.683467801402657], [104.35185500209816, 9.683449970902322], [104.35183698458737, 9.683390014576872], [104.35171404571138, 9.682984065505048], [104.35165398320353, 9.682794066848542], [104.35165094489724, 9.6826570790237], [104.3515770162735, 9.682499987292069], [104.35161398657358, 9.681942020570437], [104.35170199353767, 9.68179006232444], [104.3504440540228, 9.681753077466851], [104.35067300756324, 9.681879041938044], [104.35081401035876, 9.682029019817273], [104.35106501279957, 9.682166024865353], [104.35118800694981, 9.682236967578614], [104.35105801595891, 9.682533941379145], [104.35092203168463, 9.682782085646148], [104.35114703225746, 9.683195041603165], [104.35111797667744, 9.683368002724087], [104.3511600066135, 9.683532043070086], [104.35121396282206, 9.683930005461688], [104.35125207649128, 9.684088980568216], [104.35140585773699, 9.684402985855769], [104.35149595369762, 9.684476084304832], [104.35180103504103, 9.684530106534064], [104.35181600584903, 9.684680029573267], [104.3517630360568, 9.684940054998156], [104.3518450396438, 9.68497200870339], [104.35193001017721, 9.684472112460544], [104.35211299725091, 9.684479063263623], [104.35229900389032, 9.684457985026985], [104.35243405714348, 9.684463016210568], [104.35265397735508, 9.684412023291728], [104.35279806909661, 9.684378991333825], [104.35303602218627, 9.684352961857499], [104.35366998766061, 9.6840000515855], [104.35402617788436, 9.684089357472015]]]], "type": "MultiPolygon"}, "properties": {"fid": 101, "TT": 82.0, "id": 82.0, "Tinh": "Kiên Giang", "Huyen": "Kiên Hải", "Xa": "An Sơn", "Ddanh": "Hòn Lớn", "TK": "1", "Khoanh": "3", "Lo": "18", "ldlr": "RTK", "sldlr": "Gió bầu, Mít, Xoài", "Ht2023": "NULL", "namtr": "NULL", "ChuQL": "Ban Quản lí rừng Kiên Giang", "Nguoinkcu": "Trần Công Lơ Em", "Churung": "Trần Công Lơ Em", "CMND": "0371110041 /Ngày cấp 10/12/2013/ CA Kiên Giang", "DienThoai": "0939864626", "Dtich": 5.08, "DtichBS": 5.08, "NgayDoVe": "PyQt5.QtCore.QDate(2019, 10, 12)", "TranhChap": "Không", "KT": 1.0, "Lapdia": "1", "mdsd": "Phòng hộ môi sinh", "nqh": "0", "Anh": "https://cdn2.fptshop.com.vn/unsafe/1920x0/filters:format(webp):quality(75)/hinh_nen_meme_con_luoi_flash_zootopia_1_c520bf6214.jpg", "Anh2": "https://png.pngtree.com/thumb_back/fh260/background/20230830/pngtree-the-lotus-is-also-represented-image_13145607.jpg"}}, {"type": "Feature", "geometry": {"coordinates": [[[[104.35909405875948, 9.696044021333938], [104.35906776042552, 9.695949883204255], [104.35908252434005, 9.695949256330751], [104.35891260466349, 9.695624487887754], [104.35848219098729, 9.696034998624434], [104.35852522759825, 9.696201118098651], [104.35854064860091, 9.696372289700786], [104.35836850965234, 9.696559116979845], [104.35841948060411, 9.69671167672567], [104.35840941317375, 9.696813485592708], [104.35909405875948, 9.696044021333938]]]], "type": "MultiPolygon"}, "properties": {"fid": 102, "TT": 84.0, "id": 84.0, "Tinh": "Kiên Giang", "Huyen": "Kiên Hải", "Xa": "An Sơn", "Ddanh": "Hòn Lớn", "TK": "1", "Khoanh": "2", "Lo": "31", "ldlr": "RTK", "sldlr": "Tràm, Bạch đàn", "Ht2023": "NULL", "namtr": "NULL", "ChuQL": "Ban Quản lí rừng Kiên Giang", "Nguoinkcu": "Huỳnh Thanh Liêm", "Churung": "Huỳnh Thanh Liêm", "CMND": "370686603/ Ngày cấp 25/072019/ CA Kiên Giang", "DienThoai": "0918708012", "Dtich": 0.43, "DtichBS": 0.43, "NgayDoVe": "PyQt5.QtCore.QDate(2019, 10, 18)", "TranhChap": "Không", "KT": 1.0, "Lapdia": "1", "mdsd": "Phòng hộ môi sinh", "nqh": "0", "Anh": "https://cdn2.fptshop.com.vn/unsafe/1920x0/filters:format(webp):quality(75)/hinh_nen_meme_con_luoi_flash_zootopia_1_c520bf6214.jpg", "Anh2": "https://png.pngtree.com/thumb_back/fh260/background/20230830/pngtree-the-lotus-is-also-represented-image_13145607.jpg"}}, {"type": "Feature", "geometry": {"coordinates": [[[[104.35530495224431, 9.701879872711686], [104.35530486110909, 9.701879872673212], [104.35526064108696, 9.701925154447844], [104.35520821527095, 9.70197884181475], [104.35515184561979, 9.702090758020134], [104.35510253771027, 9.70252375880044], [104.35510043367294, 9.702542203600965], [104.3550816278104, 9.702616611349658], [104.3567352100929, 9.703426204414976], [104.35710344939685, 9.702229648734182], [104.35530495224431, 9.701879872711686]]]], "type": "MultiPolygon"}, "properties": {"fid": 103, "TT": 85.0, "id": 85.0, "Tinh": "Kiên Giang", "Huyen": "Kiên Hải", "Xa": "An Sơn", "Ddanh": "Hòn Lớn", "TK": "1", "Khoanh": "2", "Lo": "9", "ldlr": "RTK", "sldlr": "NULL", "Ht2023": "NULL", "namtr": "NULL", "ChuQL": "Ban Quản lí rừng Kiên Giang", "Nguoinkcu": "Phạm Thành Đông", "Churung": "Trần Thị Điểu", "CMND": "091172000311/ Ngày cấp 10/04/2021/ CCS", "DienThoai": "NULL", "Dtich": 2.28, "DtichBS": 2.28, "NgayDoVe": "PyQt5.QtCore.QDate(2019, 10, 17)", "TranhChap": "Không", "KT": 1.0, "Lapdia": "1", "mdsd": "Phòng hộ môi sinh", "nqh": "0", "Anh": "https://cdn2.fptshop.com.vn/unsafe/1920x0/filters:format(webp):quality(75)/hinh_nen_meme_con_luoi_flash_zootopia_1_c520bf6214.jpg", "Anh2": "https://png.pngtree.com/thumb_back/fh260/background/20230830/pngtree-the-lotus-is-also-represented-image_13145607.jpg"}}, {"type": "Feature", "geometry": {"coordinates": [[[[104.36513726298855, 9.711905138415329], [104.36531858354952, 9.711787302057322], [104.36548927936971, 9.71180129384458], [104.36577050747896, 9.711631866634972], [104.36598088526853, 9.711552741087392], [104.36628643609637, 9.711639844627891], [104.36646968585008, 9.711712071336075], [104.36669554363667, 9.71166667806123], [104.36682754589579, 9.711579293244455], [104.36690033096474, 9.711434920732712], [104.3671356606144, 9.71117415029195], [104.36709636277955, 9.710756123154187], [104.36710112834321, 9.710458010095566], [104.36684339592227, 9.710215312975633], [104.36656522699714, 9.710028396873073], [104.36634764892445, 9.709881469861875], [104.3663050017324, 9.709868523147703], [104.36630279732746, 9.709911652651899], [104.36599707688812, 9.709796609275443], [104.36575084308262, 9.70974759558962], [104.36487591320198, 9.709774377503422], [104.36465713264829, 9.709900788754736], [104.36462981679938, 9.709837574345793], [104.36459501374662, 9.70980907827215], [104.36438028688688, 9.710053217845564], [104.36433333956182, 9.710308274192757], [104.36431411710696, 9.710515870993794], [104.3644197558623, 9.710943509209285], [104.36453024557277, 9.711320423662999], [104.36477667219485, 9.711572702557376], [104.3649569217609, 9.711853075812444], [104.36513726298855, 9.711905138415329]]]], "type": "MultiPolygon"}, "properties": {"fid": 104, "TT": 86.0, "id": 86.0, "Tinh": "Kiên Giang", "Huyen": "Kiên Hải", "Xa": "An Sơn", "Ddanh": "Hòn Dâm", "TK": "1", "Khoanh": "1", "Lo": "5", "ldlr": "RTK", "sldlr": "Xoài, Dừa, Keo, Sao, Tràm, Dừa, Mít", "Ht2023": "NULL", "namtr": "NULL", "ChuQL": "Ban Quản lí rừng Kiên Giang", "Nguoinkcu": "Trương Mộng Thúy", "Churung": "Trương Mộng Thúy", "CMND": "NULL", "DienThoai": "NULL", "Dtich": 5.71, "DtichBS": 5.71, "NgayDoVe": "PyQt5.QtCore.QDate(2019, 10, 10)", "TranhChap": "Không", "KT": 1.0, "Lapdia": "1", "mdsd": "Phòng hộ môi sinh", "nqh": "0", "Anh": "https://cdn2.fptshop.com.vn/unsafe/1920x0/filters:format(webp):quality(75)/hinh_nen_meme_con_luoi_flash_zootopia_1_c520bf6214.jpg", "Anh2": "https://png.pngtree.com/thumb_back/fh260/background/20230830/pngtree-the-lotus-is-also-represented-image_13145607.jpg"}}, {"type": "Feature", "geometry": {"coordinates": [[[[104.35657013726338, 9.692979994180378], [104.35659433654932, 9.693079014313042], [104.35659576295711, 9.693153701915788], [104.35659585397481, 9.69315397321415], [104.35660504606018, 9.69361222614021], [104.35668451903466, 9.694029909802849], [104.35670516027992, 9.69413824170675], [104.35680124559399, 9.694494989127305], [104.35680161024199, 9.694494718019259], [104.35678915425122, 9.694425722283407], [104.35685033128809, 9.694362905853827], [104.35696816652472, 9.694362955014617], [104.35696954823167, 9.694328234272575], [104.35698463574612, 9.693993776611912], [104.35694727507953, 9.693984538181471], [104.35682668351724, 9.69382254546326], [104.35678628847292, 9.69366212333822], [104.3567506338766, 9.693498176803212], [104.35670613036423, 9.693355565711423], [104.35678025557215, 9.693275122776415], [104.35677626570522, 9.693228012236016], [104.35677088798198, 9.693230089652964], [104.35668294205723, 9.693021634577555], [104.35669834872641, 9.693009343879826], [104.35664204744032, 9.692965014503192], [104.35657013730179, 9.692979903760287], [104.35657013726338, 9.692979994180378]]]], "type": "MultiPolygon"}, "properties": {"fid": 105, "TT": 87.0, "id": 87.0, "Tinh": "Kiên Giang", "Huyen": "Kiên Hải", "Xa": "An Sơn", "Ddanh": "Hòn Lớn", "TK": "1", "Khoanh": "2", "Lo": "39", "ldlr": "RTK", "sldlr": "Xoài, Bạch đàn, ổi", "Ht2023": "NULL", "namtr": "NULL", "ChuQL": "Ban Quản lí rừng Kiên Giang", "Nguoinkcu": "Lê Thanh Duyên", "Churung": "Lê Thanh Duyên", "CMND": "371044990/ Ngày cấp 27/06/2013/ CA Kiên Giang", "DienThoai": "0941645657", "Dtich": 0.32, "DtichBS": 0.32, "NgayDoVe": "PyQt5.QtCore.QDate(2019, 10, 17)", "TranhChap": "Không", "KT": 1.0, "Lapdia": "1", "mdsd": "Phòng hộ môi sinh", "nqh": "0", "Anh": "https://cdn2.fptshop.com.vn/unsafe/1920x0/filters:format(webp):quality(75)/hinh_nen_meme_con_luoi_flash_zootopia_1_c520bf6214.jpg", "Anh2": "https://png.pngtree.com/thumb_back/fh260/background/20230830/pngtree-the-lotus-is-also-represented-image_13145607.jpg"}}, {"type": "Feature", "geometry": {"coordinates": [[[[104.35599315356671, 9.691534748712755], [104.356192009784, 9.69195058379274], [104.35619829180845, 9.691964963223407], [104.35619956647072, 9.691967766781094], [104.35641871140776, 9.692464445806717], [104.35654612528297, 9.692440085683133], [104.35656808929733, 9.69243765352439], [104.35642737560906, 9.69202021543967], [104.35639627632247, 9.691860158828243], [104.35639132424427, 9.691718558861812], [104.35641885291737, 9.691488541619623], [104.35639041906123, 9.691489795600164], [104.35617723697597, 9.69154450088487], [104.35599315356671, 9.691534748712755]]]], "type": "MultiPolygon"}, "properties": {"fid": 106, "TT": 88.0, "id": 88.0, "Tinh": "Kiên Giang", "Huyen": "Kiên Hải", "Xa": "An Sơn", "Ddanh": "Hòn Lớn", "TK": "1", "Khoanh": "2", "Lo": "43", "ldlr": "RTK", "sldlr": "NULL", "Ht2023": "NULL", "namtr": "NULL", "ChuQL": "Ban Quản lí rừng Kiên Giang", "Nguoinkcu": "Vừ Thanh Tú", "Churung": "Vừ Thanh Tú", "CMND": "051077008154/Ngày cấp 25/12/2021 / CCS", "DienThoai": "0919068393", "Dtich": 0.27, "DtichBS": 0.27, "NgayDoVe": "PyQt5.QtCore.QDate(2019, 10, 10)", "TranhChap": "Không", "KT": 1.0, "Lapdia": "1", "mdsd": "Phòng hộ môi sinh", "nqh": "0", "Anh": "https://cdn2.fptshop.com.vn/unsafe/1920x0/filters:format(webp):quality(75)/hinh_nen_meme_con_luoi_flash_zootopia_1_c520bf6214.jpg", "Anh2": "https://png.pngtree.com/thumb_back/fh260/background/20230830/pngtree-the-lotus-is-also-represented-image_13145607.jpg"}}, {"type": "Feature", "geometry": {"coordinates": [[[[104.3610760040838, 9.697888676679044], [104.36126900908313, 9.697265398669035], [104.36126891809778, 9.697265036951821], [104.3612692829683, 9.697264223318545], [104.36127749591735, 9.697237733552031], [104.36139759404188, 9.696834056365098], [104.36160303342754, 9.69633203650125], [104.36092664651513, 9.696312774629524], [104.36053261783177, 9.697113465429096], [104.360326394351, 9.697743428715075], [104.3610760040838, 9.697888676679044]]]], "type": "MultiPolygon"}, "properties": {"fid": 107, "TT": 89.0, "id": 89.0, "Tinh": "Kiên Giang", "Huyen": "Kiên Hải", "Xa": "An Sơn", "Ddanh": "Hòn Lớn", "TK": "1", "Khoanh": "2", "Lo": "27", "ldlr": "RTK", "sldlr": "Keo lá tràm", "Ht2023": "NULL", "namtr": "NULL", "ChuQL": "Ban Quản lí rừng Kiên Giang", "Nguoinkcu": "Lê Thị Phích", "Churung": "Lê Thị Phích", "CMND": "091160000162/ Ngày cấp 01/07/2019/ CA Kiên Giang", "DienThoai": "0888991777", "Dtich": 1.37, "DtichBS": 1.37, "NgayDoVe": "PyQt5.QtCore.QDate(2019, 9, 10)", "TranhChap": "Không", "KT": 1.0, "Lapdia": "1", "mdsd": "Phòng hộ môi sinh", "nqh": "0", "Anh": "https://cdn2.fptshop.com.vn/unsafe/1920x0/filters:format(webp):quality(75)/hinh_nen_meme_con_luoi_flash_zootopia_1_c520bf6214.jpg", "Anh2": "https://png.pngtree.com/thumb_back/fh260/background/20230830/pngtree-the-lotus-is-also-represented-image_13145607.jpg"}}, {"type": "Feature", "geometry": {"coordinates": [[[[104.343513268698, 9.7094753051906], [104.34401230942048, 9.709533401644121], [104.34435316466708, 9.709529397413695], [104.34452805517891, 9.709533545755379], [104.34457457157484, 9.709454630234651], [104.34459049388708, 9.709117190121104], [104.34459555507433, 9.709011672307817], [104.34463407481873, 9.7086840077933], [104.34471183643564, 9.708439004921674], [104.34476319163647, 9.708143174031179], [104.34473673255833, 9.708009069207511], [104.34468946519243, 9.7077403195943], [104.34468937405568, 9.707740319552977], [104.34465919584378, 9.707568417482136], [104.34470309932736, 9.707423584577706], [104.34468563314647, 9.706958275418502], [104.34459701882821, 9.706626936398871], [104.34456663163957, 9.706513264688262], [104.34429228215296, 9.706575529885423], [104.34423541300596, 9.706575504031154], [104.34422721143527, 9.706573963161956], [104.34424587523739, 9.706615474421989], [104.34421186740612, 9.706842865219649], [104.34410164246047, 9.706931245816591], [104.34409720941684, 9.70705774135532], [104.3440887025657, 9.707125100370426], [104.34400811053547, 9.707184017506574], [104.343982697059, 9.707154529018267], [104.34396143297937, 9.707217722899443], [104.34397413946958, 9.707331477023734], [104.34389345037216, 9.70740305288414], [104.34380869523268, 9.707398764507777], [104.34377878033828, 9.707643065648758], [104.3438211798178, 9.70779471928754], [104.34374476616912, 9.707883205593994], [104.34363880534866, 9.707815703935433], [104.3435352658129, 9.708029590316118], [104.34360877623358, 9.70850233951552], [104.34359164179003, 9.708700261011039], [104.3434728276078, 9.70883511332672], [104.34345588121718, 9.709020376100323], [104.343513268698, 9.7094753051906]]]], "type": "MultiPolygon"}, "properties": {"fid": 108, "TT": 90.0, "id": 90.0, "Tinh": "Kiên Giang", "Huyen": "Kiên Hải", "Xa": "An Sơn", "Ddanh": "Hòn Hàng", "TK": "1", "Khoanh": "1", "Lo": "7", "ldlr": "RTK", "sldlr": "Trôm", "Ht2023": "NULL", "namtr": "1994", "ChuQL": "Ban Quản lí rừng Kiên Giang", "Nguoinkcu": "Trần Văn Hùng", "Churung": "Trần Văn Hùng", "CMND": "370655175/ Ngày cấp 08/04/2019/ CA Kiên Giang", "DienThoai": "0947420162", "Dtich": 3.34, "DtichBS": 3.34, "NgayDoVe": "PyQt5.QtCore.QDate(2019, 5, 10)", "TranhChap": "Không", "KT": 1.0, "Lapdia": "1", "mdsd": "Phòng hộ môi sinh", "nqh": "0", "Anh": "https://cdn2.fptshop.com.vn/unsafe/1920x0/filters:format(webp):quality(75)/hinh_nen_meme_con_luoi_flash_zootopia_1_c520bf6214.jpg", "Anh2": "https://png.pngtree.com/thumb_back/fh260/background/20230830/pngtree-the-lotus-is-also-represented-image_13145607.jpg"}}, {"type": "Feature", "geometry": {"coordinates": [[[[104.35663402039035, 9.685896237111825], [104.35669199365196, 9.685863257967394], [104.35693376392565, 9.685863449236823], [104.35701003801346, 9.685869358326936], [104.357019007406, 9.685778218557573], [104.35664626844925, 9.685810162251093], [104.35663402039035, 9.685896237111825]]]], "type": "MultiPolygon"}, "properties": {"fid": 109, "TT": 91.0, "id": 91.0, "Tinh": "Kiên Giang", "Huyen": "Kiên Hải", "Xa": "An Sơn", "Ddanh": "Hòn Lớn", "TK": "1", "Khoanh": "3", "Lo": "6", "ldlr": "RTK", "sldlr": "Bạch đàn, Xoài, Sao", "Ht2023": "NULL", "namtr": "2001", "ChuQL": "Ban Quản lí rừng Kiên Giang", "Nguoinkcu": "Lê Quang Chưởng", "Churung": "Lê Quang Chưởng", "CMND": "NULL", "DienThoai": "0814777162", "Dtich": 0.03, "DtichBS": 0.03, "NgayDoVe": "PyQt5.QtCore.QDate(2019, 11, 14)", "TranhChap": "Không", "KT": 1.0, "Lapdia": "1", "mdsd": "Phòng hộ môi sinh", "nqh": "0", "Anh": "https://cdn2.fptshop.com.vn/unsafe/1920x0/filters:format(webp):quality(75)/hinh_nen_meme_con_luoi_flash_zootopia_1_c520bf6214.jpg", "Anh2": "https://png.pngtree.com/thumb_back/fh260/background/20230830/pngtree-the-lotus-is-also-represented-image_13145607.jpg"}}, {"type": "Feature", "geometry": {"coordinates": [[[[104.3570017022109, 9.687478109982266], [104.3570075349616, 9.687477298631178], [104.35701109838273, 9.687455328022807], [104.3570553216684, 9.68718182553074], [104.35707894445427, 9.686704145775481], [104.3570586303188, 9.686684968246654], [104.35605406229077, 9.686753900671878], [104.3560399574281, 9.687561436970267], [104.3570017022109, 9.687478109982266]]]], "type": "MultiPolygon"}, "properties": {"fid": 110, "TT": 92.0, "id": 92.0, "Tinh": "Kiên Giang", "Huyen": "Kiên Hải", "Xa": "An Sơn", "Ddanh": "Hòn Lớn", "TK": "1", "Khoanh": "3", "Lo": "4", "ldlr": "RTK", "sldlr": "Xoài, Bạch đàn, Mít", "Ht2023": "NULL", "namtr": "2012", "ChuQL": "Ban Quản lí rừng Kiên Giang", "Nguoinkcu": "Lê Quốc Chương", "Churung": "Lê Quốc Chương", "CMND": "371044420/ Ngày cấp 14/06/2017 / CA Kiên Giang", "DienThoai": "0372201579", "Dtich": 0.98, "DtichBS": 0.98, "NgayDoVe": "PyQt5.QtCore.QDate(2019, 11, 14)", "TranhChap": "Không", "KT": 1.0, "Lapdia": "1", "mdsd": "Phòng hộ môi sinh", "nqh": "0", "Anh": "https://cdn2.fptshop.com.vn/unsafe/1920x0/filters:format(webp):quality(75)/hinh_nen_meme_con_luoi_flash_zootopia_1_c520bf6214.jpg", "Anh2": "https://png.pngtree.com/thumb_back/fh260/background/20230830/pngtree-the-lotus-is-also-represented-image_13145607.jpg"}}, {"type": "Feature", "geometry": {"coordinates": [[[[104.354420133716, 9.705860330692063], [104.35449176136929, 9.70650668348436], [104.35459880611039, 9.707234971818075], [104.35459889716908, 9.707235152696773], [104.35459907866259, 9.70723696117428], [104.35464769419656, 9.707567738249319], [104.35465131748784, 9.70761918877908], [104.3550438680022, 9.707986550838386], [104.35562097956671, 9.706633116372448], [104.354420133716, 9.705860330692063]]]], "type": "MultiPolygon"}, "properties": {"fid": 111, "TT": 93.0, "id": 93.0, "Tinh": "Kiên Giang", "Huyen": "Kiên Hải", "Xa": "An Sơn", "Ddanh": "Hòn Lớn", "TK": "1", "Khoanh": "2", "Lo": "3", "ldlr": "RTK", "sldlr": "Sao", "Ht2023": "NULL", "namtr": "NULL", "ChuQL": "Ban Quản lí rừng Kiên Giang", "Nguoinkcu": "Nguyễn Văn út", "Churung": "Nguyễn Văn út", "CMND": "370782305/ Ngày cấp 29/08/2013/ CA Kiên Giang", "DienThoai": "0949151153", "Dtich": 1.64, "DtichBS": 1.64, "NgayDoVe": "PyQt5.QtCore.QDate(2019, 10, 17)", "TranhChap": "Không", "KT": 1.0, "Lapdia": "1", "mdsd": "Phòng hộ môi sinh", "nqh": "0", "Anh": "https://cdn2.fptshop.com.vn/unsafe/1920x0/filters:format(webp):quality(75)/hinh_nen_meme_con_luoi_flash_zootopia_1_c520bf6214.jpg", "Anh2": "https://png.pngtree.com/thumb_back/fh260/background/20230830/pngtree-the-lotus-is-also-represented-image_13145607.jpg"}}, {"type": "Feature", "geometry": {"coordinates": [[[[104.35619795434013, 9.698747826238803], [104.35620914356673, 9.698795482310784], [104.35630517197083, 9.699287588608781], [104.35776502311114, 9.699150306801599], [104.3577564004539, 9.698634547094832], [104.35619795434013, 9.698747826238803]]]], "type": "MultiPolygon"}, "properties": {"fid": 112, "TT": 94.0, "id": 94.0, "Tinh": "Kiên Giang", "Huyen": "Kiên Hải", "Xa": "An Sơn", "Ddanh": "Hòn Lớn", "TK": "1", "Khoanh": "2", "Lo": "19", "ldlr": "RTK", "sldlr": "NULL", "Ht2023": "NULL", "namtr": "NULL", "ChuQL": "Ban Quản lí rừng Kiên Giang", "Nguoinkcu": "Nguyễn Hoàng Điểm", "Churung": "Nguyễn Hoàng Điểm", "CMND": "09107900288 Ngày cấp 04/03/2021", "DienThoai": "NULL", "Dtich": 0.98, "DtichBS": 0.98, "NgayDoVe": "PyQt5.QtCore.QDate(2019, 10, 17)", "TranhChap": "Không", "KT": 1.0, "Lapdia": "1", "mdsd": "Phòng hộ môi sinh", "nqh": "0", "Anh": "https://cdn2.fptshop.com.vn/unsafe/1920x0/filters:format(webp):quality(75)/hinh_nen_meme_con_luoi_flash_zootopia_1_c520bf6214.jpg", "Anh2": "https://png.pngtree.com/thumb_back/fh260/background/20230830/pngtree-the-lotus-is-also-represented-image_13145607.jpg"}}, {"type": "Feature", "geometry": {"coordinates": [[[[104.3607566544929, 9.649429095240293], [104.36064987946993, 9.649161136576492], [104.36059346980439, 9.648953327793144], [104.36062106460817, 9.648767705978056], [104.36062709998224, 9.648493825174292], [104.3606540392781, 9.648351062333234], [104.36066169829252, 9.64833922036435], [104.36062877149953, 9.648195709946002], [104.36064864769227, 9.647944982341658], [104.36040700356, 9.647703914284078], [104.36027801776072, 9.64826799459297], [104.36008697284274, 9.648403005073677], [104.35991205525674, 9.648760908163023], [104.35992702450599, 9.648920054061643], [104.36001485860207, 9.648935913320956], [104.36015408610959, 9.648727912638591], [104.36039909470117, 9.648765898124928], [104.36047003102031, 9.648879946921156], [104.36032999300717, 9.649064980634167], [104.36034306708675, 9.64918000061684], [104.36031905779792, 9.649287952778405], [104.36041105716274, 9.649368012073152], [104.36062603695697, 9.649306974954301], [104.3607566544929, 9.649429095240293]]]], "type": "MultiPolygon"}, "properties": {"fid": 113, "TT": 95.0, "id": 95.0, "Tinh": "Kiên Giang", "Huyen": "Kiên Hải", "Xa": "An Sơn", "Ddanh": "Hòn Nồm Giữa", "TK": "1", "Khoanh": "5", "Lo": "20", "ldlr": "RTK", "sldlr": "NULL", "Ht2023": "NULL", "namtr": "NULL", "ChuQL": "Ban Quản lí rừng Kiên Giang", "Nguoinkcu": "Dương Ngọc Thắm", "Churung": "Dương Ngọc Thắm", "CMND": "NULL", "DienThoai": "0985711114", "Dtich": 0.74, "DtichBS": 0.74, "NgayDoVe": "PyQt5.QtCore.QDate(2019, 9, 18)", "TranhChap": "Không", "KT": 1.0, "Lapdia": "1", "mdsd": "Phòng hộ môi sinh", "nqh": "0", "Anh": "https://cdn2.fptshop.com.vn/unsafe/1920x0/filters:format(webp):quality(75)/hinh_nen_meme_con_luoi_flash_zootopia_1_c520bf6214.jpg", "Anh2": "https://png.pngtree.com/thumb_back/fh260/background/20230830/pngtree-the-lotus-is-also-represented-image_13145607.jpg"}}, {"type": "Feature", "geometry": {"coordinates": [[[[104.35298439864776, 9.690736509809243], [104.35318044368927, 9.690691383704717], [104.35373344692997, 9.69066151000347], [104.35374878160854, 9.690605003973603], [104.35305702922315, 9.690531196866582], [104.35298439864776, 9.690736509809243]]]], "type": "MultiPolygon"}, "properties": {"fid": 114, "TT": 96.0, "id": 96.0, "Tinh": "Kiên Giang", "Huyen": "Kiên Hải", "Xa": "An Sơn", "Ddanh": "Hòn Lớn", "TK": "1", "Khoanh": "2", "Lo": "49", "ldlr": "RTK", "sldlr": "Bạch đàn, Tre, Xoài", "Ht2023": "NULL", "namtr": "NULL", "ChuQL": "Ban Quản lí rừng Kiên Giang", "Nguoinkcu": "Nguyễn Thị Lệ", "Churung": "Nguyễn Thị Lệ", "CMND": "NULL", "DienThoai": "NULL", "Dtich": 0.1, "DtichBS": 0.1, "NgayDoVe": "PyQt5.QtCore.QDate(2019, 10, 12)", "TranhChap": "Không", "KT": 1.0, "Lapdia": "1", "mdsd": "Phòng hộ môi sinh", "nqh": "0", "Anh": "https://cdn2.fptshop.com.vn/unsafe/1920x0/filters:format(webp):quality(75)/hinh_nen_meme_con_luoi_flash_zootopia_1_c520bf6214.jpg", "Anh2": "https://png.pngtree.com/thumb_back/fh260/background/20230830/pngtree-the-lotus-is-also-represented-image_13145607.jpg"}}, {"type": "Feature", "geometry": {"coordinates": [[[[104.35605413323827, 9.698132638113604], [104.35709977154568, 9.698002328093438], [104.3572212245396, 9.697639794162598], [104.35758611880667, 9.696791715084423], [104.35610303575787, 9.697149611541898], [104.35601548149899, 9.69751713241386], [104.35599460606316, 9.697744168464581], [104.35602193050947, 9.697994824395066], [104.35605413323827, 9.698132638113604]]]], "type": "MultiPolygon"}, "properties": {"fid": 115, "TT": 97.0, "id": 97.0, "Tinh": "Kiên Giang", "Huyen": "Kiên Hải", "Xa": "An Sơn", "Ddanh": "Hòn Lớn", "TK": "1", "Khoanh": "2", "Lo": "26", "ldlr": "RTK", "sldlr": "NULL", "Ht2023": "NULL", "namtr": "NULL", "ChuQL": "Ban Quản lí rừng Kiên Giang", "Nguoinkcu": "Nguyen Van Hoi", "Churung": "Nguyen Van Hoi", "CMND": "NULL", "DienThoai": "NULL", "Dtich": 1.65, "DtichBS": 1.65, "NgayDoVe": "PyQt5.QtCore.QDate(2019, 10, 17)", "TranhChap": "Không", "KT": 1.0, "Lapdia": "1", "mdsd": "Phòng hộ môi sinh", "nqh": "0", "Anh": "https://cdn2.fptshop.com.vn/unsafe/1920x0/filters:format(webp):quality(75)/hinh_nen_meme_con_luoi_flash_zootopia_1_c520bf6214.jpg", "Anh2": "https://png.pngtree.com/thumb_back/fh260/background/20230830/pngtree-the-lotus-is-also-represented-image_13145607.jpg"}}, {"type": "Feature", "geometry": {"coordinates": [[[[104.35627257852931, 9.6837922804128], [104.35673830690708, 9.683669141968231], [104.35673931393936, 9.683658291969872], [104.35674920050322, 9.683553318295065], [104.35671173587346, 9.683577083162842], [104.35666387571233, 9.683616576793673], [104.35658603965061, 9.683641952353984], [104.35626121722723, 9.683721747937794], [104.35627257852931, 9.6837922804128]]]], "type": "MultiPolygon"}, "properties": {"fid": 116, "TT": 99.0, "id": 99.0, "Tinh": "Kiên Giang", "Huyen": "Kiên Hải", "Xa": "An Sơn", "Ddanh": "Hòn Lớn", "TK": "1", "Khoanh": "3", "Lo": "16", "ldlr": "RTK", "sldlr": "Tràm, Xoài, Bạch đàn", "Ht2023": "NULL", "namtr": "1997", "ChuQL": "Ban Quản lí rừng Kiên Giang", "Nguoinkcu": "Lí Thị Luyến", "Churung": "Lí Thị Luyến", "CMND": "371120525/ Ngày cấp 20/03/2015/ CA Kiên Giang", "DienThoai": "0388895524", "Dtich": 0.04, "DtichBS": 0.04, "NgayDoVe": "PyQt5.QtCore.QDate(2019, 11, 14)", "TranhChap": "Không", "KT": 1.0, "Lapdia": "1", "mdsd": "Phòng hộ môi sinh", "nqh": "0", "Anh": "https://cdn2.fptshop.com.vn/unsafe/1920x0/filters:format(webp):quality(75)/hinh_nen_meme_con_luoi_flash_zootopia_1_c520bf6214.jpg", "Anh2": "https://png.pngtree.com/thumb_back/fh260/background/20230830/pngtree-the-lotus-is-also-represented-image_13145607.jpg"}}, {"type": "Feature", "geometry": {"coordinates": [[[[104.35945945227455, 9.699234372949585], [104.35935045444522, 9.69879922680337], [104.35939086047807, 9.698500133733322], [104.35891548610653, 9.698542255037978], [104.35883952564878, 9.698869001952982], [104.35884499080254, 9.698875966549625], [104.35895863397353, 9.699315635761325], [104.35945945227455, 9.699234372949585]]]], "type": "MultiPolygon"}, "properties": {"fid": 117, "TT": 100.0, "id": 100.0, "Tinh": "Kiên Giang", "Huyen": "Kiên Hải", "Xa": "An Sơn", "Ddanh": "Hòn Lớn", "TK": "1", "Khoanh": "2", "Lo": "20", "ldlr": "RTK", "sldlr": "Xoài, Mít, Tre, Chuối", "Ht2023": "NULL", "namtr": "NULL", "ChuQL": "Ban Quản lí rừng Kiên Giang", "Nguoinkcu": "Trương Thị ánh Dương", "Churung": "Trương Thị ánh Dương", "CMND": "052189009770", "DienThoai": "0964063839", "Dtich": 0.47, "DtichBS": 0.47, "NgayDoVe": "PyQt5.QtCore.QDate(2019, 9, 22)", "TranhChap": "Không", "KT": 1.0, "Lapdia": "1", "mdsd": "Phòng hộ môi sinh", "nqh": "0", "Anh": "https://cdn2.fptshop.com.vn/unsafe/1920x0/filters:format(webp):quality(75)/hinh_nen_meme_con_luoi_flash_zootopia_1_c520bf6214.jpg", "Anh2": "https://png.pngtree.com/thumb_back/fh260/background/20230830/pngtree-the-lotus-is-also-represented-image_13145607.jpg"}}, {"type": "Feature", "geometry": {"coordinates": [[[[104.3593566458191, 9.70121823771191], [104.35946256688669, 9.700946387997996], [104.3594915669061, 9.700900556909582], [104.3588943053702, 9.700811519039883], [104.35882847600229, 9.701100836163473], [104.35880959353105, 9.701142692878555], [104.3593566458191, 9.70121823771191]]]], "type": "MultiPolygon"}, "properties": {"fid": 118, "TT": 101.0, "id": 101.0, "Tinh": "Kiên Giang", "Huyen": "Kiên Hải", "Xa": "An Sơn", "Ddanh": "Hòn Lớn", "TK": "1", "Khoanh": "2", "Lo": "12", "ldlr": "RTK", "sldlr": "Xoài, Tràm, Dừa", "Ht2023": "NULL", "namtr": "NULL", "ChuQL": "Ban Quản lí rừng Kiên Giang", "Nguoinkcu": "Lê Kim Thúy", "Churung": "Lê Kim Thúy", "CMND": "370782280/ Ngày cấp 15/06/2017/ CA Kiên Giang", "DienThoai": "0964063839", "Dtich": 0.23, "DtichBS": 0.23, "NgayDoVe": "PyQt5.QtCore.QDate(2019, 12, 1)", "TranhChap": "Không", "KT": 1.0, "Lapdia": "1", "mdsd": "Phòng hộ môi sinh", "nqh": "0", "Anh": "https://cdn2.fptshop.com.vn/unsafe/1920x0/filters:format(webp):quality(75)/hinh_nen_meme_con_luoi_flash_zootopia_1_c520bf6214.jpg", "Anh2": "https://png.pngtree.com/thumb_back/fh260/background/20230830/pngtree-the-lotus-is-also-represented-image_13145607.jpg"}}, {"type": "Feature", "geometry": {"coordinates": [[[[104.35585221542397, 9.690791617043834], [104.35594601410386, 9.690949982058424], [104.35595200025907, 9.691016985875748], [104.35617972971535, 9.690826927911885], [104.35625958996445, 9.69076023133315], [104.35624594587513, 9.690699734559308], [104.35620498984646, 9.690574123855761], [104.35585221542397, 9.690791617043834]]]], "type": "MultiPolygon"}, "properties": {"fid": 119, "TT": 102.0, "id": 102.0, "Tinh": "Kiên Giang", "Huyen": "Kiên Hải", "Xa": "An Sơn", "Ddanh": "Hòn Lớn", "TK": "1", "Khoanh": "2", "Lo": "46", "ldlr": "RTK", "sldlr": "Xoài, Mít, Chuối", "Ht2023": "NULL", "namtr": "1998", "ChuQL": "Ban Quản lí rừng Kiên Giang", "Nguoinkcu": "Ngô Văn Đông", "Churung": "Lê Văn Dũng", "CMND": "351178292/ Ngày cấp 17/07/2015/ CA Kiên Giang", "DienThoai": "0901600401", "Dtich": 0.1, "DtichBS": 0.1, "NgayDoVe": "PyQt5.QtCore.QDate(2019, 10, 17)", "TranhChap": "Không", "KT": 1.0, "Lapdia": "1", "mdsd": "Phòng hộ môi sinh", "nqh": "0", "Anh": "https://cdn2.fptshop.com.vn/unsafe/1920x0/filters:format(webp):quality(75)/hinh_nen_meme_con_luoi_flash_zootopia_1_c520bf6214.jpg", "Anh2": "https://png.pngtree.com/thumb_back/fh260/background/20230830/pngtree-the-lotus-is-also-represented-image_13145607.jpg"}}, {"type": "Feature", "geometry": {"coordinates": [[[[104.35844267118208, 9.699217588567302], [104.35801925430522, 9.69901478206988], [104.35801943554704, 9.69901722348708], [104.35773598154644, 9.699943007550605], [104.35774597105824, 9.70024293507649], [104.35792604123748, 9.700271944181601], [104.35799994711267, 9.700065997879689], [104.35823099353728, 9.69958505871113], [104.35844002350173, 9.699228980404026], [104.35844267118208, 9.699217588567302]]]], "type": "MultiPolygon"}, "properties": {"fid": 120, "TT": 103.0, "id": 103.0, "Tinh": "Kiên Giang", "Huyen": "Kiên Hải", "Xa": "An Sơn", "Ddanh": "Hòn Lớn", "TK": "1", "Khoanh": "2", "Lo": "17", "ldlr": "RTK", "sldlr": "Mít", "Ht2023": "NULL", "namtr": "NULL", "ChuQL": "Ban Quản lí rừng Kiên Giang", "Nguoinkcu": "Phạm Thị Kiều Oanh", "Churung": "Phạm Thị Kiều Oanh", "CMND": "NULL", "DienThoai": "NULL", "Dtich": 0.51, "DtichBS": 0.51, "NgayDoVe": "PyQt5.QtCore.QDate(2019, 9, 22)", "TranhChap": "Không", "KT": 1.0, "Lapdia": "1", "mdsd": "Phòng hộ môi sinh", "nqh": "0", "Anh": "https://cdn2.fptshop.com.vn/unsafe/1920x0/filters:format(webp):quality(75)/hinh_nen_meme_con_luoi_flash_zootopia_1_c520bf6214.jpg", "Anh2": "https://png.pngtree.com/thumb_back/fh260/background/20230830/pngtree-the-lotus-is-also-represented-image_13145607.jpg"}}, {"type": "Feature", "geometry": {"coordinates": [[[[104.35962599399332, 9.697387972553484], [104.3596219828172, 9.69739104519447], [104.35960629576911, 9.697638970666066], [104.35959606791158, 9.69768905920889], [104.35957958311613, 9.697882913133668], [104.35954044331457, 9.698205787242111], [104.35952082438398, 9.698265998983093], [104.35940350632615, 9.698333765958866], [104.359413943567, 9.698437482079274], [104.35939861729338, 9.698475180970553], [104.35939086047807, 9.698500133733322], [104.35935045444522, 9.69879922680337], [104.35945945227455, 9.699234372949585], [104.35972703686967, 9.699201750473609], [104.3597472487745, 9.699030503102437], [104.35971276691771, 9.698890699541414], [104.35963236286464, 9.698728000895171], [104.3597945350536, 9.698402554939067], [104.360326394351, 9.697743428715075], [104.36012501868203, 9.697669111724533], [104.36001604883464, 9.697605049826127], [104.35995600392198, 9.697575005835228], [104.35987700973858, 9.697529040153883], [104.35979601231773, 9.697479004731155], [104.35973197164043, 9.697415051532321], [104.35962599399332, 9.697387972553484]]]], "type": "MultiPolygon"}, "properties": {"fid": 121, "TT": 104.0, "id": 104.0, "Tinh": "Kiên Giang", "Huyen": "Kiên Hải", "Xa": "An Sơn", "Ddanh": "Hòn Lớn", "TK": "1", "Khoanh": "2", "Lo": "25", "ldlr": "RTK", "sldlr": "Tràm, Dừa", "Ht2023": "NULL", "namtr": "NULL", "ChuQL": "Ban Quản lí rừng Kiên Giang", "Nguoinkcu": "Lê Minh Trường", "Churung": "Đoàn Văn Thức", "CMND": "096071010704/ Ngày cấp 04/12/2022/ CCS", "DienThoai": "0918673497", "Dtich": 0.89, "DtichBS": 0.89, "NgayDoVe": "PyQt5.QtCore.QDate(2019, 11, 27)", "TranhChap": "Không", "KT": 1.0, "Lapdia": "1", "mdsd": "Phòng hộ môi sinh", "nqh": "0", "Anh": "https://cdn2.fptshop.com.vn/unsafe/1920x0/filters:format(webp):quality(75)/hinh_nen_meme_con_luoi_flash_zootopia_1_c520bf6214.jpg", "Anh2": "https://png.pngtree.com/thumb_back/fh260/background/20230830/pngtree-the-lotus-is-also-represented-image_13145607.jpg"}}, {"type": "Feature", "geometry": {"coordinates": [[[[104.35795875134231, 9.706781930453946], [104.35808097047057, 9.706553580091015], [104.35840197715251, 9.706279740201518], [104.35699203998449, 9.705767919626595], [104.35672220640178, 9.706361956949111], [104.35795875134231, 9.706781930453946]]]], "type": "MultiPolygon"}, "properties": {"fid": 122, "TT": 105.0, "id": 105.0, "Tinh": "Kiên Giang", "Huyen": "Kiên Hải", "Xa": "An Sơn", "Ddanh": "Hòn Lớn", "TK": "1", "Khoanh": "2", "Lo": "4", "ldlr": "RTK", "sldlr": "Sao, Tràm", "Ht2023": "NULL", "namtr": "2002", "ChuQL": "Ban Quản lí rừng Kiên Giang", "Nguoinkcu": "Châu Hạnh Phúc", "Churung": "Châu Hạnh Phúc", "CMND": "370620563/ Ngày cấp 26/12/2014/ CA Kiên Giang", "DienThoai": "0966631419", "Dtich": 1.06, "DtichBS": 1.06, "NgayDoVe": "PyQt5.QtCore.QDate(2019, 10, 10)", "TranhChap": "Không", "KT": 1.0, "Lapdia": "1", "mdsd": "Phòng hộ môi sinh", "nqh": "0", "Anh": "https://cdn2.fptshop.com.vn/unsafe/1920x0/filters:format(webp):quality(75)/hinh_nen_meme_con_luoi_flash_zootopia_1_c520bf6214.jpg", "Anh2": "https://png.pngtree.com/thumb_back/fh260/background/20230830/pngtree-the-lotus-is-also-represented-image_13145607.jpg"}}, {"type": "Feature", "geometry": {"coordinates": [[[[104.35465131748784, 9.70761918877908], [104.3547078469377, 9.70840794659247], [104.35547784175091, 9.708883972086294], [104.35574820583578, 9.708338039565152], [104.3550438680022, 9.707986550838386], [104.35465131748784, 9.70761918877908]]]], "type": "MultiPolygon"}, "properties": {"fid": 123, "TT": 106.0, "id": 106.0, "Tinh": "Kiên Giang", "Huyen": "Kiên Hải", "Xa": "An Sơn", "Ddanh": "Hòn Lớn", "TK": "1", "Khoanh": "2", "Lo": "2", "ldlr": "RTK", "sldlr": "Keo, Sao, Dầu", "Ht2023": "NULL", "namtr": "NULL", "ChuQL": "Ban Quản lí rừng Kiên Giang", "Nguoinkcu": "Huỳnh Thị Nơi", "Churung": "Huỳnh Thị Nơi", "CMND": "370607890/ Ngày cấp 12/03/2014/ CA Kiên Giang", "DienThoai": "NULL", "Dtich": 0.76, "DtichBS": 0.76, "NgayDoVe": "PyQt5.QtCore.QDate(2019, 10, 17)", "TranhChap": "Không", "KT": 1.0, "Lapdia": "1", "mdsd": "Phòng hộ môi sinh", "nqh": "0", "Anh": "https://cdn2.fptshop.com.vn/unsafe/1920x0/filters:format(webp):quality(75)/hinh_nen_meme_con_luoi_flash_zootopia_1_c520bf6214.jpg", "Anh2": "https://png.pngtree.com/thumb_back/fh260/background/20230830/pngtree-the-lotus-is-also-represented-image_13145607.jpg"}}, {"type": "Feature", "geometry": {"coordinates": [[[[104.3550816278104, 9.702616611349658], [104.35492049837238, 9.703256897946382], [104.35479865252029, 9.703674586940368], [104.35469131845849, 9.704042370168901], [104.35598901064968, 9.7055151371413], [104.3567352100929, 9.703426204414976], [104.3550816278104, 9.702616611349658]]]], "type": "MultiPolygon"}, "properties": {"fid": 124, "TT": 107.0, "id": 107.0, "Tinh": "Kiên Giang", "Huyen": "Kiên Hải", "Xa": "An Sơn", "Ddanh": "Hòn Lớn", "TK": "1", "Khoanh": "2", "Lo": "8", "ldlr": "RTK", "sldlr": "Dầu, Bạch đàn", "Ht2023": "NULL", "namtr": "NULL", "ChuQL": "Ban Quản lí rừng Kiên Giang", "Nguoinkcu": "Trần Hoàng Lam", "Churung": "Trần Hoàng Lam", "CMND": "370250250/ Ngày cấp 20/08/2018/ CA Kiên Giang", "DienThoai": "0919355933", "Dtich": 3.94, "DtichBS": 3.94, "NgayDoVe": "PyQt5.QtCore.QDate(2019, 10, 17)", "TranhChap": "Không", "KT": 1.0, "Lapdia": "1", "mdsd": "Phòng hộ môi sinh", "nqh": "0", "Anh": "https://cdn2.fptshop.com.vn/unsafe/1920x0/filters:format(webp):quality(75)/hinh_nen_meme_con_luoi_flash_zootopia_1_c520bf6214.jpg", "Anh2": "https://png.pngtree.com/thumb_back/fh260/background/20230830/pngtree-the-lotus-is-also-represented-image_13145607.jpg"}}, {"type": "Feature", "geometry": {"coordinates": [[[[104.356073923257, 9.683343261137349], [104.35450407792607, 9.683426328561621], [104.3545959978863, 9.683709020880176], [104.35459198729636, 9.6837110084249], [104.35607499094887, 9.683618048429969], [104.356073923257, 9.683343261137349]]]], "type": "MultiPolygon"}, "properties": {"fid": 125, "TT": 109.0, "id": 109.0, "Tinh": "Kiên Giang", "Huyen": "Kiên Hải", "Xa": "An Sơn", "Ddanh": "Hòn Lớn", "TK": "1", "Khoanh": "3", "Lo": "17", "ldlr": "RTK", "sldlr": "Xoài, Dừa", "Ht2023": "NULL", "namtr": "NULL", "ChuQL": "Ban Quản lí rừng Kiên Giang", "Nguoinkcu": "Nguyễn Thành Hưng", "Churung": "Nguyễn Thành Hưng", "CMND": "371483727/ Ngày cấp 16/02/2011/ CA Kiên Giang", "DienThoai": "0842811054", "Dtich": 0.52, "DtichBS": 0.52, "NgayDoVe": "PyQt5.QtCore.QDate(2019, 9, 22)", "TranhChap": "Không", "KT": 1.0, "Lapdia": "1", "mdsd": "Phòng hộ môi sinh", "nqh": "0", "Anh": "https://cdn2.fptshop.com.vn/unsafe/1920x0/filters:format(webp):quality(75)/hinh_nen_meme_con_luoi_flash_zootopia_1_c520bf6214.jpg", "Anh2": "https://png.pngtree.com/thumb_back/fh260/background/20230830/pngtree-the-lotus-is-also-represented-image_13145607.jpg"}}, {"type": "Feature", "geometry": {"coordinates": [[[[104.3568334230459, 9.692972960978857], [104.35691081550974, 9.692924166413267], [104.35682165007695, 9.692797721898321], [104.35674533396802, 9.69267236776771], [104.35664163794273, 9.69242692427536], [104.35656808929733, 9.69243765352439], [104.35664597485837, 9.692729833448253], [104.3567067172483, 9.692831581447232], [104.35677257197166, 9.692912444525431], [104.3568334230459, 9.692972960978857]]]], "type": "MultiPolygon"}, "properties": {"fid": 126, "TT": 110.0, "id": 110.0, "Tinh": "Kiên Giang", "Huyen": "Kiên Hải", "Xa": "An Sơn", "Ddanh": "Hòn Lớn", "TK": "1", "Khoanh": "2", "Lo": "42", "ldlr": "RTK", "sldlr": "NULL", "Ht2023": "NULL", "namtr": "NULL", "ChuQL": "Ban Quản lí rừng Kiên Giang", "Nguoinkcu": "NULL", "Churung": "NULL", "CMND": "NULL", "DienThoai": "NULL", "Dtich": 0.07, "DtichBS": 0.07, "NgayDoVe": "PyQt5.QtCore.QDate(2019, 10, 10)", "TranhChap": "Không", "KT": 1.0, "Lapdia": "1", "mdsd": "Phòng hộ môi sinh", "nqh": "0", "Anh": "https://cdn2.fptshop.com.vn/unsafe/1920x0/filters:format(webp):quality(75)/hinh_nen_meme_con_luoi_flash_zootopia_1_c520bf6214.jpg", "Anh2": "https://png.pngtree.com/thumb_back/fh260/background/20230830/pngtree-the-lotus-is-also-represented-image_13145607.jpg"}}, {"type": "Feature", "geometry": {"coordinates": [[[[104.35540404708698, 9.690106043995963], [104.35530206184598, 9.689913044475578], [104.35526100373862, 9.689814017131228], [104.35523503542775, 9.68980396954344], [104.35506397338875, 9.68982098673319], [104.35479485114958, 9.689843025881135], [104.35458506272818, 9.689848995187242], [104.35421206075009, 9.689846033887324], [104.35388007771685, 9.689821027144793], [104.35361692232954, 9.689743063266008], [104.35358156889559, 9.689729756425926], [104.35340409352612, 9.689825254706127], [104.35305702922315, 9.690531196866582], [104.35374878160854, 9.690605003973603], [104.3544183186371, 9.690631058446494], [104.3547100202452, 9.690236588726696], [104.3552239636811, 9.690121068218785], [104.35523197345883, 9.690144038307546], [104.35523798387352, 9.690154077476144], [104.35529804033, 9.690153108187266], [104.35531307258907, 9.690163693679857], [104.35540404708698, 9.690106043995963]]]], "type": "MultiPolygon"}, "properties": {"fid": 127, "TT": 111.0, "id": 111.0, "Tinh": "Kiên Giang", "Huyen": "Kiên Hải", "Xa": "An Sơn", "Ddanh": "Hòn Lớn", "TK": "1", "Khoanh": "2", "Lo": "52", "ldlr": "RTK", "sldlr": "Tràm bông vàng", "Ht2023": "NULL", "namtr": "2000", "ChuQL": "Ban Quản lí rừng Kiên Giang", "Nguoinkcu": "Hồ Minh Hậu", "Churung": "Hồ Dương Nhật", "CMND": "371120698/ Ngày cấp 12/03/2014/ CA Kiên Giang", "DienThoai": "0919263697", "Dtich": 1.62, "DtichBS": 1.62, "NgayDoVe": "PyQt5.QtCore.QDate(2019, 10, 17)", "TranhChap": "Không", "KT": 1.0, "Lapdia": "1", "mdsd": "Phòng hộ môi sinh", "nqh": "0", "Anh": "https://cdn2.fptshop.com.vn/unsafe/1920x0/filters:format(webp):quality(75)/hinh_nen_meme_con_luoi_flash_zootopia_1_c520bf6214.jpg", "Anh2": "https://png.pngtree.com/thumb_back/fh260/background/20230830/pngtree-the-lotus-is-also-represented-image_13145607.jpg"}}, {"type": "Feature", "geometry": {"coordinates": [[[[104.355005978042, 9.687567783217876], [104.3560399574281, 9.687561436970267], [104.35605406229077, 9.686753900671878], [104.35605919976067, 9.686459856542031], [104.35555370101194, 9.686447256630526], [104.35509994211061, 9.686487483178592], [104.35511514541943, 9.686948903532357], [104.35507022617229, 9.687354147590957], [104.355005978042, 9.687567783217876]]]], "type": "MultiPolygon"}, "properties": {"fid": 128, "TT": 112.0, "id": 112.0, "Tinh": "Kiên Giang", "Huyen": "Kiên Hải", "Xa": "An Sơn", "Ddanh": "Hòn Lớn", "TK": "1", "Khoanh": "3", "Lo": "3", "ldlr": "RTK", "sldlr": "Xoài, Dầu", "Ht2023": "NULL", "namtr": "NULL", "ChuQL": "Ban Quản lí rừng Kiên Giang", "Nguoinkcu": "Ngô Minh Tuấn", "Churung": "Nguyễn Huy Trọng", "CMND": "183670748/ Ngày cấp 31/01/2018/ CA Kiên Giang", "DienThoai": "0962082779", "Dtich": 1.29, "DtichBS": 1.29, "NgayDoVe": "PyQt5.QtCore.QDate(2019, 10, 18)", "TranhChap": "Không", "KT": 1.0, "Lapdia": "1", "mdsd": "Phòng hộ môi sinh", "nqh": "0", "Anh": "https://cdn2.fptshop.com.vn/unsafe/1920x0/filters:format(webp):quality(75)/hinh_nen_meme_con_luoi_flash_zootopia_1_c520bf6214.jpg", "Anh2": "https://png.pngtree.com/thumb_back/fh260/background/20230830/pngtree-the-lotus-is-also-represented-image_13145607.jpg"}}, {"type": "Feature", "geometry": {"coordinates": [[[[104.3594915669061, 9.700900556909582], [104.35969912604634, 9.700573773356606], [104.35899023535622, 9.7004594627494], [104.3589164006358, 9.700714416976536], [104.3588943053702, 9.700811519039883], [104.3594915669061, 9.700900556909582]]]], "type": "MultiPolygon"}, "properties": {"fid": 129, "TT": 113.0, "id": 113.0, "Tinh": "Kiên Giang", "Huyen": "Kiên Hải", "Xa": "An Sơn", "Ddanh": "Hòn Lớn", "TK": "1", "Khoanh": "2", "Lo": "13", "ldlr": "RTK", "sldlr": "Dừa, Keo", "Ht2023": "NULL", "namtr": "NULL", "ChuQL": "Ban Quản lí rừng Kiên Giang", "Nguoinkcu": "Nguyễn Thanh Dũng", "Churung": "Nguyễn Thanh Dũng", "CMND": "370506469/ Ngày cấp 13/09/2018/ CA Kiên Giang", "DienThoai": "0917127141", "Dtich": 0.29, "DtichBS": 0.29, "NgayDoVe": "PyQt5.QtCore.QDate(2019, 11, 29)", "TranhChap": "Không", "KT": 1.0, "Lapdia": "1", "mdsd": "Phòng hộ môi sinh", "nqh": "0", "Anh": "https://cdn2.fptshop.com.vn/unsafe/1920x0/filters:format(webp):quality(75)/hinh_nen_meme_con_luoi_flash_zootopia_1_c520bf6214.jpg", "Anh2": "https://png.pngtree.com/thumb_back/fh260/background/20230830/pngtree-the-lotus-is-also-represented-image_13145607.jpg"}}, {"type": "Feature", "geometry": {"coordinates": [[[[104.35253131398551, 9.683162635578826], [104.35390303754617, 9.68308862535773], [104.35430457376125, 9.683049915308764], [104.35406971424563, 9.682456207293408], [104.35391588383978, 9.682041294230343], [104.35374580036847, 9.681490472680418], [104.35373987123643, 9.681292992536562], [104.3518107358226, 9.681526444120678], [104.35238938273704, 9.68284040762744], [104.35253131398551, 9.683162635578826]]]], "type": "MultiPolygon"}, "properties": {"fid": 130, "TT": 114.0, "id": 114.0, "Tinh": "Kiên Giang", "Huyen": "Kiên Hải", "Xa": "An Sơn", "Ddanh": "Hòn Lớnư", "TK": "1", "Khoanh": "3", "Lo": "23", "ldlr": "RTK", "sldlr": "Xoài, Dừa", "Ht2023": "NULL", "namtr": "NULL", "ChuQL": "Ban Quản lí rừng Kiên Giang", "Nguoinkcu": "Trần Minh Hiếu", "Churung": "Đặng Hữu Thích", "CMND": "371878270/ Ngày cấp 19/11/2014/ CA Kiên Giang", "DienThoai": "0358837217", "Dtich": 3.89, "DtichBS": 3.89, "NgayDoVe": "PyQt5.QtCore.QDate(2019, 9, 22)", "TranhChap": "Không", "KT": 1.0, "Lapdia": "1", "mdsd": "Phòng hộ môi sinh", "nqh": "0", "Anh": "https://cdn2.fptshop.com.vn/unsafe/1920x0/filters:format(webp):quality(75)/hinh_nen_meme_con_luoi_flash_zootopia_1_c520bf6214.jpg", "Anh2": "https://png.pngtree.com/thumb_back/fh260/background/20230830/pngtree-the-lotus-is-also-represented-image_13145607.jpg"}}, {"type": "Feature", "geometry": {"coordinates": [[[[104.35629560390836, 9.683864264491866], [104.3563133373152, 9.68395134651986], [104.35679937122978, 9.683867730100914], [104.35674939457147, 9.683740488096255], [104.35666609611108, 9.68375302173328], [104.35649503029217, 9.683786315312519], [104.35629560390836, 9.683864264491866]]], [[[104.35629113778973, 9.683865980605418], [104.35629560390836, 9.683864264491866], [104.35629533094013, 9.683863269755944], [104.35629113778973, 9.683865980605418]]]], "type": "MultiPolygon"}, "properties": {"fid": 131, "TT": 115.0, "id": 115.0, "Tinh": "Kiên Giang", "Huyen": "Kiên Hải", "Xa": "An Sơn", "Ddanh": "Hòn Lớn", "TK": "1", "Khoanh": "3", "Lo": "13", "ldlr": "RTK", "sldlr": "Bạch đàn, Xoài, Dây leo", "Ht2023": "NULL", "namtr": "NULL", "ChuQL": "Ban Quản lí rừng Kiên Giang", "Nguoinkcu": "Vừ kim Xuân", "Churung": "Vừ kim Xuân", "CMND": "370655140/ Ngày cấp 28/11/2018/ CA Kiên Giang", "DienThoai": "0915678577", "Dtich": 0.07, "DtichBS": 0.07, "NgayDoVe": "PyQt5.QtCore.QDate(2019, 11, 14)", "TranhChap": "Không", "KT": 1.0, "Lapdia": "1", "mdsd": "Phòng hộ môi sinh", "nqh": "0", "Anh": "https://cdn2.fptshop.com.vn/unsafe/1920x0/filters:format(webp):quality(75)/hinh_nen_meme_con_luoi_flash_zootopia_1_c520bf6214.jpg", "Anh2": "https://png.pngtree.com/thumb_back/fh260/background/20230830/pngtree-the-lotus-is-also-represented-image_13145607.jpg"}}, {"type": "Feature", "geometry": {"coordinates": [[[[104.35968429058535, 9.695923552514959], [104.35985644510878, 9.69591620846379], [104.3598557039526, 9.695945323433742], [104.36092664651513, 9.696312774629524], [104.36097226413723, 9.695968292527327], [104.3607899519515, 9.69541403373312], [104.36191235640719, 9.694958679715707], [104.36182947361186, 9.694839924723965], [104.36164084315104, 9.694579438747786], [104.3616336456226, 9.694574553157922], [104.36163665335441, 9.694573740590272], [104.36151086946428, 9.694400173621542], [104.36109377014219, 9.693914448929325], [104.36098592152253, 9.693785737409563], [104.36065601811478, 9.694010568792699], [104.36067495488871, 9.694056419483653], [104.36059009709369, 9.694087489522847], [104.36049438778788, 9.694134649907516], [104.3604579265645, 9.694153894559717], [104.36041918289598, 9.69418308449157], [104.36037806538339, 9.694222852605769], [104.36042452783204, 9.69426030544318], [104.36039142692931, 9.694307581690259], [104.36034901524495, 9.694391564708404], [104.36030530960403, 9.694519220107262], [104.36021433982837, 9.69478465648598], [104.36018158854883, 9.694867739215859], [104.36005821973285, 9.694805570284588], [104.3599928232089, 9.69493556770971], [104.359932870541, 9.69490398661246], [104.35991280322949, 9.694947289647784], [104.35991052271899, 9.694952533082496], [104.35989667265936, 9.694947192638548], [104.35977451681504, 9.695255927376891], [104.35972318760047, 9.695306632064431], [104.35971051054153, 9.695329503165368], [104.35971087421123, 9.695331582976536], [104.35954000912864, 9.695745094589066], [104.35955397632799, 9.695907042711164], [104.35968429058535, 9.695923552514959]]]], "type": "MultiPolygon"}, "properties": {"fid": 132, "TT": 116.0, "id": 116.0, "Tinh": "Kiên Giang", "Huyen": "Kiên Hải", "Xa": "An Sơn", "Ddanh": "Hòn Lớn", "TK": "1", "Khoanh": "2", "Lo": "35", "ldlr": "RTK", "sldlr": "Tràm,Bạch đàn", "Ht2023": "NULL", "namtr": "NULL", "ChuQL": "Ban Quản lí rừng Kiên Giang", "Nguoinkcu": "Trần Thanh Lên", "Churung": "Trần Mười Lớn", "CMND": "NULL", "DienThoai": "0913999585", "Dtich": 3.45, "DtichBS": 3.45, "NgayDoVe": "PyQt5.QtCore.QDate(2019, 9, 10)", "TranhChap": "Không", "KT": 1.0, "Lapdia": "1", "mdsd": "Phòng hộ môi sinh", "nqh": "0", "Anh": "https://cdn2.fptshop.com.vn/unsafe/1920x0/filters:format(webp):quality(75)/hinh_nen_meme_con_luoi_flash_zootopia_1_c520bf6214.jpg", "Anh2": "https://png.pngtree.com/thumb_back/fh260/background/20230830/pngtree-the-lotus-is-also-represented-image_13145607.jpg"}}, {"type": "Feature", "geometry": {"coordinates": [[[[104.35511514333709, 9.68844137815403], [104.35480041422755, 9.688137433522694], [104.35469766683421, 9.688023551100272], [104.35474906097555, 9.687820941356122], [104.3549609767346, 9.68731449742456], [104.35506371517717, 9.686599136748145], [104.35502703690211, 9.686488266175417], [104.35458263377097, 9.686387892684081], [104.35446652550728, 9.68725117487167], [104.35433801720824, 9.687915889116107], [104.35463985379705, 9.688530060144812], [104.35511514333709, 9.68844137815403]]]], "type": "MultiPolygon"}, "properties": {"fid": 133, "TT": 117.0, "id": 117.0, "Tinh": "Kiên Giang", "Huyen": "Kiên Hải", "Xa": "An Sơn", "Ddanh": "Hòn Lớn", "TK": "1", "Khoanh": "3", "Lo": "2", "ldlr": "RTK", "sldlr": "Dầu, Xoài, Dừa", "Ht2023": "NULL", "namtr": "NULL", "ChuQL": "Ban Quản lí rừng Kiên Giang", "Nguoinkcu": "Trần Văn Hoàng", "Churung": "Đặng Hữu Kiền", "CMND": "371145054/ Ngày cấp 28/03/2011/ CA Kiên Giang", "DienThoai": "0918673497", "Dtich": 1.14, "DtichBS": 1.14, "NgayDoVe": "PyQt5.QtCore.QDate(2019, 10, 18)", "TranhChap": "Không", "KT": 1.0, "Lapdia": "1", "mdsd": "Phòng hộ môi sinh", "nqh": "0", "Anh": "https://cdn2.fptshop.com.vn/unsafe/1920x0/filters:format(webp):quality(75)/hinh_nen_meme_con_luoi_flash_zootopia_1_c520bf6214.jpg", "Anh2": "https://png.pngtree.com/thumb_back/fh260/background/20230830/pngtree-the-lotus-is-also-represented-image_13145607.jpg"}}, {"type": "Feature", "geometry": {"coordinates": [[[[104.3598557039526, 9.695945323433742], [104.35985162620183, 9.696108801310716], [104.3598497739466, 9.696180051593181], [104.35983161718927, 9.696889389846676], [104.35971368398448, 9.696903627992988], [104.3596219828172, 9.69739104519447], [104.35962599399332, 9.697387972553484], [104.35973197164043, 9.697415051532321], [104.35979601231773, 9.697479004731155], [104.35987700973858, 9.697529040153883], [104.35995600392198, 9.697575005835228], [104.36001604883464, 9.697605049826127], [104.36012501868203, 9.697669111724533], [104.360326394351, 9.697743428715075], [104.36053261783177, 9.697113465429096], [104.36092664651513, 9.696312774629524], [104.3598557039526, 9.695945323433742]]]], "type": "MultiPolygon"}, "properties": {"fid": 134, "TT": 118.0, "id": 118.0, "Tinh": "Kiên Giang", "Huyen": "Kiên Hải", "Xa": "An Sơn", "Ddanh": "Hòn Lớn", "TK": "1", "Khoanh": "2", "Lo": "28", "ldlr": "RTK", "sldlr": "Keo, Dừa", "Ht2023": "NULL", "namtr": "NULL", "ChuQL": "Ban Quản lí rừng Kiên Giang", "Nguoinkcu": "Đỗ Thị Đời", "Churung": "Đỗ Thị Đời", "CMND": "370527672/ Ngày cấp 11/04/2018/ CA Kiên Giang", "DienThoai": "0918673497", "Dtich": 1.61, "DtichBS": 1.61, "NgayDoVe": "PyQt5.QtCore.QDate(2019, 11, 29)", "TranhChap": "Không", "KT": 1.0, "Lapdia": "1", "mdsd": "Phòng hộ môi sinh", "nqh": "0", "Anh": "https://cdn2.fptshop.com.vn/unsafe/1920x0/filters:format(webp):quality(75)/hinh_nen_meme_con_luoi_flash_zootopia_1_c520bf6214.jpg", "Anh2": "https://png.pngtree.com/thumb_back/fh260/background/20230830/pngtree-the-lotus-is-also-represented-image_13145607.jpg"}}, {"type": "Feature", "geometry": {"coordinates": [[[[104.35801925430522, 9.69901478206988], [104.35844267118208, 9.699217588567302], [104.35872505641186, 9.698008607694776], [104.3587303274732, 9.697608320137025], [104.35824802784077, 9.69678303776398], [104.35811049585328, 9.69680911228777], [104.3580900436613, 9.697767014240318], [104.35797318102497, 9.698484810894817], [104.35801925430522, 9.69901478206988]]]], "type": "MultiPolygon"}, "properties": {"fid": 135, "TT": 119.0, "id": 119.0, "Tinh": "Kiên Giang", "Huyen": "Kiên Hải", "Xa": "An Sơn", "Ddanh": "Hòn Lớn", "TK": "1", "Khoanh": "2", "Lo": "21", "ldlr": "RTK", "sldlr": "Mít", "Ht2023": "NULL", "namtr": "NULL", "ChuQL": "Ban Quản lí rừng Kiên Giang", "Nguoinkcu": "Phạm Thị Kiều Oanh", "Churung": "Phạm Thị Kiều Oanh", "CMND": "NULL", "DienThoai": "NULL", "Dtich": 1.5, "DtichBS": 1.5, "NgayDoVe": "PyQt5.QtCore.QDate(2019, 9, 22)", "TranhChap": "Không", "KT": 1.0, "Lapdia": "1", "mdsd": "Phòng hộ môi sinh", "nqh": "0", "Anh": "https://cdn2.fptshop.com.vn/unsafe/1920x0/filters:format(webp):quality(75)/hinh_nen_meme_con_luoi_flash_zootopia_1_c520bf6214.jpg", "Anh2": "https://png.pngtree.com/thumb_back/fh260/background/20230830/pngtree-the-lotus-is-also-represented-image_13145607.jpg"}}, {"type": "Feature", "geometry": {"coordinates": [[[[104.36001459662754, 9.700007510958697], [104.36008701242638, 9.699875346363942], [104.36035187185406, 9.699381941544347], [104.36035406327461, 9.699371815387428], [104.35972703686967, 9.699201750473609], [104.35945945227455, 9.699234372949585], [104.35895863397353, 9.699315635761325], [104.3589594347221, 9.699362202432415], [104.35891586909055, 9.69980605667552], [104.35920275070539, 9.699831040148938], [104.36001459662754, 9.700007510958697]]]], "type": "MultiPolygon"}, "properties": {"fid": 136, "TT": 120.0, "id": 120.0, "Tinh": "Kiên Giang", "Huyen": "Kiên Hải", "Xa": "An Sơn", "Ddanh": "Hòn Lớn", "TK": "1", "Khoanh": "2", "Lo": "16", "ldlr": "RTK", "sldlr": "NULL", "Ht2023": "NULL", "namtr": "NULL", "ChuQL": "Ban Quản lí rừng Kiên Giang", "Nguoinkcu": "Lương Quốc Bình", "Churung": "Lương Quốc Bình", "CMND": "NULL", "DienThoai": "NULL", "Dtich": 0.99, "DtichBS": 0.99, "NgayDoVe": "PyQt5.QtCore.QDate(2019, 9, 10)", "TranhChap": "Không", "KT": 1.0, "Lapdia": "1", "mdsd": "Phòng hộ môi sinh", "nqh": "0", "Anh": "https://cdn2.fptshop.com.vn/unsafe/1920x0/filters:format(webp):quality(75)/hinh_nen_meme_con_luoi_flash_zootopia_1_c520bf6214.jpg", "Anh2": "https://png.pngtree.com/thumb_back/fh260/background/20230830/pngtree-the-lotus-is-also-represented-image_13145607.jpg"}}, {"type": "Feature", "geometry": {"coordinates": [[[[104.34697580531422, 9.683029909201013], [104.34697589599406, 9.683030903862747], [104.34697589558475, 9.683031808063763], [104.34698875559283, 9.683209579749986], [104.3499067613239, 9.682965286643293], [104.34988981737706, 9.682540756711578], [104.34698220102034, 9.68279192629365], [104.34697580531422, 9.683029909201013]]]], "type": "MultiPolygon"}, "properties": {"fid": 137, "TT": 31.0, "id": 31.0, "Tinh": "Kiên Giang", "Huyen": "Kiên Hải", "Xa": "An Sơn", "Ddanh": "Hòn Lớn", "TK": "1", "Khoanh": "3", "Lo": "20", "ldlr": "RTK", "sldlr": "Dừa, Bạch đàn", "Ht2023": "NULL", "namtr": "NULL", "ChuQL": "Ban Quản lí rừng Kiên Giang", "Nguoinkcu": "Trương Văn Sơn", "Churung": "Trương Văn Sơn", "CMND": "NULL", "DienThoai": "0388130837", "Dtich": 1.5, "DtichBS": 1.5, "NgayDoVe": "PyQt5.QtCore.QDate(2019, 9, 22)", "TranhChap": "Không", "KT": 1.0, "Lapdia": "1", "mdsd": "Phòng hộ môi sinh", "nqh": "0", "Anh": "https://cdn2.fptshop.com.vn/unsafe/1920x0/filters:format(webp):quality(75)/hinh_nen_meme_con_luoi_flash_zootopia_1_c520bf6214.jpg", "Anh2": "https://png.pngtree.com/thumb_back/fh260/background/20230830/pngtree-the-lotus-is-also-represented-image_13145607.jpg"}}, {"type": "Feature", "geometry": {"coordinates": [[[[104.34682171171625, 9.680197610859448], [104.34682171211479, 9.680397891455774], [104.34693269865663, 9.680820564637147], [104.34702437511082, 9.6812230654865], [104.34702937713506, 9.681245401486615], [104.34701633887177, 9.681663046251963], [104.3470106584262, 9.68173022587581], [104.3470082473566, 9.681822362910783], [104.3498732234563, 9.68153328829369], [104.34979973780015, 9.679971157767765], [104.34682171171625, 9.680197610859448]]]], "type": "MultiPolygon"}, "properties": {"fid": 138, "TT": 58.0, "id": 58.0, "Tinh": "Kiên Giang", "Huyen": "Kiên Hải", "Xa": "An Sơn", "Ddanh": "Hòn Lớn", "TK": "1", "Khoanh": "3", "Lo": "25", "ldlr": "RTK", "sldlr": "Dừa, Bạch đàn", "Ht2023": "NULL", "namtr": "NULL", "ChuQL": "Ban Quản lí rừng Kiên Giang", "Nguoinkcu": "Lâm Văn Khoa", "Churung": "Lâm Văn Khoa", "CMND": "370899780/ Ngày cấp 09/01/2012/ CA Kiên Giang", "DienThoai": "NULL", "Dtich": 5.65, "DtichBS": 5.65, "NgayDoVe": "PyQt5.QtCore.QDate(2019, 9, 22)", "TranhChap": "Không", "KT": 1.0, "Lapdia": "1", "mdsd": "Phòng hộ môi sinh", "nqh": "0", "Anh": "https://cdn2.fptshop.com.vn/unsafe/1920x0/filters:format(webp):quality(75)/hinh_nen_meme_con_luoi_flash_zootopia_1_c520bf6214.jpg", "Anh2": "https://png.pngtree.com/thumb_back/fh260/background/20230830/pngtree-the-lotus-is-also-represented-image_13145607.jpg"}}, {"type": "Feature", "geometry": {"coordinates": [[[[104.34699953259235, 9.683358687328367], [104.346966961946, 9.68364204946134], [104.34693658680742, 9.684309245949379], [104.3469636305664, 9.684357813606228], [104.34718026334275, 9.684726372064684], [104.350054566275, 9.684216132869714], [104.3499067613239, 9.682965286643293], [104.34698875559283, 9.683209579749986], [104.34699953259235, 9.683358687328367]]]], "type": "MultiPolygon"}, "properties": {"fid": 139, "TT": 81.0, "id": 81.0, "Tinh": "Kiên Giang", "Huyen": "Kiên Hải", "Xa": "An Sơn", "Ddanh": "Hòn Lớn", "TK": "1", "Khoanh": "3", "Lo": "14", "ldlr": "NULL", "sldlr": "Keo lá tràm, Dừa", "Ht2023": "NULL", "namtr": "NULL", "ChuQL": "Ban Quản lí rừng Kiên Giang", "Nguoinkcu": "Trương Văn Sơn", "Churung": "Trương Văn Sơn", "CMND": "NULL", "DienThoai": "NULL", "Dtich": 5.14, "DtichBS": 5.14, "NgayDoVe": "PyQt5.QtCore.QDate(2019, 9, 22)", "TranhChap": "Không", "KT": 1.0, "Lapdia": "1", "mdsd": "Phòng hộ môi sinh", "nqh": "0", "Anh": "https://cdn2.fptshop.com.vn/unsafe/1920x0/filters:format(webp):quality(75)/hinh_nen_meme_con_luoi_flash_zootopia_1_c520bf6214.jpg", "Anh2": "https://png.pngtree.com/thumb_back/fh260/background/20230830/pngtree-the-lotus-is-also-represented-image_13145607.jpg"}}, {"type": "Feature", "geometry": {"coordinates": [[[[104.3469551364086, 9.682387103344196], [104.34695524769174, 9.682745167078442], [104.34698220102034, 9.68279192629365], [104.34988981737706, 9.682540756711578], [104.3498732234563, 9.68153328829369], [104.3470082473566, 9.681822362910783], [104.34700112990363, 9.68184297552857], [104.3469551364086, 9.682387103344196]]]], "type": "MultiPolygon"}, "properties": {"fid": 140, "TT": 78.0, "id": 78.0, "Tinh": "Kiên Giang", "Huyen": "Kiên Hải", "Xa": "An Sơn", "Ddanh": "Hòn Lớn", "TK": "1", "Khoanh": "3", "Lo": "22", "ldlr": "RTK", "sldlr": "Dừa, Bạch đàn", "Ht2023": "NULL", "namtr": "NULL", "ChuQL": "Ban Quản lí rừng Kiên Giang", "Nguoinkcu": "Lâm Văn Khoa", "Churung": "Lâm Văn Khoa", "CMND": "370899780/ Ngày cấp 09/01/2012/ CA Kiên Giang", "DienThoai": "NULL", "Dtich": 3.51, "DtichBS": 3.51, "NgayDoVe": "PyQt5.QtCore.QDate(2019, 9, 22)", "TranhChap": "Không", "KT": 1.0, "Lapdia": "1", "mdsd": "Phòng hộ môi sinh", "nqh": "0", "Anh": "https://cdn2.fptshop.com.vn/unsafe/1920x0/filters:format(webp):quality(75)/hinh_nen_meme_con_luoi_flash_zootopia_1_c520bf6214.jpg", "Anh2": "https://png.pngtree.com/thumb_back/fh260/background/20230830/pngtree-the-lotus-is-also-represented-image_13145607.jpg"}}, {"type": "Feature", "geometry": {"coordinates": [[[[104.34999478895995, 9.677633610766044], [104.34768755173896, 9.677523006364506], [104.34768517738623, 9.677534126990468], [104.3473684764305, 9.678607816104272], [104.34717133591298, 9.679276114143615], [104.34710274342316, 9.679416325254625], [104.34693366754964, 9.679686787004012], [104.34683732686183, 9.679925724477371], [104.34682176467919, 9.68008069764913], [104.34682171171625, 9.680197610859448], [104.34979973780015, 9.679971157767765], [104.34980038954112, 9.678708983171651], [104.34988054007276, 9.67798457191816], [104.34999478895995, 9.677633610766044]]]], "type": "MultiPolygon"}, "properties": {"fid": 141, "TT": 38.0, "id": 38.0, "Tinh": "Kiên Giang", "Huyen": "Kiên Hải", "Xa": "An Sơn", "Ddanh": "Hòn Lớn", "TK": "1", "Khoanh": "4", "Lo": "2", "ldlr": "RTK", "sldlr": "Dừa, Bạch đàn", "Ht2023": "NULL", "namtr": "NULL", "ChuQL": "Ban Quản lí rừng Kiên Giang", "Nguoinkcu": "Lâm Văn Khoa", "Churung": "Lâm Văn Khoa", "CMND": "370899780/ Ngày cấp 09/01/2012/ CA Kiên Giang", "DienThoai": "NULL", "Dtich": 7.82, "DtichBS": 7.82, "NgayDoVe": "PyQt5.QtCore.QDate(2019, 9, 22)", "TranhChap": "Không", "KT": 1.0, "Lapdia": "1", "mdsd": "Phòng hộ môi sinh", "nqh": "0", "Anh": "https://cdn2.fptshop.com.vn/unsafe/1920x0/filters:format(webp):quality(75)/hinh_nen_meme_con_luoi_flash_zootopia_1_c520bf6214.jpg", "Anh2": "https://png.pngtree.com/thumb_back/fh260/background/20230830/pngtree-the-lotus-is-also-represented-image_13145607.jpg"}}, {"type": "Feature", "geometry": {"coordinates": [[[[104.35825359015811, 9.696775535195759], [104.35822872910792, 9.696731490333205], [104.35821382911243, 9.696622075861143], [104.35810971937441, 9.69627147409731], [104.35808522021526, 9.696233849200246], [104.35803867115354, 9.696185636022904], [104.35798302014805, 9.696110293041716], [104.35788975829497, 9.695970012839558], [104.35789148991037, 9.695969832716957], [104.35780578860482, 9.695838145533884], [104.35778429227219, 9.695811553111955], [104.3575342445375, 9.695973210871683], [104.35720528170373, 9.695472146731857], [104.35692577569735, 9.69547094519559], [104.35685943081165, 9.695470194149534], [104.35685230058252, 9.695521640206369], [104.35683913084422, 9.69563131428129], [104.35676240964786, 9.695814835030918], [104.35664919624209, 9.696089393537662], [104.35692436306118, 9.696223691868516], [104.35778296592923, 9.696580304192123], [104.35758611880667, 9.696791715084423], [104.35823527126415, 9.69677787854503], [104.35825359015811, 9.696775535195759]]], [[[104.35854064860091, 9.696372289700786], [104.35852522759825, 9.696201118098651], [104.35848200868203, 9.696035088969296], [104.3582153334008, 9.695861281809618], [104.35809576344559, 9.695650734367911], [104.35807754882175, 9.695621973239525], [104.35807472288336, 9.695623870892057], [104.35802932605418, 9.695653148212825], [104.35780097425366, 9.695800800038372], [104.35789733148438, 9.695948405575237], [104.35799878882361, 9.696104241425475], [104.35805006815158, 9.696173072347777], [104.35809597950534, 9.696220742739147], [104.35812594418002, 9.69626433762296], [104.35817636198415, 9.69643163565174], [104.35822932414075, 9.696616657062252], [104.3582412277742, 9.696699758048263], [104.35837433432505, 9.696577926764965], [104.35836850965234, 9.696559116979845], [104.35854064860091, 9.696372289700786]]]], "type": "MultiPolygon"}, "properties": {"fid": 142, "TT": 108.0, "id": 108.0, "Tinh": "Kiên Giang", "Huyen": "Kiên Hải", "Xa": "An Sơn", "Ddanh": "Hòn Lớn", "TK": "1", "Khoanh": "2", "Lo": "32", "ldlr": "RTK", "sldlr": "Keo", "Ht2023": "NULL", "namtr": "NULL", "ChuQL": "Ban Quản lí rừng Kiên Giang", "Nguoinkcu": "Phan Thị ánh Phương", "Churung": "Phan Thị ánh Phương", "CMND": "091178000785 Ngày cấp 19/02/2022 CCS", "DienThoai": "NULL", "Dtich": 1.67, "DtichBS": 1.67, "NgayDoVe": "PyQt5.QtCore.QDate(2019, 10, 10)", "TranhChap": "Không", "KT": 1.0, "Lapdia": "1", "mdsd": "Phòng hộ môi sinh", "nqh": "0", "Anh": "https://cdn2.fptshop.com.vn/unsafe/1920x0/filters:format(webp):quality(75)/hinh_nen_meme_con_luoi_flash_zootopia_1_c520bf6214.jpg", "Anh2": "https://png.pngtree.com/thumb_back/fh260/background/20230830/pngtree-the-lotus-is-also-represented-image_13145607.jpg"}}, {"type": "Feature", "geometry": {"coordinates": [[[[104.83491783479936, 9.964956876918286], [104.83491783479936, 9.964956876918286], [104.83505567372714, 9.964893446410986], [104.83507759250789, 9.96429684994846], [104.83559711140981, 9.963682031973756], [104.83568964301537, 9.963640708609766], [104.83572709480532, 9.963518516960212], [104.83539302353711, 9.963265774116191], [104.835346157571, 9.963189960916228], [104.83528562839224, 9.963220673212412], [104.83510971602797, 9.963422209489096], [104.83508476388967, 9.96381699722309], [104.8349869786457, 9.96398337306038], [104.83486379377017, 9.964016951070407], [104.83459885927914, 9.963856273513805], [104.834500600255, 9.963737020874687], [104.83397132715841, 9.96391060965078], [104.83374350361333, 9.964188238252031], [104.83374206887385, 9.96430207529795], [104.83424749677256, 9.964446237754597], [104.83456570835841, 9.964708581859302], [104.8347791620141, 9.964828804002412], [104.83491783479936, 9.964956876918286]]]], "type": "MultiPolygon"}, "properties": {"fid": 143, "TT": 1.0, "id": 1.0, "Tinh": "Kiên Giang", "Huyen": "Kiên Hải", "Xa": "Hòn Tre", "Ddanh": "Hòn Tre", "TK": "1", "Khoanh": "1", "Lo": "6", "ldlr": "Rừng trồng khác", "sldlr": "Xoài, Dừa", "Ht2023": "Rừng trồng khác", "namtr": "NULL", "ChuQL": "Ban Quản lí rừng Kiên Giang", "Nguoinkcu": "Huỳnh Văn út", "Churung": "Huỳnh Văn út", "CMND": "NULL", "DienThoai": "NULL", "Dtich": 1.57, "DtichBS": 1.57, "NgayDoVe": "PyQt5.QtCore.QDate(2023, 4, 4)", "TranhChap": "Không", "KT": 0.0, "Lapdia": "1", "mdsd": "Phòng hộ môi sinh", "nqh": "0", "Anh": "https://cdn2.fptshop.com.vn/unsafe/1920x0/filters:format(webp):quality(75)/hinh_nen_meme_con_luoi_flash_zootopia_1_c520bf6214.jpg", "Anh2": "https://png.pngtree.com/thumb_back/fh260/background/20230830/pngtree-the-lotus-is-also-represented-image_13145607.jpg"}}, {"type": "Feature", "geometry": {"coordinates": [[[[104.83457430421635, 9.96651972557188], [104.83443460462863, 9.96654807578623], [104.83447084531404, 9.96657914309013], [104.83447827479445, 9.966620094758674], [104.8341936587242, 9.966748682160182], [104.83415118685643, 9.966778562435495], [104.83415768747737, 9.966803059062592], [104.83409299304904, 9.966864246015877], [104.83407265867493, 9.966868877654708], [104.83393947097593, 9.967201837597589], [104.83390763665906, 9.967557210078619], [104.83446672292851, 9.9674561061896], [104.83457430421635, 9.96651972557188]]]], "type": "MultiPolygon"}, "properties": {"fid": 144, "TT": 2.0, "id": 2.0, "Tinh": "Kiên Giang", "Huyen": "Kiên Hải", "Xa": "Hòn Tre", "Ddanh": "Hòn Tre", "TK": "1", "Khoanh": "1", "Lo": "1", "ldlr": "Rừng trồng khác", "sldlr": "Xoài, Cam", "Ht2023": "Rừng trồng khác", "namtr": "NULL", "ChuQL": "Ban Quản lí rừng Kiên Giang", "Nguoinkcu": "Huỳnh Văn Thành", "Churung": "Huỳnh Văn Thành", "CMND": "NULL", "DienThoai": "NULL", "Dtich": 0.52, "DtichBS": 0.52, "NgayDoVe": "PyQt5.QtCore.QDate(2023, 4, 4)", "TranhChap": "Không", "KT": 0.0, "Lapdia": "1", "mdsd": "Phòng hộ môi sinh", "nqh": "0", "Anh": "https://cdn2.fptshop.com.vn/unsafe/1920x0/filters:format(webp):quality(75)/hinh_nen_meme_con_luoi_flash_zootopia_1_c520bf6214.jpg", "Anh2": "https://png.pngtree.com/thumb_back/fh260/background/20230830/pngtree-the-lotus-is-also-represented-image_13145607.jpg"}}, {"type": "Feature", "geometry": {"coordinates": [[[[104.83526814619279, 9.966284757909056], [104.83540346728049, 9.966077566016033], [104.83517305675299, 9.96587643770768], [104.83481447561626, 9.965649849633266], [104.83450345794557, 9.965556398443715], [104.83436881517149, 9.965445048559923], [104.83400444863345, 9.965537186971423], [104.83401960294792, 9.9656406094025], [104.83470391024206, 9.965984685946532], [104.8349620722353, 9.966210199458754], [104.83503810931492, 9.9664496390215], [104.83499049196307, 9.96688893482188], [104.83502519487418, 9.966932390796892], [104.83522336786966, 9.966645839784455], [104.83526814619279, 9.966284757909056]]]], "type": "MultiPolygon"}, "properties": {"fid": 145, "TT": 3.0, "id": 3.0, "Tinh": "Kiên Giang", "Huyen": "Kiên Hải", "Xa": "Hòn Tre", "Ddanh": "Hòn Tre", "TK": "1", "Khoanh": "1", "Lo": "3", "ldlr": "Rừng trồng khác", "sldlr": "Dừa, Mít", "Ht2023": "Rừng trồng khác", "namtr": "NULL", "ChuQL": "Ban Quản lí rừng Kiên Giang", "Nguoinkcu": "Nguyen Kim Long", "Churung": "Nguyen Kim Long", "CMND": "NULL", "DienThoai": "NULL", "Dtich": 0.71, "DtichBS": 0.71, "NgayDoVe": "PyQt5.QtCore.QDate(2023, 4, 4)", "TranhChap": "Không", "KT": 0.0, "Lapdia": "1", "mdsd": "Phòng hộ môi sinh", "nqh": "0", "Anh": "https://cdn2.fptshop.com.vn/unsafe/1920x0/filters:format(webp):quality(75)/hinh_nen_meme_con_luoi_flash_zootopia_1_c520bf6214.jpg", "Anh2": "https://png.pngtree.com/thumb_back/fh260/background/20230830/pngtree-the-lotus-is-also-represented-image_13145607.jpg"}}, {"type": "Feature", "geometry": {"coordinates": [[[[104.83443460462863, 9.96654807578623], [104.83457430421635, 9.96651972557188], [104.83460532069229, 9.966525842876074], [104.8349620722353, 9.966210199458754], [104.83478466262933, 9.96601869237122], [104.8342650676085, 9.966026627193056], [104.83419962848505, 9.966341526328526], [104.83422108189208, 9.96636103502676], [104.83443460462863, 9.96654807578623], [104.83443460462863, 9.96654807578623]]]], "type": "MultiPolygon"}, "properties": {"fid": 146, "TT": 4.0, "id": 4.0, "Tinh": "Kiên Giang", "Huyen": "Kiên Hải", "Xa": "Hòn Tre", "Ddanh": "Hòn Tre", "TK": "1", "Khoanh": "1", "Lo": "2", "ldlr": "Rừng trồng khác", "sldlr": "Xoài, Tiêu", "Ht2023": "Rừng trồng khác", "namtr": "NULL", "ChuQL": "Ban Quản lí rừng Kiên Giang", "Nguoinkcu": "Dương Văn Nghiệp", "Churung": "Dương Văn Nghiệp", "CMND": "NULL", "DienThoai": "NULL", "Dtich": 0.34, "DtichBS": 0.34, "NgayDoVe": "PyQt5.QtCore.QDate(2023, 4, 4)", "TranhChap": "Không", "KT": 0.0, "Lapdia": "1", "mdsd": "Phòng hộ môi sinh", "nqh": "0", "Anh": "https://cdn2.fptshop.com.vn/unsafe/1920x0/filters:format(webp):quality(75)/hinh_nen_meme_con_luoi_flash_zootopia_1_c520bf6214.jpg", "Anh2": "https://png.pngtree.com/thumb_back/fh260/background/20230830/pngtree-the-lotus-is-also-represented-image_13145607.jpg"}}, {"type": "Feature", "geometry": {"coordinates": [[[[104.83510971602797, 9.963422209489096], [104.83509382760292, 9.96340396110115], [104.83476519107097, 9.96338204798196], [104.83460564244896, 9.96344224507922], [104.83452793404592, 9.963709596999117], [104.834500600255, 9.963737020874687], [104.83459885927914, 9.963856273513805], [104.83486379377017, 9.964016951070407], [104.8349869786457, 9.96398337306038], [104.83508476388967, 9.96381699722309], [104.83510971602797, 9.963422209489096]]]], "type": "MultiPolygon"}, "properties": {"fid": 147, "TT": 5.0, "id": 5.0, "Tinh": "Kiên Giang", "Huyen": "Kiên Hải", "Xa": "Hòn Tre", "Ddanh": "Hòn Tre", "TK": "1", "Khoanh": "1", "Lo": "7", "ldlr": "Rừng trồng khác", "sldlr": "Xoài, Tiêu", "Ht2023": "Rừng trồng khác", "namtr": "NULL", "ChuQL": "Ban Quản lí rừng Kiên Giang", "Nguoinkcu": "Dương Văn Nghiệp", "Churung": "Dương Văn Nghiệp", "CMND": "NULL", "DienThoai": "NULL", "Dtich": 0.35, "DtichBS": 0.35, "NgayDoVe": "PyQt5.QtCore.QDate(2023, 4, 4)", "TranhChap": "Không", "KT": 0.0, "Lapdia": "1", "mdsd": "Phòng hộ môi sinh", "nqh": "0", "Anh": "https://cdn2.fptshop.com.vn/unsafe/1920x0/filters:format(webp):quality(75)/hinh_nen_meme_con_luoi_flash_zootopia_1_c520bf6214.jpg", "Anh2": "https://png.pngtree.com/thumb_back/fh260/background/20230830/pngtree-the-lotus-is-also-represented-image_13145607.jpg"}}, {"type": "Feature", "geometry": {"coordinates": [[[[104.83540346728049, 9.966077566016033], [104.83619150177186, 9.965019793412248], [104.83616084817737, 9.964922625504983], [104.83641861477582, 9.964406443894005], [104.83647043555946, 9.964332882289865], [104.8365551374328, 9.9643051291931], [104.83594243059311, 9.963339364248725], [104.83591657786188, 9.963298792809072], [104.83579642135061, 9.962993573841102], [104.8355011201396, 9.963104812856558], [104.83539302353711, 9.963265774116191], [104.83572709480532, 9.963518516960212], [104.83568964301537, 9.963640708609766], [104.83559711140981, 9.963682031973756], [104.83576921756179, 9.963772005196581], [104.83507759250789, 9.96429684994846], [104.83505567372714, 9.964893446410986], [104.83436881517149, 9.965445048559923], [104.83450345794557, 9.965556398443715], [104.83481447561626, 9.965649849633266], [104.83517305675299, 9.96587643770768], [104.83540346728049, 9.966077566016033]]]], "type": "MultiPolygon"}, "properties": {"fid": 148, "TT": 6.0, "id": 6.0, "Tinh": "Kiên Giang", "Huyen": "Kiên Hải", "Xa": "Hòn Tre", "Ddanh": "Hòn Tre", "TK": "1", "Khoanh": "1", "Lo": "8", "ldlr": "Rừng trồng khác", "sldlr": "Xoài, Mít, Dừa", "Ht2023": "Rừng trồng khác", "namtr": "NULL", "ChuQL": "Ban Quản lí rừng Kiên Giang", "Nguoinkcu": "Lương Thanh Phong", "Churung": "Lương Thanh Phong", "CMND": "NULL", "DienThoai": "NULL", "Dtich": 3.35, "DtichBS": 3.35, "NgayDoVe": "PyQt5.QtCore.QDate(2023, 3, 31)", "TranhChap": "Không", "KT": 0.0, "Lapdia": "1", "mdsd": "Phòng hộ môi sinh", "nqh": "0", "Anh": "https://cdn2.fptshop.com.vn/unsafe/1920x0/filters:format(webp):quality(75)/hinh_nen_meme_con_luoi_flash_zootopia_1_c520bf6214.jpg", "Anh2": "https://png.pngtree.com/thumb_back/fh260/background/20230830/pngtree-the-lotus-is-also-represented-image_13145607.jpg"}}, {"type": "Feature", "geometry": {"coordinates": [[[[104.836057567011, 9.965422014669112], [104.8361615363292, 9.965505365325406], [104.83610148591578, 9.965647652435008], [104.83609901854538, 9.965732014404573], [104.83612998238554, 9.96577583570052], [104.83624551469046, 9.96575031206999], [104.83651365635859, 9.96574543064276], [104.83664716158508, 9.965902893678939], [104.83662133635434, 9.96597832786934], [104.83669224633266, 9.966108728749163], [104.83678295157065, 9.966153574739677], [104.8370000898426, 9.966307517387147], [104.83702453556627, 9.96639863349517], [104.83716631291269, 9.966439901538344], [104.83714136670724, 9.966305566409964], [104.83687971634703, 9.964904631308254], [104.83684037228674, 9.96478242660141], [104.83676342384915, 9.964633405829515], [104.83656317662202, 9.964317869952566], [104.8365551374328, 9.9643051291931], [104.83647043555946, 9.964332882289865], [104.83641861477582, 9.964406443894005], [104.83642225791077, 9.964490438043438], [104.83644488532232, 9.964587523597238], [104.83641402443915, 9.964644065600439], [104.83640136312422, 9.96465999182836], [104.83643302605282, 9.964763035831407], [104.83637794354846, 9.964946819596411], [104.83632538264865, 9.964921284399518], [104.83629806639613, 9.96505476807851], [104.83629226614612, 9.965179821262845], [104.83620551847635, 9.965347542582233], [104.836057567011, 9.965422014669112]]]], "type": "MultiPolygon"}, "properties": {"fid": 149, "TT": 7.0, "id": 7.0, "Tinh": "Kiên Giang", "Huyen": "Kiên Hải", "Xa": "Hòn Tre", "Ddanh": "Hòn Tre", "TK": "1", "Khoanh": "1", "Lo": "4", "ldlr": "Rừng trồng khác", "sldlr": "Dừa, Tiêu", "Ht2023": "Rừng trồng khác", "namtr": "NULL", "ChuQL": "Ban Quản lí rừng Kiên Giang", "Nguoinkcu": "Nguyễn Anh Tuấn", "Churung": "Nguyễn Anh Tuấn", "CMND": "NULL", "DienThoai": "NULL", "Dtich": 1.28, "DtichBS": 1.28, "NgayDoVe": "PyQt5.QtCore.QDate(2023, 3, 31)", "TranhChap": "Không", "KT": 0.0, "Lapdia": "1", "mdsd": "Phòng hộ môi sinh", "nqh": "0", "Anh": "https://cdn2.fptshop.com.vn/unsafe/1920x0/filters:format(webp):quality(75)/hinh_nen_meme_con_luoi_flash_zootopia_1_c520bf6214.jpg", "Anh2": "https://png.pngtree.com/thumb_back/fh260/background/20230830/pngtree-the-lotus-is-also-represented-image_13145607.jpg"}}, {"type": "Feature", "geometry": {"coordinates": [[[[104.83337771434427, 9.963956049841869], [104.83328065651216, 9.963941499085385], [104.83322668325143, 9.963961806463399], [104.83321497824977, 9.963931618701134], [104.83268544774361, 9.963852307993859], [104.83213355311788, 9.963754302258685], [104.83183795420473, 9.963753511101414], [104.83199891077993, 9.96409268800786], [104.83170521846485, 9.96426404977059], [104.83183365607526, 9.96446383526039], [104.8321447733305, 9.964387032754455], [104.83279098601021, 9.964674730764239], [104.83317789134966, 9.964414213843064], [104.83337771434427, 9.963956049841869]]]], "type": "MultiPolygon"}, "properties": {"fid": 150, "TT": 8.0, "id": 8.0, "Tinh": "Kiên Giang", "Huyen": "Kiên Hải", "Xa": "Hòn Tre", "Ddanh": "Hòn Tre", "TK": "1", "Khoanh": "1", "Lo": "5", "ldlr": "Rừng trồng khác", "sldlr": "Xoài Dừa", "Ht2023": "Rừng trồng khác", "namtr": "NULL", "ChuQL": "Ban Quản lí rừng Kiên Giang", "Nguoinkcu": "Huỳnh Văn út", "Churung": "Huỳnh Văn út", "CMND": "NULL", "DienThoai": "NULL", "Dtich": 1.16, "DtichBS": 1.16, "NgayDoVe": "PyQt5.QtCore.QDate(2023, 4, 4)", "TranhChap": "Không", "KT": 0.0, "Lapdia": "1", "mdsd": "Phòng hộ môi sinh", "nqh": "0", "Anh": "https://cdn2.fptshop.com.vn/unsafe/1920x0/filters:format(webp):quality(75)/hinh_nen_meme_con_luoi_flash_zootopia_1_c520bf6214.jpg", "Anh2": "https://png.pngtree.com/thumb_back/fh260/background/20230830/pngtree-the-lotus-is-also-represented-image_13145607.jpg"}}, {"type": "Feature", "geometry": {"coordinates": [[[[104.62244104214585, 9.806647882206068], [104.62346401859908, 9.806475985281404], [104.62344705150501, 9.80620093510125], [104.62338633856578, 9.805960079439359], [104.62335597179349, 9.805934953845195], [104.62277702920599, 9.805788955514473], [104.62240697769829, 9.806235038697494], [104.62297300631799, 9.806216930794582], [104.62244104214585, 9.806647882206068]]]], "type": "MultiPolygon"}, "properties": {"fid": 151, "TT": 1.0, "id": 1.0, "Tinh": "Kiên Giang", "Huyen": "Kiên Hải", "Xa": "Lại Sơn", "Ddanh": "Bãi Nhà B", "TK": "1", "Khoanh": "1", "Lo": "67", "ldlr": "Rừng trồng khác", "sldlr": "Mít, tre", "Ht2023": "NULL", "namtr": "NULL", "ChuQL": "Ban Quản lí rừng Kiên Giang", "Nguoinkcu": "Nguyễn Văn Nhất", "Churung": "Nguyễn Quốc Anh", "CMND": "370993200/ Ngày cấp 03/06/2015/ CA Kiên Giang", "DienThoai": "0946444086", "Dtich": 0.66, "DtichBS": 0.66, "NgayDoVe": "PyQt5.QtCore.QDate(2019, 8, 28)", "TranhChap": "Không", "KT": 1.0, "Lapdia": "1", "mdsd": "Phòng hộ môi sinh", "nqh": "0", "Anh": "https://cdn2.fptshop.com.vn/unsafe/1920x0/filters:format(webp):quality(75)/hinh_nen_meme_con_luoi_flash_zootopia_1_c520bf6214.jpg", "Anh2": "https://png.pngtree.com/thumb_back/fh260/background/20230830/pngtree-the-lotus-is-also-represented-image_13145607.jpg"}}, {"type": "Feature", "geometry": {"coordinates": [[[[104.62305198860307, 9.811498309025971], [104.62358240824994, 9.811800840659272], [104.62546556506275, 9.808780497317663], [104.62490275891614, 9.808407634055376], [104.62305198860307, 9.811498309025971]]]], "type": "MultiPolygon"}, "properties": {"fid": 152, "TT": 2.0, "id": 2.0, "Tinh": "Kiên Giang", "Huyen": "Kiên Hải", "Xa": "Lại Sơn", "Ddanh": "ấp Thiên Tuế", "TK": "1", "Khoanh": "1", "Lo": "30", "ldlr": "Rừng trồng khác", "sldlr": "Chuối", "Ht2023": "NULL", "namtr": "NULL", "ChuQL": "Ban Quản lí rừng Kiên Giang", "Nguoinkcu": "Huỳnh Văn Hường", "Churung": "Huỳnh Văn Hường", "CMND": "NULL", "DienThoai": "NULL", "Dtich": 2.8, "DtichBS": 2.8, "NgayDoVe": "PyQt5.QtCore.QDate(2019, 12, 9)", "TranhChap": "Không", "KT": 0.0, "Lapdia": "1", "mdsd": "Phòng hộ môi sinh", "nqh": "0", "Anh": "https://cdn2.fptshop.com.vn/unsafe/1920x0/filters:format(webp):quality(75)/hinh_nen_meme_con_luoi_flash_zootopia_1_c520bf6214.jpg", "Anh2": "https://png.pngtree.com/thumb_back/fh260/background/20230830/pngtree-the-lotus-is-also-represented-image_13145607.jpg"}}, {"type": "Feature", "geometry": {"coordinates": [[[[104.62936007973082, 9.805890942458916], [104.62991803541983, 9.805979973233967], [104.63013702947896, 9.806028987071855], [104.63063598665725, 9.80607698882069], [104.63062498024428, 9.806372032070687], [104.63092405836795, 9.806527980862661], [104.63117204274982, 9.805880933104662], [104.6308020002882, 9.805624013256564], [104.63055900302119, 9.805505024348987], [104.63002007035756, 9.805337051046672], [104.62971305741063, 9.805167993626574], [104.62963104903073, 9.805502034855417], [104.6296190422647, 9.80557102957166], [104.62952497863432, 9.805615009423846], [104.62935329730075, 9.805797270380445], [104.62936007973082, 9.805890942458916]]]], "type": "MultiPolygon"}, "properties": {"fid": 153, "TT": 3.0, "id": 3.0, "Tinh": "Kiên Giang", "Huyen": "Kiên Hải", "Xa": "Lại Sơn", "Ddanh": "Bãi Nhà B", "TK": "1", "Khoanh": "1", "Lo": "73", "ldlr": "Rừng trồng khác", "sldlr": "Xoài, Mít, Dừa, Sao, Sến", "Ht2023": "NULL", "namtr": "NULL", "ChuQL": "Ban Quản lí rừng Kiên Giang", "Nguoinkcu": "Trương Thị Vui", "Churung": "Nguyễn Thị Thanh Hiền", "CMND": "370620932/ Ngày cấp 19/07/2007/ CA Kiên Giang", "DienThoai": "0782191919", "Dtich": 1.29, "DtichBS": 1.29, "NgayDoVe": "PyQt5.QtCore.QDate(2019, 9, 4)", "TranhChap": "Không", "KT": 1.0, "Lapdia": "1", "mdsd": "Phòng hộ môi sinh", "nqh": "0", "Anh": "https://cdn2.fptshop.com.vn/unsafe/1920x0/filters:format(webp):quality(75)/hinh_nen_meme_con_luoi_flash_zootopia_1_c520bf6214.jpg", "Anh2": "https://png.pngtree.com/thumb_back/fh260/background/20230830/pngtree-the-lotus-is-also-represented-image_13145607.jpg"}}, {"type": "Feature", "geometry": {"coordinates": [[[[104.62116198924528, 9.800554964842512], [104.62103599697672, 9.801291929681106], [104.62137305213975, 9.801368937176184], [104.6224700594089, 9.801506975300732], [104.62273100616213, 9.801119975484943], [104.62277705584576, 9.80065899965075], [104.62276903321109, 9.800658007938512], [104.62208104519317, 9.800692977355562], [104.62196806235087, 9.80010402462522], [104.6212070218907, 9.800299965435372], [104.62114106628354, 9.800425943521288], [104.62116198924528, 9.800554964842512]]]], "type": "MultiPolygon"}, "properties": {"fid": 154, "TT": 4.0, "id": 4.0, "Tinh": "Kiên Giang", "Huyen": "Kiên Hải", "Xa": "Lại Sơn", "Ddanh": "Bãi Nhà B", "TK": "1", "Khoanh": "1", "Lo": "120", "ldlr": "Rừng trồng khác", "sldlr": "Mít, Vú Sữa, Xoài", "Ht2023": "NULL", "namtr": "NULL", "ChuQL": "Ban Quản lí rừng Kiên Giang", "Nguoinkcu": "Nguyễn Văn Mừng", "Churung": "Nguyễn Văn Mừng", "CMND": "370209802/ Ngày cấp 22/12/2017/ CA Kiên Giang", "DienThoai": "0943214631", "Dtich": 1.96, "DtichBS": 1.96, "NgayDoVe": "PyQt5.QtCore.QDate(2019, 8, 28)", "TranhChap": "Không", "KT": 1.0, "Lapdia": "1", "mdsd": "Phòng hộ môi sinh", "nqh": "0", "Anh": "https://cdn2.fptshop.com.vn/unsafe/1920x0/filters:format(webp):quality(75)/hinh_nen_meme_con_luoi_flash_zootopia_1_c520bf6214.jpg", "Anh2": "https://png.pngtree.com/thumb_back/fh260/background/20230830/pngtree-the-lotus-is-also-represented-image_13145607.jpg"}}, {"type": "Feature", "geometry": {"coordinates": [[[[104.62066003049955, 9.804028974708652], [104.62094198759613, 9.803749025609532], [104.62092307760761, 9.801879968689756], [104.62065302826822, 9.801808000425398], [104.62089701207067, 9.801395871380203], [104.62088898690108, 9.801387917314397], [104.620173050277, 9.801533928127569], [104.62012997870426, 9.802934000640278], [104.62066003049955, 9.804028974708652]]]], "type": "MultiPolygon"}, "properties": {"fid": 155, "TT": 5.0, "id": 5.0, "Tinh": "Kiên Giang", "Huyen": "Kiên Hải", "Xa": "Lại Sơn", "Ddanh": "Bãi Nhà B", "TK": "1", "Khoanh": "1", "Lo": "101", "ldlr": "Rừng trồng khác", "sldlr": "Xoài, Mít, Tre", "Ht2023": "NULL", "namtr": "NULL", "ChuQL": "Ban Quản lí rừng Kiên Giang", "Nguoinkcu": "Nguyễn Văn Tuấn", "Churung": "Nguyễn Văn Tuấn", "CMND": "371414224/ Ngày cấp 21/12/2017/ CA Kiên Giang", "DienThoai": "0776502274", "Dtich": 1.98, "DtichBS": 1.98, "NgayDoVe": "PyQt5.QtCore.QDate(2019, 8, 28)", "TranhChap": "Không", "KT": 1.0, "Lapdia": "1", "mdsd": "Phòng hộ môi sinh", "nqh": "0", "Anh": "https://cdn2.fptshop.com.vn/unsafe/1920x0/filters:format(webp):quality(75)/hinh_nen_meme_con_luoi_flash_zootopia_1_c520bf6214.jpg", "Anh2": "https://png.pngtree.com/thumb_back/fh260/background/20230830/pngtree-the-lotus-is-also-represented-image_13145607.jpg"}}, {"type": "Feature", "geometry": {"coordinates": [[[[104.62439254017053, 9.806770956212823], [104.62417614630523, 9.806848977212304], [104.6240190705745, 9.80709298671721], [104.62364901071487, 9.807269982574534], [104.62329800804959, 9.807212061047204], [104.62315894939209, 9.807120968661438], [104.62314354269144, 9.807120974258032], [104.62332002623567, 9.807340991351365], [104.62325007990876, 9.80752393558525], [104.62339101212208, 9.807503992012336], [104.6234899992317, 9.807458022826], [104.6237370403529, 9.807422036176906], [104.62359703208745, 9.80772101435429], [104.62355406190711, 9.807880982238586], [104.62380844644682, 9.807979627596715], [104.62399508637446, 9.808051985453748], [104.62433297065566, 9.808132063850227], [104.62470999253674, 9.808286994910908], [104.62467502728347, 9.808154995208108], [104.62470098625352, 9.808093952453236], [104.62465400301764, 9.807759959855092], [104.62485206965654, 9.80767199914699], [104.62493105571131, 9.807530011327357], [104.62480707149996, 9.807526982730003], [104.62466704580387, 9.80753300194363], [104.62457605550199, 9.807509978402276], [104.62459101987021, 9.807302007893474], [104.6246170322162, 9.807139966462842], [104.62468401412828, 9.807076919394323], [104.62446595504446, 9.806845977514152], [104.62439254017053, 9.806770956212823]]]], "type": "MultiPolygon"}, "properties": {"fid": 156, "TT": 6.0, "id": 6.0, "Tinh": "Kiên Giang", "Huyen": "Kiên Hải", "Xa": "Lại Sơn", "Ddanh": "Bãi Nhà B", "TK": "1", "Khoanh": "1", "Lo": "51", "ldlr": "Rừng trồng khác", "sldlr": "Xoài, Mít, Gió bầu", "Ht2023": "NULL", "namtr": "NULL", "ChuQL": "Ban Quản lí rừng Kiên Giang", "Nguoinkcu": "Nguyễn Văn Hiền", "Churung": "Vừ Minh Thượng", "CMND": "NULL", "DienThoai": "NULL", "Dtich": 1.5, "DtichBS": 1.5, "NgayDoVe": "PyQt5.QtCore.QDate(2019, 9, 1)", "TranhChap": "Không", "KT": 1.0, "Lapdia": "1", "mdsd": "Phòng hộ môi sinh", "nqh": "0", "Anh": "https://cdn2.fptshop.com.vn/unsafe/1920x0/filters:format(webp):quality(75)/hinh_nen_meme_con_luoi_flash_zootopia_1_c520bf6214.jpg", "Anh2": "https://png.pngtree.com/thumb_back/fh260/background/20230830/pngtree-the-lotus-is-also-represented-image_13145607.jpg"}}, {"type": "Feature", "geometry": {"coordinates": [[[[104.63132757169706, 9.80426995803485], [104.63129848330134, 9.804251252448699], [104.63099329782357, 9.804091960777779], [104.63099193009373, 9.80409123794956], [104.6309915653705, 9.804091057251307], [104.63072676791263, 9.803938169522151], [104.62935669919779, 9.804696230040111], [104.62945935474366, 9.804711019674121], [104.62984592661027, 9.80457885930585], [104.629896686753, 9.804767364661288], [104.629833308082, 9.804949674777038], [104.62978823727329, 9.805091108229933], [104.63132757169706, 9.80426995803485]]]], "type": "MultiPolygon"}, "properties": {"fid": 157, "TT": 7.0, "id": 7.0, "Tinh": "Kiên Giang", "Huyen": "Kiên Hải", "Xa": "Lại Sơn", "Ddanh": "Bãi Nhà B", "TK": "1", "Khoanh": "1", "Lo": "88", "ldlr": "Rừng trồng khác", "sldlr": "Chuối, Mít", "Ht2023": "NULL", "namtr": "NULL", "ChuQL": "Ban Quản lí rừng Kiên Giang", "Nguoinkcu": "Đặng Hữu Thích", "Churung": "Đặng Hữu Tuyến", "CMND": "371375900/ Ngày cấp 20/10/2006/ CA Kiên Giang", "DienThoai": "0962082779", "Dtich": 0.98, "DtichBS": 0.98, "NgayDoVe": "PyQt5.QtCore.QDate(2019, 9, 8)", "TranhChap": "Không", "KT": 0.0, "Lapdia": "1", "mdsd": "Phòng hộ môi sinh", "nqh": "0", "Anh": "https://cdn2.fptshop.com.vn/unsafe/1920x0/filters:format(webp):quality(75)/hinh_nen_meme_con_luoi_flash_zootopia_1_c520bf6214.jpg", "Anh2": "https://png.pngtree.com/thumb_back/fh260/background/20230830/pngtree-the-lotus-is-also-represented-image_13145607.jpg"}}, {"type": "Feature", "geometry": {"coordinates": [[[[104.62846502016369, 9.806797015514887], [104.62879510767443, 9.80698993603601], [104.62879902695195, 9.806987945316807], [104.62927807445534, 9.806939931040088], [104.62928903048063, 9.806746971528105], [104.62929397045944, 9.806556003538303], [104.62928204900821, 9.806374988127683], [104.62928605943925, 9.806372997368152], [104.6286614581806, 9.806272507573992], [104.62865300444392, 9.806335985314197], [104.62865102276834, 9.80639801388527], [104.6285940751274, 9.80647498253576], [104.62856303841997, 9.806605017634453], [104.62846502016369, 9.806797015514887]]]], "type": "MultiPolygon"}, "properties": {"fid": 158, "TT": 8.0, "id": 8.0, "Tinh": "Kiên Giang", "Huyen": "Kiên Hải", "Xa": "Lại Sơn", "Ddanh": "Bãi Nhà B", "TK": "1", "Khoanh": "1", "Lo": "59", "ldlr": "Rừng trồng khác", "sldlr": "Xoài, Mít, Dừa", "Ht2023": "NULL", "namtr": "NULL", "ChuQL": "Ban Quản lí rừng Kiên Giang", "Nguoinkcu": "Nguyễn Thị Tuyết (bà nội)", "Churung": "Ngô Thị Tròn", "CMND": "371414014/ Ngày cấp 22/12/2017/ CA Kiên Giang", "DienThoai": "0939864257", "Dtich": 0.55, "DtichBS": 0.55, "NgayDoVe": "PyQt5.QtCore.QDate(2019, 8, 27)", "TranhChap": "Không", "KT": 1.0, "Lapdia": "1", "mdsd": "Phòng hộ môi sinh", "nqh": "0", "Anh": "https://cdn2.fptshop.com.vn/unsafe/1920x0/filters:format(webp):quality(75)/hinh_nen_meme_con_luoi_flash_zootopia_1_c520bf6214.jpg", "Anh2": "https://png.pngtree.com/thumb_back/fh260/background/20230830/pngtree-the-lotus-is-also-represented-image_13145607.jpg"}}, {"type": "Feature", "geometry": {"coordinates": [[[[104.63995461462976, 9.808844990277391], [104.64008165666513, 9.808964291551172], [104.64019355945922, 9.809069222335559], [104.64018698376366, 9.809041014169058], [104.64027389021562, 9.808887988410357], [104.64039597340255, 9.808705019204538], [104.64056491864294, 9.808530982057132], [104.64059799324008, 9.808272006867897], [104.6406999845411, 9.807573021733], [104.64094991433433, 9.807473998967843], [104.64105296705894, 9.807347007112114], [104.64086897545899, 9.807293012744028], [104.64079537436375, 9.807217633443468], [104.64070097894154, 9.807120923751098], [104.64056198918574, 9.806987974296707], [104.64048596108263, 9.806993973497041], [104.64048007357145, 9.807300950192426], [104.64040092161534, 9.80746599859538], [104.64036298198248, 9.807645949138312], [104.6402949980662, 9.807704026606833], [104.64020196371074, 9.807808951730637], [104.64006708797258, 9.808138044090981], [104.64002597119969, 9.80835099902688], [104.64008601143517, 9.808480002862263], [104.6400959769011, 9.808547994215319], [104.6401009346433, 9.808630997276026], [104.63995461462976, 9.808844990277391]]]], "type": "MultiPolygon"}, "properties": {"fid": 159, "TT": 9.0, "id": 9.0, "Tinh": "Kiên Giang", "Huyen": "Kiên Hải", "Xa": "Lại Sơn", "Ddanh": "ấp bãi Bấc", "TK": "1", "Khoanh": "2", "Lo": "11", "ldlr": "Rừng trồng khác", "sldlr": "Mít, Xoài", "Ht2023": "NULL", "namtr": "1980", "ChuQL": "Ban Quản lí rừng Kiên Giang", "Nguoinkcu": "Nguyễn Văn Quyền", "Churung": "Nguyễn Văn Diệp", "CMND": "370686426/ Ngày cấp 01/07/2019/ CA Kiên Giang", "DienThoai": "0978489322", "Dtich": 1.02, "DtichBS": 1.02, "NgayDoVe": "PyQt5.QtCore.QDate(2019, 9, 6)", "TranhChap": "Không", "KT": 0.0, "Lapdia": "1", "mdsd": "Phòng hộ môi sinh", "nqh": "0", "Anh": "https://cdn2.fptshop.com.vn/unsafe/1920x0/filters:format(webp):quality(75)/hinh_nen_meme_con_luoi_flash_zootopia_1_c520bf6214.jpg", "Anh2": "https://png.pngtree.com/thumb_back/fh260/background/20230830/pngtree-the-lotus-is-also-represented-image_13145607.jpg"}}, {"type": "Feature", "geometry": {"coordinates": [[[[104.62122471354786, 9.798811109623601], [104.62081443845409, 9.798679514563666], [104.62081370906303, 9.798679243564493], [104.62080240371425, 9.798675630804691], [104.62059700729448, 9.798649934276863], [104.62060603257589, 9.798903015606934], [104.62046415315928, 9.799319990907808], [104.62048695480169, 9.799350996742495], [104.62091706381713, 9.79937200191747], [104.62103902233724, 9.799327924073262], [104.62114899803508, 9.799172001390062], [104.62115305820605, 9.799055991562366], [104.62120797680845, 9.798913018520777], [104.62122471354786, 9.798811109623601]]]], "type": "MultiPolygon"}, "properties": {"fid": 160, "TT": 10.0, "id": 10.0, "Tinh": "Kiên Giang", "Huyen": "Kiên Hải", "Xa": "Lại Sơn", "Ddanh": "Bãi Nhà B", "TK": "1", "Khoanh": "1", "Lo": "122", "ldlr": "Rừng trồng khác", "sldlr": "Xòa,Mít", "Ht2023": "NULL", "namtr": "NULL", "ChuQL": "Ban Quản lí rừng Kiên Giang", "Nguoinkcu": "Nguyễn Thị Diễm", "Churung": "Nguyễn Thị Diễm", "CMND": "091193000188/ Ngày cấp 12/04/2018/ CA Kiên Giang", "DienThoai": "0966648689", "Dtich": 0.48, "DtichBS": 0.48, "NgayDoVe": "PyQt5.QtCore.QDate(2019, 8, 30)", "TranhChap": "Không", "KT": 1.0, "Lapdia": "1", "mdsd": "Phòng hộ môi sinh", "nqh": "0", "Anh": "https://cdn2.fptshop.com.vn/unsafe/1920x0/filters:format(webp):quality(75)/hinh_nen_meme_con_luoi_flash_zootopia_1_c520bf6214.jpg", "Anh2": "https://png.pngtree.com/thumb_back/fh260/background/20230830/pngtree-the-lotus-is-also-represented-image_13145607.jpg"}}, {"type": "Feature", "geometry": {"coordinates": [[[[104.62134102285846, 9.804290948557481], [104.62100702056784, 9.804596053204502], [104.62108599071239, 9.804909961847722], [104.62120159169122, 9.805678848753383], [104.62133504788397, 9.805658999132323], [104.6214999382444, 9.805341567327655], [104.62163640910319, 9.805089338161626], [104.62158945466878, 9.804824696856151], [104.62134102285846, 9.804290948557481]]]], "type": "MultiPolygon"}, "properties": {"fid": 161, "TT": 11.0, "id": 11.0, "Tinh": "Kiên Giang", "Huyen": "Kiên Hải", "Xa": "Lại Sơn", "Ddanh": "Bãi Nhà B", "TK": "1", "Khoanh": "1", "Lo": "83", "ldlr": "Rừng trồng khác", "sldlr": "Mít, Xoài, Tre", "Ht2023": "NULL", "namtr": "NULL", "ChuQL": "Ban Quản lí rừng Kiên Giang", "Nguoinkcu": "Nguyễn Văn Nhất", "Churung": "Nguyễn Thị Kim Xa", "CMND": "370686453/ Ngày cấp 07/01/2014/ CA Kiên Giang", "DienThoai": "0944331404", "Dtich": 0.63, "DtichBS": 0.63, "NgayDoVe": "PyQt5.QtCore.QDate(2019, 8, 28)", "TranhChap": "Không", "KT": 1.0, "Lapdia": "1", "mdsd": "Phòng hộ môi sinh", "nqh": "0", "Anh": "https://cdn2.fptshop.com.vn/unsafe/1920x0/filters:format(webp):quality(75)/hinh_nen_meme_con_luoi_flash_zootopia_1_c520bf6214.jpg", "Anh2": "https://png.pngtree.com/thumb_back/fh260/background/20230830/pngtree-the-lotus-is-also-represented-image_13145607.jpg"}}, {"type": "Feature", "geometry": {"coordinates": [[[[104.6278679795063, 9.806774003389158], [104.62821803892948, 9.806749005803361], [104.62830695631587, 9.806596976882602], [104.62835203313472, 9.806469016141126], [104.62839198393954, 9.806286986435882], [104.62839095879403, 9.806228937464727], [104.62794901755589, 9.80604392525971], [104.62768500850058, 9.806045923595574], [104.62766402116965, 9.806708978166132], [104.6278679795063, 9.806774003389158]]]], "type": "MultiPolygon"}, "properties": {"fid": 162, "TT": 12.0, "id": 12.0, "Tinh": "Kiên Giang", "Huyen": "Kiên Hải", "Xa": "Lại Sơn", "Ddanh": "Bãi Nhà B", "TK": "1", "Khoanh": "1", "Lo": "62", "ldlr": "Rừng trồng khác", "sldlr": "ổi, Xoài, Mít", "Ht2023": "NULL", "namtr": "NULL", "ChuQL": "Ban Quản lí rừng Kiên Giang", "Nguoinkcu": "Vương Thu Khanh", "Churung": "Vương Thu Khanh", "CMND": "370620926/ Ngày cấp 25/04/2013/ CA Kiên Giang", "DienThoai": "02973830464", "Dtich": 0.53, "DtichBS": 0.53, "NgayDoVe": "PyQt5.QtCore.QDate(2019, 9, 5)", "TranhChap": "Không", "KT": 1.0, "Lapdia": "1", "mdsd": "Phòng hộ môi sinh", "nqh": "0", "Anh": "https://cdn2.fptshop.com.vn/unsafe/1920x0/filters:format(webp):quality(75)/hinh_nen_meme_con_luoi_flash_zootopia_1_c520bf6214.jpg", "Anh2": "https://png.pngtree.com/thumb_back/fh260/background/20230830/pngtree-the-lotus-is-also-represented-image_13145607.jpg"}}, {"type": "Feature", "geometry": {"coordinates": [[[[104.63111990158903, 9.807747212797926], [104.63101700008592, 9.807573014116258], [104.63105208251397, 9.807301018556974], [104.63094103696511, 9.80728098832496], [104.6308230559484, 9.807243057661987], [104.63072704347451, 9.807200054992386], [104.63060505749515, 9.807177949218342], [104.63048498834331, 9.80716190077236], [104.63037202570919, 9.80713490878523], [104.63020801209619, 9.807109925601114], [104.6301160062917, 9.80705498583688], [104.6300289510032, 9.807070933078199], [104.63002858631246, 9.807070842798522], [104.63001605723261, 9.807203040989727], [104.62993306374848, 9.807816931139813], [104.63023004318487, 9.807732003646427], [104.63108206918254, 9.80774894539997], [104.63111990158903, 9.807747212797926]]]], "type": "MultiPolygon"}, "properties": {"fid": 163, "TT": 13.0, "id": 13.0, "Tinh": "Kiên Giang", "Huyen": "Kiên Hải", "Xa": "Lại Sơn", "Ddanh": "Bãi Nhà B", "TK": "1", "Khoanh": "1", "Lo": "52", "ldlr": "Rừng trồng khác", "sldlr": "Dừa, Mít, Xoài", "Ht2023": "NULL", "namtr": "NULL", "ChuQL": "Ban Quản lí rừng Kiên Giang", "Nguoinkcu": "Nguyễn Văn Thế", "Churung": "Phạm Thị Bé Phượng", "CMND": "371110462/ Ngày cấp 29/01/2019/ CA Kiên Giang", "DienThoai": "0834218256", "Dtich": 0.75, "DtichBS": 0.75, "NgayDoVe": "PyQt5.QtCore.QDate(2019, 8, 27)", "TranhChap": "Không", "KT": 1.0, "Lapdia": "1", "mdsd": "Phòng hộ môi sinh", "nqh": "0", "Anh": "https://cdn2.fptshop.com.vn/unsafe/1920x0/filters:format(webp):quality(75)/hinh_nen_meme_con_luoi_flash_zootopia_1_c520bf6214.jpg", "Anh2": "https://png.pngtree.com/thumb_back/fh260/background/20230830/pngtree-the-lotus-is-also-represented-image_13145607.jpg"}}, {"type": "Feature", "geometry": {"coordinates": [[[[104.62851039510944, 9.800816376341336], [104.62865994300039, 9.80092509442304], [104.62891535387531, 9.801094715025263], [104.62892219324416, 9.801100408860098], [104.62898147152337, 9.801159430317155], [104.6290082354424, 9.80106167656509], [104.6289679305883, 9.801032848042002], [104.62880306674268, 9.80092268920085], [104.62868462187633, 9.80085745120865], [104.62858925069847, 9.80081716023594], [104.62856472549755, 9.800810478481798], [104.62854603683547, 9.80080940052893], [104.62852516289318, 9.800815104872324], [104.62851294782423, 9.800816827472252], [104.62851039510944, 9.800816376341336]]]], "type": "MultiPolygon"}, "properties": {"fid": 164, "TT": 14.0, "id": 14.0, "Tinh": "Kiên Giang", "Huyen": "Kiên Hải", "Xa": "Lại Sơn", "Ddanh": "Bãi Nhà B", "TK": "1", "Khoanh": "1", "Lo": "119", "ldlr": "Rừng trồng khác", "sldlr": "Tre, Mít", "Ht2023": "NULL", "namtr": "NULL", "ChuQL": "Ban Quản lí rừng Kiên Giang", "Nguoinkcu": "Nguyễn Thị Hồng Mỹ", "Churung": "Nguyễn Thị Hồng Mỹ", "CMND": "370211042/ Ngày cấp 30/04/2002/ CA Kiên Giang", "DienThoai": "0828126718", "Dtich": 0.05, "DtichBS": 0.05, "NgayDoVe": "PyQt5.QtCore.QDate(2019, 9, 8)", "TranhChap": "Không", "KT": 0.0, "Lapdia": "1", "mdsd": "Phòng hộ môi sinh", "nqh": "0", "Anh": "https://cdn2.fptshop.com.vn/unsafe/1920x0/filters:format(webp):quality(75)/hinh_nen_meme_con_luoi_flash_zootopia_1_c520bf6214.jpg", "Anh2": "https://png.pngtree.com/thumb_back/fh260/background/20230830/pngtree-the-lotus-is-also-represented-image_13145607.jpg"}}, {"type": "Feature", "geometry": {"coordinates": [[[[104.62942891515613, 9.802149083074783], [104.62941539901, 9.80208696997968], [104.62936895375266, 9.801974686576516], [104.62928438787408, 9.801824351053002], [104.62928402301411, 9.801823808674568], [104.62924433923084, 9.801751216871812], [104.62923923154385, 9.801744527768722], [104.62900116528918, 9.80187391839613], [104.62898499404896, 9.802017962942639], [104.62908908793544, 9.802218202717961], [104.62942891515613, 9.802149083074783]]]], "type": "MultiPolygon"}, "properties": {"fid": 165, "TT": 15.0, "id": 15.0, "Tinh": "Kiên Giang", "Huyen": "Kiên Hải", "Xa": "Lại Sơn", "Ddanh": "Bãi Nhà B", "TK": "1", "Khoanh": "1", "Lo": "109", "ldlr": "Rừng trồng khác", "sldlr": "Xoài, Mít, Chuối", "Ht2023": "NULL", "namtr": "NULL", "ChuQL": "Ban Quản lí rừng Kiên Giang", "Nguoinkcu": "Nguyễn Văn Thẩn", "Churung": "Nguyễn Văn Thẩn", "CMND": "370527358/ Ngày cấp 13/04/2018/ CA Kiên Giang", "DienThoai": "0816450070", "Dtich": 0.17, "DtichBS": 0.17, "NgayDoVe": "PyQt5.QtCore.QDate(2019, 9, 5)", "TranhChap": "Không", "KT": 0.0, "Lapdia": "1", "mdsd": "Phòng hộ môi sinh", "nqh": "0", "Anh": "https://cdn2.fptshop.com.vn/unsafe/1920x0/filters:format(webp):quality(75)/hinh_nen_meme_con_luoi_flash_zootopia_1_c520bf6214.jpg", "Anh2": "https://png.pngtree.com/thumb_back/fh260/background/20230830/pngtree-the-lotus-is-also-represented-image_13145607.jpg"}}, {"type": "Feature", "geometry": {"coordinates": [[[[104.63118998604497, 9.811865072128256], [104.6311110630194, 9.81216303500235], [104.63146603331234, 9.812325019672073], [104.63151008123937, 9.8116700035631], [104.63118998604497, 9.811865072128256]]]], "type": "MultiPolygon"}, "properties": {"fid": 166, "TT": 16.0, "id": 16.0, "Tinh": "Kiên Giang", "Huyen": "Kiên Hải", "Xa": "Lại Sơn", "Ddanh": "Bãi Nhà B", "TK": "1", "Khoanh": "1", "Lo": "22", "ldlr": "Rừng trồng khác", "sldlr": "Sao dầu, Mít, Dừa", "Ht2023": "NULL", "namtr": "NULL", "ChuQL": "Ban Quản lí rừng Kiên Giang", "Nguoinkcu": "Nguyễn Văn Lân", "Churung": "Nguyễn Văn Lân", "CMND": "371110048/ Ngày cấp 12/04/2018/ CA Kiên Giang", "DienThoai": "0796950680", "Dtich": 0.19, "DtichBS": 0.19, "NgayDoVe": "PyQt5.QtCore.QDate(2019, 8, 26)", "TranhChap": "Không", "KT": 1.0, "Lapdia": "1", "mdsd": "Phòng hộ môi sinh", "nqh": "0", "Anh": "https://cdn2.fptshop.com.vn/unsafe/1920x0/filters:format(webp):quality(75)/hinh_nen_meme_con_luoi_flash_zootopia_1_c520bf6214.jpg", "Anh2": "https://png.pngtree.com/thumb_back/fh260/background/20230830/pngtree-the-lotus-is-also-represented-image_13145607.jpg"}}, {"type": "Feature", "geometry": {"coordinates": [[[[104.63139400235407, 9.809523036857787], [104.63125906407465, 9.809254000599543], [104.63115499692148, 9.808898963355196], [104.6314340362192, 9.808629947562993], [104.63118399802835, 9.808463039527567], [104.63093801522933, 9.808407978711418], [104.63088599303165, 9.808491003942223], [104.63080099519486, 9.80863995773719], [104.63065600292848, 9.808767957306966], [104.630626043123, 9.808852872803383], [104.63055998617334, 9.808947929191092], [104.6305670504771, 9.8090619455112], [104.63060503600165, 9.809217995003376], [104.63072705091155, 9.809311984287728], [104.63077601918212, 9.809344968529707], [104.63082300422896, 9.809435008258344], [104.63103697288742, 9.809449031053742], [104.63103800870908, 9.809533030402969], [104.63076001444536, 9.80967997909126], [104.63065701529801, 9.809722968091782], [104.63069194898763, 9.80976798355269], [104.63082001173792, 9.809707985995864], [104.6309640353094, 9.809665975711987], [104.63093604496437, 9.809890950330692], [104.63104301808062, 9.80998503572351], [104.63122200463586, 9.81006200391587], [104.63136206355172, 9.810137992487435], [104.63136607362306, 9.810135007088606], [104.63156405617141, 9.810066030610459], [104.63156303009698, 9.810007077473818], [104.63149705049969, 9.809835848483425], [104.63140203110486, 9.809538947583524], [104.63139400235407, 9.809523036857787]]]], "type": "MultiPolygon"}, "properties": {"fid": 167, "TT": 17.0, "id": 17.0, "Tinh": "Kiên Giang", "Huyen": "Kiên Hải", "Xa": "Lại Sơn", "Ddanh": "Bãi Nhà B", "TK": "1", "Khoanh": "1", "Lo": "37", "ldlr": "Rừng trồng khác", "sldlr": "Xoài, Dừa, Mít", "Ht2023": "NULL", "namtr": "NULL", "ChuQL": "Ban Quản lí rừng Kiên Giang", "Nguoinkcu": "Vương Hữu Lợi", "Churung": "Nguyễn Thị Thanh Hiền", "CMND": "370620932/ Ngày cấp 19/07/2007/ CA Kiên Giang", "DienThoai": "0782191919", "Dtich": 1.1, "DtichBS": 1.1, "NgayDoVe": "PyQt5.QtCore.QDate(2019, 9, 3)", "TranhChap": "Không", "KT": 1.0, "Lapdia": "1", "mdsd": "Phòng hộ môi sinh", "nqh": "0", "Anh": "https://cdn2.fptshop.com.vn/unsafe/1920x0/filters:format(webp):quality(75)/hinh_nen_meme_con_luoi_flash_zootopia_1_c520bf6214.jpg", "Anh2": "https://png.pngtree.com/thumb_back/fh260/background/20230830/pngtree-the-lotus-is-also-represented-image_13145607.jpg"}}, {"type": "Feature", "geometry": {"coordinates": [[[[104.62577502365336, 9.80672894357348], [104.62554600890374, 9.80669900915873], [104.62537101124425, 9.80679699831037], [104.62523497385057, 9.806983945839562], [104.62517106956433, 9.807231086121702], [104.62522161468193, 9.80733839548296], [104.62530359241826, 9.807395148681183], [104.62560011086428, 9.80729422113782], [104.62582728498614, 9.807035446517325], [104.625884092647, 9.806827189164466], [104.62579108208794, 9.80676501502374], [104.62577502365336, 9.80672894357348]]]], "type": "MultiPolygon"}, "properties": {"fid": 168, "TT": 18.0, "id": 18.0, "Tinh": "Kiên Giang", "Huyen": "Kiên Hải", "Xa": "Lại Sơn", "Ddanh": "Bãi Nhà B", "TK": "1", "Khoanh": "1", "Lo": "55", "ldlr": "Rừng trồng khác", "sldlr": "Mít, Xoài", "Ht2023": "NULL", "namtr": "NULL", "ChuQL": "Ban Quản lí rừng Kiên Giang", "Nguoinkcu": "Nguyễn Văn Tánh", "Churung": "Nguyễn Văn Tánh", "CMND": "370527337/ Ngày cấp 13/06/2018/ CA Kiên Giang", "DienThoai": "NULL", "Dtich": 0.39, "DtichBS": 0.39, "NgayDoVe": "PyQt5.QtCore.QDate(2019, 9, 3)", "TranhChap": "Không", "KT": 1.0, "Lapdia": "1", "mdsd": "Phòng hộ môi sinh", "nqh": "0", "Anh": "https://cdn2.fptshop.com.vn/unsafe/1920x0/filters:format(webp):quality(75)/hinh_nen_meme_con_luoi_flash_zootopia_1_c520bf6214.jpg", "Anh2": "https://png.pngtree.com/thumb_back/fh260/background/20230830/pngtree-the-lotus-is-also-represented-image_13145607.jpg"}}, {"type": "Feature", "geometry": {"coordinates": [[[[104.65190294425534, 9.802773965369479], [104.6521002937086, 9.802735267804616], [104.65205531647118, 9.802660511048483], [104.65193032917043, 9.802452873473852], [104.65179406126983, 9.802497059198021], [104.65180299909906, 9.802706014654527], [104.65190194010827, 9.80277098197584], [104.65190294425534, 9.802773965369479]]]], "type": "MultiPolygon"}, "properties": {"fid": 169, "TT": 19.0, "id": 19.0, "Tinh": "Kiên Giang", "Huyen": "Kiên Hải", "Xa": "Lại Sơn", "Ddanh": "Bãi Nhà A", "TK": "1", "Khoanh": "2", "Lo": "42", "ldlr": "Rừng trồng khác", "sldlr": "Xoài, Mít, Dừa", "Ht2023": "NULL", "namtr": "NULL", "ChuQL": "Ban Quản lí rừng Kiên Giang", "Nguoinkcu": "Hoàng Thị Thu Trang", "Churung": "Hoàng Thị Thu Trang", "CMND": "370686579/ Ngày cấp 21/12/2017/ CA Kiên Giang", "DienThoai": "0844706036", "Dtich": 0.08, "DtichBS": 0.08, "NgayDoVe": "PyQt5.QtCore.QDate(2019, 9, 1)", "TranhChap": "Không", "KT": 0.0, "Lapdia": "1", "mdsd": "Phòng hộ môi sinh", "nqh": "0", "Anh": "https://cdn2.fptshop.com.vn/unsafe/1920x0/filters:format(webp):quality(75)/hinh_nen_meme_con_luoi_flash_zootopia_1_c520bf6214.jpg", "Anh2": "https://png.pngtree.com/thumb_back/fh260/background/20230830/pngtree-the-lotus-is-also-represented-image_13145607.jpg"}}, {"type": "Feature", "geometry": {"coordinates": [[[[104.62376796882977, 9.801834998624374], [104.6238729804342, 9.801569036241814], [104.6239599884887, 9.80142894449203], [104.62385801330332, 9.801278975619697], [104.62389207719147, 9.801195957983493], [104.6239010773819, 9.801128953769231], [104.62386796097778, 9.801062959551796], [104.62397505761143, 9.801011742931754], [104.62397496618047, 9.80101101960833], [104.6239233298084, 9.800907236768547], [104.62306497924608, 9.80149093655283], [104.62281999821302, 9.801911024410352], [104.62301499883921, 9.801921984937199], [104.62325902903261, 9.801889978227214], [104.6234370368443, 9.801802025640958], [104.62358199295035, 9.801823040626365], [104.62359624791904, 9.80191381671271], [104.62355800380293, 9.802033003680734], [104.62335104060773, 9.802214008631216], [104.62329003184676, 9.802403911973926], [104.62322597594707, 9.80248902009565], [104.62317000098228, 9.802486056580625], [104.62294996601302, 9.80257203503473], [104.62287695607115, 9.802602894576806], [104.62296195327343, 9.80269400672932], [104.62303399724641, 9.802762970756888], [104.6231329937194, 9.802746026365938], [104.6232260088739, 9.802825019313126], [104.6232950201672, 9.802827978079362], [104.62333506390455, 9.80289098597942], [104.62339704350781, 9.80286103454834], [104.62376796882977, 9.801834998624374]]]], "type": "MultiPolygon"}, "properties": {"fid": 170, "TT": 20.0, "id": 20.0, "Tinh": "Kiên Giang", "Huyen": "Kiên Hải", "Xa": "Lại Sơn", "Ddanh": "Bãi Nhà B", "TK": "1", "Khoanh": "1", "Lo": "110", "ldlr": "Rừng trồng khác", "sldlr": "Xoài, Mít, Dừa", "Ht2023": "NULL", "namtr": "NULL", "ChuQL": "Ban Quản lí rừng Kiên Giang", "Nguoinkcu": "Nguyễn Thị ảng", "Churung": "Nguyễn Thị ảng", "CMND": "370209693/ Ngày cấp 22/12/2017/ CA Kiên Giang", "DienThoai": "0334170712", "Dtich": 1.07, "DtichBS": 1.07, "NgayDoVe": "PyQt5.QtCore.QDate(2019, 8, 30)", "TranhChap": "Không", "KT": 0.0, "Lapdia": "1", "mdsd": "Phòng hộ môi sinh", "nqh": "0", "Anh": "https://cdn2.fptshop.com.vn/unsafe/1920x0/filters:format(webp):quality(75)/hinh_nen_meme_con_luoi_flash_zootopia_1_c520bf6214.jpg", "Anh2": "https://png.pngtree.com/thumb_back/fh260/background/20230830/pngtree-the-lotus-is-also-represented-image_13145607.jpg"}}, {"type": "Feature", "geometry": {"coordinates": [[[[104.61963250057484, 9.801146309464746], [104.61989684642529, 9.801077225965692], [104.61990578601385, 9.800839328789849], [104.61972344790554, 9.80105531524189], [104.61968007062204, 9.801099817000932], [104.61963250057484, 9.801146309464746]]]], "type": "MultiPolygon"}, "properties": {"fid": 171, "TT": 21.0, "id": 21.0, "Tinh": "Kiên Giang", "Huyen": "Kiên Hải", "Xa": "Lại Sơn", "Ddanh": "Bãi Nhà B", "TK": "1", "Khoanh": "1", "Lo": "118", "ldlr": "Rừng trồng khác", "sldlr": "Tre", "Ht2023": "NULL", "namtr": "NULL", "ChuQL": "Ban Quản lí rừng Kiên Giang", "Nguoinkcu": "Nguyễn Thanh Lam", "Churung": "Nguyễn Thanh Lam", "CMND": "370686558/ Ngày cấp 22/12/2017/ CA Kiên Giang", "DienThoai": "0944463746", "Dtich": 0.04, "DtichBS": 0.04, "NgayDoVe": "PyQt5.QtCore.QDate(2019, 8, 30)", "TranhChap": "Không", "KT": 0.0, "Lapdia": "1", "mdsd": "Phòng hộ môi sinh", "nqh": "0", "Anh": "https://cdn2.fptshop.com.vn/unsafe/1920x0/filters:format(webp):quality(75)/hinh_nen_meme_con_luoi_flash_zootopia_1_c520bf6214.jpg", "Anh2": "https://png.pngtree.com/thumb_back/fh260/background/20230830/pngtree-the-lotus-is-also-represented-image_13145607.jpg"}}, {"type": "Feature", "geometry": {"coordinates": [[[[104.62719839377672, 9.805372390284838], [104.62732804406727, 9.805414025046971], [104.6273969739445, 9.80544103460766], [104.62743504167553, 9.8053400216425], [104.62762095181517, 9.805413010734798], [104.62795400254247, 9.805492996957312], [104.62805249347704, 9.805345123782166], [104.62816308820855, 9.805142994261997], [104.62829009108769, 9.804937965071488], [104.62852018560582, 9.804460372189162], [104.62788292441397, 9.804142788300513], [104.62778902266707, 9.80413296796405], [104.62772401878915, 9.804120966649098], [104.62762102018455, 9.804161965494089], [104.62761318776845, 9.804181860748384], [104.62765903589138, 9.804402015159216], [104.62754105873927, 9.80460902995822], [104.62749408307634, 9.804777951387424], [104.62730296915056, 9.805162125535396], [104.62719839377672, 9.805372390284838]]]], "type": "MultiPolygon"}, "properties": {"fid": 172, "TT": 22.0, "id": 22.0, "Tinh": "Kiên Giang", "Huyen": "Kiên Hải", "Xa": "Lại Sơn", "Ddanh": "Bãi Nhà B", "TK": "1", "Khoanh": "1", "Lo": "84", "ldlr": "Rừng trồng khác", "sldlr": "Xoài, Mít, Dừa", "Ht2023": "NULL", "namtr": "NULL", "ChuQL": "Ban Quản lí rừng Kiên Giang", "Nguoinkcu": "Nguyễn Văn Tánh", "Churung": "Nguyễn Tấn Thạnh", "CMND": "371407244/ Ngày cấp 20/12/2017/ CA Kiên Giang", "DienThoai": "0939621889", "Dtich": 1.24, "DtichBS": 1.24, "NgayDoVe": "PyQt5.QtCore.QDate(2019, 8, 27)", "TranhChap": "Không", "KT": 0.0, "Lapdia": "1", "mdsd": "Phòng hộ môi sinh", "nqh": "0", "Anh": "https://cdn2.fptshop.com.vn/unsafe/1920x0/filters:format(webp):quality(75)/hinh_nen_meme_con_luoi_flash_zootopia_1_c520bf6214.jpg", "Anh2": "https://png.pngtree.com/thumb_back/fh260/background/20230830/pngtree-the-lotus-is-also-represented-image_13145607.jpg"}}, {"type": "Feature", "geometry": {"coordinates": [[[[104.6190247116945, 9.80137438071286], [104.61895460852142, 9.801376304116143], [104.61829348113848, 9.801325809911125], [104.61835903330906, 9.801857996927092], [104.61818298561852, 9.802078953440166], [104.61795701344498, 9.802135001844992], [104.61796097019541, 9.802238983029572], [104.61786701969832, 9.802346976714615], [104.61782403117077, 9.802460920368604], [104.61778899818677, 9.802644032260355], [104.61780306549616, 9.802724048734595], [104.61782705470412, 9.802762016639914], [104.61784905807434, 9.802855864555434], [104.61782894610135, 9.802954971440816], [104.61780299541851, 9.803041964124414], [104.61793107849935, 9.80304002079916], [104.618114016783, 9.802967983125756], [104.61813004939718, 9.80293397976721], [104.618152987709, 9.802835956915663], [104.61821605888045, 9.80279795869982], [104.61830400544139, 9.802726044441137], [104.61834000939417, 9.802711022224685], [104.61841499514198, 9.80259498768765], [104.61847097189026, 9.80260301548525], [104.6184920049119, 9.802531034124774], [104.61850602546556, 9.802478947528263], [104.61855502834233, 9.802358943574191], [104.61858399710496, 9.802299979858072], [104.61866511616559, 9.802255917134621], [104.6187690347977, 9.802236983062091], [104.61885100172138, 9.802269957509552], [104.6188510594213, 9.802176011509346], [104.61888596682611, 9.802153936889667], [104.61893002289429, 9.801967024099309], [104.61894521312729, 9.801871897336428], [104.61900024377243, 9.801527921809955], [104.6190247116945, 9.80137438071286]]]], "type": "MultiPolygon"}, "properties": {"fid": 173, "TT": 23.0, "id": 23.0, "Tinh": "Kiên Giang", "Huyen": "Kiên Hải", "Xa": "Lại Sơn", "Ddanh": "ấp Thiên Tuế", "TK": "1", "Khoanh": "1", "Lo": "108", "ldlr": "Rừng trồng khác", "sldlr": "Xoài, Mít, Vú sữa", "Ht2023": "NULL", "namtr": "1985", "ChuQL": "Ban Quản lí rừng Kiên Giang", "Nguoinkcu": "Nguyễn Văn Đức", "Churung": "Đặng Quang Hậu", "CMND": "371512658/ Ngày cấp 07/03/2018/ CA Kiên Giang", "DienThoai": "0907454625", "Dtich": 1.27, "DtichBS": 1.27, "NgayDoVe": "PyQt5.QtCore.QDate(2019, 8, 30)", "TranhChap": "Không", "KT": 0.0, "Lapdia": "1", "mdsd": "Phòng hộ môi sinh", "nqh": "0", "Anh": "https://cdn2.fptshop.com.vn/unsafe/1920x0/filters:format(webp):quality(75)/hinh_nen_meme_con_luoi_flash_zootopia_1_c520bf6214.jpg", "Anh2": "https://png.pngtree.com/thumb_back/fh260/background/20230830/pngtree-the-lotus-is-also-represented-image_13145607.jpg"}}, {"type": "Feature", "geometry": {"coordinates": [[[[104.65029991793658, 9.799890025899446], [104.64993591763968, 9.79990998883135], [104.6496649465048, 9.799825023705585], [104.6495909674442, 9.799923975286209], [104.64934303572434, 9.799784024674537], [104.64928799724788, 9.799836040121415], [104.64918893918744, 9.799914025321492], [104.64919802051253, 9.800039975720301], [104.64916994221646, 9.800242979888997], [104.64915018149281, 9.80029091092218], [104.64913797965058, 9.80032193018133], [104.64880200478129, 9.800429948195653], [104.64871597346713, 9.800692021686286], [104.64876000740014, 9.800697970068569], [104.64915194443931, 9.80076796352356], [104.64915100736195, 9.80091498606898], [104.64919897920959, 9.800960988507708], [104.64922798619175, 9.800999946560152], [104.64927997591073, 9.801060956858848], [104.64956801907462, 9.801198991000284], [104.64981805184364, 9.801345993213419], [104.65013732041834, 9.800576291595402], [104.65004590522223, 9.800418730825166], [104.6500413066376, 9.800328675021788], [104.65009616388956, 9.800279191281355], [104.65016471766656, 9.800279160945019], [104.65027904686792, 9.800306055336776], [104.65029991793658, 9.799890025899446]]]], "type": "MultiPolygon"}, "properties": {"fid": 174, "TT": 24.0, "id": 24.0, "Tinh": "Kiên Giang", "Huyen": "Kiên Hải", "Xa": "Lại Sơn", "Ddanh": "Bãi Nhà A", "TK": "1", "Khoanh": "2", "Lo": "65", "ldlr": "Rừng trồng khác", "sldlr": "Mít, Xoài", "Ht2023": "NULL", "namtr": "NULL", "ChuQL": "Ban Quản lí rừng Kiên Giang", "Nguoinkcu": "Trần Thị Dần", "Churung": "Trần Thị Mai", "CMND": "371110494/ Ngày cấp 19/12/2017/ CA Kiên Giang", "DienThoai": "0777886630 (Vũ)", "Dtich": 1.67, "DtichBS": 1.67, "NgayDoVe": "PyQt5.QtCore.QDate(2019, 8, 23)", "TranhChap": "Không", "KT": 0.0, "Lapdia": "1", "mdsd": "Phòng hộ môi sinh", "nqh": "0", "Anh": "https://cdn2.fptshop.com.vn/unsafe/1920x0/filters:format(webp):quality(75)/hinh_nen_meme_con_luoi_flash_zootopia_1_c520bf6214.jpg", "Anh2": "https://png.pngtree.com/thumb_back/fh260/background/20230830/pngtree-the-lotus-is-also-represented-image_13145607.jpg"}}, {"type": "Feature", "geometry": {"coordinates": [[[[104.64737395863786, 9.812411968228028], [104.646387007237, 9.812420985877234], [104.64639699197336, 9.81377501300795], [104.64756799802566, 9.81373707135426], [104.64764496028016, 9.813572926515736], [104.64765098149475, 9.813171009410881], [104.6476959533483, 9.812821066509962], [104.64752398396168, 9.812544005779563], [104.64737395863786, 9.812411968228028]]]], "type": "MultiPolygon"}, "properties": {"fid": 175, "TT": 25.0, "id": 25.0, "Tinh": "Kiên Giang", "Huyen": "Kiên Hải", "Xa": "Lại Sơn", "Ddanh": "ấp bãi Bấc", "TK": "1", "Khoanh": "2", "Lo": "3", "ldlr": "Rừng trồng khác", "sldlr": "Mít, Xoài, Dừa, Chuối, Tràm", "Ht2023": "NULL", "namtr": "1975", "ChuQL": "Ban Quản lí rừng Kiên Giang", "Nguoinkcu": "Trương Văn Hiếu", "Churung": "Trương Văn Hiếu", "CMND": "370212512/ Ngày cấp 11/04/2012/ CA Kiên Giang", "DienThoai": "0398438030", "Dtich": 2.01, "DtichBS": 2.01, "NgayDoVe": "PyQt5.QtCore.QDate(2019, 9, 9)", "TranhChap": "Không", "KT": 0.0, "Lapdia": "1", "mdsd": "Phòng hộ môi sinh", "nqh": "0", "Anh": "https://cdn2.fptshop.com.vn/unsafe/1920x0/filters:format(webp):quality(75)/hinh_nen_meme_con_luoi_flash_zootopia_1_c520bf6214.jpg", "Anh2": "https://png.pngtree.com/thumb_back/fh260/background/20230830/pngtree-the-lotus-is-also-represented-image_13145607.jpg"}}, {"type": "Feature", "geometry": {"coordinates": [[[[104.63956777042826, 9.814207749237298], [104.63956117293448, 9.81390991017975], [104.63955429790835, 9.813602396346147], [104.63955337046467, 9.813564691802892], [104.63954026695258, 9.812969556137892], [104.63950322278856, 9.812677697280181], [104.63877703773771, 9.8127699520968], [104.63870090962735, 9.812757957474911], [104.63847907593751, 9.81268996232836], [104.63833094709868, 9.812725919372342], [104.63833295542366, 9.81295205770547], [104.63834693278552, 9.813022036686052], [104.63839995804135, 9.813161984404903], [104.63855395392848, 9.813422962536263], [104.6386400595915, 9.813531973217804], [104.63879108522104, 9.813664918452737], [104.63885600766422, 9.813694911121456], [104.63898104629362, 9.813816021965113], [104.6390083471841, 9.813917551847277], [104.63908230510033, 9.814189955401096], [104.63908235094773, 9.814299815054422], [104.63909497764438, 9.814409579122538], [104.63956582366222, 9.814348352332718], [104.63956777042826, 9.814207749237298]]]], "type": "MultiPolygon"}, "properties": {"fid": 176, "TT": 26.0, "id": 26.0, "Tinh": "Kiên Giang", "Huyen": "Kiên Hải", "Xa": "Lại Sơn", "Ddanh": "ấp bãi Bấc", "TK": "1", "Khoanh": "1", "Lo": "14", "ldlr": "Rừng trồng khác", "sldlr": "Gió bầu, Mít, Dừa, Xoài", "Ht2023": "NULL", "namtr": "2010", "ChuQL": "Ban Quản lí rừng Kiên Giang", "Nguoinkcu": "Nguyễn Hữu Thành", "Churung": "Trần Thanh Hải", "CMND": "371110831/ Ngày cấp 03/03/2019/ CA Kiên Giang", "DienThoai": "0944636738", "Dtich": 1.71, "DtichBS": 1.71, "NgayDoVe": "PyQt5.QtCore.QDate(2019, 5, 9)", "TranhChap": "Không", "KT": 0.0, "Lapdia": "1", "mdsd": "Phòng hộ môi sinh", "nqh": "0", "Anh": "https://cdn2.fptshop.com.vn/unsafe/1920x0/filters:format(webp):quality(75)/hinh_nen_meme_con_luoi_flash_zootopia_1_c520bf6214.jpg", "Anh2": "https://png.pngtree.com/thumb_back/fh260/background/20230830/pngtree-the-lotus-is-also-represented-image_13145607.jpg"}}, {"type": "Feature", "geometry": {"coordinates": [[[[104.64568693224251, 9.803618045881606], [104.64587694080527, 9.803883978416117], [104.6460179955705, 9.804150926531642], [104.64610397896121, 9.804188956113357], [104.64615798470588, 9.804273927181686], [104.64628796226165, 9.804434004088899], [104.6465309400479, 9.804498006618951], [104.64678797920219, 9.804197973953343], [104.64687193329934, 9.80418193335188], [104.64695800620275, 9.804215984218489], [104.6471279451278, 9.804240956738314], [104.64715699219452, 9.804163997135538], [104.64728104210002, 9.804111952068965], [104.64730291283541, 9.804092954473836], [104.64726095534994, 9.804041976093737], [104.64721897385346, 9.80372995659961], [104.64705801447668, 9.803600997791637], [104.64705498673389, 9.803557055222669], [104.64712495701697, 9.80346000474247], [104.64709391972303, 9.803364896879767], [104.64702200017103, 9.80317595128442], [104.64677493720752, 9.803148932437722], [104.64664296432505, 9.803218974227084], [104.6465469637884, 9.803205000696227], [104.64620602115752, 9.803218982026019], [104.64613701134665, 9.803219915962764], [104.64588395135912, 9.80323792796971], [104.64579899422259, 9.803252974141365], [104.64567994270978, 9.803477989054779], [104.64568693224251, 9.803618045881606]]]], "type": "MultiPolygon"}, "properties": {"fid": 177, "TT": 27.0, "id": 27.0, "Tinh": "Kiên Giang", "Huyen": "Kiên Hải", "Xa": "Lại Sơn", "Ddanh": "Bãi Nhà A", "TK": "1", "Khoanh": "2", "Lo": "32", "ldlr": "Rừng trồng khác", "sldlr": "Xoài, Dừa, Mít", "Ht2023": "NULL", "namtr": "NULL", "ChuQL": "Ban Quản lí rừng Kiên Giang", "Nguoinkcu": "Lê Văn Hiền (đất chùa)", "Churung": "Lâm Kim Hoa", "CMND": "370209991/ Ngày cấp 31/07/2014/ CA Kiên Giang", "DienThoai": "0852027662", "Dtich": 1.79, "DtichBS": 1.79, "NgayDoVe": "PyQt5.QtCore.QDate(2019, 8, 22)", "TranhChap": "Không", "KT": 0.0, "Lapdia": "1", "mdsd": "Phòng hộ môi sinh", "nqh": "0", "Anh": "https://cdn2.fptshop.com.vn/unsafe/1920x0/filters:format(webp):quality(75)/hinh_nen_meme_con_luoi_flash_zootopia_1_c520bf6214.jpg", "Anh2": "https://png.pngtree.com/thumb_back/fh260/background/20230830/pngtree-the-lotus-is-also-represented-image_13145607.jpg"}}, {"type": "Feature", "geometry": {"coordinates": [[[[104.64523799443408, 9.803917979127291], [104.6452429470295, 9.803777012981804], [104.6452429448252, 9.80377194948987], [104.64516597504101, 9.803706970812206], [104.6450600279517, 9.803460984637425], [104.64498102051478, 9.803321953200594], [104.64477394638676, 9.803221947246762], [104.64471195441351, 9.803218989858602], [104.64469897711525, 9.803354986354123], [104.64474504429798, 9.803424047209884], [104.64474894817904, 9.803597018083678], [104.64471299563562, 9.803727960888875], [104.64465592929169, 9.803942008232514], [104.64464194695852, 9.804072941656583], [104.64463102343103, 9.804109927897539], [104.64462994076398, 9.804135969179944], [104.64456998582781, 9.804205979449202], [104.64459001076368, 9.804344945707522], [104.64452297498727, 9.804484039496606], [104.64456700141618, 9.804682039466806], [104.6446689626116, 9.804776032278063], [104.64467792562225, 9.804842938893419], [104.64483107984785, 9.804842963936437], [104.64494195817358, 9.804688027939473], [104.64487794207778, 9.804643026377569], [104.64477997685712, 9.804514039570943], [104.64493096465235, 9.804354022957027], [104.64495593068351, 9.804324897202987], [104.64489304291347, 9.804148967702346], [104.64511494313032, 9.803960981071967], [104.64514190561479, 9.803910967541881], [104.64523799443408, 9.803917979127291]]]], "type": "MultiPolygon"}, "properties": {"fid": 178, "TT": 28.0, "id": 28.0, "Tinh": "Kiên Giang", "Huyen": "Kiên Hải", "Xa": "Lại Sơn", "Ddanh": "Bãi Nhà A", "TK": "1", "Khoanh": "2", "Lo": "31", "ldlr": "Rừng trồng khác", "sldlr": "Trầm hương, Cẩm lai", "Ht2023": "NULL", "namtr": "NULL", "ChuQL": "Ban Quản lí rừng Kiên Giang", "Nguoinkcu": "Trần Bá Lộc", "Churung": "Trần Bá Lộc", "CMND": "370993217/ Ngày cấp 15/01/2018/ CA Kiên Giang", "DienThoai": "0948731131", "Dtich": 0.68, "DtichBS": 0.68, "NgayDoVe": "PyQt5.QtCore.QDate(2019, 8, 23)", "TranhChap": "Không", "KT": 0.0, "Lapdia": "1", "mdsd": "Phòng hộ môi sinh", "nqh": "0", "Anh": "https://cdn2.fptshop.com.vn/unsafe/1920x0/filters:format(webp):quality(75)/hinh_nen_meme_con_luoi_flash_zootopia_1_c520bf6214.jpg", "Anh2": "https://png.pngtree.com/thumb_back/fh260/background/20230830/pngtree-the-lotus-is-also-represented-image_13145607.jpg"}}, {"type": "Feature", "geometry": {"coordinates": [[[[104.6407180132118, 9.804279935284779], [104.64071400371482, 9.804283915407789], [104.64054698890413, 9.804057935838456], [104.64020501958534, 9.804017931115869], [104.63961710130958, 9.803781003220958], [104.63961509738981, 9.803784982505535], [104.63934800361886, 9.804036006570543], [104.64057102108877, 9.805056971254647], [104.64092894340797, 9.805092990502015], [104.64071801363133, 9.804280929899441], [104.6407180132118, 9.804279935284779]]]], "type": "MultiPolygon"}, "properties": {"fid": 179, "TT": 29.0, "id": 29.0, "Tinh": "Kiên Giang", "Huyen": "Kiên Hải", "Xa": "Lại Sơn", "Ddanh": "Bãi Nhà A", "TK": "1", "Khoanh": "2", "Lo": "29", "ldlr": "Rừng trồng khác", "sldlr": "Xoài, Mít, Dừa, Trầm hương", "Ht2023": "NULL", "namtr": "NULL", "ChuQL": "Ban Quản lí rừng Kiên Giang", "Nguoinkcu": "Hoàng Long", "Churung": "Hoàng Long", "CMND": "370782504/ Ngày cấp 21/12/2017/ CA Kiên Giang", "DienThoai": "0849717678", "Dtich": 1.16, "DtichBS": 1.16, "NgayDoVe": "PyQt5.QtCore.QDate(2019, 8, 23)", "TranhChap": "Không", "KT": 0.0, "Lapdia": "1", "mdsd": "Phòng hộ môi sinh", "nqh": "0", "Anh": "https://cdn2.fptshop.com.vn/unsafe/1920x0/filters:format(webp):quality(75)/hinh_nen_meme_con_luoi_flash_zootopia_1_c520bf6214.jpg", "Anh2": "https://png.pngtree.com/thumb_back/fh260/background/20230830/pngtree-the-lotus-is-also-represented-image_13145607.jpg"}}, {"type": "Feature", "geometry": {"coordinates": [[[[104.6418698965414, 9.810583684374208], [104.64211676641693, 9.810787205638771], [104.64237004790604, 9.810846957036468], [104.64294020341484, 9.811296463566391], [104.64301971917448, 9.811342815213967], [104.64327897310805, 9.81002502252565], [104.6430899518523, 9.809938932603183], [104.64298498323595, 9.809850004121513], [104.64251099553573, 9.80958301413854], [104.64232401280123, 9.809572965719884], [104.64217100044816, 9.80969699506403], [104.64215698200283, 9.80974600831054], [104.6418698965414, 9.810583684374208]]]], "type": "MultiPolygon"}, "properties": {"fid": 180, "TT": 30.0, "id": 30.0, "Tinh": "Kiên Giang", "Huyen": "Kiên Hải", "Xa": "Lại Sơn", "Ddanh": "ấp bãi Bấc", "TK": "1", "Khoanh": "2", "Lo": "6", "ldlr": "Rừng trồng khác", "sldlr": "Sao, Dừa, Mít, Dầu", "Ht2023": "NULL", "namtr": "1975", "ChuQL": "Ban Quản lí rừng Kiên Giang", "Nguoinkcu": "Huỳnh Văn Luân", "Churung": "Nguyễn Văn Tuấn", "CMND": "371407323/ Ngày cấp 21/07/2016/ CA Kiên Giang", "DienThoai": "0825449370", "Dtich": 1.84, "DtichBS": 1.84, "NgayDoVe": "PyQt5.QtCore.QDate(2019, 9, 9)", "TranhChap": "Không", "KT": 0.0, "Lapdia": "1", "mdsd": "Phòng hộ môi sinh", "nqh": "0", "Anh": "https://cdn2.fptshop.com.vn/unsafe/1920x0/filters:format(webp):quality(75)/hinh_nen_meme_con_luoi_flash_zootopia_1_c520bf6214.jpg", "Anh2": "https://png.pngtree.com/thumb_back/fh260/background/20230830/pngtree-the-lotus-is-also-represented-image_13145607.jpg"}}, {"type": "Feature", "geometry": {"coordinates": [[[[104.6345071086103, 9.810023011172332], [104.63454201621076, 9.810002019988149], [104.63464308590059, 9.809922953190561], [104.63474097895858, 9.809878970400469], [104.63485406978349, 9.809768975284925], [104.63491402857109, 9.809700955943246], [104.63497097447521, 9.809621997028573], [104.63500006043316, 9.809633016626755], [104.63524900865269, 9.809802996499329], [104.63526003876217, 9.809801002868289], [104.63532603664663, 9.80978795611325], [104.63536807207805, 9.809809007075646], [104.63545605322696, 9.809826965410053], [104.63550106579575, 9.809770977735234], [104.63553503890891, 9.80969401714042], [104.63567503596954, 9.809616019504045], [104.63590602411496, 9.809559957281682], [104.63582297518529, 9.809340994492961], [104.63582603444591, 9.809241983891408], [104.635854000342, 9.809188986844283], [104.63581405687975, 9.809155999725668], [104.63581705226804, 9.809123990014696], [104.63569902973563, 9.80898696128738], [104.6355730128882, 9.808918925811051], [104.63546501944853, 9.808783972636148], [104.63540108484307, 9.808714013467773], [104.63529301901146, 9.808624993383177], [104.63521906491047, 9.808576015508057], [104.63519298786204, 9.808565989341677], [104.6351750187896, 9.808542035332925], [104.63512203125393, 9.808489974810575], [104.63507607396508, 9.808464042721951], [104.63502000631394, 9.808459996180035], [104.63498207269667, 9.808437044726926], [104.63495706940061, 9.808377016115019], [104.63491501153209, 9.808299995417402], [104.63488015404332, 9.80821899338979], [104.63483901110817, 9.80815001965574], [104.6348059845756, 9.808087914573074], [104.63479099970591, 9.808003920786994], [104.63475807371479, 9.807964963059046], [104.63469805176457, 9.807875923674047], [104.63464304350427, 9.807785978090964], [104.63463501055482, 9.807759940455703], [104.63445979490456, 9.80776407887562], [104.6344543252077, 9.807764442723155], [104.6344460289151, 9.80776354181813], [104.63415884063973, 9.807710127227233], [104.63398023740685, 9.807678098925244], [104.63396865805039, 9.807674305880823], [104.63374799905186, 9.807569506345182], [104.63371681618037, 9.80755758326712], [104.63371503035054, 9.807650987353751], [104.63371105201517, 9.807732999443013], [104.63365103220424, 9.807875976398199], [104.63366007266869, 9.807913949039088], [104.63364704943032, 9.80794695730424], [104.63366303960584, 9.808037913052761], [104.63368296876962, 9.808176066243732], [104.63367505310931, 9.808215040184598], [104.63372103030775, 9.808290974459798], [104.63379298776775, 9.808363010435174], [104.63383602692811, 9.808387045041274], [104.63383596904139, 9.808469959775644], [104.63379206879931, 9.808571970337898], [104.63370604739926, 9.808665950172813], [104.63374902509509, 9.808763947990085], [104.6338759639457, 9.808858838386936], [104.63388701055162, 9.808897985680469], [104.63388201335701, 9.808939942316151], [104.63390616911863, 9.80893297047068], [104.63400201582446, 9.809014943106728], [104.63409705700641, 9.809133988039909], [104.63410408030327, 9.809143027214137], [104.6342190247816, 9.809335032794325], [104.63429401270913, 9.809460957492028], [104.63431599748814, 9.8094960315567], [104.63440902761414, 9.809600971746963], [104.63441809846925, 9.809713992555029], [104.63444202270892, 9.809811003215028], [104.63446602882874, 9.809884956861836], [104.63448110935825, 9.809980072216286], [104.6345071086103, 9.810023011172332]]]], "type": "MultiPolygon"}, "properties": {"fid": 181, "TT": 31.0, "id": 31.0, "Tinh": "Kiên Giang", "Huyen": "Kiên Hải", "Xa": "Lại Sơn", "Ddanh": "Bãi Nhà B", "TK": "1", "Khoanh": "1", "Lo": "41", "ldlr": "Rừng trồng khác", "sldlr": "Xoài, Dừa, Chuối", "Ht2023": "NULL", "namtr": "NULL", "ChuQL": "Ban Quản lí rừng Kiên Giang", "Nguoinkcu": "Nguyễn Văn Sáu", "Churung": "Nguyễn Văn Sáu", "CMND": "370209887/ Ngày cấp 03/03/2017/ CA Kiên Giang", "DienThoai": "0948723462", "Dtich": 3.55, "DtichBS": 3.55, "NgayDoVe": "PyQt5.QtCore.QDate(2019, 9, 3)", "TranhChap": "Không", "KT": 1.0, "Lapdia": "1", "mdsd": "Phòng hộ môi sinh", "nqh": "0", "Anh": "https://cdn2.fptshop.com.vn/unsafe/1920x0/filters:format(webp):quality(75)/hinh_nen_meme_con_luoi_flash_zootopia_1_c520bf6214.jpg", "Anh2": "https://png.pngtree.com/thumb_back/fh260/background/20230830/pngtree-the-lotus-is-also-represented-image_13145607.jpg"}}, {"type": "Feature", "geometry": {"coordinates": [[[[104.64402797008506, 9.810630967725462], [104.64558592356457, 9.810927058793435], [104.64618195364005, 9.809665993033319], [104.64454891004456, 9.808584010423422], [104.64408001734887, 9.809136040210468], [104.64402797008506, 9.810630967725462]]]], "type": "MultiPolygon"}, "properties": {"fid": 182, "TT": 32.0, "id": 32.0, "Tinh": "Kiên Giang", "Huyen": "Kiên Hải", "Xa": "Lại Sơn", "Ddanh": "ấp bãi Bấc", "TK": "1", "Khoanh": "2", "Lo": "7", "ldlr": "Rừng trồng khác", "sldlr": "Mít, Xoài, Dầu", "Ht2023": "NULL", "namtr": "1956", "ChuQL": "Ban Quản lí rừng Kiên Giang", "Nguoinkcu": "Trần Thị Mỹ Lệ", "Churung": "Trần Thị Mỹ Lệ", "CMND": "370212385/ Ngày cấp 20/07/2016/ CA Kiên Giang", "DienThoai": "0974445845 (Lam)", "Dtich": 4.09, "DtichBS": 4.09, "NgayDoVe": "PyQt5.QtCore.QDate(2019, 5, 9)", "TranhChap": "Không", "KT": 0.0, "Lapdia": "1", "mdsd": "Phòng hộ môi sinh", "nqh": "0", "Anh": "https://cdn2.fptshop.com.vn/unsafe/1920x0/filters:format(webp):quality(75)/hinh_nen_meme_con_luoi_flash_zootopia_1_c520bf6214.jpg", "Anh2": "https://png.pngtree.com/thumb_back/fh260/background/20230830/pngtree-the-lotus-is-also-represented-image_13145607.jpg"}}, {"type": "Feature", "geometry": {"coordinates": [[[[104.64433107403661, 9.81206100368319], [104.64485486745417, 9.812384391476911], [104.64525564404124, 9.812625730319786], [104.64629599979752, 9.811534281453964], [104.64574301135453, 9.811368599991477], [104.64525402447235, 9.811001073919478], [104.64482770482353, 9.811345845002608], [104.64468407919682, 9.811462004960433], [104.64433107403661, 9.81206100368319]]]], "type": "MultiPolygon"}, "properties": {"fid": 183, "TT": 33.0, "id": 33.0, "Tinh": "Kiên Giang", "Huyen": "Kiên Hải", "Xa": "Lại Sơn", "Ddanh": "ấp bãi Bấc", "TK": "1", "Khoanh": "2", "Lo": "4", "ldlr": "Rừng trồng khác", "sldlr": "Mít, Xoài, Dừa", "Ht2023": "NULL", "namtr": "NULL", "ChuQL": "Ban Quản lí rừng Kiên Giang", "Nguoinkcu": "Đinh Công Bình", "Churung": "Đinh Công Đẳng", "CMND": "370782090/ Ngày cấp 22/12/2017/ CA Kiên Giang", "DienThoai": "0978328645", "Dtich": 1.98, "DtichBS": 1.98, "NgayDoVe": "PyQt5.QtCore.QDate(2019, 9, 6)", "TranhChap": "Không", "KT": 0.0, "Lapdia": "1", "mdsd": "Phòng hộ môi sinh", "nqh": "0", "Anh": "https://cdn2.fptshop.com.vn/unsafe/1920x0/filters:format(webp):quality(75)/hinh_nen_meme_con_luoi_flash_zootopia_1_c520bf6214.jpg", "Anh2": "https://png.pngtree.com/thumb_back/fh260/background/20230830/pngtree-the-lotus-is-also-represented-image_13145607.jpg"}}, {"type": "Feature", "geometry": {"coordinates": [[[[104.64975372987335, 9.815033721746039], [104.64975455032646, 9.815033630963924], [104.65063348481323, 9.814839020343571], [104.6507299764021, 9.814519977653063], [104.65014798984755, 9.814555951760983], [104.6499690159652, 9.814521942903937], [104.6498280522687, 9.814069003866935], [104.64970200015, 9.814135969975315], [104.64962591943309, 9.814231034418894], [104.64959502723056, 9.814259982282518], [104.6495309632593, 9.814316974813071], [104.64946597686199, 9.814350006586059], [104.64942497240705, 9.8143949631369], [104.64941296361435, 9.814450938068614], [104.6493709854949, 9.814560997041301], [104.64942501624326, 9.814696059861747], [104.64952095865185, 9.814776038737186], [104.64955600271585, 9.814857039087638], [104.64975372987335, 9.815033721746039]]]], "type": "MultiPolygon"}, "properties": {"fid": 184, "TT": 34.0, "id": 34.0, "Tinh": "Kiên Giang", "Huyen": "Kiên Hải", "Xa": "Lại Sơn", "Ddanh": "ấp bãi Bấc", "TK": "1", "Khoanh": "2", "Lo": "1", "ldlr": "Rừng trồng khác", "sldlr": "Xoài, Dừa, Mít", "Ht2023": "NULL", "namtr": "NULL", "ChuQL": "Ban Quản lí rừng Kiên Giang", "Nguoinkcu": "Nguyễn Văn Hiêng", "Churung": "Nguyễn Văn Hiêng", "CMND": "370527637/ Ngày cấp 22/07/2014/ CA Kiên Giang", "DienThoai": "0397681818", "Dtich": 0.78, "DtichBS": 0.78, "NgayDoVe": "PyQt5.QtCore.QDate(2019, 9, 6)", "TranhChap": "Không", "KT": 0.0, "Lapdia": "1", "mdsd": "Phòng hộ môi sinh", "nqh": "0", "Anh": "https://cdn2.fptshop.com.vn/unsafe/1920x0/filters:format(webp):quality(75)/hinh_nen_meme_con_luoi_flash_zootopia_1_c520bf6214.jpg", "Anh2": "https://png.pngtree.com/thumb_back/fh260/background/20230830/pngtree-the-lotus-is-also-represented-image_13145607.jpg"}}, {"type": "Feature", "geometry": {"coordinates": [[[[104.64552044442874, 9.798753637149435], [104.64508650422992, 9.798937645905454], [104.64506696374528, 9.799074006929178], [104.64508297004659, 9.79919597604604], [104.64507100708934, 9.799357922557675], [104.6450829163561, 9.799491919222769], [104.64505896604524, 9.799549978807352], [104.64510499419816, 9.799740020994356], [104.64505194246675, 9.799960034413841], [104.6450169645155, 9.800024970593793], [104.64529304671976, 9.800125941513418], [104.64539899054785, 9.799948040900471], [104.64551492009842, 9.799882979551931], [104.64561800493543, 9.799629941462548], [104.64567392807162, 9.799514903805841], [104.64573596907161, 9.799422920493857], [104.64568490793226, 9.798980971719406], [104.6456899824368, 9.798910984816912], [104.64569795753388, 9.798803020461694], [104.64552044442874, 9.798753637149435]]]], "type": "MultiPolygon"}, "properties": {"fid": 185, "TT": 35.0, "id": 35.0, "Tinh": "Kiên Giang", "Huyen": "Kiên Hải", "Xa": "Lại Sơn", "Ddanh": "Bãi Nhà A", "TK": "1", "Khoanh": "2", "Lo": "74", "ldlr": "Rừng trồng khác", "sldlr": "Sưa, Trầm hương, Cẩm lai", "Ht2023": "NULL", "namtr": "NULL", "ChuQL": "Ban Quản lí rừng Kiên Giang", "Nguoinkcu": "Trần Thị Kim Mai", "Churung": "Trần Quốc Việt", "CMND": "370565717/ Ngày cấp 21/07/2016/ CA Kiên Giang", "DienThoai": "0945979151", "Dtich": 0.84, "DtichBS": 0.84, "NgayDoVe": "PyQt5.QtCore.QDate(2019, 8, 22)", "TranhChap": "Không", "KT": 0.0, "Lapdia": "1", "mdsd": "Phòng hộ môi sinh", "nqh": "0", "Anh": "https://cdn2.fptshop.com.vn/unsafe/1920x0/filters:format(webp):quality(75)/hinh_nen_meme_con_luoi_flash_zootopia_1_c520bf6214.jpg", "Anh2": "https://png.pngtree.com/thumb_back/fh260/background/20230830/pngtree-the-lotus-is-also-represented-image_13145607.jpg"}}, {"type": "Feature", "geometry": {"coordinates": [[[[104.64718202917751, 9.800575959044872], [104.64718591887369, 9.800714027971848], [104.64718895720975, 9.80078202213593], [104.64724999670793, 9.80089999312543], [104.64731697855309, 9.801055937721435], [104.6473269545462, 9.801144996618223], [104.64737699683609, 9.801131954470359], [104.64749694157027, 9.801076023076114], [104.64771695217564, 9.801157937850878], [104.64796296704776, 9.801085947118102], [104.64814000296012, 9.801288952093092], [104.64819097627523, 9.801524924768753], [104.64836711120726, 9.801340934481418], [104.64843599739149, 9.801062954750162], [104.64850099905522, 9.800660016926667], [104.64855299950564, 9.80033593059926], [104.64842402355372, 9.800171966036558], [104.64827094357743, 9.800128993279214], [104.64792197660682, 9.800130954000231], [104.64781503886533, 9.800325945103891], [104.64777196177413, 9.8004219894043], [104.64773597048026, 9.800461970508834], [104.64745593400562, 9.800491930784023], [104.64718202917751, 9.800575959044872]]]], "type": "MultiPolygon"}, "properties": {"fid": 186, "TT": 36.0, "id": 36.0, "Tinh": "Kiên Giang", "Huyen": "Kiên Hải", "Xa": "Lại Sơn", "Ddanh": "Bãi Nhà A", "TK": "1", "Khoanh": "2", "Lo": "61", "ldlr": "Rừng trồng khác", "sldlr": "Xoài, Mít, Trầm hương", "Ht2023": "NULL", "namtr": "NULL", "ChuQL": "Ban Quản lí rừng Kiên Giang", "Nguoinkcu": "Huỳnh Thanh Tân", "Churung": "Huỳnh Thanh Tân", "CMND": "371110493/ Ngày cấp 20/12/2017/ CA Kiên Giang", "DienThoai": "0832339939", "Dtich": 1.35, "DtichBS": 1.35, "NgayDoVe": "PyQt5.QtCore.QDate(2019, 8, 22)", "TranhChap": "Không", "KT": 0.0, "Lapdia": "1", "mdsd": "Phòng hộ môi sinh", "nqh": "0", "Anh": "https://cdn2.fptshop.com.vn/unsafe/1920x0/filters:format(webp):quality(75)/hinh_nen_meme_con_luoi_flash_zootopia_1_c520bf6214.jpg", "Anh2": "https://png.pngtree.com/thumb_back/fh260/background/20230830/pngtree-the-lotus-is-also-represented-image_13145607.jpg"}}, {"type": "Feature", "geometry": {"coordinates": [[[[104.62761998627325, 9.803603986667342], [104.62957075905305, 9.803075196659096], [104.62954503742196, 9.80303985243052], [104.62954248338987, 9.803036055783856], [104.62954211835263, 9.803035061307941], [104.62948053997212, 9.8029229645473], [104.62947780266882, 9.80291672664149], [104.62943454565126, 9.802798474345193], [104.62943271983663, 9.802791874412794], [104.62941646124139, 9.802710322157665], [104.62941545568133, 9.80270317939468], [104.62941075749868, 9.802577136294785], [104.62941075686746, 9.802575508742612], [104.62941112008022, 9.80257180140129], [104.62941665483929, 9.802504346283484], [104.62740709184699, 9.802811991172964], [104.62734497001753, 9.80294601632704], [104.62735998673568, 9.803118983351359], [104.62745101877921, 9.80325394559104], [104.62751099763494, 9.803475993537244], [104.62761998627325, 9.803603986667342]]]], "type": "MultiPolygon"}, "properties": {"fid": 187, "TT": 37.0, "id": 37.0, "Tinh": "Kiên Giang", "Huyen": "Kiên Hải", "Xa": "Lại Sơn", "Ddanh": "Bãi Nhà B", "TK": "1", "Khoanh": "1", "Lo": "99", "ldlr": "Rừng trồng khác", "sldlr": "Xoài, Mít", "Ht2023": "NULL", "namtr": "NULL", "ChuQL": "Ban Quản lí rừng Kiên Giang", "Nguoinkcu": "Nguyễn Văn Hiền", "Churung": "Trần Nhật Cường", "CMND": "370782434/ Ngày cấp 13/04/2018/ CA Kiên Giang", "DienThoai": "0974444543", "Dtich": 1.78, "DtichBS": 1.78, "NgayDoVe": "PyQt5.QtCore.QDate(2019, 9, 5)", "TranhChap": "Không", "KT": 0.0, "Lapdia": "1", "mdsd": "Phòng hộ môi sinh", "nqh": "0", "Anh": "https://cdn2.fptshop.com.vn/unsafe/1920x0/filters:format(webp):quality(75)/hinh_nen_meme_con_luoi_flash_zootopia_1_c520bf6214.jpg", "Anh2": "https://png.pngtree.com/thumb_back/fh260/background/20230830/pngtree-the-lotus-is-also-represented-image_13145607.jpg"}}, {"type": "Feature", "geometry": {"coordinates": [[[[104.63814104251642, 9.806547722076173], [104.63816813072016, 9.806578091999496], [104.63831024706384, 9.806559045954137], [104.63857990143673, 9.806540038164215], [104.6386199897499, 9.8064829670557], [104.6386649805507, 9.806376976973764], [104.63873896470182, 9.806279022360938], [104.63878495778604, 9.80617194681824], [104.6388499353708, 9.806118934372556], [104.63887999186879, 9.806052915807957], [104.63894897982026, 9.805998002890714], [104.63895808159705, 9.805963006803587], [104.63899691059385, 9.80594698663201], [104.6390449437861, 9.805923005763294], [104.63909597326402, 9.80586999899038], [104.63908098742411, 9.805786005396303], [104.63902690245303, 9.805725989009625], [104.63901194120602, 9.805700948934208], [104.63900197563935, 9.805631962919076], [104.63898299616223, 9.805590016037375], [104.63888898042177, 9.80552703214729], [104.63883399638753, 9.805497035380299], [104.63878202406575, 9.805474994290282], [104.6387409481475, 9.80534905669252], [104.63869398401266, 9.80531299851182], [104.63862915311157, 9.80527993147383], [104.63855118561371, 9.805224988264058], [104.63851524315554, 9.805166953607705], [104.6384671785052, 9.80511498200615], [104.63837022461692, 9.805001002549647], [104.63831021387712, 9.804939993845576], [104.63810116323683, 9.80490798011166], [104.6380521804326, 9.80484000456508], [104.63802816518282, 9.804744983407533], [104.6379531975814, 9.80466897108219], [104.63793320551498, 9.804602882532077], [104.63767019440198, 9.804589968995337], [104.63766912809358, 9.804656970306818], [104.63770319720243, 9.804815009827447], [104.6376471751337, 9.804920009655774], [104.6375902129047, 9.804955929329418], [104.63755708805091, 9.805097991861667], [104.63768154433106, 9.80602591703231], [104.6376872138274, 9.806067959812326], [104.63770820787796, 9.80613196831459], [104.63782718629605, 9.806155971566486], [104.63786522218128, 9.806205958103183], [104.63798614735373, 9.806307992561024], [104.63814104251642, 9.806547722076173]]]], "type": "MultiPolygon"}, "properties": {"fid": 188, "TT": 38.0, "id": 38.0, "Tinh": "Kiên Giang", "Huyen": "Kiên Hải", "Xa": "Lại Sơn", "Ddanh": "Bãi Nhà A", "TK": "1", "Khoanh": "2", "Lo": "23", "ldlr": "Rừng trồng khác", "sldlr": "Mít, Xoài", "Ht2023": "NULL", "namtr": "NULL", "ChuQL": "Ban Quản lí rừng Kiên Giang", "Nguoinkcu": "Trương Văn Tam, Trương Hoàng Phong", "Churung": "Trương Hoàng Phong", "CMND": "370782199/ Ngày cấp 21/07/2016/ CA Kiên Giang", "DienThoai": "0912708981", "Dtich": 2.21, "DtichBS": 2.21, "NgayDoVe": "PyQt5.QtCore.QDate(2019, 8, 2)", "TranhChap": "Không", "KT": 0.0, "Lapdia": "1", "mdsd": "Phòng hộ môi sinh", "nqh": "0", "Anh": "https://cdn2.fptshop.com.vn/unsafe/1920x0/filters:format(webp):quality(75)/hinh_nen_meme_con_luoi_flash_zootopia_1_c520bf6214.jpg", "Anh2": "https://png.pngtree.com/thumb_back/fh260/background/20230830/pngtree-the-lotus-is-also-represented-image_13145607.jpg"}}, {"type": "Feature", "geometry": {"coordinates": [[[[104.62414292148583, 9.80575861970533], [104.62414301264936, 9.805758619671956], [104.62414502023262, 9.805763953692093], [104.62415901217612, 9.805881946119568], [104.62416406861621, 9.805995963356422], [104.62420702566146, 9.806046944264654], [104.62426004834565, 9.806198920145919], [104.62431806536642, 9.806297998733791], [104.62450102456113, 9.806281023138569], [104.62453003179338, 9.806327036049542], [104.62508099790614, 9.806011178501679], [104.62553062562206, 9.805792287382717], [104.62543003314535, 9.805445927213771], [104.6248450581219, 9.804770980091948], [104.62468104118635, 9.80473297379338], [104.62438900068788, 9.804857950490854], [104.62430735167254, 9.804947314980458], [104.62424341180756, 9.805099785831063], [104.62421299496407, 9.805184972221328], [104.62415402080723, 9.805207960393451], [104.62412798344234, 9.805303000906815], [104.62400907169962, 9.805455039733461], [104.62399796834616, 9.805505045822612], [104.62408005562452, 9.80561297677316], [104.6241100711233, 9.80567399900457], [104.62414292148583, 9.80575861970533]]]], "type": "MultiPolygon"}, "properties": {"fid": 189, "TT": 39.0, "id": 39.0, "Tinh": "Kiên Giang", "Huyen": "Kiên Hải", "Xa": "Lại Sơn", "Ddanh": "Bãi Nhà B", "TK": "1", "Khoanh": "1", "Lo": "77", "ldlr": "Rừng trồng khác", "sldlr": "Mít, Xoài, Dừa", "Ht2023": "NULL", "namtr": "NULL", "ChuQL": "Ban Quản lí rừng Kiên Giang", "Nguoinkcu": "Nguyễn Thúy Diễm", "Churung": "Nguyễn Thúy Diễm", "CMND": "371110013/ Ngày cấp 24/03/2013/ CA Kiên Giang", "DienThoai": "0868733306", "Dtich": 1.84, "DtichBS": 1.84, "NgayDoVe": "PyQt5.QtCore.QDate(2019, 9, 5)", "TranhChap": "Không", "KT": 1.0, "Lapdia": "1", "mdsd": "Phòng hộ môi sinh", "nqh": "0", "Anh": "https://cdn2.fptshop.com.vn/unsafe/1920x0/filters:format(webp):quality(75)/hinh_nen_meme_con_luoi_flash_zootopia_1_c520bf6214.jpg", "Anh2": "https://png.pngtree.com/thumb_back/fh260/background/20230830/pngtree-the-lotus-is-also-represented-image_13145607.jpg"}}, {"type": "Feature", "geometry": {"coordinates": [[[[104.64139897835565, 9.803149950425286], [104.64156698072783, 9.803124924551552], [104.64166490695004, 9.803165934130844], [104.64172198251921, 9.803183994192597], [104.6419779962024, 9.803036955379737], [104.64215094213584, 9.803060934534525], [104.6424269394201, 9.802959006355595], [104.64231593594673, 9.802821976941177], [104.64212598191693, 9.802676029046054], [104.64196995923139, 9.802574010734128], [104.64185797669576, 9.802492047069295], [104.64169092660644, 9.802612013197859], [104.64148082240209, 9.802672501152449], [104.64144099345644, 9.802694037613342], [104.64139997659417, 9.80270897393873], [104.64134592435148, 9.802725995341028], [104.64139794215684, 9.802855996951445], [104.64139897835565, 9.803149950425286]]]], "type": "MultiPolygon"}, "properties": {"fid": 190, "TT": 40.0, "id": 40.0, "Tinh": "Kiên Giang", "Huyen": "Kiên Hải", "Xa": "Lại Sơn", "Ddanh": "Bãi Nhà A", "TK": "1", "Khoanh": "2", "Lo": "41", "ldlr": "Rừng trồng khác", "sldlr": "Mít, Dừa, Tràm bông vàng", "Ht2023": "NULL", "namtr": "NULL", "ChuQL": "Ban Quản lí rừng Kiên Giang", "Nguoinkcu": "Hoàng Minh Hùng - Nguyễn Công Khanh", "Churung": "Đoàn Hồng Nguyên", "CMND": "093083010114/ Ngày cấp 13/08/2021/ Cục Cảnh Sát", "DienThoai": "0763909139", "Dtich": 0.53, "DtichBS": 0.53, "NgayDoVe": "PyQt5.QtCore.QDate(2019, 8, 21)", "TranhChap": "Không", "KT": 0.0, "Lapdia": "1", "mdsd": "Phòng hộ môi sinh", "nqh": "0", "Anh": "https://cdn2.fptshop.com.vn/unsafe/1920x0/filters:format(webp):quality(75)/hinh_nen_meme_con_luoi_flash_zootopia_1_c520bf6214.jpg", "Anh2": "https://png.pngtree.com/thumb_back/fh260/background/20230830/pngtree-the-lotus-is-also-represented-image_13145607.jpg"}}, {"type": "Feature", "geometry": {"coordinates": [[[[104.63947659163236, 9.801316043436344], [104.63854854066811, 9.801709567963247], [104.6385373296855, 9.801714364778357], [104.63852502494169, 9.801719614137536], [104.6385422088913, 9.801829014776517], [104.63895318615155, 9.801869987566597], [104.63906495555997, 9.80209897447803], [104.63932202613292, 9.802298967441674], [104.6395540632528, 9.80236695797047], [104.63957096721981, 9.802241991204472], [104.63961908385225, 9.802200920928641], [104.63959410699321, 9.801986998563638], [104.6395960569259, 9.80185399060814], [104.63963702730494, 9.801728019315659], [104.6396980521196, 9.801599055914224], [104.63947659163236, 9.801316043436344]]]], "type": "MultiPolygon"}, "properties": {"fid": 191, "TT": 41.0, "id": 41.0, "Tinh": "Kiên Giang", "Huyen": "Kiên Hải", "Xa": "Lại Sơn", "Ddanh": "Bãi Nhà A", "TK": "1", "Khoanh": "2", "Lo": "51", "ldlr": "Rừng trồng khác", "sldlr": "Sao, Sưa, Trầm hương", "Ht2023": "NULL", "namtr": "2006", "ChuQL": "Ban Quản lí rừng Kiên Giang", "Nguoinkcu": "Bùi Văn Thương", "Churung": "Bùi Văn Thương", "CMND": "370212143/ Ngày cấp 12/04/2018/ CA Kiên Giang", "DienThoai": "NULL", "Dtich": 0.76, "DtichBS": 0.76, "NgayDoVe": "PyQt5.QtCore.QDate(2019, 8, 23)", "TranhChap": "Không", "KT": 0.0, "Lapdia": "1", "mdsd": "Phòng hộ môi sinh", "nqh": "0", "Anh": "https://cdn2.fptshop.com.vn/unsafe/1920x0/filters:format(webp):quality(75)/hinh_nen_meme_con_luoi_flash_zootopia_1_c520bf6214.jpg", "Anh2": "https://png.pngtree.com/thumb_back/fh260/background/20230830/pngtree-the-lotus-is-also-represented-image_13145607.jpg"}}, {"type": "Feature", "geometry": {"coordinates": [[[[104.63525371595568, 9.820278002437078], [104.63534461289316, 9.820285290091906], [104.6356038686086, 9.820224876578527], [104.63563201497423, 9.820165007619744], [104.63577004084331, 9.820160973845951], [104.63570799850734, 9.82004200670286], [104.63569904170437, 9.81998703525793], [104.63572707678482, 9.819877887726882], [104.6357069939211, 9.819813969214069], [104.63552001254888, 9.819821006399655], [104.63541300889258, 9.819886964999796], [104.63535198581692, 9.819807962784168], [104.63535203149557, 9.819696023465191], [104.63538004031683, 9.819522045211496], [104.63521908584055, 9.819413063643134], [104.63508102250277, 9.819323965149005], [104.63504099889076, 9.819320997270015], [104.63501800771279, 9.819278961383935], [104.6348610761382, 9.819197917653696], [104.6348020299072, 9.819047031064171], [104.6348240668438, 9.818983999918206], [104.63479305381702, 9.818943956437513], [104.6348300397715, 9.81887504207433], [104.63477506075324, 9.818862043555677], [104.63449099578163, 9.818891000304362], [104.63437710226471, 9.818827028529647], [104.63438607413715, 9.818919976190193], [104.63436007092044, 9.819094948192356], [104.63440001588326, 9.819129020482624], [104.63442796751268, 9.819264005661822], [104.63452405893524, 9.819266951344273], [104.63451406935935, 9.819363071212145], [104.63437804822912, 9.81958998767395], [104.6344021228486, 9.819605982365632], [104.63446004356628, 9.819679018303583], [104.63457803710851, 9.819736026114532], [104.63461206111845, 9.819782036100463], [104.6347770447257, 9.819934960213256], [104.63477802438159, 9.820102959194989], [104.63501999491301, 9.820132972475136], [104.63512502345473, 9.820141972523935], [104.6352520954262, 9.820103945613337], [104.63525304201947, 9.820189934147127], [104.63525106435168, 9.820258924989142], [104.63525371595568, 9.820278002437078]]]], "type": "MultiPolygon"}, "properties": {"fid": 192, "TT": 42.0, "id": 42.0, "Tinh": "Kiên Giang", "Huyen": "Kiên Hải", "Xa": "Lại Sơn", "Ddanh": "ấp bãi Bấc", "TK": "1", "Khoanh": "1", "Lo": "2", "ldlr": "Rừng trồng khác", "sldlr": "Mít, Xoài", "Ht2023": "NULL", "namtr": "1988", "ChuQL": "Ban Quản lí rừng Kiên Giang", "Nguoinkcu": "Đinh Văn Năng", "Churung": "Đinh Văn Năng", "CMND": "370607725/ Ngày cấp 18/12/2017/ CA Kiên Giang", "DienThoai": "0368863619", "Dtich": 1.17, "DtichBS": 1.17, "NgayDoVe": "PyQt5.QtCore.QDate(2019, 9, 6)", "TranhChap": "Không", "KT": 0.0, "Lapdia": "1", "mdsd": "Phòng hộ môi sinh", "nqh": "0", "Anh": "https://cdn2.fptshop.com.vn/unsafe/1920x0/filters:format(webp):quality(75)/hinh_nen_meme_con_luoi_flash_zootopia_1_c520bf6214.jpg", "Anh2": "https://png.pngtree.com/thumb_back/fh260/background/20230830/pngtree-the-lotus-is-also-represented-image_13145607.jpg"}}, {"type": "Feature", "geometry": {"coordinates": [[[[104.6449049471164, 9.8019619856652], [104.64486395397786, 9.802030993273386], [104.64482497765917, 9.802125950419487], [104.64466593945689, 9.802218969558533], [104.64450105591813, 9.802286944905198], [104.6444200388237, 9.802347922170801], [104.64437796457601, 9.802446949463762], [104.64431101027105, 9.8025629862086], [104.64424397425563, 9.802700994919476], [104.6444919264385, 9.8028879673763], [104.6445421760293, 9.802931709014809], [104.64462999877387, 9.80300798565365], [104.64474301400733, 9.803156948813621], [104.64490997768047, 9.802839957097065], [104.64496194254457, 9.802635044253957], [104.64496995919667, 9.802622020416358], [104.64502295845374, 9.802489985256189], [104.64513794995692, 9.802361992445457], [104.64526898813551, 9.802238965797834], [104.64517202843523, 9.802114951721771], [104.64511493769346, 9.802061990309126], [104.64491196748648, 9.801963971895676], [104.6449049471164, 9.8019619856652]]]], "type": "MultiPolygon"}, "properties": {"fid": 193, "TT": 43.0, "id": 43.0, "Tinh": "Kiên Giang", "Huyen": "Kiên Hải", "Xa": "Lại Sơn", "Ddanh": "Bãi Nhà A", "TK": "1", "Khoanh": "2", "Lo": "43", "ldlr": "Rừng trồng khác", "sldlr": "Dừa, Keo, Xoài", "Ht2023": "NULL", "namtr": "NULL", "ChuQL": "Ban Quản lí rừng Kiên Giang", "Nguoinkcu": "Đỗ Thị Sáu", "Churung": "Nguyễn Văn Toàn", "CMND": "371680563/ Ngày cấp 27/09/2015/ CA Kiên Giang", "DienThoai": "0372558315", "Dtich": 0.69, "DtichBS": 0.69, "NgayDoVe": "PyQt5.QtCore.QDate(2019, 8, 21)", "TranhChap": "Không", "KT": 0.0, "Lapdia": "1", "mdsd": "Phòng hộ môi sinh", "nqh": "0", "Anh": "https://cdn2.fptshop.com.vn/unsafe/1920x0/filters:format(webp):quality(75)/hinh_nen_meme_con_luoi_flash_zootopia_1_c520bf6214.jpg", "Anh2": "https://png.pngtree.com/thumb_back/fh260/background/20230830/pngtree-the-lotus-is-also-represented-image_13145607.jpg"}}, {"type": "Feature", "geometry": {"coordinates": [[[[104.64447796645297, 9.800965021211848], [104.6447579779234, 9.801085973595756], [104.6450589651955, 9.801225995296859], [104.64521197108003, 9.801307940347955], [104.64538895405279, 9.801392949316991], [104.64543491204792, 9.80142095967017], [104.6460719665716, 9.801866002103232], [104.6462369547503, 9.801621979142647], [104.64659802308225, 9.801355989896631], [104.64629695614862, 9.801035944331126], [104.64602193578557, 9.800863994461963], [104.64568698908464, 9.800824986813476], [104.64545097521616, 9.800626978894273], [104.64532298222225, 9.800833009439193], [104.64521002843529, 9.800824015853816], [104.6449919581869, 9.800799967111734], [104.64491693829139, 9.800605054653108], [104.64461398027966, 9.800543969906794], [104.6446079718128, 9.800562960570385], [104.64455197126884, 9.800711001215104], [104.64447794261436, 9.800909955725995], [104.64449499169488, 9.800914017343596], [104.64447796645297, 9.800965021211848]]]], "type": "MultiPolygon"}, "properties": {"fid": 194, "TT": 44.0, "id": 44.0, "Tinh": "Kiên Giang", "Huyen": "Kiên Hải", "Xa": "Lại Sơn", "Ddanh": "Bãi Nhà A", "TK": "1", "Khoanh": "2", "Lo": "57", "ldlr": "Rừng trồng khác", "sldlr": "Giáng hương, Dừa, Xoài", "Ht2023": "NULL", "namtr": "NULL", "ChuQL": "Ban Quản lí rừng Kiên Giang", "Nguoinkcu": "Đỗ Thị Sáu", "Churung": "Nguyễn Văn Thành", "CMND": "371110710/ ngày cấp 16/06/2015/ CA Kiên Giang", "DienThoai": "0852027662", "Dtich": 1.51, "DtichBS": 1.51, "NgayDoVe": "PyQt5.QtCore.QDate(2019, 8, 21)", "TranhChap": "Không", "KT": 0.0, "Lapdia": "1", "mdsd": "Phòng hộ môi sinh", "nqh": "0", "Anh": "https://cdn2.fptshop.com.vn/unsafe/1920x0/filters:format(webp):quality(75)/hinh_nen_meme_con_luoi_flash_zootopia_1_c520bf6214.jpg", "Anh2": "https://png.pngtree.com/thumb_back/fh260/background/20230830/pngtree-the-lotus-is-also-represented-image_13145607.jpg"}}, {"type": "Feature", "geometry": {"coordinates": [[[[104.63187630466103, 9.805940246406577], [104.63190775290532, 9.805932186833429], [104.63191130792632, 9.80593128125487], [104.63199052354378, 9.805917325816214], [104.63199845448628, 9.805916599372363], [104.63202115660775, 9.805922648643671], [104.63269145154533, 9.806303686228354], [104.63281491467362, 9.806372808841285], [104.63300535121765, 9.806361793423932], [104.63306323296757, 9.806343777223056], [104.63307006742842, 9.806336721816134], [104.63310477231296, 9.806265367171312], [104.63303094350118, 9.80607126537819], [104.63289223901397, 9.805959199530097], [104.6328814768153, 9.805946906689346], [104.63287864847581, 9.805941211366173], [104.63284844359374, 9.805866536654104], [104.63279115830292, 9.8057796659062], [104.6327371577341, 9.805699846586917], [104.63273715759016, 9.80569948490877], [104.63254860930365, 9.805414284979523], [104.63251203280528, 9.805364026003714], [104.63173699289149, 9.80590521777534], [104.63187630466103, 9.805940246406577]]]], "type": "MultiPolygon"}, "properties": {"fid": 195, "TT": 45.0, "id": 45.0, "Tinh": "Kiên Giang", "Huyen": "Kiên Hải", "Xa": "Lại Sơn", "Ddanh": "Bãi Nhà B", "TK": "1", "Khoanh": "1", "Lo": "72", "ldlr": "Rừng trồng khác", "sldlr": "Xoài, Vú sữa, Dừa, Sao", "Ht2023": "NULL", "namtr": "1939", "ChuQL": "Ban Quản lí rừng Kiên Giang", "Nguoinkcu": "Trương Thị Vui", "Churung": "Trương Thị Vui", "CMND": "370527422/ Ngày cấp 03/03/2017/ CA Kiên Giang", "DienThoai": "0816623090", "Dtich": 0.73, "DtichBS": 0.73, "NgayDoVe": "PyQt5.QtCore.QDate(2019, 8, 27)", "TranhChap": "Không", "KT": 1.0, "Lapdia": "1", "mdsd": "Phòng hộ môi sinh", "nqh": "0", "Anh": "https://cdn2.fptshop.com.vn/unsafe/1920x0/filters:format(webp):quality(75)/hinh_nen_meme_con_luoi_flash_zootopia_1_c520bf6214.jpg", "Anh2": "https://png.pngtree.com/thumb_back/fh260/background/20230830/pngtree-the-lotus-is-also-represented-image_13145607.jpg"}}, {"type": "Feature", "geometry": {"coordinates": [[[[104.65457213775659, 9.807588681373641], [104.65445994094215, 9.80705426307586], [104.65444970794748, 9.807005350808424], [104.6542739379925, 9.806991958334361], [104.65417400446225, 9.806952942583814], [104.65407894162563, 9.806800990678232], [104.65387195032056, 9.806890961630234], [104.65348002363754, 9.806861120012062], [104.65337076995372, 9.807171669901017], [104.65311574725321, 9.807288607121665], [104.65279201555018, 9.807269312987266], [104.65239944392769, 9.807025899628051], [104.65148683533509, 9.806695192501344], [104.65128287944786, 9.806444188677524], [104.6510439767636, 9.806325031894508], [104.65066296918299, 9.806045986049043], [104.65016456120964, 9.806008321380764], [104.64966812842512, 9.806105832239172], [104.6495351017097, 9.806673273203165], [104.65012399140116, 9.80681397693893], [104.6503356915039, 9.807055936081982], [104.65057547225895, 9.807302041910472], [104.65113071237177, 9.80781944633668], [104.65205199146718, 9.807765958155239], [104.65327998421544, 9.807795966943024], [104.65335695975061, 9.80786799644285], [104.65406599554571, 9.807785935768164], [104.65426802241929, 9.8076050049773], [104.65457213775659, 9.807588681373641]], [[104.65106763940096, 9.806639500300234], [104.65105503050887, 9.80677829981636], [104.6509731057263, 9.806847688045433], [104.65083424065561, 9.806999112057357], [104.65066233212922, 9.807057509056456], [104.65043193425679, 9.806795666131805], [104.65061335363434, 9.806601635805603], [104.65091627055864, 9.806557466823232], [104.65106763940096, 9.806639500300234]]]], "type": "MultiPolygon"}, "properties": {"fid": 196, "TT": 46.0, "id": 46.0, "Tinh": "Kiên Giang", "Huyen": "Kiên Hải", "Xa": "Lại Sơn", "Ddanh": "ấp bãi Bấc", "TK": "1", "Khoanh": "2", "Lo": "16", "ldlr": "Rừng trồng khác", "sldlr": "Mít, Dừa", "Ht2023": "NULL", "namtr": "1970", "ChuQL": "Ban Quản lí rừng Kiên Giang", "Nguoinkcu": "Vừ Đức Thắng", "Churung": "Vừ Đức Thắng", "CMND": "370212363/ Ngày cấp 26/12/2017/ CA Kiên Giang", "DienThoai": "0918044884", "Dtich": 5.13, "DtichBS": 5.13, "NgayDoVe": "PyQt5.QtCore.QDate(2019, 9, 6)", "TranhChap": "Không", "KT": 0.0, "Lapdia": "1", "mdsd": "Phòng hộ môi sinh", "nqh": "0", "Anh": "https://cdn2.fptshop.com.vn/unsafe/1920x0/filters:format(webp):quality(75)/hinh_nen_meme_con_luoi_flash_zootopia_1_c520bf6214.jpg", "Anh2": "https://png.pngtree.com/thumb_back/fh260/background/20230830/pngtree-the-lotus-is-also-represented-image_13145607.jpg"}}, {"type": "Feature", "geometry": {"coordinates": [[[[104.63164109302929, 9.809841941096806], [104.63173998071763, 9.810007008740435], [104.6317780241913, 9.810308000568822], [104.63184806721802, 9.810380037692658], [104.63187604141146, 9.811268036982062], [104.63169802061111, 9.811330043585443], [104.63186004400853, 9.81161896137819], [104.63197906289663, 9.811510954135999], [104.63230997459532, 9.81192603153762], [104.63293102949821, 9.811562934951796], [104.63311101072163, 9.81138799295339], [104.6332760302869, 9.811187015922602], [104.63335906400883, 9.811143039371087], [104.63311892186653, 9.810424117740054], [104.63282602461489, 9.809546982396098], [104.63266698868945, 9.809434020267737], [104.63229601364935, 9.80936698355366], [104.63221805492283, 9.809334010842997], [104.63218700192404, 9.80942001193097], [104.63214809328176, 9.809696982131111], [104.63197502356488, 9.809827977046846], [104.63192406132703, 9.80982492262261], [104.63164109302929, 9.809841941096806]]]], "type": "MultiPolygon"}, "properties": {"fid": 197, "TT": 47.0, "id": 47.0, "Tinh": "Kiên Giang", "Huyen": "Kiên Hải", "Xa": "Lại Sơn", "Ddanh": "Bãi Nhà B", "TK": "1", "Khoanh": "1", "Lo": "33", "ldlr": "Rừng trồng khác", "sldlr": "Mít, Xoài, Dừa, Sao", "Ht2023": "NULL", "namtr": "NULL", "ChuQL": "Ban Quản lí rừng Kiên Giang", "Nguoinkcu": "Chiêm Văn Thiện", "Churung": "Chiêm Văn Thiện", "CMND": "370527639/ Ngày cấp 30/04/2002/ CA Kiên Giang", "DienThoai": "NULL", "Dtich": 3.37, "DtichBS": 3.37, "NgayDoVe": "PyQt5.QtCore.QDate(2019, 8, 30)", "TranhChap": "Không", "KT": 1.0, "Lapdia": "1", "mdsd": "Phòng hộ môi sinh", "nqh": "0", "Anh": "https://cdn2.fptshop.com.vn/unsafe/1920x0/filters:format(webp):quality(75)/hinh_nen_meme_con_luoi_flash_zootopia_1_c520bf6214.jpg", "Anh2": "https://png.pngtree.com/thumb_back/fh260/background/20230830/pngtree-the-lotus-is-also-represented-image_13145607.jpg"}}, {"type": "Feature", "geometry": {"coordinates": [[[[104.64731201664057, 9.804684022821187], [104.64740194593718, 9.804780009255547], [104.6473680491321, 9.80481601094966], [104.64732198456763, 9.804960973426473], [104.64726594081678, 9.805010005139474], [104.64722194117373, 9.805082992782424], [104.6472189689388, 9.805164914140796], [104.64724299301469, 9.805273949627571], [104.64723991114218, 9.805314006804315], [104.64715496630853, 9.805357987555078], [104.64712102411553, 9.805497971668917], [104.64719198058141, 9.805569010601713], [104.6472779271606, 9.805729015794379], [104.64729692800515, 9.805816985711866], [104.64748794512187, 9.80588399394562], [104.64752396316221, 9.8056969907584], [104.64762501254367, 9.80558202359951], [104.64771002551147, 9.80548605149113], [104.64768700626567, 9.805381988675927], [104.64768094653319, 9.805284971193537], [104.6477000456704, 9.805182969680578], [104.64777995024949, 9.805079947058234], [104.64785301934052, 9.804980996275017], [104.64782097893695, 9.804885979349116], [104.64783699308767, 9.804816982289399], [104.64775795148108, 9.80480996401764], [104.64745501497754, 9.804601045988502], [104.64731201664057, 9.804684022821187]]]], "type": "MultiPolygon"}, "properties": {"fid": 198, "TT": 48.0, "id": 48.0, "Tinh": "Kiên Giang", "Huyen": "Kiên Hải", "Xa": "Lại Sơn", "Ddanh": "Bãi Nhà A", "TK": "1", "Khoanh": "2", "Lo": "26", "ldlr": "Rừng trồng khác", "sldlr": "Xoài, Mít, Dừa", "Ht2023": "NULL", "namtr": "NULL", "ChuQL": "Ban Quản lí rừng Kiên Giang", "Nguoinkcu": "Lê Văn Hiền (đất chùa)", "Churung": "Đào Xuân Hương", "CMND": "37110486/ Ngày cấp 22/02/2014/ CA Kiên Giang", "DienThoai": "NULL", "Dtich": 0.63, "DtichBS": 0.63, "NgayDoVe": "PyQt5.QtCore.QDate(2019, 8, 22)", "TranhChap": "Không", "KT": 0.0, "Lapdia": "1", "mdsd": "Phòng hộ môi sinh", "nqh": "0", "Anh": "https://cdn2.fptshop.com.vn/unsafe/1920x0/filters:format(webp):quality(75)/hinh_nen_meme_con_luoi_flash_zootopia_1_c520bf6214.jpg", "Anh2": "https://png.pngtree.com/thumb_back/fh260/background/20230830/pngtree-the-lotus-is-also-represented-image_13145607.jpg"}}, {"type": "Feature", "geometry": {"coordinates": [[[[104.63059803422797, 9.811590967937272], [104.63060603755662, 9.811541957469029], [104.63055503671589, 9.811440978508642], [104.6306200796092, 9.811315993656462], [104.63057499003983, 9.81117803083139], [104.63042802736716, 9.81116606162696], [104.63031307686872, 9.811187987374499], [104.63021702880258, 9.811290017524376], [104.6301730093714, 9.811324032179296], [104.63007202190467, 9.811384019104189], [104.62995105131078, 9.811397990121854], [104.62994205053607, 9.811461015985847], [104.62995001111736, 9.811535970723575], [104.62997903359343, 9.81161797010619], [104.62995608532898, 9.811682990548826], [104.62996705359384, 9.811755954901997], [104.63005701292657, 9.811702934544417], [104.63023705707795, 9.81168496233041], [104.63033403683953, 9.811633928431307], [104.63043805312503, 9.811625931491479], [104.63059803422797, 9.811590967937272]]]], "type": "MultiPolygon"}, "properties": {"fid": 199, "TT": 49.0, "id": 49.0, "Tinh": "Kiên Giang", "Huyen": "Kiên Hải", "Xa": "Lại Sơn", "Ddanh": "Bãi Nhà B", "TK": "1", "Khoanh": "1", "Lo": "26", "ldlr": "Rừng trồng khác", "sldlr": "Mít, Xoài", "Ht2023": "NULL", "namtr": "NULL", "ChuQL": "Ban Quản lí rừng Kiên Giang", "Nguoinkcu": "Trần Văn Sơn", "Churung": "Trần Văn Sơn", "CMND": "371110619/ Ngày cấp 21/12/2017/ CA Kiên Giang", "DienThoai": "0834218256", "Dtich": 0.31, "DtichBS": 0.31, "NgayDoVe": "PyQt5.QtCore.QDate(2019, 9, 10)", "TranhChap": "Không", "KT": 0.0, "Lapdia": "1", "mdsd": "Phòng hộ môi sinh", "nqh": "0", "Anh": "https://cdn2.fptshop.com.vn/unsafe/1920x0/filters:format(webp):quality(75)/hinh_nen_meme_con_luoi_flash_zootopia_1_c520bf6214.jpg", "Anh2": "https://png.pngtree.com/thumb_back/fh260/background/20230830/pngtree-the-lotus-is-also-represented-image_13145607.jpg"}}, {"type": "Feature", "geometry": {"coordinates": [[[[104.63291203386763, 9.80896392354033], [104.6329350583703, 9.809092038989228], [104.63298200724971, 9.80909003134369], [104.63343405918306, 9.809008928212293], [104.63330202883762, 9.80826401362417], [104.63330102523639, 9.808262024789038], [104.6333000220328, 9.808261030568634], [104.63317904403941, 9.808024992709113], [104.63317904364219, 9.808023998094356], [104.63319308089436, 9.808018929085279], [104.6333410894848, 9.807913984237098], [104.63349095604516, 9.807895931768286], [104.63325904625412, 9.807697009606418], [104.63309806970143, 9.807744995201453], [104.6327929949492, 9.807873962684406], [104.63282707171003, 9.80828499655438], [104.63284705187523, 9.80855199761537], [104.63279298668355, 9.80876893526417], [104.63291203386763, 9.80896392354033]]]], "type": "MultiPolygon"}, "properties": {"fid": 200, "TT": 50.0, "id": 50.0, "Tinh": "Kiên Giang", "Huyen": "Kiên Hải", "Xa": "Lại Sơn", "Ddanh": "Bãi Nhà B", "TK": "1", "Khoanh": "1", "Lo": "44", "ldlr": "Rừng trồng khác", "sldlr": "Dừa, Xoài, Mít", "Ht2023": "NULL", "namtr": "NULL", "ChuQL": "Ban Quản lí rừng Kiên Giang", "Nguoinkcu": "Nguyễn Văn Lân", "Churung": "Nguyễn Văn Lân", "CMND": "371110048/ Ngày cấp 12/04/2018/ CA Kiên Giang", "DienThoai": "0976950680", "Dtich": 0.8, "DtichBS": 0.8, "NgayDoVe": "PyQt5.QtCore.QDate(2019, 8, 26)", "TranhChap": "Không", "KT": 1.0, "Lapdia": "1", "mdsd": "Phòng hộ môi sinh", "nqh": "0", "Anh": "https://cdn2.fptshop.com.vn/unsafe/1920x0/filters:format(webp):quality(75)/hinh_nen_meme_con_luoi_flash_zootopia_1_c520bf6214.jpg", "Anh2": "https://png.pngtree.com/thumb_back/fh260/background/20230830/pngtree-the-lotus-is-also-represented-image_13145607.jpg"}}, {"type": "Feature", "geometry": {"coordinates": [[[[104.64472299420645, 9.806181942164438], [104.64477594332685, 9.806142948753404], [104.64482196530045, 9.80610694213664], [104.64488493806645, 9.806057998281775], [104.64492601502876, 9.805970997163067], [104.64496890914869, 9.805869980238949], [104.6449749133239, 9.805840953010502], [104.64501792727246, 9.80580594226804], [104.6450679573378, 9.805762971602038], [104.64515391928312, 9.805750999439319], [104.64531198891032, 9.805733028673597], [104.64542301376856, 9.80570495102945], [104.64555201137578, 9.805707969944319], [104.64554998703959, 9.80566502154863], [104.64552096519756, 9.805591975044956], [104.64550098254493, 9.80555102358419], [104.64546192711407, 9.80546505139055], [104.64539696996184, 9.805353049480969], [104.64538098406356, 9.805278912339245], [104.64526899848977, 9.805193965995139], [104.64517498689456, 9.805142919234157], [104.64513094546807, 9.805120966145601], [104.6450809718673, 9.80508391553121], [104.64483495474295, 9.805158978471827], [104.64469602792514, 9.805172962386068], [104.64462694602143, 9.805218834548736], [104.6445929594693, 9.805258904885676], [104.64455496219263, 9.80530006196313], [104.64450401747924, 9.805336070642076], [104.64443593921246, 9.805384021987265], [104.64434096859301, 9.805433973996566], [104.64424700641158, 9.805497036379558], [104.64408996337562, 9.80556998127474], [104.64401095491529, 9.80563999954056], [104.64397203847383, 9.805663977236774], [104.64393795801995, 9.805697989441425], [104.64393296903962, 9.805755950465347], [104.6440289239871, 9.805873997600033], [104.64410389623599, 9.80595697085476], [104.64411695293296, 9.806003983449825], [104.64414603409774, 9.80600397108804], [104.6443070297835, 9.806005982255776], [104.64442993556001, 9.806045985766836], [104.64467193087992, 9.80615492852388], [104.64472299420645, 9.806181942164438]]]], "type": "MultiPolygon"}, "properties": {"fid": 201, "TT": 51.0, "id": 51.0, "Tinh": "Kiên Giang", "Huyen": "Kiên Hải", "Xa": "Lại Sơn", "Ddanh": "Bãi Nhà A", "TK": "1", "Khoanh": "2", "Lo": "21", "ldlr": "Rừng trồng khác", "sldlr": "Mít", "Ht2023": "NULL", "namtr": "NULL", "ChuQL": "Ban Quản lí rừng Kiên Giang", "Nguoinkcu": "Nguyễn Văn Cảnh (Nguyễn Hùng Dũng)", "Churung": "Hoàng Phước Thành", "CMND": "371646140/ Ngày cấp 03/04/2018/ CA Kiên Giang", "DienThoai": "0348170140", "Dtich": 1.18, "DtichBS": 1.18, "NgayDoVe": "PyQt5.QtCore.QDate(2019, 8, 27)", "TranhChap": "Không", "KT": 0.0, "Lapdia": "1", "mdsd": "Phòng hộ môi sinh", "nqh": "0", "Anh": "https://cdn2.fptshop.com.vn/unsafe/1920x0/filters:format(webp):quality(75)/hinh_nen_meme_con_luoi_flash_zootopia_1_c520bf6214.jpg", "Anh2": "https://png.pngtree.com/thumb_back/fh260/background/20230830/pngtree-the-lotus-is-also-represented-image_13145607.jpg"}}, {"type": "Feature", "geometry": {"coordinates": [[[[104.62387695924714, 9.799517142625458], [104.62369745091377, 9.799488364264022], [104.62358513285213, 9.79947032127309], [104.62321672611226, 9.799411320841271], [104.62309402622628, 9.799421944475789], [104.62308101219428, 9.799481897402817], [104.62319902064947, 9.799603921052261], [104.62329899613911, 9.799771974796487], [104.62341999389491, 9.79984200600096], [104.62364601953334, 9.799937045131886], [104.6237790329599, 9.799958968593437], [104.62371295572781, 9.799754011434741], [104.62387695924714, 9.799517142625458]]]], "type": "MultiPolygon"}, "properties": {"fid": 202, "TT": 52.0, "id": 52.0, "Tinh": "Kiên Giang", "Huyen": "Kiên Hải", "Xa": "Lại Sơn", "Ddanh": "Bãi Nhà B", "TK": "1", "Khoanh": "1", "Lo": "121", "ldlr": "Rừng trồng khác", "sldlr": "Xoài, Mít, Dừa", "Ht2023": "NULL", "namtr": "NULL", "ChuQL": "Ban Quản lí rừng Kiên Giang", "Nguoinkcu": "Lê Văn Quang", "Churung": "Lê Tấn Hưng", "CMND": "371110105/ Ngày cấp 22/12/2017/ CA Kiên Giang", "DienThoai": "0329025703", "Dtich": 0.29, "DtichBS": 0.29, "NgayDoVe": "PyQt5.QtCore.QDate(2019, 8, 30)", "TranhChap": "Không", "KT": 0.0, "Lapdia": "1", "mdsd": "Phòng hộ môi sinh", "nqh": "0", "Anh": "https://cdn2.fptshop.com.vn/unsafe/1920x0/filters:format(webp):quality(75)/hinh_nen_meme_con_luoi_flash_zootopia_1_c520bf6214.jpg", "Anh2": "https://png.pngtree.com/thumb_back/fh260/background/20230830/pngtree-the-lotus-is-also-represented-image_13145607.jpg"}}, {"type": "Feature", "geometry": {"coordinates": [[[[104.64174600763599, 9.801153975119197], [104.64259344789748, 9.801145120524382], [104.6425892237615, 9.80107332918531], [104.64260195579034, 9.801001530718553], [104.64264991681894, 9.800810996581902], [104.64251598299381, 9.800771991632086], [104.64250473279789, 9.800684741499916], [104.64162602145903, 9.800685019056877], [104.6416579515225, 9.800739980809016], [104.64171894748975, 9.800760028472434], [104.64171094018396, 9.8010099514378], [104.64174600763599, 9.801153975119197]]]], "type": "MultiPolygon"}, "properties": {"fid": 203, "TT": 53.0, "id": 53.0, "Tinh": "Kiên Giang", "Huyen": "Kiên Hải", "Xa": "Lại Sơn", "Ddanh": "Bãi Nhà A", "TK": "1", "Khoanh": "2", "Lo": "59", "ldlr": "Rừng trồng khác", "sldlr": "Gió bầu, Xoài", "Ht2023": "NULL", "namtr": "NULL", "ChuQL": "Ban Quản lí rừng Kiên Giang", "Nguoinkcu": "Cái Thị Phương Liên", "Churung": "Nguyễn Văn Tâm", "CMND": "371044662/ Ngày cấp 23/03/2013/ CA Kiên Giang", "DienThoai": "0373820936", "Dtich": 0.5, "DtichBS": 0.5, "NgayDoVe": "PyQt5.QtCore.QDate(2019, 8, 22)", "TranhChap": "Không", "KT": 0.0, "Lapdia": "1", "mdsd": "Phòng hộ môi sinh", "nqh": "0", "Anh": "https://cdn2.fptshop.com.vn/unsafe/1920x0/filters:format(webp):quality(75)/hinh_nen_meme_con_luoi_flash_zootopia_1_c520bf6214.jpg", "Anh2": "https://png.pngtree.com/thumb_back/fh260/background/20230830/pngtree-the-lotus-is-also-represented-image_13145607.jpg"}}, {"type": "Feature", "geometry": {"coordinates": [[[[104.63883649538052, 9.810623730544236], [104.63882472823008, 9.810607188595332], [104.63866874491353, 9.810387261797997], [104.63861547128226, 9.810306900650094], [104.63855025186945, 9.810218768299071], [104.63833962100524, 9.809901753122665], [104.63808741304076, 9.809569112169727], [104.63808504156485, 9.809566219711481], [104.63807172592814, 9.809552662209157], [104.63781909530094, 9.80929895745082], [104.6373236809085, 9.808791452934317], [104.63727579961723, 9.808742826627302], [104.63656001218015, 9.809272974133547], [104.63652902652281, 9.809298032822387], [104.63646104770127, 9.809371028748469], [104.63642206489402, 9.809458028017174], [104.63642701393317, 9.80952195262444], [104.63635404473354, 9.809652999867863], [104.63630302281929, 9.809726983554814], [104.63621107573668, 9.809819971781877], [104.63624209457093, 9.809875928995623], [104.63622706223636, 9.80989998662922], [104.6362340414368, 9.81002403940022], [104.63623789806248, 9.810091852486748], [104.6363399980972, 9.810081051508476], [104.63666201880429, 9.810147018482395], [104.63687798553516, 9.810141054063642], [104.63729125239935, 9.810183022404315], [104.63728225492034, 9.810472006804352], [104.63728619436667, 9.810519023353597], [104.63729722858264, 9.810526975800572], [104.63744420109502, 9.810562993613178], [104.63772123814114, 9.810531957678306], [104.63780885004438, 9.810538070591734], [104.63796620499892, 9.810548947332467], [104.6382759846864, 9.810552980382823], [104.63856497380668, 9.810544995856674], [104.63883649538052, 9.810623730544236]]]], "type": "MultiPolygon"}, "properties": {"fid": 204, "TT": 54.0, "id": 54.0, "Tinh": "Kiên Giang", "Huyen": "Kiên Hải", "Xa": "Lại Sơn", "Ddanh": "ấp bãi Bấc", "TK": "1", "Khoanh": "1", "Lo": "35", "ldlr": "Rừng trồng khác", "sldlr": "Dầu, Sao, Dừa, Xoài", "Ht2023": "NULL", "namtr": "1996", "ChuQL": "Ban Quản lí rừng Kiên Giang", "Nguoinkcu": "Nguyễn Thanh Liêm", "Churung": "Nguyễn Thanh Liêm", "CMND": "371111933/ Ngày cấp 10/11/2018/ CA Kiên Giang", "DienThoai": "0974743339", "Dtich": 3.02, "DtichBS": 3.02, "NgayDoVe": "PyQt5.QtCore.QDate(2019, 9, 7)", "TranhChap": "Không", "KT": 0.0, "Lapdia": "1", "mdsd": "Phòng hộ môi sinh", "nqh": "0", "Anh": "https://cdn2.fptshop.com.vn/unsafe/1920x0/filters:format(webp):quality(75)/hinh_nen_meme_con_luoi_flash_zootopia_1_c520bf6214.jpg", "Anh2": "https://png.pngtree.com/thumb_back/fh260/background/20230830/pngtree-the-lotus-is-also-represented-image_13145607.jpg"}}, {"type": "Feature", "geometry": {"coordinates": [[[[104.61566956578666, 9.802934827847668], [104.6157361230345, 9.803484646846679], [104.61642602062199, 9.803416957671251], [104.61662004184397, 9.803231982893475], [104.6166319641206, 9.802653021979383], [104.61566956578666, 9.802934827847668]]]], "type": "MultiPolygon"}, "properties": {"fid": 205, "TT": 55.0, "id": 55.0, "Tinh": "Kiên Giang", "Huyen": "Kiên Hải", "Xa": "Lại Sơn", "Ddanh": "ấp Thiên Tuế", "TK": "1", "Khoanh": "1", "Lo": "98", "ldlr": "Rừng trồng khác", "sldlr": "Xoài", "Ht2023": "NULL", "namtr": "NULL", "ChuQL": "Ban Quản lí rừng Kiên Giang", "Nguoinkcu": "Trần Hữu Nghĩa", "Churung": "Trần Hữu Nghĩa", "CMND": "370782377/ Ngày cấp 02/03/2019/ CA Kiên Giang", "DienThoai": "NULL", "Dtich": 0.71, "DtichBS": 0.71, "NgayDoVe": "PyQt5.QtCore.QDate(2019, 12, 8)", "TranhChap": "Không", "KT": 0.0, "Lapdia": "1", "mdsd": "Phòng hộ môi sinh", "nqh": "0", "Anh": "https://cdn2.fptshop.com.vn/unsafe/1920x0/filters:format(webp):quality(75)/hinh_nen_meme_con_luoi_flash_zootopia_1_c520bf6214.jpg", "Anh2": "https://png.pngtree.com/thumb_back/fh260/background/20230830/pngtree-the-lotus-is-also-represented-image_13145607.jpg"}}, {"type": "Feature", "geometry": {"coordinates": [[[[104.62978457174884, 9.81464456687156], [104.63279966639821, 9.814552074678224], [104.63429222550032, 9.814528971862389], [104.6342921991125, 9.813558499364127], [104.63166766217334, 9.813636747725898], [104.63012217248034, 9.814444881503197], [104.62978457174884, 9.81464456687156]]]], "type": "MultiPolygon"}, "properties": {"fid": 206, "TT": 56.0, "id": 56.0, "Tinh": "Kiên Giang", "Huyen": "Kiên Hải", "Xa": "Lại Sơn", "Ddanh": "ấp Thiên Tuế", "TK": "1", "Khoanh": "1", "Lo": "12", "ldlr": "Rừng trồng khác", "sldlr": "Dừa, Bưởi, ổi, Tràm", "Ht2023": "NULL", "namtr": "NULL", "ChuQL": "Ban Quản lí rừng Kiên Giang", "Nguoinkcu": "Nguyễn Thị Loan", "Churung": "Nguyễn Thị Loan", "CMND": "NULL", "DienThoai": "0346651515", "Dtich": 4.17, "DtichBS": 4.17, "NgayDoVe": "PyQt5.QtCore.QDate(2023, 8, 3)", "TranhChap": "0", "KT": 0.0, "Lapdia": "1", "mdsd": "Phòng hộ môi sinh", "nqh": "0", "Anh": "https://cdn2.fptshop.com.vn/unsafe/1920x0/filters:format(webp):quality(75)/hinh_nen_meme_con_luoi_flash_zootopia_1_c520bf6214.jpg", "Anh2": "https://png.pngtree.com/thumb_back/fh260/background/20230830/pngtree-the-lotus-is-also-represented-image_13145607.jpg"}}, {"type": "Feature", "geometry": {"coordinates": [[[[104.62969392562913, 9.803089707134333], [104.62977764830595, 9.803180275522363], [104.62990650377768, 9.803289181777773], [104.63008577701756, 9.803409913611667], [104.63008678009116, 9.803410636583493], [104.63034137828687, 9.803593457623721], [104.63063700083994, 9.803778161478027], [104.63064748610398, 9.80378204548032], [104.63067037463207, 9.803798945121313], [104.63072399160554, 9.803832470117914], [104.63079566194632, 9.803873854645921], [104.63095589394526, 9.803790878067414], [104.6302253551112, 9.8029625544183], [104.63011306310686, 9.802781396687251], [104.62969392562913, 9.803089707134333]]]], "type": "MultiPolygon"}, "properties": {"fid": 207, "TT": 57.0, "id": 57.0, "Tinh": "Kiên Giang", "Huyen": "Kiên Hải", "Xa": "Lại Sơn", "Ddanh": "Bãi Nhà B", "TK": "1", "Khoanh": "1", "Lo": "96", "ldlr": "Rừng trồng khác", "sldlr": "Chuối, Mít", "Ht2023": "NULL", "namtr": "NULL", "ChuQL": "Ban Quản lí rừng Kiên Giang", "Nguoinkcu": "Nguyễn Thành Thảo", "Churung": "Nguyễn Thành Thảo", "CMND": "370782394/ ngày cấp 17/05/2019/ CA Kiên Giang", "DienThoai": "0917127141", "Dtich": 0.57, "DtichBS": 0.57, "NgayDoVe": "PyQt5.QtCore.QDate(2019, 9, 8)", "TranhChap": "Không", "KT": 0.0, "Lapdia": "1", "mdsd": "Phòng hộ môi sinh", "nqh": "0", "Anh": "https://cdn2.fptshop.com.vn/unsafe/1920x0/filters:format(webp):quality(75)/hinh_nen_meme_con_luoi_flash_zootopia_1_c520bf6214.jpg", "Anh2": "https://png.pngtree.com/thumb_back/fh260/background/20230830/pngtree-the-lotus-is-also-represented-image_13145607.jpg"}}, {"type": "Feature", "geometry": {"coordinates": [[[[104.63778998007267, 9.815171986977754], [104.63772298842704, 9.814768110383149], [104.63743500082941, 9.81478188067913], [104.63695773555487, 9.814088556473289], [104.63586088997737, 9.8144620689285], [104.63587087147405, 9.816359698733025], [104.63614023731779, 9.816507245590335], [104.63656936581044, 9.816526874705731], [104.6369985532049, 9.816467928726013], [104.63744296440792, 9.816406986798862], [104.63710996261057, 9.815813065770435], [104.63718808671334, 9.815800013734266], [104.63735802444198, 9.815367016386295], [104.6376100203287, 9.815177033199266], [104.63777304591493, 9.815226968910837], [104.63778998007267, 9.815171986977754]]]], "type": "MultiPolygon"}, "properties": {"fid": 208, "TT": 58.0, "id": 58.0, "Tinh": "Kiên Giang", "Huyen": "Kiên Hải", "Xa": "Lại Sơn", "Ddanh": "ấp bãi Bấc", "TK": "1", "Khoanh": "1", "Lo": "9", "ldlr": "Rừng trồng khác", "sldlr": "Mít, Tre, Sao", "Ht2023": "NULL", "namtr": "NULL", "ChuQL": "Ban Quản lí rừng Kiên Giang", "Nguoinkcu": "Lê Bình Xuyên", "Churung": "Lê Thành Hậu", "CMND": "370686043/ Ngày cấp 23/07/2014/ CA Kiên Giang", "DienThoai": "0986880663", "Dtich": 4.08, "DtichBS": 4.08, "NgayDoVe": "PyQt5.QtCore.QDate(2019, 12, 8)", "TranhChap": "Không", "KT": 0.0, "Lapdia": "1", "mdsd": "Phòng hộ môi sinh", "nqh": "0", "Anh": "https://cdn2.fptshop.com.vn/unsafe/1920x0/filters:format(webp):quality(75)/hinh_nen_meme_con_luoi_flash_zootopia_1_c520bf6214.jpg", "Anh2": "https://png.pngtree.com/thumb_back/fh260/background/20230830/pngtree-the-lotus-is-also-represented-image_13145607.jpg"}}, {"type": "Feature", "geometry": {"coordinates": [[[[104.6352780188327, 9.811649261009103], [104.63529000920916, 9.812889992701521], [104.63535876857479, 9.81338971383048], [104.6364590473164, 9.813170005200684], [104.63743320758527, 9.812865078607604], [104.63761617197193, 9.812632987919848], [104.6372762002047, 9.812593974179624], [104.63709751910218, 9.81149300824434], [104.6352780188327, 9.811649261009103]]]], "type": "MultiPolygon"}, "properties": {"fid": 209, "TT": 59.0, "id": 59.0, "Tinh": "Kiên Giang", "Huyen": "Kiên Hải", "Xa": "Lại Sơn", "Ddanh": "ấp bãi Bấc", "TK": "1", "Khoanh": "1", "Lo": "19", "ldlr": "Rừng trồng khác", "sldlr": "NULL", "Ht2023": "NULL", "namtr": "NULL", "ChuQL": "Ban Quản lí rừng Kiên Giang", "Nguoinkcu": "Nguyễn Ngọc Kim Chi", "Churung": "Nguyễn Ngọc Kim Chi", "CMND": "091192006358/ Ngày cấp 09/08/2021/ CCS", "DienThoai": "NULL", "Dtich": 3.88, "DtichBS": 3.88, "NgayDoVe": "PyQt5.QtCore.QDate(2019, 12, 8)", "TranhChap": "Không", "KT": 0.0, "Lapdia": "1", "mdsd": "Phòng hộ môi sinh", "nqh": "0", "Anh": "https://cdn2.fptshop.com.vn/unsafe/1920x0/filters:format(webp):quality(75)/hinh_nen_meme_con_luoi_flash_zootopia_1_c520bf6214.jpg", "Anh2": "https://png.pngtree.com/thumb_back/fh260/background/20230830/pngtree-the-lotus-is-also-represented-image_13145607.jpg"}}, {"type": "Feature", "geometry": {"coordinates": [[[[104.62569289402995, 9.813281859803471], [104.62578692915469, 9.813396838553027], [104.62585104818432, 9.813475208477724], [104.62594335438007, 9.813598416000886], [104.62817034599611, 9.810506769959316], [104.62785463582087, 9.810252448614817], [104.62569289402995, 9.813281859803471]]]], "type": "MultiPolygon"}, "properties": {"fid": 210, "TT": 60.0, "id": 60.0, "Tinh": "Kiên Giang", "Huyen": "Kiên Hải", "Xa": "Lại Sơn", "Ddanh": "ấp Thiên Tuế", "TK": "1", "Khoanh": "1", "Lo": "17", "ldlr": "Rừng trồng khác", "sldlr": "Chuối", "Ht2023": "NULL", "namtr": "NULL", "ChuQL": "Ban Quản lí rừng Kiên Giang", "Nguoinkcu": "Lê Cẩm Bích", "Churung": "Lê Cẩm Bích", "CMND": "024864485/ Ngày cấp 19/06/2012/ CA TP. HCM", "DienThoai": "0909762476", "Dtich": 1.82, "DtichBS": 1.82, "NgayDoVe": "PyQt5.QtCore.QDate(2019, 12, 9)", "TranhChap": "Không", "KT": 0.0, "Lapdia": "1", "mdsd": "Phòng hộ môi sinh", "nqh": "0", "Anh": "https://cdn2.fptshop.com.vn/unsafe/1920x0/filters:format(webp):quality(75)/hinh_nen_meme_con_luoi_flash_zootopia_1_c520bf6214.jpg", "Anh2": "https://png.pngtree.com/thumb_back/fh260/background/20230830/pngtree-the-lotus-is-also-represented-image_13145607.jpg"}}, {"type": "Feature", "geometry": {"coordinates": [[[[104.6468403087284, 9.798194004531936], [104.64694398783587, 9.79825897129881], [104.64712089474533, 9.798380961019966], [104.64730498722017, 9.798465965936739], [104.64742795588073, 9.798653894745113], [104.64754093108165, 9.798712889595839], [104.64755454080691, 9.798773193506642], [104.64767799072834, 9.798812020199398], [104.64776598199414, 9.798858005433534], [104.6477969698382, 9.798841987680046], [104.64796200551721, 9.798916963964443], [104.64802100305383, 9.798953015624988], [104.64843494298445, 9.799102027015211], [104.64861201182553, 9.799176003099276], [104.6488490272161, 9.799164958441843], [104.64911323856492, 9.79922063127787], [104.64930901901091, 9.798938978779967], [104.64932441844088, 9.798923600683882], [104.6477308796778, 9.797816478094838], [104.6468403087284, 9.798194004531936]]]], "type": "MultiPolygon"}, "properties": {"fid": 211, "TT": 61.0, "id": 61.0, "Tinh": "Kiên Giang", "Huyen": "Kiên Hải", "Xa": "Lại Sơn", "Ddanh": "Bãi Nhà A", "TK": "1", "Khoanh": "2", "Lo": "75", "ldlr": "Rừng trồng khác", "sldlr": "Mít, Xoài, Dừa", "Ht2023": "NULL", "namtr": "NULL", "ChuQL": "Ban Quản lí rừng Kiên Giang", "Nguoinkcu": "Huỳnh Văn Trọng", "Churung": "Vừ Đức Thắng", "CMND": "370212363/ Ngày cấp 26/12/2017/ CA Kiên Giang", "DienThoai": "0918044884", "Dtich": 1.9, "DtichBS": 1.9, "NgayDoVe": "PyQt5.QtCore.QDate(2019, 12, 5)", "TranhChap": "Không", "KT": 0.0, "Lapdia": "1", "mdsd": "Phòng hộ môi sinh", "nqh": "0", "Anh": "https://cdn2.fptshop.com.vn/unsafe/1920x0/filters:format(webp):quality(75)/hinh_nen_meme_con_luoi_flash_zootopia_1_c520bf6214.jpg", "Anh2": "https://png.pngtree.com/thumb_back/fh260/background/20230830/pngtree-the-lotus-is-also-represented-image_13145607.jpg"}}, {"type": "Feature", "geometry": {"coordinates": [[[[104.65326099253801, 9.813879395933833], [104.65330857168591, 9.813859120455724], [104.65335040851657, 9.813841288894698], [104.6536346834674, 9.813687899176134], [104.65386561453994, 9.813509035170643], [104.653991725523, 9.813374524185363], [104.65405058939116, 9.813311655923446], [104.65424026583926, 9.813030455623217], [104.65458205741375, 9.81227086705654], [104.65459006145882, 9.812230988434683], [104.65211946243949, 9.811184145112009], [104.65066362395768, 9.810118569198313], [104.6504709819642, 9.810295967340545], [104.65309096997585, 9.812890012930051], [104.6532170304253, 9.81363700132021], [104.65326099253801, 9.813879395933833]]]], "type": "MultiPolygon"}, "properties": {"fid": 212, "TT": 62.0, "id": 62.0, "Tinh": "Kiên Giang", "Huyen": "Kiên Hải", "Xa": "Lại Sơn", "Ddanh": "ấp bãi Bấc", "TK": "1", "Khoanh": "2", "Lo": "2", "ldlr": "Rừng trồng khác", "sldlr": "Xoài, Mít, Dừa", "Ht2023": "NULL", "namtr": "1970", "ChuQL": "Ban Quản lí rừng Kiên Giang", "Nguoinkcu": "Vừ Đức Thắng", "Churung": "Vừ Đức Thắng", "CMND": "370212363/ Ngày cấp 26/12/2017/ CA Kiên Giang", "DienThoai": "0918044884", "Dtich": 4.81, "DtichBS": 4.81, "NgayDoVe": "PyQt5.QtCore.QDate(2019, 12, 5)", "TranhChap": "Không", "KT": 0.0, "Lapdia": "1", "mdsd": "Phòng hộ môi sinh", "nqh": "0", "Anh": "https://cdn2.fptshop.com.vn/unsafe/1920x0/filters:format(webp):quality(75)/hinh_nen_meme_con_luoi_flash_zootopia_1_c520bf6214.jpg", "Anh2": "https://png.pngtree.com/thumb_back/fh260/background/20230830/pngtree-the-lotus-is-also-represented-image_13145607.jpg"}}, {"type": "Feature", "geometry": {"coordinates": [[[[104.61642397324624, 9.801468325115435], [104.61632498763004, 9.801516371897424], [104.61627676889513, 9.80153411067687], [104.61600500608651, 9.801774358256099], [104.61590158262727, 9.801906677524508], [104.61586896368635, 9.801956329043449], [104.61613130246043, 9.80214069535824], [104.6164340522054, 9.80187602374658], [104.61650231845077, 9.80157345624105], [104.61642397324624, 9.801468325115435]]]], "type": "MultiPolygon"}, "properties": {"fid": 213, "TT": 63.0, "id": 63.0, "Tinh": "Kiên Giang", "Huyen": "Kiên Hải", "Xa": "Lại Sơn", "Ddanh": "ấp Thiên Tuế", "TK": "1", "Khoanh": "1", "Lo": "111", "ldlr": "Rừng trồng khác", "sldlr": "Dừa", "Ht2023": "NULL", "namtr": "NULL", "ChuQL": "Ban Quản lí rừng Kiên Giang", "Nguoinkcu": "Nguyễn Thị Ba", "Churung": "Vừ Đức Thắng", "CMND": "370212363/ Ngày cấp 26/12/2017/ CA Kiên Giang", "DienThoai": "0918044884", "Dtich": 0.27, "DtichBS": 0.27, "NgayDoVe": "PyQt5.QtCore.QDate(2019, 12, 8)", "TranhChap": "Không", "KT": 0.0, "Lapdia": "1", "mdsd": "Phòng hộ môi sinh", "nqh": "0", "Anh": "https://cdn2.fptshop.com.vn/unsafe/1920x0/filters:format(webp):quality(75)/hinh_nen_meme_con_luoi_flash_zootopia_1_c520bf6214.jpg", "Anh2": "https://png.pngtree.com/thumb_back/fh260/background/20230830/pngtree-the-lotus-is-also-represented-image_13145607.jpg"}}, {"type": "Feature", "geometry": {"coordinates": [[[[104.62718904569132, 9.805720961236233], [104.62708202430879, 9.805733027167184], [104.62702604457239, 9.805719033110215], [104.62692701206112, 9.805643027337407], [104.62691898891688, 9.805641041110112], [104.62686603544604, 9.805673973651041], [104.62652710103583, 9.805464055629308], [104.62619802894974, 9.80577901921825], [104.62613699701434, 9.805904996392943], [104.6261329880741, 9.80591096557608], [104.62688407493486, 9.805885006178292], [104.626933698604, 9.805965641860517], [104.62697900019124, 9.80594799308203], [104.62708498040091, 9.805835019333886], [104.62718904569132, 9.805720961236233]]]], "type": "MultiPolygon"}, "properties": {"fid": 214, "TT": 64.0, "id": 64.0, "Tinh": "Kiên Giang", "Huyen": "Kiên Hải", "Xa": "Lại Sơn", "Ddanh": "Bãi Nhà B", "TK": "1", "Khoanh": "1", "Lo": "75", "ldlr": "Rừng trồng khác", "sldlr": "Dừa, Mít, Vú sữa", "Ht2023": "NULL", "namtr": "NULL", "ChuQL": "Ban Quản lí rừng Kiên Giang", "Nguoinkcu": "Vương Hữu Thạnh", "Churung": "Vương Hữu Thạnh", "CMND": "370209916/ Ngày cấp 23/02/2018/ CA Kiên Giang", "DienThoai": "0397024386", "Dtich": 0.32, "DtichBS": 0.32, "NgayDoVe": "PyQt5.QtCore.QDate(2019, 9, 3)", "TranhChap": "Không", "KT": 1.0, "Lapdia": "1", "mdsd": "Phòng hộ môi sinh", "nqh": "0", "Anh": "https://cdn2.fptshop.com.vn/unsafe/1920x0/filters:format(webp):quality(75)/hinh_nen_meme_con_luoi_flash_zootopia_1_c520bf6214.jpg", "Anh2": "https://png.pngtree.com/thumb_back/fh260/background/20230830/pngtree-the-lotus-is-also-represented-image_13145607.jpg"}}, {"type": "Feature", "geometry": {"coordinates": [[[[104.61947666041215, 9.803060818870343], [104.61908067199948, 9.803124975221897], [104.61872964277067, 9.803234234761726], [104.61872085779144, 9.8033967218756], [104.61869656104496, 9.803519701048325], [104.61868882689524, 9.803817274684649], [104.61919304158687, 9.804049928325396], [104.61946505997324, 9.803761032391904], [104.61952700960978, 9.803645996825573], [104.61955100535295, 9.80344706523463], [104.61947666041215, 9.803060818870343]]]], "type": "MultiPolygon"}, "properties": {"fid": 215, "TT": 65.0, "id": 65.0, "Tinh": "Kiên Giang", "Huyen": "Kiên Hải", "Xa": "Lại Sơn", "Ddanh": "Bãi Nhà B", "TK": "1", "Khoanh": "1", "Lo": "93", "ldlr": "Rừng trồng khác", "sldlr": "Xoài, Mít, Tre", "Ht2023": "NULL", "namtr": "NULL", "ChuQL": "Ban Quản lí rừng Kiên Giang", "Nguoinkcu": "Nguyễn Văn Nhất", "Churung": "Nguyễn Văn Nhất", "CMND": "371110640/ Ngày cấp 24/02/2004/ CA Kiên Giang", "DienThoai": "0944331404", "Dtich": 0.77, "DtichBS": 0.77, "NgayDoVe": "PyQt5.QtCore.QDate(2019, 9, 1)", "TranhChap": "Không", "KT": 0.0, "Lapdia": "1", "mdsd": "Phòng hộ môi sinh", "nqh": "0", "Anh": "https://cdn2.fptshop.com.vn/unsafe/1920x0/filters:format(webp):quality(75)/hinh_nen_meme_con_luoi_flash_zootopia_1_c520bf6214.jpg", "Anh2": "https://png.pngtree.com/thumb_back/fh260/background/20230830/pngtree-the-lotus-is-also-represented-image_13145607.jpg"}}, {"type": "Feature", "geometry": {"coordinates": [[[[104.62814717447478, 9.800736944502878], [104.62809172588612, 9.800679639422107], [104.62786338384956, 9.800491652807503], [104.62786119530138, 9.800489935660076], [104.62756685155658, 9.800300255737524], [104.62756111249575, 9.800311108247174], [104.62763560947823, 9.800357103802114], [104.62754088917512, 9.800349453759887], [104.62744095674698, 9.800538920370201], [104.62695849946226, 9.80094617029399], [104.62651068412006, 9.801357204241473], [104.62590829186671, 9.801862873910393], [104.62613098702298, 9.802064969383974], [104.62613905656215, 9.802189926259553], [104.62626900562641, 9.802301998201223], [104.62649296974087, 9.802242961178257], [104.6269297385981, 9.801787173696814], [104.62789803564372, 9.800994011007688], [104.62814717447478, 9.800736944502878]]]], "type": "MultiPolygon"}, "properties": {"fid": 216, "TT": 66.0, "id": 66.0, "Tinh": "Kiên Giang", "Huyen": "Kiên Hải", "Xa": "Lại Sơn", "Ddanh": "Bãi Nhà B", "TK": "1", "Khoanh": "1", "Lo": "116", "ldlr": "Rừng trồng khác", "sldlr": "Xoài, Thanh long, Mít, ổi", "Ht2023": "NULL", "namtr": "NULL", "ChuQL": "Ban Quản lí rừng Kiên Giang", "Nguoinkcu": "Vũ Văn Tịnh", "Churung": "Vũ Văn Tịnh", "CMND": "371512063/ Ngày cấp 28/05/2009/ CA Kiên Giang", "DienThoai": "0918995878", "Dtich": 1.84, "DtichBS": 1.84, "NgayDoVe": "PyQt5.QtCore.QDate(2019, 5, 9)", "TranhChap": "Không", "KT": 0.0, "Lapdia": "1", "mdsd": "Phòng hộ môi sinh", "nqh": "0", "Anh": "https://cdn2.fptshop.com.vn/unsafe/1920x0/filters:format(webp):quality(75)/hinh_nen_meme_con_luoi_flash_zootopia_1_c520bf6214.jpg", "Anh2": "https://png.pngtree.com/thumb_back/fh260/background/20230830/pngtree-the-lotus-is-also-represented-image_13145607.jpg"}}, {"type": "Feature", "geometry": {"coordinates": [[[[104.62677143397114, 9.807661792774653], [104.62722229929084, 9.807816602996988], [104.62757703944705, 9.806917337580193], [104.62751505667954, 9.806939965789216], [104.62730702037084, 9.806938958936907], [104.62708797687255, 9.806999983903799], [104.62694499501984, 9.807382060124597], [104.62677143397114, 9.807661792774653]]]], "type": "MultiPolygon"}, "properties": {"fid": 217, "TT": 67.0, "id": 67.0, "Tinh": "Kiên Giang", "Huyen": "Kiên Hải", "Xa": "Lại Sơn", "Ddanh": "Bãi Nhà B", "TK": "1", "Khoanh": "1", "Lo": "54", "ldlr": "Rừng trồng khác", "sldlr": "Mít, Chuối, Xoài", "Ht2023": "NULL", "namtr": "NULL", "ChuQL": "Ban Quản lí rừng Kiên Giang", "Nguoinkcu": "Đặng Hữu Kiền", "Churung": "Nguyễn Thị Nhanh", "CMND": "381247958/ Ngày cấp 11/03/2002/ CA KG", "DienThoai": "0964063839", "Dtich": 0.45, "DtichBS": 0.45, "NgayDoVe": "PyQt5.QtCore.QDate(2019, 12, 3)", "TranhChap": "Không", "KT": 0.0, "Lapdia": "1", "mdsd": "Phòng hộ môi sinh", "nqh": "0", "Anh": "https://cdn2.fptshop.com.vn/unsafe/1920x0/filters:format(webp):quality(75)/hinh_nen_meme_con_luoi_flash_zootopia_1_c520bf6214.jpg", "Anh2": "https://png.pngtree.com/thumb_back/fh260/background/20230830/pngtree-the-lotus-is-also-represented-image_13145607.jpg"}}, {"type": "Feature", "geometry": {"coordinates": [[[[104.6388351716588, 9.817731697182907], [104.6389452522989, 9.81761464925095], [104.63927160904404, 9.817130228545201], [104.63946270221412, 9.816713677846309], [104.63957624021899, 9.816363707732501], [104.63959575416503, 9.816156458264052], [104.63959611727718, 9.816152750916084], [104.63959629900371, 9.816151304129656], [104.63897199791157, 9.815947031988017], [104.63888503539663, 9.816190024781962], [104.63882011833678, 9.816392952691114], [104.63880308662631, 9.816870012803195], [104.63889592012993, 9.817150998457587], [104.6388351716588, 9.817731697182907]]]], "type": "MultiPolygon"}, "properties": {"fid": 218, "TT": 68.0, "id": 68.0, "Tinh": "Kiên Giang", "Huyen": "Kiên Hải", "Xa": "Lại Sơn", "Ddanh": "ấp bãi Bấc", "TK": "1", "Khoanh": "1", "Lo": "6", "ldlr": "Rừng trồng khác", "sldlr": "Mít, Gió bầu", "Ht2023": "NULL", "namtr": "NULL", "ChuQL": "Ban Quản lí rừng Kiên Giang", "Nguoinkcu": "Nguyễn Văn Tuấn", "Churung": "Nguyễn Văn Tuấn", "CMND": "371407323/ Ngày cấp 21/07/2016/ CA Kiên Giang", "DienThoai": "0825449370", "Dtich": 0.99, "DtichBS": 0.99, "NgayDoVe": "PyQt5.QtCore.QDate(2019, 9, 9)", "TranhChap": "Không", "KT": 0.0, "Lapdia": "1", "mdsd": "Phòng hộ môi sinh", "nqh": "0", "Anh": "https://cdn2.fptshop.com.vn/unsafe/1920x0/filters:format(webp):quality(75)/hinh_nen_meme_con_luoi_flash_zootopia_1_c520bf6214.jpg", "Anh2": "https://png.pngtree.com/thumb_back/fh260/background/20230830/pngtree-the-lotus-is-also-represented-image_13145607.jpg"}}, {"type": "Feature", "geometry": {"coordinates": [[[[104.65293495316804, 9.804071925455897], [104.65291552202976, 9.804042638304885], [104.65286762854255, 9.803970776405851], [104.65236048151185, 9.803155782507451], [104.65236011694357, 9.803155963510203], [104.6521279655818, 9.803243955463188], [104.65190297488958, 9.803441984573368], [104.6515379601429, 9.803845961311739], [104.6514039919498, 9.803936983153553], [104.65202900730516, 9.804741979497242], [104.65235899769186, 9.804497970051452], [104.65258000832203, 9.804367033692609], [104.65273793025081, 9.80422798785733], [104.65293495316804, 9.804071925455897]]]], "type": "MultiPolygon"}, "properties": {"fid": 219, "TT": 69.0, "id": 69.0, "Tinh": "Kiên Giang", "Huyen": "Kiên Hải", "Xa": "Lại Sơn", "Ddanh": "Bãi Nhà A", "TK": "1", "Khoanh": "2", "Lo": "33", "ldlr": "Rừng trồng khác", "sldlr": "Xoài, Mít, Dừa", "Ht2023": "NULL", "namtr": "NULL", "ChuQL": "Ban Quản lí rừng Kiên Giang", "Nguoinkcu": "Huỳnh Văn Tùng", "Churung": "Huỳnh Thị Còn", "CMND": "371197308/ Ngày cấp 23/8/2018/ CA Kiên Giang", "DienThoai": "0918868641", "Dtich": 1.57, "DtichBS": 1.57, "NgayDoVe": "PyQt5.QtCore.QDate(2019, 8, 23)", "TranhChap": "Không", "KT": 0.0, "Lapdia": "1", "mdsd": "Phòng hộ môi sinh", "nqh": "0", "Anh": "https://cdn2.fptshop.com.vn/unsafe/1920x0/filters:format(webp):quality(75)/hinh_nen_meme_con_luoi_flash_zootopia_1_c520bf6214.jpg", "Anh2": "https://png.pngtree.com/thumb_back/fh260/background/20230830/pngtree-the-lotus-is-also-represented-image_13145607.jpg"}}, {"type": "Feature", "geometry": {"coordinates": [[[[104.64820397751589, 9.805756009411981], [104.64824599359137, 9.805938005485173], [104.64829793186695, 9.80608699409657], [104.64840298652993, 9.806163985539346], [104.6484869037704, 9.806269016247908], [104.6485130037294, 9.80633003797255], [104.64857801286385, 9.80655596779422], [104.64863093682175, 9.806665985114726], [104.648607930341, 9.806796018422014], [104.64871496905073, 9.806824001529582], [104.64881495286974, 9.806772870649459], [104.64887493197642, 9.806758015522348], [104.64892101847114, 9.806458978040382], [104.64889992487814, 9.80638104570604], [104.64886697998841, 9.806303028153971], [104.6488229980292, 9.806210910002413], [104.64879299763392, 9.806193924304893], [104.64861993310106, 9.806112984343672], [104.6485639919414, 9.805982985630997], [104.64852296168216, 9.805967993970217], [104.64848096058556, 9.805819995656538], [104.64836698044326, 9.805761996234185], [104.64832795360414, 9.805742030600342], [104.64820397751589, 9.805756009411981]]]], "type": "MultiPolygon"}, "properties": {"fid": 220, "TT": 70.0, "id": 70.0, "Tinh": "Kiên Giang", "Huyen": "Kiên Hải", "Xa": "Lại Sơn", "Ddanh": "Bãi Nhà A", "TK": "1", "Khoanh": "2", "Lo": "19", "ldlr": "Rừng trồng khác", "sldlr": "Giáng hương, Sao, Dầu", "Ht2023": "NULL", "namtr": "NULL", "ChuQL": "Ban Quản lí rừng Kiên Giang", "Nguoinkcu": "Trần Văn Dài", "Churung": "Trần Văn Mười", "CMND": "370993001/ Ngày cấp 02/05/2018/ CA Kiên Giang", "DienThoai": "0941415560", "Dtich": 0.39, "DtichBS": 0.39, "NgayDoVe": "PyQt5.QtCore.QDate(2019, 8, 22)", "TranhChap": "không", "KT": 0.0, "Lapdia": "1", "mdsd": "Phòng hộ môi sinh", "nqh": "0", "Anh": "https://cdn2.fptshop.com.vn/unsafe/1920x0/filters:format(webp):quality(75)/hinh_nen_meme_con_luoi_flash_zootopia_1_c520bf6214.jpg", "Anh2": "https://png.pngtree.com/thumb_back/fh260/background/20230830/pngtree-the-lotus-is-also-represented-image_13145607.jpg"}}, {"type": "Feature", "geometry": {"coordinates": [[[[104.63367831418398, 9.82020900508913], [104.63375718949804, 9.820247492634046], [104.63399413074531, 9.820239984553575], [104.63405922350965, 9.820237969559283], [104.63413981634298, 9.820239926868846], [104.63415199333983, 9.820141997759158], [104.6341040812902, 9.820019950453917], [104.63414903382296, 9.819810973250194], [104.63416202242232, 9.81969098146524], [104.63423882661083, 9.819567257187984], [104.63426003826198, 9.819492019777169], [104.63416700093633, 9.81937604846893], [104.63419997283317, 9.819299992625968], [104.63421197466091, 9.819219966634742], [104.63424104613159, 9.819193010107913], [104.63421796109031, 9.81914401190346], [104.63417701694759, 9.819118981934938], [104.63405910921871, 9.819047958925811], [104.63403340885588, 9.819069760192862], [104.63393808067863, 9.819150994600516], [104.63385902356303, 9.81934009298387], [104.63382005779577, 9.819474019626975], [104.6337720736994, 9.819626033722573], [104.63376609398792, 9.819718987303572], [104.63379107906268, 9.81973199783655], [104.63384742940478, 9.819754218757064], [104.63367831418398, 9.82020900508913]]]], "type": "MultiPolygon"}, "properties": {"fid": 221, "TT": 71.0, "id": 71.0, "Tinh": "Kiên Giang", "Huyen": "Kiên Hải", "Xa": "Lại Sơn", "Ddanh": "ấp bãi Bấc", "TK": "1", "Khoanh": "1", "Lo": "1", "ldlr": "Rừng trồng khác", "sldlr": "Mít, Xoài", "Ht2023": "NULL", "namtr": "1975", "ChuQL": "Ban Quản lí rừng Kiên Giang", "Nguoinkcu": "Nguyễn Thị Tám", "Churung": "Nguyễn Thị Tám", "CMND": "370099267/ Ngày cấp 05/09/2018/ CA Kiên Giang", "DienThoai": "0949737003", "Dtich": 0.51, "DtichBS": 0.51, "NgayDoVe": "PyQt5.QtCore.QDate(2019, 9, 9)", "TranhChap": "Không", "KT": 0.0, "Lapdia": "1", "mdsd": "Phòng hộ môi sinh", "nqh": "0", "Anh": "https://cdn2.fptshop.com.vn/unsafe/1920x0/filters:format(webp):quality(75)/hinh_nen_meme_con_luoi_flash_zootopia_1_c520bf6214.jpg", "Anh2": "https://png.pngtree.com/thumb_back/fh260/background/20230830/pngtree-the-lotus-is-also-represented-image_13145607.jpg"}}, {"type": "Feature", "geometry": {"coordinates": [[[[104.62908908793544, 9.802218202717961], [104.62898499404896, 9.802017962942639], [104.62900116528918, 9.80187391839613], [104.62710937952788, 9.802399427884824], [104.62723217565849, 9.80263872248956], [104.62908908793544, 9.802218202717961]]]], "type": "MultiPolygon"}, "properties": {"fid": 222, "TT": 72.0, "id": 72.0, "Tinh": "Kiên Giang", "Huyen": "Kiên Hải", "Xa": "Lại Sơn", "Ddanh": "Bãi Nhà B", "TK": "1", "Khoanh": "1", "Lo": "106", "ldlr": "Rừng trồng khác", "sldlr": "Chuối, Mít", "Ht2023": "NULL", "namtr": "NULL", "ChuQL": "Ban Quản lí rừng Kiên Giang", "Nguoinkcu": "Nguyễn Văn Thẩn", "Churung": "Nguyễn Văn Thẩn", "CMND": "370527358/ Ngày cấp 13/04/2018/ CA Kiên Giang", "DienThoai": "0816450070", "Dtich": 0.72, "DtichBS": 0.72, "NgayDoVe": "PyQt5.QtCore.QDate(2019, 9, 8)", "TranhChap": "Không", "KT": 0.0, "Lapdia": "1", "mdsd": "Phòng hộ môi sinh", "nqh": "0", "Anh": "https://cdn2.fptshop.com.vn/unsafe/1920x0/filters:format(webp):quality(75)/hinh_nen_meme_con_luoi_flash_zootopia_1_c520bf6214.jpg", "Anh2": "https://png.pngtree.com/thumb_back/fh260/background/20230830/pngtree-the-lotus-is-also-represented-image_13145607.jpg"}}, {"type": "Feature", "geometry": {"coordinates": [[[[104.6282152167195, 9.804150167655097], [104.62978152448473, 9.803301978785901], [104.62971604801433, 9.803246576636191], [104.62971203540864, 9.803242870968326], [104.62962347920806, 9.803147421754721], [104.62962028692931, 9.803143354093896], [104.62957075905305, 9.803075196659096], [104.62761998627325, 9.803603986667342], [104.627991817948, 9.804021946666163], [104.6282152167195, 9.804150167655097]]]], "type": "MultiPolygon"}, "properties": {"fid": 223, "TT": 73.0, "id": 73.0, "Tinh": "Kiên Giang", "Huyen": "Kiên Hải", "Xa": "Lại Sơn", "Ddanh": "Bãi Nhà B", "TK": "1", "Khoanh": "1", "Lo": "92", "ldlr": "Rừng trồng khác", "sldlr": "Chuối, Mít", "Ht2023": "NULL", "namtr": "NULL", "ChuQL": "Ban Quản lí rừng Kiên Giang", "Nguoinkcu": "Trần Minh Sơn", "Churung": "Trần Minh Sơn", "CMND": "370899780/ Ngày cấp 09/01/2012/ CA Kiên Giang", "DienThoai": "0917127141", "Dtich": 1.19, "DtichBS": 1.19, "NgayDoVe": "PyQt5.QtCore.QDate(2019, 9, 8)", "TranhChap": "Không", "KT": 0.0, "Lapdia": "1", "mdsd": "Phòng hộ môi sinh", "nqh": "0", "Anh": "https://cdn2.fptshop.com.vn/unsafe/1920x0/filters:format(webp):quality(75)/hinh_nen_meme_con_luoi_flash_zootopia_1_c520bf6214.jpg", "Anh2": "https://png.pngtree.com/thumb_back/fh260/background/20230830/pngtree-the-lotus-is-also-represented-image_13145607.jpg"}}, {"type": "Feature", "geometry": {"coordinates": [[[[104.62415402080723, 9.805207960393451], [104.62421299496407, 9.805184972221328], [104.62424341180756, 9.805099785831063], [104.62430735167254, 9.804947314980458], [104.62438900068788, 9.804857950490854], [104.62468104118635, 9.80473297379338], [104.6248450581219, 9.804770980091948], [104.62497797816754, 9.804294962442787], [104.62440003589523, 9.803891994005488], [104.62411404477291, 9.804102957274445], [104.62393097650623, 9.80431397312549], [104.62364049314155, 9.804212628380917], [104.62341416550308, 9.804294811811001], [104.6232750314979, 9.804489987891891], [104.62335802790075, 9.804838977319287], [104.62379001859755, 9.804997958362215], [104.62415402080723, 9.805207960393451]]]], "type": "MultiPolygon"}, "properties": {"fid": 224, "TT": 74.0, "id": 74.0, "Tinh": "Kiên Giang", "Huyen": "Kiên Hải", "Xa": "Lại Sơn", "Ddanh": "Bãi Nhà B", "TK": "1", "Khoanh": "1", "Lo": "87", "ldlr": "Rừng trồng khác", "sldlr": "Mít, Dừa", "Ht2023": "NULL", "namtr": "NULL", "ChuQL": "Ban Quản lí rừng Kiên Giang", "Nguoinkcu": "Nguyễn Thúy Diễm", "Churung": "Nguyễn Văn Lên", "CMND": "381166556", "DienThoai": "0964063839", "Dtich": 1.52, "DtichBS": 1.52, "NgayDoVe": "PyQt5.QtCore.QDate(2019, 9, 12)", "TranhChap": "Không", "KT": 0.0, "Lapdia": "1", "mdsd": "Phòng hộ môi sinh", "nqh": "0", "Anh": "https://cdn2.fptshop.com.vn/unsafe/1920x0/filters:format(webp):quality(75)/hinh_nen_meme_con_luoi_flash_zootopia_1_c520bf6214.jpg", "Anh2": "https://png.pngtree.com/thumb_back/fh260/background/20230830/pngtree-the-lotus-is-also-represented-image_13145607.jpg"}}, {"type": "Feature", "geometry": {"coordinates": [[[[104.64792197660682, 9.800130954000231], [104.64827094357743, 9.800128993279214], [104.64842402355372, 9.800171966036558], [104.64855299950564, 9.80033593059926], [104.64850099905522, 9.800660016926667], [104.64850893148117, 9.800662997298444], [104.64871597346713, 9.800692021686286], [104.64880200478129, 9.800429948195653], [104.64913797965058, 9.80032193018133], [104.64915018149281, 9.80029091092218], [104.64916994221646, 9.800242979888997], [104.64919802051253, 9.800039975720301], [104.64918893918744, 9.799914025321492], [104.64928799724788, 9.799836040121415], [104.64934303572434, 9.799784024674537], [104.6495909674442, 9.799923975286209], [104.6496649465048, 9.799825023705585], [104.64993591763968, 9.79990998883135], [104.65001397055028, 9.799748012971326], [104.65004332797353, 9.799552603408905], [104.65003265676647, 9.799540853590313], [104.64972699692235, 9.799349932166368], [104.6488490272161, 9.799164958441843], [104.64861201182553, 9.799176003099276], [104.64843494298445, 9.799102027015211], [104.64802091189226, 9.798953015664756], [104.64800999555531, 9.799005011656837], [104.64797895153878, 9.799099965704068], [104.64796195926489, 9.799223938289735], [104.64793302259338, 9.799342943007746], [104.64784091835644, 9.79947897412445], [104.6478310450413, 9.799621931700557], [104.64782601662962, 9.79979499686688], [104.64782692655015, 9.799996993692368], [104.64792197660682, 9.800130954000231]]]], "type": "MultiPolygon"}, "properties": {"fid": 225, "TT": 75.0, "id": 75.0, "Tinh": "Kiên Giang", "Huyen": "Kiên Hải", "Xa": "Lại Sơn", "Ddanh": "Bãi Nhà A", "TK": "1", "Khoanh": "2", "Lo": "69", "ldlr": "Rừng trồng khác", "sldlr": "Mít, Xoài, Sưa, Trầm hương", "Ht2023": "NULL", "namtr": "1972", "ChuQL": "Ban Quản lí rừng Kiên Giang", "Nguoinkcu": "Trần Thị Lệ", "Churung": "Trần Thị Lệ", "CMND": "370686529/ Ngày cấp 06/03/2012/ CA Kiên Giang", "DienThoai": "0827445178", "Dtich": 2.44, "DtichBS": 2.44, "NgayDoVe": "PyQt5.QtCore.QDate(2019, 8, 23)", "TranhChap": "Không", "KT": 0.0, "Lapdia": "1", "mdsd": "Phòng hộ môi sinh", "nqh": "0", "Anh": "https://cdn2.fptshop.com.vn/unsafe/1920x0/filters:format(webp):quality(75)/hinh_nen_meme_con_luoi_flash_zootopia_1_c520bf6214.jpg", "Anh2": "https://png.pngtree.com/thumb_back/fh260/background/20230830/pngtree-the-lotus-is-also-represented-image_13145607.jpg"}}, {"type": "Feature", "geometry": {"coordinates": [[[[104.64730291283541, 9.804092954473836], [104.64734201717052, 9.804288966974703], [104.64728801269344, 9.804414040609137], [104.64725796152504, 9.804488016814256], [104.64731201664057, 9.804684022821187], [104.64745501497754, 9.804601045988502], [104.64775795148108, 9.80480996401764], [104.64783699308767, 9.804816982289399], [104.64805995362934, 9.804556024757638], [104.6477459870376, 9.80352501765759], [104.64773595868544, 9.803524027411509], [104.64755396975731, 9.803460993820359], [104.64734592295032, 9.803431064992617], [104.64712495701697, 9.80346000474247], [104.64705498673389, 9.803557055222669], [104.64705801447668, 9.803600997791637], [104.64721897385346, 9.80372995659961], [104.64726095534994, 9.804041976093737], [104.64730291283541, 9.804092954473836]]]], "type": "MultiPolygon"}, "properties": {"fid": 226, "TT": 76.0, "id": 76.0, "Tinh": "Kiên Giang", "Huyen": "Kiên Hải", "Xa": "Lại Sơn", "Ddanh": "Bãi Nhà A", "TK": "1", "Khoanh": "2", "Lo": "30", "ldlr": "Rừng trồng khác", "sldlr": "Xoài, Dừa, Mít", "Ht2023": "NULL", "namtr": "NULL", "ChuQL": "Ban Quản lí rừng Kiên Giang", "Nguoinkcu": "Lê Văn Hiền (đất chùa)", "Churung": "Đào Thị Quyên", "CMND": "NULL", "DienThoai": "NULL", "Dtich": 1.01, "DtichBS": 1.01, "NgayDoVe": "PyQt5.QtCore.QDate(2019, 8, 22)", "TranhChap": "Không", "KT": 0.0, "Lapdia": "1", "mdsd": "Phòng hộ môi sinh", "nqh": "0", "Anh": "https://cdn2.fptshop.com.vn/unsafe/1920x0/filters:format(webp):quality(75)/hinh_nen_meme_con_luoi_flash_zootopia_1_c520bf6214.jpg", "Anh2": "https://png.pngtree.com/thumb_back/fh260/background/20230830/pngtree-the-lotus-is-also-represented-image_13145607.jpg"}}, {"type": "Feature", "geometry": {"coordinates": [[[[104.64092894340797, 9.805092990502015], [104.64069993438139, 9.805293003170831], [104.64083392132383, 9.805453984720833], [104.6409450056671, 9.805565968354205], [104.64146393720102, 9.805849940805846], [104.64185400868756, 9.806023925830864], [104.64214097498312, 9.80619894825372], [104.64236896817292, 9.805969006192882], [104.64241393763433, 9.80581599748839], [104.64257694137821, 9.805823976323413], [104.6426359258915, 9.805828020394197], [104.64269704018659, 9.805483044229005], [104.64230503197739, 9.805470007720725], [104.64211403100497, 9.805437988895438], [104.64203501661012, 9.805494986298585], [104.64183992732801, 9.80549597215592], [104.64142302008932, 9.805671017645041], [104.64135793743567, 9.805690032882652], [104.6410859344377, 9.805327021367361], [104.64092894340797, 9.805092990502015]]]], "type": "MultiPolygon"}, "properties": {"fid": 227, "TT": 77.0, "id": 77.0, "Tinh": "Kiên Giang", "Huyen": "Kiên Hải", "Xa": "Lại Sơn", "Ddanh": "Bãi Nhà A", "TK": "1", "Khoanh": "2", "Lo": "22", "ldlr": "Rừng trồng khác", "sldlr": "Xoài, Mít, Dừa", "Ht2023": "NULL", "namtr": "NULL", "ChuQL": "Ban Quản lí rừng Kiên Giang", "Nguoinkcu": "Hoàng Long", "Churung": "Hoàng Minh Hùng", "CMND": "370527444/ Ngày cấp 03/04/2018/ CA Kiên Giang", "DienThoai": "0376732243", "Dtich": 0.92, "DtichBS": 0.92, "NgayDoVe": "PyQt5.QtCore.QDate(2019, 8, 23)", "TranhChap": "Không", "KT": 0.0, "Lapdia": "1", "mdsd": "Phòng hộ môi sinh", "nqh": "0", "Anh": "https://cdn2.fptshop.com.vn/unsafe/1920x0/filters:format(webp):quality(75)/hinh_nen_meme_con_luoi_flash_zootopia_1_c520bf6214.jpg", "Anh2": "https://png.pngtree.com/thumb_back/fh260/background/20230830/pngtree-the-lotus-is-also-represented-image_13145607.jpg"}}, {"type": "Feature", "geometry": {"coordinates": [[[[104.6416579515225, 9.800739980809016], [104.64162602145903, 9.800685019056877], [104.64250473279789, 9.800684741499916], [104.6425099800445, 9.800590702971364], [104.64256388799757, 9.800450258771365], [104.64261245208333, 9.800391103978534], [104.64273175290057, 9.800320345724398], [104.64291546405379, 9.800153534746505], [104.64300692957666, 9.80001099500329], [104.6431870118692, 9.79988595923861], [104.64308350393266, 9.799794498328158], [104.64282838285544, 9.800103207732354], [104.64257512854732, 9.80030151389809], [104.64213559648555, 9.800421413807117], [104.64159108549265, 9.800420918144637], [104.64158980945466, 9.800421461194485], [104.64157577299804, 9.800427344322967], [104.64157496255075, 9.800450944162982], [104.6415899865429, 9.80062400090507], [104.6416579515225, 9.800739980809016]]]], "type": "MultiPolygon"}, "properties": {"fid": 228, "TT": 78.0, "id": 78.0, "Tinh": "Kiên Giang", "Huyen": "Kiên Hải", "Xa": "Lại Sơn", "Ddanh": "Bãi Nhà A", "TK": "1", "Khoanh": "2", "Lo": "67", "ldlr": "Rừng trồng khác", "sldlr": "Keo, Dừa, Xoài, Mít", "Ht2023": "NULL", "namtr": "NULL", "ChuQL": "Ban Quản lí rừng Kiên Giang", "Nguoinkcu": "Cái Thị Phượng Liên", "Churung": "Cái Thị Phượng Liên", "CMND": "370782174/ Ngày cấp 20/12/2017/ CA Kiên Giang", "DienThoai": "0973449963", "Dtich": 0.43, "DtichBS": 0.43, "NgayDoVe": "PyQt5.QtCore.QDate(2019, 8, 21)", "TranhChap": "Không", "KT": 0.0, "Lapdia": "1", "mdsd": "Phòng hộ môi sinh", "nqh": "0", "Anh": "https://cdn2.fptshop.com.vn/unsafe/1920x0/filters:format(webp):quality(75)/hinh_nen_meme_con_luoi_flash_zootopia_1_c520bf6214.jpg", "Anh2": "https://png.pngtree.com/thumb_back/fh260/background/20230830/pngtree-the-lotus-is-also-represented-image_13145607.jpg"}}, {"type": "Feature", "geometry": {"coordinates": [[[[104.64174600763599, 9.801153975119197], [104.64175797281517, 9.801207950586278], [104.64179696750966, 9.801368971492796], [104.64189097521545, 9.801628978782153], [104.64189098655112, 9.801870037268516], [104.6420300045625, 9.80185903832431], [104.64219599511354, 9.8018209925757], [104.64239697793508, 9.80175001934719], [104.64246497738179, 9.801731997307074], [104.64255595444818, 9.801724996781179], [104.64260199318036, 9.801729046309106], [104.64255544942677, 9.801609802503263], [104.64257226570693, 9.801495685979393], [104.64258494540675, 9.801301369062076], [104.64258927970221, 9.801204256655257], [104.64259344789748, 9.801145120524382], [104.64174600763599, 9.801153975119197]]]], "type": "MultiPolygon"}, "properties": {"fid": 229, "TT": 79.0, "id": 79.0, "Tinh": "Kiên Giang", "Huyen": "Kiên Hải", "Xa": "Lại Sơn", "Ddanh": "Bãi Nhà A", "TK": "1", "Khoanh": "2", "Lo": "55", "ldlr": "Rừng trồng khác", "sldlr": "Keo, Dừa, Xoài, Mít", "Ht2023": "NULL", "namtr": "NULL", "ChuQL": "Ban Quản lí rừng Kiên Giang", "Nguoinkcu": "Cái Thị Phượng Liên", "Churung": "Cái Thị Phượng Liên", "CMND": "370782174/ Ngày cấp 20/12/2017/ CA Kiên Giang", "DienThoai": "0973449963", "Dtich": 0.59, "DtichBS": 0.59, "NgayDoVe": "PyQt5.QtCore.QDate(2019, 8, 21)", "TranhChap": "Không", "KT": 0.0, "Lapdia": "1", "mdsd": "Phòng hộ môi sinh", "nqh": "0", "Anh": "https://cdn2.fptshop.com.vn/unsafe/1920x0/filters:format(webp):quality(75)/hinh_nen_meme_con_luoi_flash_zootopia_1_c520bf6214.jpg", "Anh2": "https://png.pngtree.com/thumb_back/fh260/background/20230830/pngtree-the-lotus-is-also-represented-image_13145607.jpg"}}, {"type": "Feature", "geometry": {"coordinates": [[[[104.64545097521616, 9.800626978894273], [104.64528698657267, 9.800444944224795], [104.64512601138182, 9.800483893524142], [104.64491802783864, 9.800594927199896], [104.64491693829139, 9.800605054653108], [104.6449919581869, 9.800799967111734], [104.64521002843529, 9.800824015853816], [104.64532298222225, 9.800833009439193], [104.64545097521616, 9.800626978894273]]]], "type": "MultiPolygon"}, "properties": {"fid": 230, "TT": 80.0, "id": 80.0, "Tinh": "Kiên Giang", "Huyen": "Kiên Hải", "Xa": "Lại Sơn", "Ddanh": "Bãi Nhà A", "TK": "1", "Khoanh": "2", "Lo": "62", "ldlr": "Rừng trồng khác", "sldlr": "Dừa, Gió bầu", "Ht2023": "NULL", "namtr": "NULL", "ChuQL": "Ban Quản lí rừng Kiên Giang", "Nguoinkcu": "Đỗ Thị Sáu", "Churung": "Nguyễn Văn Hải", "CMND": "371414022/ Ngày cấp 14/03/2014/ CA Kiên Giang", "DienThoai": "0828100676", "Dtich": 0.17, "DtichBS": 0.17, "NgayDoVe": "PyQt5.QtCore.QDate(2019, 8, 21)", "TranhChap": "Không", "KT": 0.0, "Lapdia": "1", "mdsd": "Phòng hộ môi sinh", "nqh": "0", "Anh": "https://cdn2.fptshop.com.vn/unsafe/1920x0/filters:format(webp):quality(75)/hinh_nen_meme_con_luoi_flash_zootopia_1_c520bf6214.jpg", "Anh2": "https://png.pngtree.com/thumb_back/fh260/background/20230830/pngtree-the-lotus-is-also-represented-image_13145607.jpg"}}, {"type": "Feature", "geometry": {"coordinates": [[[[104.62092307796803, 9.80188096330535], [104.62094198759613, 9.803749025609532], [104.6224700594089, 9.801506975300732], [104.62137305213975, 9.801368937176184], [104.62092307796803, 9.80188096330535]]]], "type": "MultiPolygon"}, "properties": {"fid": 231, "TT": 81.0, "id": 81.0, "Tinh": "Kiên Giang", "Huyen": "Kiên Hải", "Xa": "Lại Sơn", "Ddanh": "Bãi Nhà B", "TK": "1", "Khoanh": "1", "Lo": "103", "ldlr": "Rừng trồng khác", "sldlr": "Xoài, Dừa, Mít", "Ht2023": "NULL", "namtr": "1962", "ChuQL": "Ban Quản lí rừng Kiên Giang", "Nguoinkcu": "Nguyễn Văn Xuân", "Churung": "Nguyễn Văn Xuân", "CMND": "370209730/ Ngày cấp 21/07/2016/ CA Kiên Giang", "DienThoai": "0815900233", "Dtich": 2.14, "DtichBS": 2.14, "NgayDoVe": "PyQt5.QtCore.QDate(2019, 8, 28)", "TranhChap": "Không", "KT": 1.0, "Lapdia": "1", "mdsd": "Phòng hộ môi sinh", "nqh": "0", "Anh": "https://cdn2.fptshop.com.vn/unsafe/1920x0/filters:format(webp):quality(75)/hinh_nen_meme_con_luoi_flash_zootopia_1_c520bf6214.jpg", "Anh2": "https://png.pngtree.com/thumb_back/fh260/background/20230830/pngtree-the-lotus-is-also-represented-image_13145607.jpg"}}, {"type": "Feature", "geometry": {"coordinates": [[[[104.64447794261436, 9.800909955725995], [104.64455197126884, 9.800711001215104], [104.6446079718128, 9.800562960570385], [104.6443979957509, 9.800493969483451], [104.64427197610802, 9.800415991037967], [104.64400899795284, 9.800260942841941], [104.64394102503137, 9.800550947148157], [104.64392303101886, 9.800680978077228], [104.64391300623207, 9.800688035053915], [104.64416793343477, 9.800775995442574], [104.64430497645726, 9.80083697036207], [104.64447794261436, 9.800909955725995]]]], "type": "MultiPolygon"}, "properties": {"fid": 232, "TT": 82.0, "id": 82.0, "Tinh": "Kiên Giang", "Huyen": "Kiên Hải", "Xa": "Lại Sơn", "Ddanh": "Bãi Nhà A", "TK": "1", "Khoanh": "2", "Lo": "64", "ldlr": "Rừng trồng khác", "sldlr": "Gió bầu, Sao đen, Dừa", "Ht2023": "NULL", "namtr": "NULL", "ChuQL": "Ban Quản lí rừng Kiên Giang", "Nguoinkcu": "Đỗ Thị Sáu", "Churung": "Nguyễn Văn Toàn", "CMND": "371680563/ ngày cấp 27/09/2015/ CA Kiên Giang", "DienThoai": "0372558315", "Dtich": 0.29, "DtichBS": 0.29, "NgayDoVe": "PyQt5.QtCore.QDate(2019, 8, 21)", "TranhChap": "Không", "KT": 0.0, "Lapdia": "1", "mdsd": "Phòng hộ môi sinh", "nqh": "0", "Anh": "https://cdn2.fptshop.com.vn/unsafe/1920x0/filters:format(webp):quality(75)/hinh_nen_meme_con_luoi_flash_zootopia_1_c520bf6214.jpg", "Anh2": "https://png.pngtree.com/thumb_back/fh260/background/20230830/pngtree-the-lotus-is-also-represented-image_13145607.jpg"}}, {"type": "Feature", "geometry": {"coordinates": [[[[104.64474301400733, 9.803156948813621], [104.64462999877387, 9.80300798565365], [104.6445421760293, 9.802931709014809], [104.64453698159717, 9.80293596094601], [104.64448397123279, 9.803042949827507], [104.6443160063339, 9.803153966092568], [104.64429593245208, 9.803322968720458], [104.6442129186508, 9.803616053697137], [104.6442569917984, 9.803711970064333], [104.64424498120368, 9.803764961011433], [104.64433492279562, 9.803891962169624], [104.64435895056833, 9.804011938643411], [104.6444490257003, 9.804026005734231], [104.64464194695852, 9.804072941656583], [104.64465592929169, 9.803942008232514], [104.64471299563562, 9.803727960888875], [104.64474894817904, 9.803597018083678], [104.64474504429798, 9.803424047209884], [104.64469897711525, 9.803354986354123], [104.64471195441351, 9.803218989858602], [104.64470292580997, 9.803210946373403], [104.64474301400733, 9.803156948813621]]]], "type": "MultiPolygon"}, "properties": {"fid": 233, "TT": 83.0, "id": 83.0, "Tinh": "Kiên Giang", "Huyen": "Kiên Hải", "Xa": "Lại Sơn", "Ddanh": "Bãi Nhà A", "TK": "1", "Khoanh": "2", "Lo": "35", "ldlr": "Rừng trồng khác", "sldlr": "Xoài, Mít, Trầm hương", "Ht2023": "NULL", "namtr": "NULL", "ChuQL": "Ban Quản lí rừng Kiên Giang", "Nguoinkcu": "Trần Bá Lộc", "Churung": "Trần Trọng Khanh", "CMND": "370506331/ Ngày cấp 13/04/2018/ CA Kiên Giang", "DienThoai": "0818900776", "Dtich": 0.51, "DtichBS": 0.51, "NgayDoVe": "PyQt5.QtCore.QDate(2019, 8, 21)", "TranhChap": "Không", "KT": 0.0, "Lapdia": "1", "mdsd": "Phòng hộ môi sinh", "nqh": "0", "Anh": "https://cdn2.fptshop.com.vn/unsafe/1920x0/filters:format(webp):quality(75)/hinh_nen_meme_con_luoi_flash_zootopia_1_c520bf6214.jpg", "Anh2": "https://png.pngtree.com/thumb_back/fh260/background/20230830/pngtree-the-lotus-is-also-represented-image_13145607.jpg"}}, {"type": "Feature", "geometry": {"coordinates": [[[[104.63120503914087, 9.811660989434133], [104.6310380521097, 9.811499022256642], [104.63099302441323, 9.811519022380242], [104.63089798435709, 9.811633982322249], [104.63080806048296, 9.811776970315712], [104.63077607446095, 9.811809985787985], [104.6307510272, 9.811869039403305], [104.6307499673359, 9.811956023395263], [104.63069472934039, 9.811976750775361], [104.63061699450424, 9.812051015177504], [104.6305090036382, 9.812153050010208], [104.63053902753146, 9.812230980075237], [104.63058908825141, 9.812258990838766], [104.6306940599126, 9.812362028624417], [104.63073299218331, 9.812373948983094], [104.63076597090104, 9.812314982729145], [104.6307410439397, 9.812215982969906], [104.63075907426935, 9.812163984786796], [104.6308240488402, 9.812097049260649], [104.63094506403321, 9.811963995399305], [104.63107502632899, 9.81186403158016], [104.63111400526434, 9.811762927472676], [104.63120503914087, 9.811660989434133]]]], "type": "MultiPolygon"}, "properties": {"fid": 234, "TT": 84.0, "id": 84.0, "Tinh": "Kiên Giang", "Huyen": "Kiên Hải", "Xa": "Lại Sơn", "Ddanh": "Bãi Nhà B", "TK": "1", "Khoanh": "1", "Lo": "23", "ldlr": "Rừng trồng khác", "sldlr": "Mít, Xoài", "Ht2023": "NULL", "namtr": "NULL", "ChuQL": "Ban Quản lí rừng Kiên Giang", "Nguoinkcu": "Trần Văn Sơn", "Churung": "Trần Văn Sơn", "CMND": "371110619/ Ngày cấp 21/12/2017/ CA Kiên Giang", "DienThoai": "0834218256", "Dtich": 0.24, "DtichBS": 0.24, "NgayDoVe": "PyQt5.QtCore.QDate(2019, 9, 5)", "TranhChap": "Không", "KT": 1.0, "Lapdia": "1", "mdsd": "Phòng hộ môi sinh", "nqh": "0", "Anh": "https://cdn2.fptshop.com.vn/unsafe/1920x0/filters:format(webp):quality(75)/hinh_nen_meme_con_luoi_flash_zootopia_1_c520bf6214.jpg", "Anh2": "https://png.pngtree.com/thumb_back/fh260/background/20230830/pngtree-the-lotus-is-also-represented-image_13145607.jpg"}}, {"type": "Feature", "geometry": {"coordinates": [[[[104.62133504788397, 9.805658999132323], [104.62156897635585, 9.805916972843521], [104.62162269350121, 9.805976720925825], [104.62195101606152, 9.806341988535424], [104.62244104214585, 9.806647882206068], [104.62297300631799, 9.806216930794582], [104.62240697769829, 9.806235038697494], [104.62133504788397, 9.805658999132323]]]], "type": "MultiPolygon"}, "properties": {"fid": 235, "TT": 85.0, "id": 85.0, "Tinh": "Kiên Giang", "Huyen": "Kiên Hải", "Xa": "Lại Sơn", "Ddanh": "Bãi Nhà B", "TK": "1", "Khoanh": "1", "Lo": "69", "ldlr": "Rừng trồng khác", "sldlr": "Mít, Xoài, Tre", "Ht2023": "NULL", "namtr": "NULL", "ChuQL": "Ban Quản lí rừng Kiên Giang", "Nguoinkcu": "Nguyễn Văn Đức", "Churung": "Nguyễn Văn Đức", "CMND": "370209710/ Ngày cấp 09/05/2017/ CA Kiên Giang", "DienThoai": "NULL", "Dtich": 0.49, "DtichBS": 0.49, "NgayDoVe": "PyQt5.QtCore.QDate(2019, 8, 28)", "TranhChap": "Không", "KT": 1.0, "Lapdia": "1", "mdsd": "Phòng hộ môi sinh", "nqh": "0", "Anh": "https://cdn2.fptshop.com.vn/unsafe/1920x0/filters:format(webp):quality(75)/hinh_nen_meme_con_luoi_flash_zootopia_1_c520bf6214.jpg", "Anh2": "https://png.pngtree.com/thumb_back/fh260/background/20230830/pngtree-the-lotus-is-also-represented-image_13145607.jpg"}}, {"type": "Feature", "geometry": {"coordinates": [[[[104.6352780188327, 9.811649261009103], [104.63709751910218, 9.81149300824434], [104.63687798553516, 9.810141054063642], [104.63666201880429, 9.810147018482395], [104.6363399980972, 9.810081051508476], [104.63623789806248, 9.810091852486748], [104.6362340414368, 9.81002403940022], [104.63622706223636, 9.80989998662922], [104.63624209457093, 9.809875928995623], [104.63621107573668, 9.809819971781877], [104.63590602411496, 9.809559957281682], [104.63567503596954, 9.809616019504045], [104.63553503890891, 9.80969401714042], [104.63550106579575, 9.809770977735234], [104.63545605322696, 9.809826965410053], [104.63536807207805, 9.809809007075646], [104.63532603664663, 9.80978795611325], [104.63526003876217, 9.809801002868289], [104.6352780188327, 9.811649261009103]]]], "type": "MultiPolygon"}, "properties": {"fid": 236, "TT": 86.0, "id": 86.0, "Tinh": "Kiên Giang", "Huyen": "Kiên Hải", "Xa": "Lại Sơn", "Ddanh": "ấp bãi Bấc", "TK": "1", "Khoanh": "1", "Lo": "25", "ldlr": "Rừng trồng khác", "sldlr": "NULL", "Ht2023": "NULL", "namtr": "NULL", "ChuQL": "Ban Quản lí rừng Kiên Giang", "Nguoinkcu": "Lê Cẩm Hồng", "Churung": "Lê Cẩm Hồng", "CMND": "091185015077/ Ngày cấp 17/06/2022/ CCS", "DienThoai": "NULL", "Dtich": 3.55, "DtichBS": 3.55, "NgayDoVe": "PyQt5.QtCore.QDate(2019, 12, 8)", "TranhChap": "Không", "KT": 0.0, "Lapdia": "1", "mdsd": "Phòng hộ môi sinh", "nqh": "0", "Anh": "https://cdn2.fptshop.com.vn/unsafe/1920x0/filters:format(webp):quality(75)/hinh_nen_meme_con_luoi_flash_zootopia_1_c520bf6214.jpg", "Anh2": "https://png.pngtree.com/thumb_back/fh260/background/20230830/pngtree-the-lotus-is-also-represented-image_13145607.jpg"}}, {"type": "Feature", "geometry": {"coordinates": [[[[104.62478484864525, 9.812455127918659], [104.62498545485545, 9.81256816882869], [104.6252911400179, 9.812830815115683], [104.6255211501296, 9.813071878891085], [104.62569289402995, 9.813281859803471], [104.62785463582087, 9.810252448614817], [104.6267186229732, 9.80950989782679], [104.62478484864525, 9.812455127918659]]]], "type": "MultiPolygon"}, "properties": {"fid": 237, "TT": 87.0, "id": 87.0, "Tinh": "Kiên Giang", "Huyen": "Kiên Hải", "Xa": "Lại Sơn", "Ddanh": "ấp Thiên Tuế", "TK": "1", "Khoanh": "1", "Lo": "21", "ldlr": "Rừng trồng khác", "sldlr": "Chuối", "Ht2023": "NULL", "namtr": "NULL", "ChuQL": "Ban Quản lí rừng Kiên Giang", "Nguoinkcu": "Huỳnh Thanh Hùng", "Churung": "Huỳnh Thanh Hùng", "CMND": "NULL", "DienThoai": "NULL", "Dtich": 5.61, "DtichBS": 5.61, "NgayDoVe": "PyQt5.QtCore.QDate(2019, 12, 9)", "TranhChap": "Không", "KT": 0.0, "Lapdia": "1", "mdsd": "Phòng hộ môi sinh", "nqh": "0", "Anh": "https://cdn2.fptshop.com.vn/unsafe/1920x0/filters:format(webp):quality(75)/hinh_nen_meme_con_luoi_flash_zootopia_1_c520bf6214.jpg", "Anh2": "https://png.pngtree.com/thumb_back/fh260/background/20230830/pngtree-the-lotus-is-also-represented-image_13145607.jpg"}}, {"type": "Feature", "geometry": {"coordinates": [[[[104.62180812650004, 9.810985084905104], [104.62208419912798, 9.811053523588633], [104.62257700988367, 9.81122740334153], [104.62290983229761, 9.81141725427652], [104.62470999253674, 9.808286994910908], [104.62433297065566, 9.808132063850227], [104.62399508637446, 9.808051985453748], [104.62380844644682, 9.807979627596715], [104.62263737724686, 9.809784194915611], [104.62180812650004, 9.810985084905104]]]], "type": "MultiPolygon"}, "properties": {"fid": 238, "TT": 88.0, "id": 88.0, "Tinh": "Kiên Giang", "Huyen": "Kiên Hải", "Xa": "Lại Sơn", "Ddanh": "ấp Thiên Tuế", "TK": "1", "Khoanh": "1", "Lo": "32", "ldlr": "Rừng trồng khác", "sldlr": "Chuối", "Ht2023": "NULL", "namtr": "NULL", "ChuQL": "Ban Quản lí rừng Kiên Giang", "Nguoinkcu": "Xa Tú Lài", "Churung": "Xa Tú Lài", "CMND": "370771556/ Ngày cấp 29/09/2018/ CA Kiên Giang", "DienThoai": "0919116565", "Dtich": 4.51, "DtichBS": 4.51, "NgayDoVe": "PyQt5.QtCore.QDate(2019, 12, 9)", "TranhChap": "Không", "KT": 0.0, "Lapdia": "1", "mdsd": "Phòng hộ môi sinh", "nqh": "0", "Anh": "https://cdn2.fptshop.com.vn/unsafe/1920x0/filters:format(webp):quality(75)/hinh_nen_meme_con_luoi_flash_zootopia_1_c520bf6214.jpg", "Anh2": "https://png.pngtree.com/thumb_back/fh260/background/20230830/pngtree-the-lotus-is-also-represented-image_13145607.jpg"}}, {"type": "Feature", "geometry": {"coordinates": [[[[104.63816813072016, 9.806578091999496], [104.63877118598204, 9.807252827447815], [104.63965743899008, 9.808239935054935], [104.63964286192605, 9.80826191300168], [104.63948871017537, 9.808278342398998], [104.63944270853038, 9.808365073637908], [104.63982100639221, 9.808719814394296], [104.6399286225923, 9.808820678160053], [104.63995461462976, 9.808844990277391], [104.6401009346433, 9.808630997276026], [104.6400959769011, 9.808547994215319], [104.64008601143517, 9.808480002862263], [104.64002597119969, 9.80835099902688], [104.64006708797258, 9.808138044090981], [104.64020196371074, 9.807808951730637], [104.6402949980662, 9.807704026606833], [104.64036298198248, 9.807645949138312], [104.64040092161534, 9.80746599859538], [104.64048007357145, 9.807300950192426], [104.64048596108263, 9.806993973497041], [104.64045183596484, 9.806923098734563], [104.64041971147782, 9.806840378182764], [104.64035197108976, 9.806826843304227], [104.6402260529444, 9.806776983832709], [104.64014410763464, 9.806802968116836], [104.64005000856152, 9.806759967308851], [104.63998410806268, 9.80678594492637], [104.63995304136871, 9.806833970516612], [104.63989915182368, 9.806805962706425], [104.63971301200728, 9.806628003426084], [104.63950908250234, 9.806419037462975], [104.63945107648273, 9.806357033532404], [104.63934099263572, 9.806238990892346], [104.63933504735996, 9.80619197518268], [104.63925906338739, 9.806084949681093], [104.63920506157453, 9.806005945190265], [104.63909597326402, 9.80586999899038], [104.6390449437861, 9.805923005763294], [104.63899691059385, 9.80594698663201], [104.63895808159705, 9.805963006803587], [104.63894897982026, 9.805998002890714], [104.63887999186879, 9.806052915807957], [104.6388499353708, 9.806118934372556], [104.63878495778604, 9.80617194681824], [104.63873896470182, 9.806279022360938], [104.6386649805507, 9.806376976973764], [104.6386199897499, 9.8064829670557], [104.63857990143673, 9.806540038164215], [104.63831024706384, 9.806559045954137], [104.63816813072016, 9.806578091999496]]]], "type": "MultiPolygon"}, "properties": {"fid": 239, "TT": 89.0, "id": 89.0, "Tinh": "Kiên Giang", "Huyen": "Kiên Hải", "Xa": "Lại Sơn", "Ddanh": "ấp bãi Bấc", "TK": "1", "Khoanh": "2", "Lo": "14", "ldlr": "Rừng trồng khác", "sldlr": "Gió bầu, Xưa, Dầu Sao", "Ht2023": "NULL", "namtr": "1970", "ChuQL": "Ban Quản lí rừng Kiên Giang", "Nguoinkcu": "Nguyễn Văn Tuấn", "Churung": "Nguyễn Văn Tuấn", "CMND": "371407323/ Ngày cấp 21/07/2016/ CA Kiên Giang", "DienThoai": "0825449370", "Dtich": 3.52, "DtichBS": 3.52, "NgayDoVe": "PyQt5.QtCore.QDate(2019, 9, 9)", "TranhChap": "Không", "KT": 0.0, "Lapdia": "1", "mdsd": "Phòng hộ môi sinh", "nqh": "0", "Anh": "https://cdn2.fptshop.com.vn/unsafe/1920x0/filters:format(webp):quality(75)/hinh_nen_meme_con_luoi_flash_zootopia_1_c520bf6214.jpg", "Anh2": "https://png.pngtree.com/thumb_back/fh260/background/20230830/pngtree-the-lotus-is-also-represented-image_13145607.jpg"}}, {"type": "Feature", "geometry": {"coordinates": [[[[104.62846502016369, 9.806797015514887], [104.62856303841997, 9.806605017634453], [104.6285940751274, 9.80647498253576], [104.62865102276834, 9.80639801388527], [104.62865300444392, 9.806335985314197], [104.6286614581806, 9.806272507573992], [104.62839095879403, 9.806228937464727], [104.62839198393954, 9.806286986435882], [104.62835203313472, 9.806469016141126], [104.62830695631587, 9.806596976882602], [104.62821803892948, 9.806749005803361], [104.6278679795063, 9.806774003389158], [104.62786003411536, 9.806974918651072], [104.62795997006201, 9.80702795722876], [104.62811798510884, 9.807100956555857], [104.62828000065453, 9.807145924231335], [104.62832309080646, 9.807066971649425], [104.62836301017887, 9.807039921089292], [104.62840417969518, 9.806944964962213], [104.62846502016369, 9.806797015514887]]]], "type": "MultiPolygon"}, "properties": {"fid": 240, "TT": 90.0, "id": 90.0, "Tinh": "Kiên Giang", "Huyen": "Kiên Hải", "Xa": "Lại Sơn", "Ddanh": "Bãi Nhà B", "TK": "1", "Khoanh": "1", "Lo": "58", "ldlr": "Rừng trồng khác", "sldlr": "Xoài, Mít, Dừa, Chuối", "Ht2023": "NULL", "namtr": "2000", "ChuQL": "Ban Quản lí rừng Kiên Giang", "Nguoinkcu": "Nguyễn Thị Tuyết (bà nội)", "Churung": "Vương Hữu Nhiều", "CMND": "371414014/ Ngày cấp 22/12/2017/ CA Kiên Giang", "DienThoai": "0855861416", "Dtich": 0.37, "DtichBS": 0.37, "NgayDoVe": "PyQt5.QtCore.QDate(2019, 8, 27)", "TranhChap": "Không", "KT": 1.0, "Lapdia": "1", "mdsd": "Phòng hộ môi sinh", "nqh": "0", "Anh": "https://cdn2.fptshop.com.vn/unsafe/1920x0/filters:format(webp):quality(75)/hinh_nen_meme_con_luoi_flash_zootopia_1_c520bf6214.jpg", "Anh2": "https://png.pngtree.com/thumb_back/fh260/background/20230830/pngtree-the-lotus-is-also-represented-image_13145607.jpg"}}, {"type": "Feature", "geometry": {"coordinates": [[[[104.62898147152337, 9.801159430317155], [104.62901256980896, 9.801190341990289], [104.62901694752046, 9.801195313402642], [104.62909721211759, 9.801303334272294], [104.62910003972294, 9.801307402077573], [104.62910003986286, 9.801307763755867], [104.62915167243885, 9.801397440331053], [104.62922922594608, 9.80133122365775], [104.6291162014025, 9.801138853816086], [104.6290082354424, 9.80106167656509], [104.62898147152337, 9.801159430317155]]]], "type": "MultiPolygon"}, "properties": {"fid": 241, "TT": 91.0, "id": 91.0, "Tinh": "Kiên Giang", "Huyen": "Kiên Hải", "Xa": "Lại Sơn", "Ddanh": "Bãi Nhà B", "TK": "1", "Khoanh": "1", "Lo": "117", "ldlr": "Rừng trồng khác", "sldlr": "Tre", "Ht2023": "NULL", "namtr": "NULL", "ChuQL": "Ban Quản lí rừng Kiên Giang", "Nguoinkcu": "Nguyễn Tiến Đức", "Churung": "Nguyễn Tiến Đức", "CMND": "371120395/ Ngày cấp 24/03/2011/ CA Kiên Giang", "DienThoai": "0974388299", "Dtich": 0.04, "DtichBS": 0.04, "NgayDoVe": "PyQt5.QtCore.QDate(2019, 9, 8)", "TranhChap": "Không", "KT": 0.0, "Lapdia": "1", "mdsd": "Phòng hộ môi sinh", "nqh": "0", "Anh": "https://cdn2.fptshop.com.vn/unsafe/1920x0/filters:format(webp):quality(75)/hinh_nen_meme_con_luoi_flash_zootopia_1_c520bf6214.jpg", "Anh2": "https://png.pngtree.com/thumb_back/fh260/background/20230830/pngtree-the-lotus-is-also-represented-image_13145607.jpg"}}, {"type": "Feature", "geometry": {"coordinates": [[[[104.6324446306731, 9.805282493899613], [104.6323562512446, 9.805176375851014], [104.63216874406584, 9.804986296661513], [104.63204480694283, 9.804869613296747], [104.63187855561884, 9.804716145582981], [104.63166863310894, 9.804552115655088], [104.63166690029485, 9.804550307936681], [104.6314168441307, 9.804330233299986], [104.63132757169706, 9.80426995803485], [104.62978823727329, 9.805091108229933], [104.62982081069859, 9.805163340992465], [104.6300489406362, 9.805263890549362], [104.63056872947823, 9.805433408312505], [104.63083497351865, 9.805552749923365], [104.63119626202229, 9.805804067112065], [104.63161456674861, 9.80569069971685], [104.63170961123011, 9.805822675360291], [104.63244463792503, 9.805300758646727], [104.6324446306731, 9.805282493899613]]]], "type": "MultiPolygon"}, "properties": {"fid": 242, "TT": 92.0, "id": 92.0, "Tinh": "Kiên Giang", "Huyen": "Kiên Hải", "Xa": "Lại Sơn", "Ddanh": "Bãi Nhà B", "TK": "1", "Khoanh": "1", "Lo": "82", "ldlr": "Rừng trồng khác", "sldlr": "Chuối, Mít", "Ht2023": "NULL", "namtr": "NULL", "ChuQL": "Ban Quản lí rừng Kiên Giang", "Nguoinkcu": "Đặng Hữu Thích", "Churung": "Đặng Hữu Thích", "CMND": "371878270/ Ngày cấp 19/11/2014/ CA Kiên Giang", "DienThoai": "0358837217", "Dtich": 2.67, "DtichBS": 2.67, "NgayDoVe": "PyQt5.QtCore.QDate(2019, 9, 8)", "TranhChap": "Không", "KT": 0.0, "Lapdia": "1", "mdsd": "Phòng hộ môi sinh", "nqh": "0", "Anh": "https://cdn2.fptshop.com.vn/unsafe/1920x0/filters:format(webp):quality(75)/hinh_nen_meme_con_luoi_flash_zootopia_1_c520bf6214.jpg", "Anh2": "https://png.pngtree.com/thumb_back/fh260/background/20230830/pngtree-the-lotus-is-also-represented-image_13145607.jpg"}}, {"type": "Feature", "geometry": {"coordinates": [[[[104.620173050277, 9.801533928127569], [104.62088898690108, 9.801387917314397], [104.62053604358177, 9.801238940970247], [104.62045799095296, 9.801189961264978], [104.6203660878109, 9.801157985344084], [104.62029799137294, 9.801162982579209], [104.62022999042777, 9.801180005575812], [104.62014199791275, 9.801121987358222], [104.6200489886412, 9.801056013966384], [104.61997405719413, 9.801066981249937], [104.62007206622562, 9.801346976124695], [104.6200739968047, 9.801391913990312], [104.620173050277, 9.801533928127569]]]], "type": "MultiPolygon"}, "properties": {"fid": 243, "TT": 93.0, "id": 93.0, "Tinh": "Kiên Giang", "Huyen": "Kiên Hải", "Xa": "Lại Sơn", "Ddanh": "ấp Thiên Tuế", "TK": "1", "Khoanh": "1", "Lo": "115", "ldlr": "Rừng trồng khác", "sldlr": "Xoài, Mít, Tre", "Ht2023": "NULL", "namtr": "1985", "ChuQL": "Ban Quản lí rừng Kiên Giang", "Nguoinkcu": "Nguyễn Văn Sang", "Churung": "Phan Thị Tám", "CMND": "371320329/ Ngày cấp 25/05/2006/ CA Kiên Giang", "DienThoai": "0374769270", "Dtich": 0.25, "DtichBS": 0.25, "NgayDoVe": "PyQt5.QtCore.QDate(2019, 9, 9)", "TranhChap": "Không", "KT": 0.0, "Lapdia": "1", "mdsd": "Phòng hộ môi sinh", "nqh": "0", "Anh": "https://cdn2.fptshop.com.vn/unsafe/1920x0/filters:format(webp):quality(75)/hinh_nen_meme_con_luoi_flash_zootopia_1_c520bf6214.jpg", "Anh2": "https://png.pngtree.com/thumb_back/fh260/background/20230830/pngtree-the-lotus-is-also-represented-image_13145607.jpg"}}, {"type": "Feature", "geometry": {"coordinates": [[[[104.61944666578268, 9.801272419901116], [104.61932863210619, 9.80133268090968], [104.6191255362567, 9.801371542311339], [104.6190247116945, 9.80137438071286], [104.61900024377243, 9.801527921809955], [104.61929404006597, 9.801471577610064], [104.61947024878664, 9.801448729850403], [104.61944666578268, 9.801272419901116]]]], "type": "MultiPolygon"}, "properties": {"fid": 244, "TT": 94.0, "id": 94.0, "Tinh": "Kiên Giang", "Huyen": "Kiên Hải", "Xa": "Lại Sơn", "Ddanh": "ấp Thiên Tuế", "TK": "1", "Khoanh": "1", "Lo": "114", "ldlr": "Rừng trồng khác", "sldlr": "Tre, Mít", "Ht2023": "NULL", "namtr": "1985", "ChuQL": "Ban Quản lí rừng Kiên Giang", "Nguoinkcu": "Nguyễn Văn Sang", "Churung": "Phan Thị Tám", "CMND": "371414496/ Ngày cấp 25/05/2006/ CA Kiên Giang", "DienThoai": "0374769270", "Dtich": 0.08, "DtichBS": 0.08, "NgayDoVe": "PyQt5.QtCore.QDate(2019, 9, 9)", "TranhChap": "Không", "KT": 0.0, "Lapdia": "1", "mdsd": "Phòng hộ môi sinh", "nqh": "0", "Anh": "https://cdn2.fptshop.com.vn/unsafe/1920x0/filters:format(webp):quality(75)/hinh_nen_meme_con_luoi_flash_zootopia_1_c520bf6214.jpg", "Anh2": "https://png.pngtree.com/thumb_back/fh260/background/20230830/pngtree-the-lotus-is-also-represented-image_13145607.jpg"}}, {"type": "Feature", "geometry": {"coordinates": [[[[104.63961710130958, 9.803781003220958], [104.64020501958534, 9.804017931115869], [104.64054698890413, 9.804057935838456], [104.64071400371482, 9.804283915407789], [104.6408429399855, 9.804142988255933], [104.64098700580327, 9.803994007427757], [104.64112602132941, 9.803974961505729], [104.64131695657264, 9.803853991086084], [104.64139989665395, 9.803811007238794], [104.64150897585208, 9.803709963127526], [104.6415509633613, 9.803618983558183], [104.6415429795997, 9.803495021713593], [104.64143004831656, 9.803325984301157], [104.64122196649626, 9.803211961557006], [104.6410399616043, 9.803107964407955], [104.64087993971513, 9.80303397731471], [104.64070094416064, 9.803147980232744], [104.64047404230895, 9.803369963828562], [104.64033406668322, 9.803490008499983], [104.6401780454146, 9.80360798009729], [104.64005409159603, 9.803674037568946], [104.6399540950673, 9.803695960376665], [104.63990806829973, 9.803721025578787], [104.63978300152564, 9.80374196406283], [104.63970895212714, 9.80368204642253], [104.63961710130958, 9.803781003220958]]]], "type": "MultiPolygon"}, "properties": {"fid": 245, "TT": 95.0, "id": 95.0, "Tinh": "Kiên Giang", "Huyen": "Kiên Hải", "Xa": "Lại Sơn", "Ddanh": "Bãi Nhà A", "TK": "1", "Khoanh": "2", "Lo": "34", "ldlr": "Rừng trồng khác", "sldlr": "Xoài, Dừa, Mít, Gió bầu", "Ht2023": "NULL", "namtr": "NULL", "ChuQL": "Ban Quản lí rừng Kiên Giang", "Nguoinkcu": "Hoàng Minh Tâm", "Churung": "Hoàng Minh Tâm", "CMND": "370782120/ Ngày cấp 26/09/2015/ CA Kiên Giang", "DienThoai": "0335699700", "Dtich": 1.37, "DtichBS": 1.37, "NgayDoVe": "PyQt5.QtCore.QDate(2019, 8, 23)", "TranhChap": "Không", "KT": 0.0, "Lapdia": "1", "mdsd": "Phòng hộ môi sinh", "nqh": "0", "Anh": "https://cdn2.fptshop.com.vn/unsafe/1920x0/filters:format(webp):quality(75)/hinh_nen_meme_con_luoi_flash_zootopia_1_c520bf6214.jpg", "Anh2": "https://png.pngtree.com/thumb_back/fh260/background/20230830/pngtree-the-lotus-is-also-represented-image_13145607.jpg"}}, {"type": "Feature", "geometry": {"coordinates": [[[[104.64659599013125, 9.807724959978511], [104.64688693412026, 9.807608012064529], [104.64721695058381, 9.807408041847728], [104.64758599183891, 9.807430034170356], [104.64771297027595, 9.807195069040851], [104.64785294914668, 9.807084967507738], [104.647998955888, 9.806999999903915], [104.64796898850005, 9.806851996281154], [104.64790594555642, 9.80674198327029], [104.64784792331061, 9.806646977692552], [104.64773796260263, 9.806607964404488], [104.6475560193447, 9.806651987508351], [104.64741899688904, 9.806438024173895], [104.64735094947459, 9.806348990551983], [104.64734594443749, 9.806162909407153], [104.64733695257631, 9.8060319858851], [104.64742993585011, 9.806023988552605], [104.64754292685855, 9.805906936577673], [104.64748794512187, 9.80588399394562], [104.64729692800515, 9.805816985711866], [104.64713298474759, 9.806365993651934], [104.64698194911338, 9.806417055754672], [104.64697595741526, 9.806474022633896], [104.64689898665888, 9.80661601459772], [104.64669706199219, 9.806829944129259], [104.64653101655449, 9.8069549756741], [104.646431951343, 9.807022923515214], [104.64624200675046, 9.807115956740379], [104.64631192117997, 9.807304993736654], [104.64639604892726, 9.807475036484753], [104.64642998163573, 9.807519960317611], [104.64659599013125, 9.807724959978511]]]], "type": "MultiPolygon"}, "properties": {"fid": 246, "TT": 96.0, "id": 96.0, "Tinh": "Kiên Giang", "Huyen": "Kiên Hải", "Xa": "Lại Sơn", "Ddanh": "Bãi Nhà A", "TK": "1", "Khoanh": "2", "Lo": "18", "ldlr": "Rừng trồng khác", "sldlr": "Gió bầu, Cẩm lai", "Ht2023": "NULL", "namtr": "NULL", "ChuQL": "Ban Quản lí rừng Kiên Giang", "Nguoinkcu": "Trần Trọng Thu", "Churung": "Trần Linh Bá", "CMND": "370993217/ / Ngày cấp 15/01/2017/ CA Kiên Giang", "DienThoai": "0948731131", "Dtich": 1.73, "DtichBS": 1.73, "NgayDoVe": "PyQt5.QtCore.QDate(2019, 8, 23)", "TranhChap": "Không", "KT": 0.0, "Lapdia": "1", "mdsd": "Phòng hộ môi sinh", "nqh": "0", "Anh": "https://cdn2.fptshop.com.vn/unsafe/1920x0/filters:format(webp):quality(75)/hinh_nen_meme_con_luoi_flash_zootopia_1_c520bf6214.jpg", "Anh2": "https://png.pngtree.com/thumb_back/fh260/background/20230830/pngtree-the-lotus-is-also-represented-image_13145607.jpg"}}, {"type": "Feature", "geometry": {"coordinates": [[[[104.63330102523639, 9.808262024789038], [104.63330202883762, 9.80826401362417], [104.63343405918306, 9.809008928212293], [104.63385601906228, 9.808908938683338], [104.63387507041685, 9.808903958085404], [104.63388701055162, 9.808897985680469], [104.6338759639457, 9.808858838386936], [104.63374902509509, 9.808763947990085], [104.63370604739926, 9.808665950172813], [104.63379206879931, 9.808571970337898], [104.63383596904139, 9.808469959775644], [104.63383602692811, 9.808387045041274], [104.63379298776775, 9.808363010435174], [104.63372103030775, 9.808290974459798], [104.63367505310931, 9.808215040184598], [104.63368296876962, 9.808176066243732], [104.63330303124604, 9.808263018615099], [104.63330102523639, 9.808262024789038]]]], "type": "MultiPolygon"}, "properties": {"fid": 247, "TT": 97.0, "id": 97.0, "Tinh": "Kiên Giang", "Huyen": "Kiên Hải", "Xa": "Lại Sơn", "Ddanh": "Bãi Nhà B", "TK": "1", "Khoanh": "1", "Lo": "43", "ldlr": "Rừng trồng khác", "sldlr": "Dừa, Xoài, Mít", "Ht2023": "NULL", "namtr": "NULL", "ChuQL": "Ban Quản lí rừng Kiên Giang", "Nguoinkcu": "Nguyễn Văn Lân", "Churung": "Huỳnh Phước Thái", "CMND": "370776426/ Ngày cấp 19/09/2017/ CA Kiên Giang", "DienThoai": "0976950680", "Dtich": 0.38, "DtichBS": 0.38, "NgayDoVe": "PyQt5.QtCore.QDate(2019, 9, 3)", "TranhChap": "Không", "KT": 1.0, "Lapdia": "1", "mdsd": "Phòng hộ môi sinh", "nqh": "0", "Anh": "https://cdn2.fptshop.com.vn/unsafe/1920x0/filters:format(webp):quality(75)/hinh_nen_meme_con_luoi_flash_zootopia_1_c520bf6214.jpg", "Anh2": "https://png.pngtree.com/thumb_back/fh260/background/20230830/pngtree-the-lotus-is-also-represented-image_13145607.jpg"}}, {"type": "Feature", "geometry": {"coordinates": [[[[104.64523799443408, 9.803917979127291], [104.64543592062691, 9.803734975628547], [104.64560400496934, 9.803688970393887], [104.64568693224251, 9.803618045881606], [104.64567994270978, 9.803477989054779], [104.64579899422259, 9.803252974141365], [104.64577398709022, 9.802979013753276], [104.64571900538867, 9.802746026279735], [104.6456299856742, 9.80264298626011], [104.64560198305229, 9.802607011312887], [104.64548797528867, 9.802482010036014], [104.64537296565, 9.802358907958089], [104.64526898813551, 9.802238965797834], [104.64513794995692, 9.802361992445457], [104.64502295845374, 9.802489985256189], [104.64496995919667, 9.802622020416358], [104.64505998322271, 9.802729038641678], [104.64513796770042, 9.80282195654843], [104.6451819703388, 9.802964981397965], [104.64530693859334, 9.803137990842492], [104.64532197202368, 9.8033279558095], [104.64525999944358, 9.80357898693795], [104.6452429470295, 9.803777012981804], [104.64523799443408, 9.803917979127291]]]], "type": "MultiPolygon"}, "properties": {"fid": 248, "TT": 98.0, "id": 98.0, "Tinh": "Kiên Giang", "Huyen": "Kiên Hải", "Xa": "Lại Sơn", "Ddanh": "Bãi Nhà A", "TK": "1", "Khoanh": "2", "Lo": "38", "ldlr": "Rừng trồng khác", "sldlr": "Dừa, Xoài", "Ht2023": "NULL", "namtr": "NULL", "ChuQL": "Ban Quản lí rừng Kiên Giang", "Nguoinkcu": "Đỗ Thị Sáu", "Churung": "Nguyễn Thị kim Phụng", "CMND": "371044696/ ngày cấp 20/12/2017/ CA Kiên Giang", "DienThoai": "0772727576", "Dtich": 0.86, "DtichBS": 0.86, "NgayDoVe": "PyQt5.QtCore.QDate(2019, 8, 21)", "TranhChap": "Không", "KT": 0.0, "Lapdia": "1", "mdsd": "Phòng hộ môi sinh", "nqh": "0", "Anh": "https://cdn2.fptshop.com.vn/unsafe/1920x0/filters:format(webp):quality(75)/hinh_nen_meme_con_luoi_flash_zootopia_1_c520bf6214.jpg", "Anh2": "https://png.pngtree.com/thumb_back/fh260/background/20230830/pngtree-the-lotus-is-also-represented-image_13145607.jpg"}}, {"type": "Feature", "geometry": {"coordinates": [[[[104.6449049471164, 9.8019619856652], [104.64491196748648, 9.801963971895676], [104.64511493769346, 9.802061990309126], [104.64517202843523, 9.802114951721771], [104.64521294558466, 9.802080936466124], [104.64530995787815, 9.80190701817457], [104.64535099024214, 9.801719018400583], [104.64543491204792, 9.80142095967017], [104.64538895405279, 9.801392949316991], [104.64521197108003, 9.801307940347955], [104.64515494658373, 9.801406974137633], [104.64509895526857, 9.801575992190461], [104.64507195525742, 9.801748976294801], [104.6449049471164, 9.8019619856652]]]], "type": "MultiPolygon"}, "properties": {"fid": 249, "TT": 99.0, "id": 99.0, "Tinh": "Kiên Giang", "Huyen": "Kiên Hải", "Xa": "Lại Sơn", "Ddanh": "Bãi Nhà A", "TK": "1", "Khoanh": "2", "Lo": "52", "ldlr": "Rừng trồng khác", "sldlr": "Xoài, Dừa", "Ht2023": "NULL", "namtr": "NULL", "ChuQL": "Ban Quản lí rừng Kiên Giang", "Nguoinkcu": "Đỗ Thị Sáu", "Churung": "Nguyễn Thị ánh Ngọc", "CMND": "371110054/ ngày cấp 22/12/2008/ CA Kiên Giang", "DienThoai": "0852027662 (Thành)", "Dtich": 0.25, "DtichBS": 0.25, "NgayDoVe": "PyQt5.QtCore.QDate(2019, 8, 21)", "TranhChap": "Không", "KT": 0.0, "Lapdia": "1", "mdsd": "Phòng hộ môi sinh", "nqh": "0", "Anh": "https://cdn2.fptshop.com.vn/unsafe/1920x0/filters:format(webp):quality(75)/hinh_nen_meme_con_luoi_flash_zootopia_1_c520bf6214.jpg", "Anh2": "https://png.pngtree.com/thumb_back/fh260/background/20230830/pngtree-the-lotus-is-also-represented-image_13145607.jpg"}}, {"type": "Feature", "geometry": {"coordinates": [[[[104.63149002074532, 9.807035919709621], [104.631582091139, 9.807022953992865], [104.6321108824407, 9.80666586239661], [104.63210284463081, 9.806626985122813], [104.63206077439615, 9.806516508823709], [104.63205940597385, 9.806514068028891], [104.63194879255519, 9.806433637695896], [104.63189052633562, 9.806401742265368], [104.63178439276795, 9.806353589914226], [104.63175941210096, 9.806348988225839], [104.63174573569358, 9.806344291723725], [104.6316622119643, 9.806299204812207], [104.63166148251229, 9.806298843417249], [104.63165947616235, 9.806296945385773], [104.63163668114501, 9.806286555988216], [104.63157014277078, 9.806083589919785], [104.63152501686771, 9.806314991062532], [104.63165206787544, 9.80646702743812], [104.63165498825465, 9.806474983224584], [104.63101403440201, 9.806521435898219], [104.6310139432383, 9.806521435933442], [104.63104797661462, 9.80659601891118], [104.63110495551466, 9.806599975343], [104.6311770813948, 9.80663900869112], [104.63124502749288, 9.806712945588277], [104.63128906866952, 9.806735985522089], [104.63121602098997, 9.806902928291045], [104.63150102280139, 9.806962946866818], [104.63149002074532, 9.807035919709621]]]], "type": "MultiPolygon"}, "properties": {"fid": 250, "TT": 100.0, "id": 100.0, "Tinh": "Kiên Giang", "Huyen": "Kiên Hải", "Xa": "Lại Sơn", "Ddanh": "Bãi Nhà B", "TK": "1", "Khoanh": "1", "Lo": "60", "ldlr": "Rừng trồng khác", "sldlr": "Dừa, Xoài, Mít, Sao, Sến", "Ht2023": "NULL", "namtr": "NULL", "ChuQL": "Ban Quản lí rừng Kiên Giang", "Nguoinkcu": "Trương Thị Vui", "Churung": "Nguyễn Thị Thanh Hiền", "CMND": "370620932/ Ngày cấp 19/07/2007/ CA Kiên Giang", "DienThoai": "0782191919", "Dtich": 0.52, "DtichBS": 0.52, "NgayDoVe": "PyQt5.QtCore.QDate(2019, 9, 4)", "TranhChap": "Không", "KT": 1.0, "Lapdia": "1", "mdsd": "Phòng hộ môi sinh", "nqh": "0", "Anh": "https://cdn2.fptshop.com.vn/unsafe/1920x0/filters:format(webp):quality(75)/hinh_nen_meme_con_luoi_flash_zootopia_1_c520bf6214.jpg", "Anh2": "https://png.pngtree.com/thumb_back/fh260/background/20230830/pngtree-the-lotus-is-also-represented-image_13145607.jpg"}}, {"type": "Feature", "geometry": {"coordinates": [[[[104.63139400235407, 9.809523036857787], [104.63140604116872, 9.809535962184226], [104.6315420207917, 9.809670996223415], [104.63161408777779, 9.809789960352928], [104.63164109302929, 9.809841941096806], [104.63192406132703, 9.80982492262261], [104.63197502356488, 9.809827977046846], [104.63214809328176, 9.809696982131111], [104.63218700192404, 9.80942001193097], [104.63221805492283, 9.809334010842997], [104.63229601364935, 9.80936698355366], [104.6329350583703, 9.809092038989228], [104.63291203386763, 9.80896392354033], [104.63279298668355, 9.80876893526417], [104.63284705187523, 9.80855199761537], [104.63282707171003, 9.80828499655438], [104.6327929949492, 9.807873962684406], [104.63260307042341, 9.807569956112477], [104.63257807081933, 9.807517974653534], [104.63247498359986, 9.807795964622938], [104.63230306370043, 9.808064939475727], [104.63228306283925, 9.808434039839591], [104.63206100530874, 9.808480963742662], [104.63189098949044, 9.808494954544228], [104.63176702664909, 9.808546993988372], [104.6316610783463, 9.808507973914637], [104.63149302828246, 9.80842096512663], [104.63145806972916, 9.808544039680294], [104.6314340362192, 9.808629947562993], [104.63115499692148, 9.808898963355196], [104.63125906407465, 9.809254000599543], [104.63139400235407, 9.809523036857787]]]], "type": "MultiPolygon"}, "properties": {"fid": 251, "TT": 101.0, "id": 101.0, "Tinh": "Kiên Giang", "Huyen": "Kiên Hải", "Xa": "Lại Sơn", "Ddanh": "Bãi Nhà B", "TK": "1", "Khoanh": "1", "Lo": "42", "ldlr": "Rừng trồng khác", "sldlr": "Xoài, Mít, Dừa, Mận", "Ht2023": "NULL", "namtr": "2010", "ChuQL": "Ban Quản lí rừng Kiên Giang", "Nguoinkcu": "Trần Văn Cu", "Churung": "Trần Văn Cu", "CMND": "371512491/ Ngày cấp 21/12/2017/ CA Kiên Giang", "DienThoai": "0834218256", "Dtich": 2.43, "DtichBS": 2.43, "NgayDoVe": "PyQt5.QtCore.QDate(2019, 8, 26)", "TranhChap": "Không", "KT": 1.0, "Lapdia": "1", "mdsd": "Phòng hộ môi sinh", "nqh": "0", "Anh": "https://cdn2.fptshop.com.vn/unsafe/1920x0/filters:format(webp):quality(75)/hinh_nen_meme_con_luoi_flash_zootopia_1_c520bf6214.jpg", "Anh2": "https://png.pngtree.com/thumb_back/fh260/background/20230830/pngtree-the-lotus-is-also-represented-image_13145607.jpg"}}, {"type": "Feature", "geometry": {"coordinates": [[[[104.6329149336439, 9.81966353366387], [104.63310005855374, 9.819801802743674], [104.63347997544147, 9.820085479917998], [104.63361411971157, 9.820177654870815], [104.63367831418398, 9.82020900508913], [104.63384742940478, 9.819754218757064], [104.63379107906268, 9.81973199783655], [104.63376609398792, 9.819718987303572], [104.6337720736994, 9.819626033722573], [104.63382005779577, 9.819474019626975], [104.63385902356303, 9.81934009298387], [104.63393808067863, 9.819150994600516], [104.63403340885588, 9.819069760192862], [104.63379199712242, 9.818840009348863], [104.63380307210855, 9.818722007554243], [104.63372497330019, 9.818573027101868], [104.63365498000547, 9.818403066110927], [104.63337004009931, 9.818523074679367], [104.63332199827973, 9.818531050510598], [104.63323210802223, 9.818532080501688], [104.63315502549055, 9.818644050136825], [104.63292799185689, 9.819259986409836], [104.63294699678144, 9.819593988499154], [104.6329149336439, 9.81966353366387]]]], "type": "MultiPolygon"}, "properties": {"fid": 252, "TT": 102.0, "id": 102.0, "Tinh": "Kiên Giang", "Huyen": "Kiên Hải", "Xa": "Lại Sơn", "Ddanh": "ấp bãi Bấc", "TK": "1", "Khoanh": "1", "Lo": "3", "ldlr": "Rừng trồng khác", "sldlr": "Dừa, Mít, Xoài", "Ht2023": "NULL", "namtr": "1975", "ChuQL": "Ban Quản lí rừng Kiên Giang", "Nguoinkcu": "Nguyễn Văn Tâm", "Churung": "Nguyễn Văn Tâm", "CMND": "371512354/ Ngày cấp 21/03/2013/ CA Kiên Giang", "DienThoai": "0829123464", "Dtich": 1.49, "DtichBS": 1.49, "NgayDoVe": "PyQt5.QtCore.QDate(2019, 9, 9)", "TranhChap": "không", "KT": 0.0, "Lapdia": "1", "mdsd": "Phòng hộ môi sinh", "nqh": "0", "Anh": "https://cdn2.fptshop.com.vn/unsafe/1920x0/filters:format(webp):quality(75)/hinh_nen_meme_con_luoi_flash_zootopia_1_c520bf6214.jpg", "Anh2": "https://png.pngtree.com/thumb_back/fh260/background/20230830/pngtree-the-lotus-is-also-represented-image_13145607.jpg"}}, {"type": "Feature", "geometry": {"coordinates": [[[[104.63950322278856, 9.812677697280181], [104.6395020337032, 9.812668294142753], [104.63950066168168, 9.8126574443688], [104.63949591283362, 9.81263773487496], [104.63949289911712, 9.812625167806477], [104.63935819607444, 9.812065164897296], [104.63927874438156, 9.811734985566789], [104.63927819633312, 9.811732454046147], [104.63927609847781, 9.811729923162478], [104.6384695544517, 9.81193460175235], [104.63862604846328, 9.812285003736786], [104.63863005849397, 9.812282018252917], [104.63875806159712, 9.81251796074145], [104.63877703773771, 9.8127699520968], [104.63950322278856, 9.812677697280181]]]], "type": "MultiPolygon"}, "properties": {"fid": 253, "TT": 103.0, "id": 103.0, "Tinh": "Kiên Giang", "Huyen": "Kiên Hải", "Xa": "Lại Sơn", "Ddanh": "ấp bãi Bấc", "TK": "1", "Khoanh": "1", "Lo": "20", "ldlr": "Rừng trồng khác", "sldlr": "Mít, Dừa, Xoài, Trầm hương", "Ht2023": "NULL", "namtr": "1975", "ChuQL": "Ban Quản lí rừng Kiên Giang", "Nguoinkcu": "Nguyễn Văn Tuấn", "Churung": "Nguyễn Văn Tuấn", "CMND": "371407323/ Ngày cấp 21/07/2016/ CA Kiên Giang", "DienThoai": "0825449370", "Dtich": 0.85, "DtichBS": 0.85, "NgayDoVe": "PyQt5.QtCore.QDate(2019, 9, 9)", "TranhChap": "Không", "KT": 0.0, "Lapdia": "1", "mdsd": "Phòng hộ môi sinh", "nqh": "0", "Anh": "https://cdn2.fptshop.com.vn/unsafe/1920x0/filters:format(webp):quality(75)/hinh_nen_meme_con_luoi_flash_zootopia_1_c520bf6214.jpg", "Anh2": "https://png.pngtree.com/thumb_back/fh260/background/20230830/pngtree-the-lotus-is-also-represented-image_13145607.jpg"}}, {"type": "Feature", "geometry": {"coordinates": [[[[104.64436994442023, 9.81108698851026], [104.64394802386485, 9.811910075668825], [104.64433107403661, 9.81206100368319], [104.64468407919682, 9.811462004960433], [104.64482770482353, 9.811345845002608], [104.64476897812224, 9.811307984333537], [104.64436994442023, 9.81108698851026]]]], "type": "MultiPolygon"}, "properties": {"fid": 254, "TT": 104.0, "id": 104.0, "Tinh": "Kiên Giang", "Huyen": "Kiên Hải", "Xa": "Lại Sơn", "Ddanh": "ấp bãi Bấc", "TK": "1", "Khoanh": "2", "Lo": "5", "ldlr": "Rừng trồng khác", "sldlr": "Dừa, Tràm", "Ht2023": "NULL", "namtr": "2015", "ChuQL": "Ban Quản lí rừng Kiên Giang", "Nguoinkcu": "Trần Văn Phường", "Churung": "Nguyễn Văn Tuấn", "CMND": "371407323/ Ngày cấp 21/07/2016/ CA Kiên Giang", "DienThoai": "0825449370", "Dtich": 0.48, "DtichBS": 0.48, "NgayDoVe": "PyQt5.QtCore.QDate(2019, 9, 9)", "TranhChap": "Không", "KT": 0.0, "Lapdia": "1", "mdsd": "Phòng hộ môi sinh", "nqh": "0", "Anh": "https://cdn2.fptshop.com.vn/unsafe/1920x0/filters:format(webp):quality(75)/hinh_nen_meme_con_luoi_flash_zootopia_1_c520bf6214.jpg", "Anh2": "https://png.pngtree.com/thumb_back/fh260/background/20230830/pngtree-the-lotus-is-also-represented-image_13145607.jpg"}}, {"type": "Feature", "geometry": {"coordinates": [[[[104.61782403117077, 9.802460920368604], [104.61786701969832, 9.802346976714615], [104.61796097019541, 9.802238983029572], [104.61720200200598, 9.801866988558562], [104.6169729958292, 9.801849978302242], [104.61712838063863, 9.801975065437517], [104.61752199060118, 9.802407948843843], [104.61719600120801, 9.802690984627334], [104.6166319641206, 9.802653021979383], [104.61662004184397, 9.803231982893475], [104.61642602062199, 9.803416957671251], [104.61653997711431, 9.803425056296273], [104.61658302487629, 9.803479022011206], [104.61669701529758, 9.803584050398438], [104.6166989988381, 9.803521027244518], [104.61782403117077, 9.802460920368604]]]], "type": "MultiPolygon"}, "properties": {"fid": 255, "TT": 105.0, "id": 105.0, "Tinh": "Kiên Giang", "Huyen": "Kiên Hải", "Xa": "Lại Sơn", "Ddanh": "ấp Thiên Tuế", "TK": "1", "Khoanh": "1", "Lo": "104", "ldlr": "Rừng trồng khác", "sldlr": "Xoài, Me", "Ht2023": "NULL", "namtr": "1968", "ChuQL": "Ban Quản lí rừng Kiên Giang", "Nguoinkcu": "Lê Công Hải", "Churung": "Lê Công Hải", "CMND": "370527436/ Ngày cấp 02/03/2017/ CA Kiên Giang", "DienThoai": "0981025791", "Dtich": 0.96, "DtichBS": 0.96, "NgayDoVe": "PyQt5.QtCore.QDate(2019, 9, 9)", "TranhChap": "Không", "KT": 0.0, "Lapdia": "1", "mdsd": "Phòng hộ môi sinh", "nqh": "0", "Anh": "https://cdn2.fptshop.com.vn/unsafe/1920x0/filters:format(webp):quality(75)/hinh_nen_meme_con_luoi_flash_zootopia_1_c520bf6214.jpg", "Anh2": "https://png.pngtree.com/thumb_back/fh260/background/20230830/pngtree-the-lotus-is-also-represented-image_13145607.jpg"}}, {"type": "Feature", "geometry": {"coordinates": [[[[104.64677297714911, 9.800557961937658], [104.64682099885358, 9.80051092300434], [104.64683993811566, 9.80045991819408], [104.64697997799296, 9.800080005116035], [104.64708993461143, 9.799907979518528], [104.64718403426689, 9.799747986562048], [104.64728598914536, 9.799622892107932], [104.64733902282428, 9.799571962886104], [104.64739997118751, 9.799483958210367], [104.64749299165906, 9.799357963380398], [104.64757096906732, 9.799228991223517], [104.64761395758532, 9.79913900509042], [104.64768404052136, 9.799092951051984], [104.64774697437181, 9.798960006942627], [104.64776598199414, 9.798858005433534], [104.64767799072834, 9.798812020199398], [104.64755399375771, 9.798773012905466], [104.64749693766251, 9.798797993503452], [104.64741492848991, 9.798880039659467], [104.64741597231655, 9.798972990485986], [104.64736898015916, 9.799079977206368], [104.64726295695925, 9.799074959745026], [104.64701598160983, 9.799033021763464], [104.64680191901888, 9.799205996596514], [104.64682394350648, 9.799329952247112], [104.64679000174962, 9.799469936370262], [104.64667596000116, 9.799681024879053], [104.64642194600069, 9.799804014742447], [104.64627400042627, 9.799827045120413], [104.64618203065666, 9.800271948856246], [104.64641197798655, 9.800355939860513], [104.64660199866039, 9.80044492103671], [104.64677297714911, 9.800557961937658]]]], "type": "MultiPolygon"}, "properties": {"fid": 256, "TT": 106.0, "id": 106.0, "Tinh": "Kiên Giang", "Huyen": "Kiên Hải", "Xa": "Lại Sơn", "Ddanh": "Bãi Nhà A", "TK": "1", "Khoanh": "2", "Lo": "72", "ldlr": "Rừng trồng khác", "sldlr": "Cóc, Trầm hương", "Ht2023": "NULL", "namtr": "NULL", "ChuQL": "Ban Quản lí rừng Kiên Giang", "Nguoinkcu": "Danh Ngôn", "Churung": "Nguyễn Thị Thanh Hiền", "CMND": "370620932/ Ngày cấp 19/07/2007/ CA Kiên Giang", "DienThoai": "0782191919", "Dtich": 1.27, "DtichBS": 1.27, "NgayDoVe": "PyQt5.QtCore.QDate(2019, 8, 22)", "TranhChap": "Không", "KT": 0.0, "Lapdia": "1", "mdsd": "Phòng hộ môi sinh", "nqh": "0", "Anh": "https://cdn2.fptshop.com.vn/unsafe/1920x0/filters:format(webp):quality(75)/hinh_nen_meme_con_luoi_flash_zootopia_1_c520bf6214.jpg", "Anh2": "https://png.pngtree.com/thumb_back/fh260/background/20230830/pngtree-the-lotus-is-also-represented-image_13145607.jpg"}}, {"type": "Feature", "geometry": {"coordinates": [[[[104.62579600457858, 9.806038944044488], [104.62558201721399, 9.805968948200317], [104.62553062562206, 9.805792287382717], [104.62508099790614, 9.806011178501679], [104.62453003179338, 9.806327036049542], [104.62447394717509, 9.806520554534764], [104.62439254017053, 9.806770956212823], [104.62446595504446, 9.806845977514152], [104.62468401412828, 9.807076919394323], [104.62498748375752, 9.806793613555092], [104.62532439824028, 9.80647910033254], [104.62579600457858, 9.806038944044488]]]], "type": "MultiPolygon"}, "properties": {"fid": 257, "TT": 107.0, "id": 107.0, "Tinh": "Kiên Giang", "Huyen": "Kiên Hải", "Xa": "Lại Sơn", "Ddanh": "Bãi Nhà B", "TK": "1", "Khoanh": "1", "Lo": "63", "ldlr": "Rừng trồng khác", "sldlr": "Mít, Xoài, Dừa", "Ht2023": "NULL", "namtr": "NULL", "ChuQL": "Ban Quản lí rừng Kiên Giang", "Nguoinkcu": "Nguyễn Thúy Diễm", "Churung": "Thái Thu Vân", "CMND": "370212024/ Ngày cấp 31/03/2019/ CA Kiên Giang", "DienThoai": "0868733306", "Dtich": 0.94, "DtichBS": 0.94, "NgayDoVe": "PyQt5.QtCore.QDate(2019, 9, 3)", "TranhChap": "Không", "KT": 0.0, "Lapdia": "1", "mdsd": "Phòng hộ môi sinh", "nqh": "0", "Anh": "https://cdn2.fptshop.com.vn/unsafe/1920x0/filters:format(webp):quality(75)/hinh_nen_meme_con_luoi_flash_zootopia_1_c520bf6214.jpg", "Anh2": "https://png.pngtree.com/thumb_back/fh260/background/20230830/pngtree-the-lotus-is-also-represented-image_13145607.jpg"}}, {"type": "Feature", "geometry": {"coordinates": [[[[104.64434095089815, 9.799703003635107], [104.64434395880755, 9.799702007740477], [104.64445397944286, 9.799675015892165], [104.64456100014695, 9.799877962175717], [104.64478198435584, 9.79989604227189], [104.64501395574102, 9.800023977264942], [104.6450169645155, 9.800024970593793], [104.64505194246675, 9.799960034413841], [104.64510499419816, 9.799740020994356], [104.64505896604524, 9.799549978807352], [104.6450829163561, 9.799491919222769], [104.64507100929002, 9.799362986050964], [104.64505696775426, 9.799356933945257], [104.64497099228997, 9.79933400412816], [104.6447789149781, 9.79933499033901], [104.6445519495542, 9.799397928692736], [104.644295959228, 9.799589907927087], [104.64434095089815, 9.799703003635107]]]], "type": "MultiPolygon"}, "properties": {"fid": 258, "TT": 108.0, "id": 108.0, "Tinh": "Kiên Giang", "Huyen": "Kiên Hải", "Xa": "Lại Sơn", "Ddanh": "Bãi Nhà A", "TK": "1", "Khoanh": "2", "Lo": "71", "ldlr": "Rừng trồng khác", "sldlr": "Dừa, Xoài", "Ht2023": "NULL", "namtr": "NULL", "ChuQL": "Ban Quản lí rừng Kiên Giang", "Nguoinkcu": "Nguyễn Việt út", "Churung": "Trần Minh Phước", "CMND": "371110646/ Ngày cấp 31/03/2019/ CA Kiên Giang", "DienThoai": "NULL", "Dtich": 0.44, "DtichBS": 0.44, "NgayDoVe": "PyQt5.QtCore.QDate(2019, 8, 22)", "TranhChap": "Không", "KT": 0.0, "Lapdia": "1", "mdsd": "Phòng hộ môi sinh", "nqh": "0", "Anh": "https://cdn2.fptshop.com.vn/unsafe/1920x0/filters:format(webp):quality(75)/hinh_nen_meme_con_luoi_flash_zootopia_1_c520bf6214.jpg", "Anh2": "https://png.pngtree.com/thumb_back/fh260/background/20230830/pngtree-the-lotus-is-also-represented-image_13145607.jpg"}}, {"type": "Feature", "geometry": {"coordinates": [[[[104.64215698200283, 9.80974600831054], [104.64217100044816, 9.80969699506403], [104.64232401280123, 9.809572965719884], [104.64251099553573, 9.80958301413854], [104.64298498323595, 9.809850004121513], [104.6430899518523, 9.809938932603183], [104.64314696984772, 9.809820006895931], [104.64311990999514, 9.809644966186129], [104.64312194627223, 9.809504001336602], [104.64306697772798, 9.809300038163498], [104.64302600584286, 9.809209003022676], [104.64303600433344, 9.809140008728567], [104.64298495312947, 9.809142019496122], [104.64292394915523, 9.809107052878753], [104.6429039511023, 9.809029933479685], [104.64283501368973, 9.808989906698349], [104.64277370695909, 9.808886492620758], [104.6426959247191, 9.80884194856051], [104.64266296434735, 9.808724959602312], [104.64262191304344, 9.808660959870979], [104.64255697587386, 9.808594980951082], [104.64247500168278, 9.808553964961465], [104.64230897113086, 9.808506021947949], [104.64233698671936, 9.808572016421722], [104.64234201823628, 9.808612974343022], [104.64235200593541, 9.8087319622119], [104.64232799618526, 9.808866968607507], [104.64225506699451, 9.8090859952488], [104.64223294945717, 9.809169009630057], [104.64222398388279, 9.809308982775208], [104.64218494852233, 9.80948296626503], [104.64217393126788, 9.809514979388332], [104.6421889274352, 9.809620944747861], [104.64215698200283, 9.80974600831054]]]], "type": "MultiPolygon"}, "properties": {"fid": 259, "TT": 109.0, "id": 109.0, "Tinh": "Kiên Giang", "Huyen": "Kiên Hải", "Xa": "Lại Sơn", "Ddanh": "ấp bãi Bấc", "TK": "1", "Khoanh": "2", "Lo": "8", "ldlr": "Rừng trồng khác", "sldlr": "Sao, Dầu, Mít", "Ht2023": "NULL", "namtr": "NULL", "ChuQL": "Ban Quản lí rừng Kiên Giang", "Nguoinkcu": "Huỳnh Văn Luân", "Churung": "Huỳnh Minh Tân", "CMND": "370782766/ Ngày cấp 22/07/2014/ CA Kiên Giang", "DienThoai": "0333326906", "Dtich": 0.92, "DtichBS": 0.92, "NgayDoVe": "PyQt5.QtCore.QDate(2019, 5, 9)", "TranhChap": "Không", "KT": 0.0, "Lapdia": "1", "mdsd": "Phòng hộ môi sinh", "nqh": "0", "Anh": "https://cdn2.fptshop.com.vn/unsafe/1920x0/filters:format(webp):quality(75)/hinh_nen_meme_con_luoi_flash_zootopia_1_c520bf6214.jpg", "Anh2": "https://png.pngtree.com/thumb_back/fh260/background/20230830/pngtree-the-lotus-is-also-represented-image_13145607.jpg"}}, {"type": "Feature", "geometry": {"coordinates": [[[[104.64079537436375, 9.807217633443468], [104.64086897545899, 9.807293012744028], [104.64105296705894, 9.807347007112114], [104.64107694614935, 9.807354049856594], [104.64113902578526, 9.80734697129594], [104.64120995811766, 9.807363036431822], [104.64124998374565, 9.807374050938424], [104.64129996781078, 9.80743596747473], [104.64128795750044, 9.80749103796251], [104.64121003093496, 9.807535014312224], [104.6411240038794, 9.80761000790859], [104.6410769759278, 9.807639956340077], [104.64100189908537, 9.807739991553225], [104.64095601326461, 9.807883958495644], [104.64092303002673, 9.80792692147549], [104.64088796482804, 9.808004968087177], [104.64092207838343, 9.808047993594492], [104.64089393656438, 9.808114011533586], [104.64086497509744, 9.808182019040034], [104.64095998253384, 9.80821606770241], [104.64103193134774, 9.808264050535914], [104.64118898942489, 9.80822203050707], [104.64123297471995, 9.808111067448893], [104.64132403575202, 9.808082909032143], [104.64132599944205, 9.807983989271856], [104.64135395967949, 9.807919960602606], [104.64134098303563, 9.807846002855115], [104.64144595354149, 9.807726967000418], [104.64148697055496, 9.807710945631301], [104.64152791930843, 9.807748904732518], [104.64161795329917, 9.807663963215264], [104.64163097066516, 9.807619019281304], [104.64166596319068, 9.807585006925251], [104.64170294176112, 9.80750497020532], [104.6417579767665, 9.8074390313751], [104.64181492826845, 9.807377974387833], [104.64186595032727, 9.807308058760352], [104.64189898496015, 9.807172053992325], [104.64196194977899, 9.807102947127085], [104.64195290497074, 9.807056927383352], [104.64199400368648, 9.807018933978418], [104.64203198410999, 9.806936997992564], [104.64211497298598, 9.806793015354403], [104.64214505147424, 9.806779982335566], [104.64215798477915, 9.806751946864413], [104.64204393339723, 9.80673897425614], [104.64200099358415, 9.80673501378466], [104.64197392430572, 9.806749944340448], [104.64193092395612, 9.806817957817245], [104.64183601126291, 9.807005979701987], [104.64183895699882, 9.807072979327476], [104.64172599352821, 9.807045991134393], [104.64163692643726, 9.807045937935767], [104.64130003114504, 9.806939926002892], [104.64119199780131, 9.806929934444453], [104.64110803212452, 9.806920927450033], [104.64107098708016, 9.80684399585898], [104.64098991412953, 9.80677693830224], [104.64085995051816, 9.806861986667387], [104.6408410141882, 9.80692293728788], [104.64080888463796, 9.80704438404255], [104.64079896362242, 9.807081912261568], [104.64082195172158, 9.807116985485616], [104.64079537436375, 9.807217633443468]]]], "type": "MultiPolygon"}, "properties": {"fid": 260, "TT": 110.0, "id": 110.0, "Tinh": "Kiên Giang", "Huyen": "Kiên Hải", "Xa": "Lại Sơn", "Ddanh": "Bãi Nhà A", "TK": "1", "Khoanh": "2", "Lo": "15", "ldlr": "Rừng trồng khác", "sldlr": "Điều, Mít, Dầu", "Ht2023": "NULL", "namtr": "NULL", "ChuQL": "Ban Quản lí rừng Kiên Giang", "Nguoinkcu": "Nguyễn Hùng Dũng", "Churung": "Nguyễn Hùng Dũng", "CMND": "370607627/ Ngày cấp 27/09/2016/ CA Kiên Giang", "DienThoai": "NULL", "Dtich": 1.05, "DtichBS": 1.05, "NgayDoVe": "PyQt5.QtCore.QDate(2019, 9, 8)", "TranhChap": "Không", "KT": 0.0, "Lapdia": "1", "mdsd": "Phòng hộ môi sinh", "nqh": "0", "Anh": "https://cdn2.fptshop.com.vn/unsafe/1920x0/filters:format(webp):quality(75)/hinh_nen_meme_con_luoi_flash_zootopia_1_c520bf6214.jpg", "Anh2": "https://png.pngtree.com/thumb_back/fh260/background/20230830/pngtree-the-lotus-is-also-represented-image_13145607.jpg"}}, {"type": "Feature", "geometry": {"coordinates": [[[[104.62718904569132, 9.805720961236233], [104.62732804406727, 9.805414025046971], [104.62719839377672, 9.805372390284838], [104.62730296915056, 9.805162125535396], [104.62749408307634, 9.804777951387424], [104.62716205085472, 9.804737025574331], [104.62686603544604, 9.805673973651041], [104.62690404188828, 9.805650992857466], [104.62691898891688, 9.805641041110112], [104.6269200828788, 9.805641040700625], [104.62692701206112, 9.805643027337407], [104.62702604457239, 9.805719033110215], [104.62708202430879, 9.805733027167184], [104.62718904569132, 9.805720961236233]]]], "type": "MultiPolygon"}, "properties": {"fid": 261, "TT": 111.0, "id": 111.0, "Tinh": "Kiên Giang", "Huyen": "Kiên Hải", "Xa": "Lại Sơn", "Ddanh": "Bãi Nhà B", "TK": "1", "Khoanh": "1", "Lo": "79", "ldlr": "Rừng trồng khác", "sldlr": "Dừa, Mít, Vú sữa", "Ht2023": "NULL", "namtr": "NULL", "ChuQL": "Ban Quản lí rừng Kiên Giang", "Nguoinkcu": "Vương Hữu Thạnh", "Churung": "Nguyễn Thị Tường", "CMND": "371044781/ Ngày cấp 12/04/2018/ CA Kiên Giang", "DienThoai": "0834690505", "Dtich": 0.36, "DtichBS": 0.36, "NgayDoVe": "PyQt5.QtCore.QDate(2019, 9, 1)", "TranhChap": "Không", "KT": 1.0, "Lapdia": "1", "mdsd": "Phòng hộ môi sinh", "nqh": "0", "Anh": "https://cdn2.fptshop.com.vn/unsafe/1920x0/filters:format(webp):quality(75)/hinh_nen_meme_con_luoi_flash_zootopia_1_c520bf6214.jpg", "Anh2": "https://png.pngtree.com/thumb_back/fh260/background/20230830/pngtree-the-lotus-is-also-represented-image_13145607.jpg"}}, {"type": "Feature", "geometry": {"coordinates": [[[[104.64148082240209, 9.802672501152449], [104.6414699632388, 9.802647007372826], [104.64135296134027, 9.802552025220509], [104.64129200752659, 9.80241696382839], [104.64126494070682, 9.80243695782011], [104.6409639902043, 9.802382921722911], [104.64073791844562, 9.802409960624011], [104.64056899816123, 9.802202969922599], [104.64057501065815, 9.802192930861729], [104.640555132206, 9.802181003720024], [104.64045995517289, 9.802172995806734], [104.64042705643334, 9.802198959837014], [104.64031804706994, 9.802248916536916], [104.6402220571588, 9.802258992801884], [104.63993606251006, 9.802433982307786], [104.64005306860055, 9.802539996137796], [104.64073201092057, 9.802885027330843], [104.6407340169192, 9.802886021113407], [104.6408169648524, 9.802862025508004], [104.6409040087553, 9.802823018537733], [104.6409609423359, 9.802721001643054], [104.64114292499855, 9.802773007615954], [104.64134592435148, 9.802725995341028], [104.64139997659417, 9.80270897393873], [104.64144099345644, 9.802694037613342], [104.64148082240209, 9.802672501152449]]]], "type": "MultiPolygon"}, "properties": {"fid": 262, "TT": 112.0, "id": 112.0, "Tinh": "Kiên Giang", "Huyen": "Kiên Hải", "Xa": "Lại Sơn", "Ddanh": "Bãi Nhà A", "TK": "1", "Khoanh": "2", "Lo": "45", "ldlr": "Rừng trồng khác", "sldlr": "Trầm hương", "Ht2023": "NULL", "namtr": "NULL", "ChuQL": "Ban Quản lí rừng Kiên Giang", "Nguoinkcu": "Đoàn Hồng Dinh", "Churung": "Đoàn Hồng Dinh", "CMND": "370782917/ Ngày cấp 05/04/2017/ CA Kiên Giang", "DienThoai": "0948731131", "Dtich": 0.68, "DtichBS": 0.68, "NgayDoVe": "PyQt5.QtCore.QDate(2019, 8, 23)", "TranhChap": "Không", "KT": 0.0, "Lapdia": "1", "mdsd": "Phòng hộ môi sinh", "nqh": "0", "Anh": "https://cdn2.fptshop.com.vn/unsafe/1920x0/filters:format(webp):quality(75)/hinh_nen_meme_con_luoi_flash_zootopia_1_c520bf6214.jpg", "Anh2": "https://png.pngtree.com/thumb_back/fh260/background/20230830/pngtree-the-lotus-is-also-represented-image_13145607.jpg"}}, {"type": "Feature", "geometry": {"coordinates": [[[[104.61948105865292, 9.801595929178996], [104.61924559682488, 9.801881014667766], [104.61894521312729, 9.801871897336428], [104.61893002289429, 9.801967024099309], [104.61888596682611, 9.802153936889667], [104.6188510594213, 9.802176011509346], [104.61885100172138, 9.802269957509552], [104.61908067199948, 9.803124975221897], [104.61947666041215, 9.803060818870343], [104.61980236621137, 9.803007989342873], [104.61976164444204, 9.802578058483414], [104.61927732347485, 9.802396937830695], [104.61959866724101, 9.802129905975539], [104.61958061252955, 9.801862903221348], [104.61955346431715, 9.801659287817676], [104.61948105865292, 9.801595929178996]]]], "type": "MultiPolygon"}, "properties": {"fid": 263, "TT": 113.0, "id": 113.0, "Tinh": "Kiên Giang", "Huyen": "Kiên Hải", "Xa": "Lại Sơn", "Ddanh": "ấp Thiên Tuế", "TK": "1", "Khoanh": "1", "Lo": "107", "ldlr": "Rừng trồng khác", "sldlr": "Dừa, Xoài, Mít", "Ht2023": "NULL", "namtr": "NULL", "ChuQL": "Ban Quản lí rừng Kiên Giang", "Nguoinkcu": "Huỳnh Thanh Sang", "Churung": "Huỳnh Thanh Sang", "CMND": "371120329/ Ngày cấp 03/03/2017/ CA Kiên Giang", "DienThoai": "0947477485", "Dtich": 1.06, "DtichBS": 1.06, "NgayDoVe": "PyQt5.QtCore.QDate(2019, 9, 4)", "TranhChap": "Không", "KT": 0.0, "Lapdia": "1", "mdsd": "Phòng hộ môi sinh", "nqh": "0", "Anh": "https://cdn2.fptshop.com.vn/unsafe/1920x0/filters:format(webp):quality(75)/hinh_nen_meme_con_luoi_flash_zootopia_1_c520bf6214.jpg", "Anh2": "https://png.pngtree.com/thumb_back/fh260/background/20230830/pngtree-the-lotus-is-also-represented-image_13145607.jpg"}}, {"type": "Feature", "geometry": {"coordinates": [[[[104.63740167075586, 9.806022504200888], [104.6374283994484, 9.806065623485454], [104.6376290779426, 9.80635307619644], [104.63769310442308, 9.806424752887958], [104.63770020496085, 9.80639997505314], [104.63780411670156, 9.806364036282215], [104.63784418035321, 9.80624701712504], [104.63782718629605, 9.806155971566486], [104.63770820787796, 9.80613196831459], [104.6376872138274, 9.806067959812326], [104.63768154433106, 9.80602591703231], [104.63765118895608, 9.806030992850877], [104.63758017377442, 9.80603400551818], [104.63750916228156, 9.806045969702836], [104.63740167075586, 9.806022504200888]]]], "type": "MultiPolygon"}, "properties": {"fid": 264, "TT": 114.0, "id": 114.0, "Tinh": "Kiên Giang", "Huyen": "Kiên Hải", "Xa": "Lại Sơn", "Ddanh": "Bãi Nhà A", "TK": "1", "Khoanh": "2", "Lo": "20", "ldlr": "Rừng trồng khác", "sldlr": "Mít, Xoài, Sao", "Ht2023": "NULL", "namtr": "NULL", "ChuQL": "Ban Quản lí rừng Kiên Giang", "Nguoinkcu": "Nguyễn Thị Mỹ Hạnh", "Churung": "Trần Kim Hẩn", "CMND": "370209999/ Ngày cấp 25/03/2019/ CA Kiên Giang", "DienThoai": "0944996113", "Dtich": 0.11, "DtichBS": 0.11, "NgayDoVe": "PyQt5.QtCore.QDate(2019, 9, 10)", "TranhChap": "Không", "KT": 0.0, "Lapdia": "1", "mdsd": "Phòng hộ môi sinh", "nqh": "0", "Anh": "https://cdn2.fptshop.com.vn/unsafe/1920x0/filters:format(webp):quality(75)/hinh_nen_meme_con_luoi_flash_zootopia_1_c520bf6214.jpg", "Anh2": "https://png.pngtree.com/thumb_back/fh260/background/20230830/pngtree-the-lotus-is-also-represented-image_13145607.jpg"}}, {"type": "Feature", "geometry": {"coordinates": [[[[104.63281926464386, 9.815689634735513], [104.63429223072572, 9.81567304974094], [104.6342862215949, 9.814561344422831], [104.63429222550032, 9.814528971862389], [104.63279966639821, 9.814552074678224], [104.63281926464386, 9.815689634735513]]]], "type": "MultiPolygon"}, "properties": {"fid": 265, "TT": 116.0, "id": 116.0, "Tinh": "Kiên Giang", "Huyen": "Kiên Hải", "Xa": "Lại Sơn", "Ddanh": "ấp Thiên Tuế", "TK": "1", "Khoanh": "1", "Lo": "10", "ldlr": "Rừng trồng khác", "sldlr": "Tràm Bông Vàng, Thanh thất", "Ht2023": "NULL", "namtr": "NULL", "ChuQL": "Ban Quản lí rừng Kiên Giang", "Nguoinkcu": "Lê Thị Nhanh", "Churung": "Lê Thị Nhanh", "CMND": "091169000281 Ngày cấp 03/04/2021", "DienThoai": "0346651515", "Dtich": 2.06, "DtichBS": 2.06, "NgayDoVe": "PyQt5.QtCore.QDate(2023, 8, 3)", "TranhChap": "0", "KT": 0.0, "Lapdia": "1", "mdsd": "Phòng hộ môi sinh", "nqh": "0", "Anh": "https://cdn2.fptshop.com.vn/unsafe/1920x0/filters:format(webp):quality(75)/hinh_nen_meme_con_luoi_flash_zootopia_1_c520bf6214.jpg", "Anh2": "https://png.pngtree.com/thumb_back/fh260/background/20230830/pngtree-the-lotus-is-also-represented-image_13145607.jpg"}}, {"type": "Feature", "geometry": {"coordinates": [[[[104.64059008628946, 9.800974882926521], [104.64048822149482, 9.800887851102054], [104.63949709951326, 9.8013073547268], [104.63947659163236, 9.801316043436344], [104.6396980521196, 9.801599055914224], [104.64051088846212, 9.801676933097506], [104.64047700324369, 9.80152495187677], [104.64051008930659, 9.80107799435511], [104.64059008628946, 9.800974882926521]]]], "type": "MultiPolygon"}, "properties": {"fid": 266, "TT": 117.0, "id": 117.0, "Tinh": "Kiên Giang", "Huyen": "Kiên Hải", "Xa": "Lại Sơn", "Ddanh": "Bãi Nhà A", "TK": "1", "Khoanh": "2", "Lo": "56", "ldlr": "Rừng trồng khác", "sldlr": "Xoài", "Ht2023": "NULL", "namtr": "NULL", "ChuQL": "Ban Quản lí rừng Kiên Giang", "Nguoinkcu": "Đoàn Hồng Phục", "Churung": "Đoàn Hồng Phục", "CMND": "370782909/ Ngày cấp 05/05/2018/ CA Kiên Giang", "DienThoai": "NULL", "Dtich": 0.63, "DtichBS": 0.63, "NgayDoVe": "PyQt5.QtCore.QDate(2019, 8, 22)", "TranhChap": "Không", "KT": 0.0, "Lapdia": "1", "mdsd": "Phòng hộ môi sinh", "nqh": "0", "Anh": "https://cdn2.fptshop.com.vn/unsafe/1920x0/filters:format(webp):quality(75)/hinh_nen_meme_con_luoi_flash_zootopia_1_c520bf6214.jpg", "Anh2": "https://png.pngtree.com/thumb_back/fh260/background/20230830/pngtree-the-lotus-is-also-represented-image_13145607.jpg"}}, {"type": "Feature", "geometry": {"coordinates": [[[[104.63092405836795, 9.806527980862661], [104.63062498024428, 9.806372032070687], [104.63063598665725, 9.80607698882069], [104.63013702947896, 9.806028987071855], [104.62991803541983, 9.805979973233967], [104.62936007973082, 9.805890942458916], [104.62933003726864, 9.805998010680028], [104.629303043462, 9.806208969810237], [104.6292929820608, 9.806357985081515], [104.62928605943925, 9.806372997368152], [104.62951109687617, 9.80649000481015], [104.62989204746893, 9.80666599637313], [104.6299270571007, 9.806673035683854], [104.63017697251249, 9.806763992310245], [104.63035403644055, 9.806824957476875], [104.6305470486502, 9.806871991798342], [104.63060403385975, 9.806891952572036], [104.63092405836795, 9.806527980862661]]]], "type": "MultiPolygon"}, "properties": {"fid": 267, "TT": 118.0, "id": 118.0, "Tinh": "Kiên Giang", "Huyen": "Kiên Hải", "Xa": "Lại Sơn", "Ddanh": "Bãi Nhà B", "TK": "1", "Khoanh": "1", "Lo": "64", "ldlr": "Rừng trồng khác", "sldlr": "Dừa, Mít, Xoài", "Ht2023": "NULL", "namtr": "NULL", "ChuQL": "Ban Quản lí rừng Kiên Giang", "Nguoinkcu": "Nguyễn Kim Hằng", "Churung": "Nguyễn Thị Thanh Hiền", "CMND": "370620932/ Ngày cấp 19/07/2007/ CA Kiên Giang", "DienThoai": "0782191919", "Dtich": 1.18, "DtichBS": 1.18, "NgayDoVe": "PyQt5.QtCore.QDate(2019, 8, 26)", "TranhChap": "Không", "KT": 1.0, "Lapdia": "1", "mdsd": "Phòng hộ môi sinh", "nqh": "0", "Anh": "https://cdn2.fptshop.com.vn/unsafe/1920x0/filters:format(webp):quality(75)/hinh_nen_meme_con_luoi_flash_zootopia_1_c520bf6214.jpg", "Anh2": "https://png.pngtree.com/thumb_back/fh260/background/20230830/pngtree-the-lotus-is-also-represented-image_13145607.jpg"}}, {"type": "Feature", "geometry": {"coordinates": [[[[104.63897199791157, 9.815947031988017], [104.63893306669051, 9.815502003297185], [104.63872303024563, 9.815307958754518], [104.638332993286, 9.815020041784921], [104.6380681359567, 9.814751694387006], [104.63772298842704, 9.814768110383149], [104.63778998007267, 9.815171986977754], [104.63777304591493, 9.815226968910837], [104.6376100203287, 9.815177033199266], [104.63735802444198, 9.815367016386295], [104.63718808671334, 9.815800013734266], [104.63710996261057, 9.815813065770435], [104.63744296440792, 9.816406986798862], [104.63782808234463, 9.816481968895449], [104.63880308662631, 9.816870012803195], [104.63882011833678, 9.816392952691114], [104.63888503539663, 9.816190024781962], [104.63897199791157, 9.815947031988017]]]], "type": "MultiPolygon"}, "properties": {"fid": 268, "TT": 119.0, "id": 119.0, "Tinh": "Kiên Giang", "Huyen": "Kiên Hải", "Xa": "Lại Sơn", "Ddanh": "ấp bãi Bấc", "TK": "1", "Khoanh": "1", "Lo": "8", "ldlr": "Rừng trồng khác", "sldlr": "Mít, Dừa", "Ht2023": "NULL", "namtr": "NULL", "ChuQL": "Ban Quản lí rừng Kiên Giang", "Nguoinkcu": "Đinh Công Mười", "Churung": "Thái Thị Trang", "CMND": "370935835/ Ngày cấp 02/10/2017/ CA Kiên Giang", "DienThoai": "0938091836", "Dtich": 2.96, "DtichBS": 2.96, "NgayDoVe": "PyQt5.QtCore.QDate(2019, 12, 8)", "TranhChap": "Không", "KT": 0.0, "Lapdia": "1", "mdsd": "Phòng hộ môi sinh", "nqh": "0", "Anh": "https://cdn2.fptshop.com.vn/unsafe/1920x0/filters:format(webp):quality(75)/hinh_nen_meme_con_luoi_flash_zootopia_1_c520bf6214.jpg", "Anh2": "https://png.pngtree.com/thumb_back/fh260/background/20230830/pngtree-the-lotus-is-also-represented-image_13145607.jpg"}}, {"type": "Feature", "geometry": {"coordinates": [[[[104.6345500088744, 9.81015401203094], [104.6345071086103, 9.810023011172332], [104.63448110935825, 9.809980072216286], [104.63446602882874, 9.809884956861836], [104.63444202270892, 9.809811003215028], [104.63441809846925, 9.809713992555029], [104.63440902761414, 9.809600971746963], [104.63431599748814, 9.8094960315567], [104.63429401270913, 9.809460957492028], [104.6342190247816, 9.809335032794325], [104.6341470917163, 9.809550983099491], [104.63425607684165, 9.809658991280674], [104.63377102491287, 9.809972938817555], [104.63380009999965, 9.8101840569297], [104.63345500397668, 9.81031801388623], [104.63311892186653, 9.810424117740054], [104.63335906400883, 9.811143039371087], [104.63342008337433, 9.811217973135445], [104.63370403831746, 9.811158003503264], [104.63372801510491, 9.811158988657523], [104.63390101052738, 9.811070037962525], [104.63401309052361, 9.810258026368025], [104.63397804428087, 9.810161020075805], [104.63446405708382, 9.810195006185028], [104.6345500088744, 9.81015401203094]]]], "type": "MultiPolygon"}, "properties": {"fid": 269, "TT": 120.0, "id": 120.0, "Tinh": "Kiên Giang", "Huyen": "Kiên Hải", "Xa": "Lại Sơn", "Ddanh": "Bãi Nhà B", "TK": "1", "Khoanh": "1", "Lo": "34", "ldlr": "Rừng trồng khác", "sldlr": "Xoài, Mít, ổi, Dừa", "Ht2023": "NULL", "namtr": "NULL", "ChuQL": "Ban Quản lí rừng Kiên Giang", "Nguoinkcu": "Lê Thị Xem", "Churung": "Huỳnh Thị Ngọc Cam", "CMND": "371044720/ Ngày cấp 22/12/2017/ CA Kiên Giang", "DienThoai": "0907978554", "Dtich": 1.18, "DtichBS": 1.18, "NgayDoVe": "PyQt5.QtCore.QDate(2019, 8, 26)", "TranhChap": "Không", "KT": 1.0, "Lapdia": "1", "mdsd": "Phòng hộ môi sinh", "nqh": "0", "Anh": "https://cdn2.fptshop.com.vn/unsafe/1920x0/filters:format(webp):quality(75)/hinh_nen_meme_con_luoi_flash_zootopia_1_c520bf6214.jpg", "Anh2": "https://png.pngtree.com/thumb_back/fh260/background/20230830/pngtree-the-lotus-is-also-represented-image_13145607.jpg"}}, {"type": "Feature", "geometry": {"coordinates": [[[[104.63875317780011, 9.802971017844197], [104.63871823462352, 9.80290403125521], [104.63869922621272, 9.802792009212808], [104.63865220886738, 9.802627012765317], [104.63874320006055, 9.802433929825375], [104.63873614437684, 9.802346949106985], [104.6381411188497, 9.801888493583355], [104.63784097088106, 9.802009416208811], [104.63710131627448, 9.802323110152358], [104.6370947009393, 9.802641208812467], [104.637093022203, 9.802992941543955], [104.63712198121016, 9.803139952024747], [104.63741806284872, 9.803545996795432], [104.63812515506211, 9.804065621920804], [104.63819323451185, 9.804018937702939], [104.63824917630022, 9.803940973258625], [104.63831021779075, 9.803849986311409], [104.63832122365478, 9.803790033666932], [104.63834615044748, 9.80366497327344], [104.63838721560131, 9.803546054821576], [104.63841517810943, 9.803486999449303], [104.6384675385898, 9.803346827784454], [104.6385162092138, 9.803321942535788], [104.63860119207631, 9.803367931364146], [104.63870018924325, 9.803134970150612], [104.63873610737205, 9.80313495546002], [104.63875317780011, 9.802971017844197]]]], "type": "MultiPolygon"}, "properties": {"fid": 270, "TT": 121.0, "id": 121.0, "Tinh": "Kiên Giang", "Huyen": "Kiên Hải", "Xa": "Lại Sơn", "Ddanh": "Bãi Nhà A", "TK": "1", "Khoanh": "2", "Lo": "39", "ldlr": "Rừng trồng khác", "sldlr": "Mít", "Ht2023": "NULL", "namtr": "1960", "ChuQL": "Ban Quản lí rừng Kiên Giang", "Nguoinkcu": "Lê Thị Minh Châu", "Churung": "Lê Thị Minh Châu", "CMND": "371844604/ Ngày cấp 11/12/2013/ CA Kiên Giang", "DienThoai": "0913766741", "Dtich": 3.0, "DtichBS": 3.0, "NgayDoVe": "PyQt5.QtCore.QDate(2019, 9, 10)", "TranhChap": "Không", "KT": 0.0, "Lapdia": "1", "mdsd": "Phòng hộ môi sinh", "nqh": "0", "Anh": "https://cdn2.fptshop.com.vn/unsafe/1920x0/filters:format(webp):quality(75)/hinh_nen_meme_con_luoi_flash_zootopia_1_c520bf6214.jpg", "Anh2": "https://png.pngtree.com/thumb_back/fh260/background/20230830/pngtree-the-lotus-is-also-represented-image_13145607.jpg"}}, {"type": "Feature", "geometry": {"coordinates": [[[[104.64330298190164, 9.80182495727817], [104.6434629869258, 9.802495983403483], [104.64370598560309, 9.802612973826003], [104.64398399222614, 9.802733023475854], [104.64465998967538, 9.801321919953045], [104.6447710167039, 9.80109193572069], [104.6447579779234, 9.801085973595756], [104.64447796645297, 9.800965021211848], [104.64449499169488, 9.800914017343596], [104.64447794261436, 9.800909955725995], [104.64430497645726, 9.80083697036207], [104.64416793343477, 9.800775995442574], [104.64391300623207, 9.800688035053915], [104.643657969541, 9.800768978214931], [104.64359666751945, 9.80088537411352], [104.6435037071979, 9.801155677445676], [104.64343616468149, 9.801387993798748], [104.6434149692592, 9.801493612777183], [104.64330298190164, 9.80182495727817]]]], "type": "MultiPolygon"}, "properties": {"fid": 271, "TT": 122.0, "id": 122.0, "Tinh": "Kiên Giang", "Huyen": "Kiên Hải", "Xa": "Lại Sơn", "Ddanh": "Bãi Nhà A", "TK": "1", "Khoanh": "2", "Lo": "53", "ldlr": "Rừng trồng khác", "sldlr": "Xoài, Keo, Dừa", "Ht2023": "NULL", "namtr": "NULL", "ChuQL": "Ban Quản lí rừng Kiên Giang", "Nguoinkcu": "Trần Văn Dài", "Churung": "Nguyễn Thị Thanh Hiền", "CMND": "370620932/ Ngày cấp 19/07/2007/ CA Kiên Giang", "DienThoai": "0782191919", "Dtich": 2.23, "DtichBS": 2.23, "NgayDoVe": "PyQt5.QtCore.QDate(2019, 8, 21)", "TranhChap": "Không", "KT": 0.0, "Lapdia": "1", "mdsd": "Phòng hộ môi sinh", "nqh": "0", "Anh": "https://cdn2.fptshop.com.vn/unsafe/1920x0/filters:format(webp):quality(75)/hinh_nen_meme_con_luoi_flash_zootopia_1_c520bf6214.jpg", "Anh2": "https://png.pngtree.com/thumb_back/fh260/background/20230830/pngtree-the-lotus-is-also-represented-image_13145607.jpg"}}, {"type": "Feature", "geometry": {"coordinates": [[[[104.64700102566738, 9.802952985857221], [104.64700296741137, 9.803015012801726], [104.64702200017103, 9.80317595128442], [104.64709391972303, 9.803364896879767], [104.64712495701697, 9.80346000474247], [104.64734592295032, 9.803431064992617], [104.64755396975731, 9.803460993820359], [104.64773595868544, 9.803524027411509], [104.64785502487894, 9.803540974392604], [104.64791603899357, 9.803599991725667], [104.64797893739227, 9.803591012756529], [104.64803102154846, 9.803658985495586], [104.64803799606422, 9.803762964882525], [104.6480539717601, 9.803812959894957], [104.64814897732514, 9.803844022716406], [104.6482730309054, 9.804006000253162], [104.64829102421055, 9.804082939382688], [104.6483409183846, 9.804145939955198], [104.64850997246278, 9.804230950717471], [104.64853496759618, 9.804267921346614], [104.64856593914806, 9.804418998764547], [104.64863999567251, 9.804491030654146], [104.64875199500015, 9.804401014144277], [104.64885599023546, 9.804352051563718], [104.64896894355988, 9.804152988648248], [104.64901301685859, 9.804041934140148], [104.64903198687728, 9.803856023311834], [104.64899593730605, 9.803765981328239], [104.64898895312453, 9.803641024645074], [104.64898892675836, 9.803581980721692], [104.64904292068931, 9.803435025306348], [104.64909500455957, 9.803297926447367], [104.6490920256956, 9.803159947593965], [104.64908093868816, 9.80303390767802], [104.64908099324907, 9.802951987582373], [104.64896593255477, 9.802922018860826], [104.64893901066047, 9.802653032651179], [104.64879201148659, 9.802552008157798], [104.6487199667455, 9.802492995814765], [104.64859401155339, 9.802358958883975], [104.64851200035736, 9.802232950003154], [104.64843894494332, 9.802155944557262], [104.64836598563012, 9.802089970233332], [104.64826997502597, 9.80225792124943], [104.64820494143478, 9.80238498908524], [104.64793092217803, 9.802213944564457], [104.64781999506879, 9.80204798269501], [104.64772792720285, 9.802267923064397], [104.6474660021656, 9.802439924535442], [104.64731502443891, 9.802618026164694], [104.64717699025009, 9.802792957427982], [104.64712996225083, 9.8028200132658], [104.64708001480709, 9.802842006870401], [104.64700102566738, 9.802952985857221]]]], "type": "MultiPolygon"}, "properties": {"fid": 272, "TT": 123.0, "id": 123.0, "Tinh": "Kiên Giang", "Huyen": "Kiên Hải", "Xa": "Lại Sơn", "Ddanh": "Bãi Nhà A", "TK": "1", "Khoanh": "2", "Lo": "37", "ldlr": "Rừng trồng khác", "sldlr": "Dừa, Xoài", "Ht2023": "NULL", "namtr": "NULL", "ChuQL": "Ban Quản lí rừng Kiên Giang", "Nguoinkcu": "Huỳnh Thị Kha", "Churung": "Trương Minh Tú", "CMND": "371044070/ Ngày cấp 21/12/2017/ CA Kiên Giang", "DienThoai": "NULL", "Dtich": 3.45, "DtichBS": 3.45, "NgayDoVe": "PyQt5.QtCore.QDate(2019, 8, 21)", "TranhChap": "Không", "KT": 0.0, "Lapdia": "1", "mdsd": "Phòng hộ môi sinh", "nqh": "0", "Anh": "https://cdn2.fptshop.com.vn/unsafe/1920x0/filters:format(webp):quality(75)/hinh_nen_meme_con_luoi_flash_zootopia_1_c520bf6214.jpg", "Anh2": "https://png.pngtree.com/thumb_back/fh260/background/20230830/pngtree-the-lotus-is-also-represented-image_13145607.jpg"}}, {"type": "Feature", "geometry": {"coordinates": [[[[104.6333000220328, 9.808261030568634], [104.63330303124604, 9.808263018615099], [104.63368296876962, 9.808176066243732], [104.63366303960584, 9.808037913052761], [104.63364704943032, 9.80794695730424], [104.63366007266869, 9.807913949039088], [104.63349095604516, 9.807895931768286], [104.6333410894848, 9.807913984237098], [104.63319308089436, 9.808018929085279], [104.63317904364219, 9.808023998094356], [104.63317904403941, 9.808024992709113], [104.6333000220328, 9.808261030568634]]]], "type": "MultiPolygon"}, "properties": {"fid": 273, "TT": 124.0, "id": 124.0, "Tinh": "Kiên Giang", "Huyen": "Kiên Hải", "Xa": "Lại Sơn", "Ddanh": "Bãi Nhà B", "TK": "1", "Khoanh": "1", "Lo": "47", "ldlr": "Rừng trồng khác", "sldlr": "Dừa, Xoài, Mít", "Ht2023": "NULL", "namtr": "NULL", "ChuQL": "Ban Quản lí rừng Kiên Giang", "Nguoinkcu": "Nguyễn Văn Lân", "Churung": "Nguyễn Thị Hiền", "CMND": "371482000/ Ngày cấp 27/05/2009/ CA Kiên Giang", "DienThoai": "0976950680", "Dtich": 0.16, "DtichBS": 0.16, "NgayDoVe": "PyQt5.QtCore.QDate(2019, 9, 3)", "TranhChap": "Không", "KT": 1.0, "Lapdia": "1", "mdsd": "Phòng hộ môi sinh", "nqh": "0", "Anh": "https://cdn2.fptshop.com.vn/unsafe/1920x0/filters:format(webp):quality(75)/hinh_nen_meme_con_luoi_flash_zootopia_1_c520bf6214.jpg", "Anh2": "https://png.pngtree.com/thumb_back/fh260/background/20230830/pngtree-the-lotus-is-also-represented-image_13145607.jpg"}}, {"type": "Feature", "geometry": {"coordinates": [[[[104.62453003179338, 9.806327036049542], [104.62450102456113, 9.806281023138569], [104.62431806536642, 9.806297998733791], [104.62426004834565, 9.806198920145919], [104.62420702566146, 9.806046944264654], [104.62416406861621, 9.805995963356422], [104.62415901217612, 9.805881946119568], [104.62414502023262, 9.805763953692093], [104.6241100711233, 9.80567399900457], [104.62408005562452, 9.80561297677316], [104.62399796834616, 9.805505045822612], [104.62400907169962, 9.805455039733461], [104.62412798344234, 9.805303000906815], [104.62415402080723, 9.805207960393451], [104.62400498427174, 9.80524996961609], [104.62365691796812, 9.80523807092317], [104.62330606987332, 9.805345888414518], [104.62284932043592, 9.80528990364094], [104.62277702920599, 9.805788955514473], [104.62335597179349, 9.805934953845195], [104.62338633856578, 9.805960079439359], [104.62344705150501, 9.80620093510125], [104.62346401859908, 9.806475985281404], [104.62244104214585, 9.806647882206068], [104.62274800192016, 9.807173922733893], [104.62314354269144, 9.807120974258032], [104.62315894939209, 9.807120968661438], [104.62329800804959, 9.807212061047204], [104.62364901071487, 9.807269982574534], [104.6240190705745, 9.80709298671721], [104.62417614630523, 9.806848977212304], [104.62439254017053, 9.806770956212823], [104.62447394717509, 9.806520554534764], [104.62453003179338, 9.806327036049542]]]], "type": "MultiPolygon"}, "properties": {"fid": 274, "TT": 125.0, "id": 125.0, "Tinh": "Kiên Giang", "Huyen": "Kiên Hải", "Xa": "Lại Sơn", "Ddanh": "Bãi Nhà B", "TK": "1", "Khoanh": "1", "Lo": "66", "ldlr": "Rừng trồng khác", "sldlr": "Xoài, Mít, Gió bầu", "Ht2023": "NULL", "namtr": "NULL", "ChuQL": "Ban Quản lí rừng Kiên Giang", "Nguoinkcu": "Lê Tấn Tài", "Churung": "Lê Tấn Tài", "CMND": "370607666 / Ngày cấp 10/01/2018/ CA Kiên Giang", "DienThoai": "0918009202", "Dtich": 2.91, "DtichBS": 2.91, "NgayDoVe": "PyQt5.QtCore.QDate(219, 8, 28)", "TranhChap": "Không", "KT": 1.0, "Lapdia": "1", "mdsd": "Phòng hộ môi sinh", "nqh": "0", "Anh": "https://cdn2.fptshop.com.vn/unsafe/1920x0/filters:format(webp):quality(75)/hinh_nen_meme_con_luoi_flash_zootopia_1_c520bf6214.jpg", "Anh2": "https://png.pngtree.com/thumb_back/fh260/background/20230830/pngtree-the-lotus-is-also-represented-image_13145607.jpg"}}, {"type": "Feature", "geometry": {"coordinates": [[[[104.64629695614862, 9.801035944331126], [104.64659802308225, 9.801355989896631], [104.64663503364307, 9.801352990056058], [104.64676896374579, 9.801381956803295], [104.64681600040507, 9.801374974145947], [104.6468719137391, 9.80123796436542], [104.6470329903572, 9.801221980752013], [104.64721702615263, 9.801174973203466], [104.64732695498526, 9.801145991232772], [104.64731697855309, 9.801055937721435], [104.64724999670793, 9.80089999312543], [104.64718895720975, 9.80078202213593], [104.64718591887369, 9.800714027971848], [104.64718202917751, 9.800575959044872], [104.64705594985755, 9.800570950226604], [104.64687997367335, 9.800494983639608], [104.64683993811566, 9.80045991819408], [104.64682099885358, 9.80051092300434], [104.64677297714911, 9.800557961937658], [104.6467299869537, 9.80064505453844], [104.64648696523436, 9.800890015640515], [104.6463240194961, 9.801008987640067], [104.64629695614862, 9.801035944331126]]]], "type": "MultiPolygon"}, "properties": {"fid": 275, "TT": 126.0, "id": 126.0, "Tinh": "Kiên Giang", "Huyen": "Kiên Hải", "Xa": "Lại Sơn", "Ddanh": "Bãi Nhà A", "TK": "1", "Khoanh": "2", "Lo": "60", "ldlr": "Rừng trồng khác", "sldlr": "Trầm hương, Xoài, Mít", "Ht2023": "NULL", "namtr": "NULL", "ChuQL": "Ban Quản lí rừng Kiên Giang", "Nguoinkcu": "Triệu Thị Bé", "Churung": "Nguyễn Hoàng Thắng", "CMND": "370655017/ Ngày cấp 13/04/2018/ CA Kiên Giang", "DienThoai": "0372885382", "Dtich": 0.65, "DtichBS": 0.65, "NgayDoVe": "PyQt5.QtCore.QDate(2019, 8, 22)", "TranhChap": "Không", "KT": 0.0, "Lapdia": "1", "mdsd": "Phòng hộ môi sinh", "nqh": "0", "Anh": "https://cdn2.fptshop.com.vn/unsafe/1920x0/filters:format(webp):quality(75)/hinh_nen_meme_con_luoi_flash_zootopia_1_c520bf6214.jpg", "Anh2": "https://png.pngtree.com/thumb_back/fh260/background/20230830/pngtree-the-lotus-is-also-represented-image_13145607.jpg"}}, {"type": "Feature", "geometry": {"coordinates": [[[[104.6453850198546, 9.800313974743583], [104.6452909050042, 9.8002320045447], [104.64529304671976, 9.800125941513418], [104.6450169645155, 9.800024970593793], [104.64501395574102, 9.800023977264942], [104.64478198435584, 9.79989604227189], [104.64456100014695, 9.799877962175717], [104.64445397944286, 9.799675015892165], [104.64434395880755, 9.799702007740477], [104.64412492198002, 9.799759969363837], [104.64387495798209, 9.799764053916197], [104.64375998032972, 9.799499987168604], [104.64365015046033, 9.799546599752489], [104.6433440180857, 9.79973299349053], [104.6431870118692, 9.79988595923861], [104.64331898752924, 9.800035999955515], [104.64340896607162, 9.800040030812823], [104.64359699051178, 9.79994103230363], [104.6437189422807, 9.799887994813904], [104.64389494740821, 9.799822004365197], [104.64400899795284, 9.800260942841941], [104.64427197610802, 9.800415991037967], [104.6443979957509, 9.800493969483451], [104.6446079718128, 9.800562960570385], [104.64461398027966, 9.800543969906794], [104.64491693829139, 9.800605054653108], [104.64491802783864, 9.800594927199896], [104.64512601138182, 9.800483893524142], [104.64528698657267, 9.800444944224795], [104.6453850198546, 9.800313974743583]]]], "type": "MultiPolygon"}, "properties": {"fid": 276, "TT": 127.0, "id": 127.0, "Tinh": "Kiên Giang", "Huyen": "Kiên Hải", "Xa": "Lại Sơn", "Ddanh": "Bãi Nhà A", "TK": "1", "Khoanh": "2", "Lo": "68", "ldlr": "Rừng trồng khác", "sldlr": "Trầm hương, Sưa, Mít", "Ht2023": "NULL", "namtr": "NULL", "ChuQL": "Ban Quản lí rừng Kiên Giang", "Nguoinkcu": "Danh Hoài", "Churung": "Danh Hoài", "CMND": "370234509/ ngày cấp 02/03/2017/ CA Kiên Giang", "DienThoai": "0898502790", "Dtich": 1.25, "DtichBS": 1.25, "NgayDoVe": "PyQt5.QtCore.QDate(2019, 8, 21)", "TranhChap": "Không", "KT": 0.0, "Lapdia": "1", "mdsd": "Phòng hộ môi sinh", "nqh": "0", "Anh": "https://cdn2.fptshop.com.vn/unsafe/1920x0/filters:format(webp):quality(75)/hinh_nen_meme_con_luoi_flash_zootopia_1_c520bf6214.jpg", "Anh2": "https://png.pngtree.com/thumb_back/fh260/background/20230830/pngtree-the-lotus-is-also-represented-image_13145607.jpg"}}, {"type": "Feature", "geometry": {"coordinates": [[[[104.62543003314535, 9.805445927213771], [104.62553062562206, 9.805792287382717], [104.62558201721399, 9.805968948200317], [104.62579600457858, 9.806038944044488], [104.62619801802693, 9.806472989428592], [104.62636305659859, 9.806558012771907], [104.62661401024137, 9.806744997230306], [104.62693702720573, 9.806806994685587], [104.62707201959782, 9.806511995494898], [104.62703602873214, 9.80632203747293], [104.62696097337894, 9.806009937237446], [104.626933698604, 9.805965641860517], [104.62688407493486, 9.805885006178292], [104.6261329880741, 9.80591096557608], [104.62613699701434, 9.805904996392943], [104.62619802894974, 9.80577901921825], [104.62652710103583, 9.805464055629308], [104.62650602419096, 9.805175986730433], [104.62643302221453, 9.804987941240789], [104.62582801749551, 9.804868993276683], [104.6255650331153, 9.805168922083135], [104.62543003314535, 9.805445927213771]]]], "type": "MultiPolygon"}, "properties": {"fid": 277, "TT": 128.0, "id": 128.0, "Tinh": "Kiên Giang", "Huyen": "Kiên Hải", "Xa": "Lại Sơn", "Ddanh": "Bãi Nhà B", "TK": "1", "Khoanh": "1", "Lo": "74", "ldlr": "Rừng trồng khác", "sldlr": "Xoài, Mít, ổi", "Ht2023": "NULL", "namtr": "NULL", "ChuQL": "Ban Quản lí rừng Kiên Giang", "Nguoinkcu": "Ngô Thị Xuân", "Churung": "Ngô Thị Xuân", "CMND": "370203898/ Ngày cấp 21/12/2017/ CA Kiên Giang", "DienThoai": "0855861146", "Dtich": 2.01, "DtichBS": 2.01, "NgayDoVe": "PyQt5.QtCore.QDate(2019, 9, 1)", "TranhChap": "Không", "KT": 1.0, "Lapdia": "1", "mdsd": "Phòng hộ môi sinh", "nqh": "0", "Anh": "https://cdn2.fptshop.com.vn/unsafe/1920x0/filters:format(webp):quality(75)/hinh_nen_meme_con_luoi_flash_zootopia_1_c520bf6214.jpg", "Anh2": "https://png.pngtree.com/thumb_back/fh260/background/20230830/pngtree-the-lotus-is-also-represented-image_13145607.jpg"}}, {"type": "Feature", "geometry": {"coordinates": [[[[104.61692820666671, 9.803589938460167], [104.617348851118, 9.803901650407312], [104.61726641390439, 9.804087581642849], [104.6173734838582, 9.804213951215047], [104.61749891746771, 9.804453248479195], [104.61783389583883, 9.804579900532127], [104.6186087249374, 9.804671858397079], [104.61867938379581, 9.804179951029708], [104.61868882689524, 9.803817274684649], [104.61869656104496, 9.803519701048325], [104.61872085779144, 9.8033967218756], [104.61872964277067, 9.803234234761726], [104.61908067199948, 9.803124975221897], [104.61885100172138, 9.802269957509552], [104.6187690347977, 9.802236983062091], [104.61866511616559, 9.802255917134621], [104.61858399710496, 9.802299979858072], [104.61855502834233, 9.802358943574191], [104.61850602546556, 9.802478947528263], [104.6184920049119, 9.802531034124774], [104.61847097189026, 9.80260301548525], [104.61841499514198, 9.80259498768765], [104.61834000939417, 9.802711022224685], [104.61830400544139, 9.802726044441137], [104.61821605888045, 9.80279795869982], [104.618152987709, 9.802835956915663], [104.61813004939718, 9.80293397976721], [104.618114016783, 9.802967983125756], [104.61793107849935, 9.80304002079916], [104.61780299541851, 9.803041964124414], [104.61782894610135, 9.802954971440816], [104.61784905807434, 9.802855864555434], [104.61782705470412, 9.802762016639914], [104.61780306549616, 9.802724048734595], [104.61778899818677, 9.802644032260355], [104.61773996346827, 9.802674701536024], [104.61729008316802, 9.803215385877273], [104.61692820666671, 9.803589938460167]]]], "type": "MultiPolygon"}, "properties": {"fid": 278, "TT": 129.0, "id": 129.0, "Tinh": "Kiên Giang", "Huyen": "Kiên Hải", "Xa": "Lại Sơn", "Ddanh": "ấp Thiên Tuế", "TK": "1", "Khoanh": "1", "Lo": "97", "ldlr": "Rừng trồng khác", "sldlr": "Xoài, Mít, Mì", "Ht2023": "NULL", "namtr": "1985", "ChuQL": "Ban Quản lí rừng Kiên Giang", "Nguoinkcu": "Đoàn Bá Đô", "Churung": "Trần Thị út", "CMND": "371979414/ Ngày cấp 13/12/2016/ CA Kiên Giang", "DienThoai": "0937595966", "Dtich": 3.42, "DtichBS": 3.42, "NgayDoVe": "PyQt5.QtCore.QDate(2019, 9, 10)", "TranhChap": "Không", "KT": 0.0, "Lapdia": "1", "mdsd": "Phòng hộ môi sinh", "nqh": "0", "Anh": "https://cdn2.fptshop.com.vn/unsafe/1920x0/filters:format(webp):quality(75)/hinh_nen_meme_con_luoi_flash_zootopia_1_c520bf6214.jpg", "Anh2": "https://png.pngtree.com/thumb_back/fh260/background/20230830/pngtree-the-lotus-is-also-represented-image_13145607.jpg"}}, {"type": "Feature", "geometry": {"coordinates": [[[[104.64069993438139, 9.805293003170831], [104.64092894340797, 9.805092990502015], [104.64057102108877, 9.805056971254647], [104.63934800361886, 9.804036006570543], [104.63961509738981, 9.803784982505535], [104.6396220249406, 9.803782990423777], [104.63961710130958, 9.803781003220958], [104.63970895212714, 9.80368204642253], [104.63956596095146, 9.803567995840307], [104.63926291629325, 9.803522006448478], [104.63877918903708, 9.803261977292141], [104.63873120413272, 9.803181975628132], [104.63873619853482, 9.803134955422726], [104.63870018924325, 9.803134970150612], [104.63860119207631, 9.803367931364146], [104.63899396800981, 9.803916978906297], [104.6395289802128, 9.804514974853014], [104.64018806716766, 9.805111924022674], [104.64069993438139, 9.805293003170831]]]], "type": "MultiPolygon"}, "properties": {"fid": 279, "TT": 130.0, "id": 130.0, "Tinh": "Kiên Giang", "Huyen": "Kiên Hải", "Xa": "Lại Sơn", "Ddanh": "Bãi Nhà A", "TK": "1", "Khoanh": "2", "Lo": "28", "ldlr": "Rừng trồng khác", "sldlr": "Xoài, Mít, Trầm hương", "Ht2023": "NULL", "namtr": "NULL", "ChuQL": "Ban Quản lí rừng Kiên Giang", "Nguoinkcu": "Hoàng Thị Yến", "Churung": "Hoàng Yến", "CMND": "370782836/ Ngày cấp 05/09/2012/ CA Kiên Giang", "DienThoai": "0978554016", "Dtich": 1.12, "DtichBS": 1.12, "NgayDoVe": "PyQt5.QtCore.QDate(2019, 8, 23)", "TranhChap": "Không", "KT": 0.0, "Lapdia": "1", "mdsd": "Phòng hộ môi sinh", "nqh": "0", "Anh": "https://cdn2.fptshop.com.vn/unsafe/1920x0/filters:format(webp):quality(75)/hinh_nen_meme_con_luoi_flash_zootopia_1_c520bf6214.jpg", "Anh2": "https://png.pngtree.com/thumb_back/fh260/background/20230830/pngtree-the-lotus-is-also-represented-image_13145607.jpg"}}, {"type": "Feature", "geometry": {"coordinates": [[[[104.63149302828246, 9.80842096512663], [104.6316610783463, 9.808507973914637], [104.63176702664909, 9.808546993988372], [104.63189098949044, 9.808494954544228], [104.63206100530874, 9.808480963742662], [104.63228306283925, 9.808434039839591], [104.63230306370043, 9.808064939475727], [104.63247498359986, 9.807795964622938], [104.63257807081933, 9.807517974653534], [104.63258197631836, 9.807252049251352], [104.63250917520968, 9.80712042685805], [104.63247397726202, 9.80709855908366], [104.63237678458944, 9.807068396919513], [104.63237067571349, 9.8070661388161], [104.63224612257358, 9.807007414719294], [104.63224320468517, 9.807005788305641], [104.63222633284941, 9.806989338528952], [104.63222523816638, 9.80698753056498], [104.63218555204377, 9.806912226558572], [104.63217205374264, 9.80689695091778], [104.63216730555628, 9.806877602985832], [104.6321492415435, 9.806843341019057], [104.63214531687858, 9.80683167842723], [104.6321108824407, 9.80666586239661], [104.631582091139, 9.807022953992865], [104.63149002074532, 9.807035919709621], [104.6314790403929, 9.807163958047965], [104.63147096744063, 9.807267039462658], [104.63117398878246, 9.80735205845521], [104.63105208251397, 9.807301018556974], [104.63101700008592, 9.807573014116258], [104.63116697360708, 9.807826944627212], [104.63128601320409, 9.808005929245073], [104.63134204000451, 9.808138010495155], [104.6314660359138, 9.80817006136796], [104.63149302828246, 9.80842096512663]]]], "type": "MultiPolygon"}, "properties": {"fid": 280, "TT": 131.0, "id": 131.0, "Tinh": "Kiên Giang", "Huyen": "Kiên Hải", "Xa": "Lại Sơn", "Ddanh": "Bãi Nhà B", "TK": "1", "Khoanh": "1", "Lo": "49", "ldlr": "Rừng trồng khác", "sldlr": "Xoài, Dừa, Gió bầu", "Ht2023": "NULL", "namtr": "NULL", "ChuQL": "Ban Quản lí rừng Kiên Giang", "Nguoinkcu": "Thị Nhã (đất chùa)", "Churung": "Thị Nhã", "CMND": "NULL", "DienThoai": "0907924054", "Dtich": 2.19, "DtichBS": 2.19, "NgayDoVe": "PyQt5.QtCore.QDate(2019, 9, 3)", "TranhChap": "Không", "KT": 1.0, "Lapdia": "1", "mdsd": "Phòng hộ môi sinh", "nqh": "0", "Anh": "https://cdn2.fptshop.com.vn/unsafe/1920x0/filters:format(webp):quality(75)/hinh_nen_meme_con_luoi_flash_zootopia_1_c520bf6214.jpg", "Anh2": "https://png.pngtree.com/thumb_back/fh260/background/20230830/pngtree-the-lotus-is-also-represented-image_13145607.jpg"}}, {"type": "Feature", "geometry": {"coordinates": [[[[104.62145643602332, 9.806295599983796], [104.6214620733875, 9.806254999570438], [104.6215150303268, 9.806229843950009], [104.6215530244884, 9.806171961796052], [104.62163102849469, 9.806083955565041], [104.62162700235868, 9.806042996936897], [104.62162269350121, 9.805976720925825], [104.62156897635585, 9.805916972843521], [104.62133504788397, 9.805658999132323], [104.62120159169122, 9.805678848753383], [104.62008900019408, 9.805843989129217], [104.62030399176747, 9.806173944420046], [104.62067095127591, 9.80624506464976], [104.62072117578647, 9.806226601174602], [104.62145643602332, 9.806295599983796]]]], "type": "MultiPolygon"}, "properties": {"fid": 281, "TT": 132.0, "id": 132.0, "Tinh": "Kiên Giang", "Huyen": "Kiên Hải", "Xa": "Lại Sơn", "Ddanh": "Bãi Nhà B", "TK": "1", "Khoanh": "1", "Lo": "71", "ldlr": "Rừng trồng khác", "sldlr": "Mít, Xoài", "Ht2023": "NULL", "namtr": "1973", "ChuQL": "Ban Quản lí rừng Kiên Giang", "Nguoinkcu": "Nguyễn Văn Mừng", "Churung": "Nguyễn Văn Thi", "CMND": "370000718/ Ngày cấp 27/09/2015/ CA Kiên Giang", "DienThoai": "0943214631", "Dtich": 0.82, "DtichBS": 0.82, "NgayDoVe": "PyQt5.QtCore.QDate(2019, 8, 30)", "TranhChap": "Không", "KT": 1.0, "Lapdia": "1", "mdsd": "Phòng hộ môi sinh", "nqh": "0", "Anh": "https://cdn2.fptshop.com.vn/unsafe/1920x0/filters:format(webp):quality(75)/hinh_nen_meme_con_luoi_flash_zootopia_1_c520bf6214.jpg", "Anh2": "https://png.pngtree.com/thumb_back/fh260/background/20230830/pngtree-the-lotus-is-also-represented-image_13145607.jpg"}}, {"type": "Feature", "geometry": {"coordinates": [[[[104.6370310272192, 9.805201916065206], [104.63703970434005, 9.805242330092229], [104.63711783323069, 9.805468709029977], [104.6373457503753, 9.805932378582552], [104.63740167075586, 9.806022504200888], [104.63750916228156, 9.806045969702836], [104.63758017377442, 9.80603400551818], [104.63765118895608, 9.806030992850877], [104.63768154433106, 9.80602591703231], [104.63755708805091, 9.805097991861667], [104.6375902129047, 9.804955929329418], [104.63750404919521, 9.80492097191808], [104.63742498714811, 9.804863949239131], [104.6373380970397, 9.804835954383803], [104.63718497939564, 9.804924989189121], [104.63736798466246, 9.805244909848982], [104.63703604161117, 9.805202908653724], [104.6370310272192, 9.805201916065206]]]], "type": "MultiPolygon"}, "properties": {"fid": 282, "TT": 133.0, "id": 133.0, "Tinh": "Kiên Giang", "Huyen": "Kiên Hải", "Xa": "Lại Sơn", "Ddanh": "Bãi Nhà A", "TK": "1", "Khoanh": "2", "Lo": "24", "ldlr": "Rừng trồng khác", "sldlr": "Mít, Xoài", "Ht2023": "NULL", "namtr": "NULL", "ChuQL": "Ban Quản lí rừng Kiên Giang", "Nguoinkcu": "Phạm Thiện Hiếu", "Churung": "Nguyễn Thị Thanh Hiền", "CMND": "370620932/ Ngày cấp 19/07/2007/ CA Kiên Giang", "DienThoai": "0782191919", "Dtich": 0.55, "DtichBS": 0.55, "NgayDoVe": "PyQt5.QtCore.QDate(2019, 9, 12)", "TranhChap": "Không", "KT": 0.0, "Lapdia": "1", "mdsd": "Phòng hộ môi sinh", "nqh": "0", "Anh": "https://cdn2.fptshop.com.vn/unsafe/1920x0/filters:format(webp):quality(75)/hinh_nen_meme_con_luoi_flash_zootopia_1_c520bf6214.jpg", "Anh2": "https://png.pngtree.com/thumb_back/fh260/background/20230830/pngtree-the-lotus-is-also-represented-image_13145607.jpg"}}, {"type": "Feature", "geometry": {"coordinates": [[[[104.62900116528918, 9.80187391839613], [104.62923923154385, 9.801744527768722], [104.62923795320387, 9.801739193500332], [104.62913395432307, 9.801548719043364], [104.62902193177504, 9.801354359560623], [104.62894531556755, 9.801251219944236], [104.62886068435621, 9.80116680020887], [104.62847296334559, 9.800909613117849], [104.62846393526026, 9.800901750032429], [104.62836206254093, 9.800785961098734], [104.62820561229458, 9.800744427248986], [104.62696201787644, 9.80180759644388], [104.62703382478335, 9.801970596080668], [104.62710937952788, 9.802399427884824], [104.62900116528918, 9.80187391839613]]]], "type": "MultiPolygon"}, "properties": {"fid": 283, "TT": 134.0, "id": 134.0, "Tinh": "Kiên Giang", "Huyen": "Kiên Hải", "Xa": "Lại Sơn", "Ddanh": "Bãi Nhà B", "TK": "1", "Khoanh": "1", "Lo": "113", "ldlr": "Rừng trồng khác", "sldlr": "Chuối, Mít", "Ht2023": "NULL", "namtr": "NULL", "ChuQL": "Ban Quản lí rừng Kiên Giang", "Nguoinkcu": "Nguyễn Thanh Đoàn", "Churung": "Nguyễn Thanh Đoàn", "CMND": "370212033/ Ngày cấp 30/04/2002/ CA Kiên Giang", "DienThoai": "0947101150", "Dtich": 2.48, "DtichBS": 2.48, "NgayDoVe": "PyQt5.QtCore.QDate(2019, 9, 8)", "TranhChap": "Không", "KT": 0.0, "Lapdia": "1", "mdsd": "Phòng hộ môi sinh", "nqh": "0", "Anh": "https://cdn2.fptshop.com.vn/unsafe/1920x0/filters:format(webp):quality(75)/hinh_nen_meme_con_luoi_flash_zootopia_1_c520bf6214.jpg", "Anh2": "https://png.pngtree.com/thumb_back/fh260/background/20230830/pngtree-the-lotus-is-also-represented-image_13145607.jpg"}}, {"type": "Feature", "geometry": {"coordinates": [[[[104.6390948861389, 9.814408765384764], [104.63908235094773, 9.814299815054422], [104.63908230510033, 9.814189955401096], [104.63904223789285, 9.813862562893513], [104.63898104629362, 9.813816021965113], [104.63885600766422, 9.813694911121456], [104.63879108522104, 9.813664918452737], [104.6386400595915, 9.813531973217804], [104.63855395392848, 9.813422962536263], [104.63839995804135, 9.813161984404903], [104.63834693278552, 9.813022036686052], [104.63833295542366, 9.81295205770547], [104.63833094709868, 9.812725919372342], [104.63847907593751, 9.81268996232836], [104.63870090962735, 9.812757957474911], [104.63877703773771, 9.8127699520968], [104.63875806159712, 9.81251796074145], [104.63863005849397, 9.812282018252917], [104.63862604846328, 9.812285003736786], [104.6384695544517, 9.81193460175235], [104.63771515046702, 9.812126056000976], [104.63772319572027, 9.812181027786798], [104.63761617197193, 9.812632987919848], [104.63743320758527, 9.812865078607604], [104.6364590473164, 9.813170005200684], [104.63682272974613, 9.813892581561676], [104.63695773555487, 9.814088556473289], [104.63743500082941, 9.81478188067913], [104.63772298842704, 9.814768110383149], [104.6380681359567, 9.814751694387006], [104.63823988921352, 9.81474348659208], [104.63873208443513, 9.814720047584766], [104.63882609769021, 9.814552009674866], [104.63887704649487, 9.814520974910858], [104.63903801917395, 9.81445797692603], [104.6390948861389, 9.814408765384764]]]], "type": "MultiPolygon"}, "properties": {"fid": 284, "TT": 135.0, "id": 135.0, "Tinh": "Kiên Giang", "Huyen": "Kiên Hải", "Xa": "Lại Sơn", "Ddanh": "ấp bãi Bấc", "TK": "1", "Khoanh": "1", "Lo": "15", "ldlr": "Rừng trồng khác", "sldlr": "Trầm Hương (nhỏ), Mít", "Ht2023": "NULL", "namtr": "NULL", "ChuQL": "Ban Quản lí rừng Kiên Giang", "Nguoinkcu": "Đoàn Trưởng Thành", "Churung": "Đoàn Trưởng Thành", "CMND": "370686545/ Ngày cấp 14/03/2010/ CA Kiên Giang", "DienThoai": "0782191919", "Dtich": 5.27, "DtichBS": 5.27, "NgayDoVe": "PyQt5.QtCore.QDate(2019, 5, 9)", "TranhChap": "Không", "KT": 0.0, "Lapdia": "1", "mdsd": "Phòng hộ môi sinh", "nqh": "0", "Anh": "https://cdn2.fptshop.com.vn/unsafe/1920x0/filters:format(webp):quality(75)/hinh_nen_meme_con_luoi_flash_zootopia_1_c520bf6214.jpg", "Anh2": "https://png.pngtree.com/thumb_back/fh260/background/20230830/pngtree-the-lotus-is-also-represented-image_13145607.jpg"}}, {"type": "Feature", "geometry": {"coordinates": [[[[104.64517202843523, 9.802114951721771], [104.64526898813551, 9.802238965797834], [104.64537296565, 9.802358907958089], [104.64548797528867, 9.802482010036014], [104.64560198305229, 9.802607011312887], [104.64574297185139, 9.802515988723684], [104.64576104546376, 9.802360911478983], [104.6458139296551, 9.80217498621259], [104.64593000200063, 9.802017968005517], [104.6460140209619, 9.80194297406499], [104.6460719665716, 9.801866002103232], [104.64543491204792, 9.80142095967017], [104.64535099024214, 9.801719018400583], [104.64530995787815, 9.80190701817457], [104.64521294558466, 9.802080936466124], [104.64517202843523, 9.802114951721771]]]], "type": "MultiPolygon"}, "properties": {"fid": 285, "TT": 136.0, "id": 136.0, "Tinh": "Kiên Giang", "Huyen": "Kiên Hải", "Xa": "Lại Sơn", "Ddanh": "Bãi Nhà A", "TK": "1", "Khoanh": "2", "Lo": "49", "ldlr": "Rừng trồng khác", "sldlr": "Dừa Xoài", "Ht2023": "NULL", "namtr": "NULL", "ChuQL": "Ban Quản lí rừng Kiên Giang", "Nguoinkcu": "Đỗ Thị Sáu", "Churung": "Huỳnh Thị Hoa", "CMND": "371320105", "DienThoai": "0939050856", "Dtich": 0.65, "DtichBS": 0.65, "NgayDoVe": "PyQt5.QtCore.QDate(2019, 8, 21)", "TranhChap": "Có (Tranh chấp trong gia đình)", "KT": 0.0, "Lapdia": "1", "mdsd": "Phòng hộ môi sinh", "nqh": "0", "Anh": "https://cdn2.fptshop.com.vn/unsafe/1920x0/filters:format(webp):quality(75)/hinh_nen_meme_con_luoi_flash_zootopia_1_c520bf6214.jpg", "Anh2": "https://png.pngtree.com/thumb_back/fh260/background/20230830/pngtree-the-lotus-is-also-represented-image_13145607.jpg"}}, {"type": "Feature", "geometry": {"coordinates": [[[[104.62832118346205, 9.814901282829435], [104.62837594241702, 9.815765220547577], [104.63281926464386, 9.815689634735513], [104.63279966639821, 9.814552074678224], [104.62978457174884, 9.81464456687156], [104.62900939686023, 9.814668462447703], [104.62850024097386, 9.81468411769577], [104.62832118346205, 9.814901282829435]]]], "type": "MultiPolygon"}, "properties": {"fid": 286, "TT": 137.0, "id": 137.0, "Tinh": "Kiên Giang", "Huyen": "Kiên Hải", "Xa": "Lại Sơn", "Ddanh": "ấp Thiên Tuế", "TK": "1", "Khoanh": "1", "Lo": "11", "ldlr": "Rừng trồng khác", "sldlr": "Dừa, Xoài, Dầu, Sao", "Ht2023": "NULL", "namtr": "NULL", "ChuQL": "Ban Quản lí rừng Kiên Giang", "Nguoinkcu": "Trương Văn Quí", "Churung": "Trương Văn Sơn", "CMND": "091063000203/ Ngày cấp 27/03/2021/ CCS Kiên Giang", "DienThoai": "0359846656", "Dtich": 6.0, "DtichBS": 6.0, "NgayDoVe": "PyQt5.QtCore.QDate(2019, 12, 8)", "TranhChap": "Không", "KT": 0.0, "Lapdia": "1", "mdsd": "Phòng hộ môi sinh", "nqh": "0", "Anh": "https://cdn2.fptshop.com.vn/unsafe/1920x0/filters:format(webp):quality(75)/hinh_nen_meme_con_luoi_flash_zootopia_1_c520bf6214.jpg", "Anh2": "https://png.pngtree.com/thumb_back/fh260/background/20230830/pngtree-the-lotus-is-also-represented-image_13145607.jpg"}}, {"type": "Feature", "geometry": {"coordinates": [[[[104.63852502494169, 9.801719614137536], [104.6381411188497, 9.801888493583355], [104.63873614437684, 9.802346949106985], [104.63891621457556, 9.8024049247552], [104.63899016987983, 9.80223996920514], [104.63906495555997, 9.80209897447803], [104.63895318615155, 9.801869987566597], [104.6385422088913, 9.801829014776517], [104.63852502494169, 9.801719614137536]]]], "type": "MultiPolygon"}, "properties": {"fid": 287, "TT": 138.0, "id": 138.0, "Tinh": "Kiên Giang", "Huyen": "Kiên Hải", "Xa": "Lại Sơn", "Ddanh": "Bãi Nhà A", "TK": "1", "Khoanh": "2", "Lo": "48", "ldlr": "Rừng trồng khác", "sldlr": "Mít, Xoài", "Ht2023": "NULL", "namtr": "NULL", "ChuQL": "Ban Quản lí rừng Kiên Giang", "Nguoinkcu": "Nguyễn Văn Diễn", "Churung": "Phạm Thiện Hiếu", "CMND": "370890425/ Ngày cấp 22/08/2018/ CA Kiên Giang", "DienThoai": "NULL", "Dtich": 0.39, "DtichBS": 0.39, "NgayDoVe": "PyQt5.QtCore.QDate(2019, 8, 23)", "TranhChap": "Không", "KT": 0.0, "Lapdia": "1", "mdsd": "Phòng hộ môi sinh", "nqh": "0", "Anh": "https://cdn2.fptshop.com.vn/unsafe/1920x0/filters:format(webp):quality(75)/hinh_nen_meme_con_luoi_flash_zootopia_1_c520bf6214.jpg", "Anh2": "https://png.pngtree.com/thumb_back/fh260/background/20230830/pngtree-the-lotus-is-also-represented-image_13145607.jpg"}}, {"type": "Feature", "geometry": {"coordinates": [[[[104.6463200328933, 9.80646951410011], [104.6460043196943, 9.806438817150559], [104.64583832375699, 9.806468727025745], [104.6457225067388, 9.806379080678512], [104.64517273700287, 9.80625734060704], [104.6447479816969, 9.806201914208675], [104.64472299420645, 9.806181942164438], [104.64467193087992, 9.80615492852388], [104.64442993556001, 9.806045985766836], [104.6443070297835, 9.806005982255776], [104.64414603409774, 9.80600397108804], [104.64411695293296, 9.806003983449825], [104.64410389623599, 9.80595697085476], [104.6440289239871, 9.805873997600033], [104.64393296903962, 9.805755950465347], [104.64393795801995, 9.805697989441425], [104.64368196743655, 9.80547801691922], [104.64353800671623, 9.80565801271965], [104.64343498686475, 9.805646030518602], [104.64334902188641, 9.805651039944971], [104.64316890778022, 9.805708984530265], [104.6430639850487, 9.805723948035132], [104.64292998933911, 9.805758002281346], [104.64284002726274, 9.805796016386724], [104.64275498242138, 9.805821007988188], [104.6426359258915, 9.805828020394197], [104.64257694137821, 9.805823976323413], [104.64241393763433, 9.80581599748839], [104.64236896817292, 9.805969006192882], [104.64214097498312, 9.80619894825372], [104.64208997664514, 9.806324019817769], [104.64206795548716, 9.806418969535155], [104.6420069831343, 9.806670994261221], [104.64200099358415, 9.80673501378466], [104.64204393339723, 9.80673897425614], [104.64215798477915, 9.806751946864413], [104.64231299176049, 9.80681897311312], [104.64239596316996, 9.80684796293851], [104.64248697496764, 9.806918994436321], [104.64254496966353, 9.80695296779355], [104.642645993685, 9.806986923039238], [104.64274101163454, 9.80704592698692], [104.6428130161043, 9.807010994733862], [104.64313997135325, 9.806895933658824], [104.64320997142626, 9.806863986012164], [104.64328799343005, 9.80683094992691], [104.64390867754369, 9.806926350877482], [104.64404110594515, 9.807273053434033], [104.64442052679779, 9.80747606463532], [104.6447827426492, 9.80773559493684], [104.64550161217569, 9.808039187082425], [104.64573566904294, 9.808127607225293], [104.64624211644508, 9.80695030817871], [104.6463200328933, 9.80646951410011]]]], "type": "MultiPolygon"}, "properties": {"fid": 288, "TT": 139.0, "id": 139.0, "Tinh": "Kiên Giang", "Huyen": "Kiên Hải", "Xa": "Lại Sơn", "Ddanh": "Bãi Nhà A", "TK": "1", "Khoanh": "2", "Lo": "17", "ldlr": "Rừng trồng khác", "sldlr": "Mít", "Ht2023": "NULL", "namtr": "NULL", "ChuQL": "Ban Quản lí rừng Kiên Giang", "Nguoinkcu": "Ngô Thị Huệ", "Churung": "Phan Thị Thanh Thủy", "CMND": "370866466/ Ngày cấp 12/03/2014/ CA Kiên Giang", "DienThoai": "0949506232", "Dtich": 6.63, "DtichBS": 6.63, "NgayDoVe": "PyQt5.QtCore.QDate(2019, 8, 27)", "TranhChap": "Không", "KT": 0.0, "Lapdia": "1", "mdsd": "Phòng hộ môi sinh", "nqh": "0", "Anh": "https://cdn2.fptshop.com.vn/unsafe/1920x0/filters:format(webp):quality(75)/hinh_nen_meme_con_luoi_flash_zootopia_1_c520bf6214.jpg", "Anh2": "https://png.pngtree.com/thumb_back/fh260/background/20230830/pngtree-the-lotus-is-also-represented-image_13145607.jpg"}}, {"type": "Feature", "geometry": {"coordinates": [[[[104.63173699289149, 9.80590521777534], [104.63170961123011, 9.805822675360291], [104.63161456674861, 9.80569069971685], [104.63119626202229, 9.805804067112065], [104.63117204274982, 9.805880933104662], [104.63092405836795, 9.806527980862661], [104.6309743777587, 9.806520366185406], [104.6310139432383, 9.806521435933442], [104.63165498825465, 9.806474983224584], [104.63165206787544, 9.80646702743812], [104.63152501686771, 9.806314991062532], [104.63157014277078, 9.806083589919785], [104.63164396255117, 9.806025964011274], [104.63169006501262, 9.805959306897837], [104.63173699289149, 9.80590521777534]]]], "type": "MultiPolygon"}, "properties": {"fid": 289, "TT": 140.0, "id": 140.0, "Tinh": "Kiên Giang", "Huyen": "Kiên Hải", "Xa": "Lại Sơn", "Ddanh": "Bãi Nhà B", "TK": "1", "Khoanh": "1", "Lo": "70", "ldlr": "Rừng trồng khác", "sldlr": "Xoài, Mít, Dừa, Vú sữa", "Ht2023": "NULL", "namtr": "1975", "ChuQL": "Ban Quản lí rừng Kiên Giang", "Nguoinkcu": "Dương Thị Lủng", "Churung": "Nguyễn Thị Thanh Hiền", "CMND": "370620932/ Ngày cấp 19/07/2007/ CA Kiên Giang", "DienThoai": "0782191919", "Dtich": 0.5, "DtichBS": 0.5, "NgayDoVe": "PyQt5.QtCore.QDate(2019, 9, 1)", "TranhChap": "Không", "KT": 1.0, "Lapdia": "1", "mdsd": "Phòng hộ môi sinh", "nqh": "0", "Anh": "https://cdn2.fptshop.com.vn/unsafe/1920x0/filters:format(webp):quality(75)/hinh_nen_meme_con_luoi_flash_zootopia_1_c520bf6214.jpg", "Anh2": "https://png.pngtree.com/thumb_back/fh260/background/20230830/pngtree-the-lotus-is-also-represented-image_13145607.jpg"}}, {"type": "Feature", "geometry": {"coordinates": [[[[104.63841207109013, 9.818181164687877], [104.63868590646312, 9.817890173242708], [104.63883517158345, 9.817731516344006], [104.63889592012993, 9.817150998457587], [104.63880308662631, 9.816870012803195], [104.63854503700097, 9.81697301581241], [104.63629195122452, 9.817207483446605], [104.63594496432042, 9.817637929192154], [104.63781798906444, 9.818088003659218], [104.63787698809031, 9.818121977364468], [104.63811798154777, 9.818217000443909], [104.63841207109013, 9.818181164687877]]]], "type": "MultiPolygon"}, "properties": {"fid": 290, "TT": 141.0, "id": 141.0, "Tinh": "Kiên Giang", "Huyen": "Kiên Hải", "Xa": "Lại Sơn", "Ddanh": "ấp bãi Bấc", "TK": "1", "Khoanh": "1", "Lo": "5", "ldlr": "Rừng trồng khác", "sldlr": "Xoài, Tre", "Ht2023": "NULL", "namtr": "NULL", "ChuQL": "Ban Quản lí rừng Kiên Giang", "Nguoinkcu": "Lê Thành Hậu", "Churung": "Lê Thành Hậu", "CMND": "370686043/ Ngày cấp 23/07/2014/ CA Kiên Giang", "DienThoai": "0986880663", "Dtich": 2.94, "DtichBS": 2.94, "NgayDoVe": "PyQt5.QtCore.QDate(2019, 9, 3)", "TranhChap": "Không", "KT": 0.0, "Lapdia": "1", "mdsd": "Phòng hộ môi sinh", "nqh": "0", "Anh": "https://cdn2.fptshop.com.vn/unsafe/1920x0/filters:format(webp):quality(75)/hinh_nen_meme_con_luoi_flash_zootopia_1_c520bf6214.jpg", "Anh2": "https://png.pngtree.com/thumb_back/fh260/background/20230830/pngtree-the-lotus-is-also-represented-image_13145607.jpg"}}, {"type": "Feature", "geometry": {"coordinates": [[[[104.62918302637016, 9.809620997332368], [104.62914698691037, 9.809544968230988], [104.6289639682114, 9.809412030767716], [104.62907103818017, 9.808345039361324], [104.62878204214373, 9.808331043826113], [104.62856401835495, 9.808673997519728], [104.62833104081713, 9.808773999405206], [104.6282890163509, 9.80877998300304], [104.62819003338888, 9.808835990152021], [104.62783205420192, 9.80865899344169], [104.62800468154825, 9.808085306653082], [104.62722229929084, 9.807816602996988], [104.62677143397114, 9.807661792774653], [104.62672095994398, 9.807743008411334], [104.62689392953335, 9.808064927760272], [104.62707801631949, 9.80813402976297], [104.62715602002358, 9.808286990402351], [104.62692399811795, 9.808502999257254], [104.62691624884495, 9.808502188382747], [104.6267186229732, 9.80950989782679], [104.62785463582087, 9.810252448614817], [104.62809353465731, 9.809900626383172], [104.62918302637016, 9.809620997332368]]]], "type": "MultiPolygon"}, "properties": {"fid": 291, "TT": 142.0, "id": 142.0, "Tinh": "Kiên Giang", "Huyen": "Kiên Hải", "Xa": "Lại Sơn", "Ddanh": "Bãi Nhà B", "TK": "1", "Khoanh": "1", "Lo": "39", "ldlr": "Rừng trồng khác", "sldlr": "Mít, Chuối", "Ht2023": "NULL", "namtr": "NULL", "ChuQL": "Ban Quản lí rừng Kiên Giang", "Nguoinkcu": "Nguyễn Thành Hưng", "Churung": "Nguyễn Thành Hưng", "CMND": "371483727/ Ngày cấp 16/02/2011/ CA Kiên Giang", "DienThoai": "0842811054", "Dtich": 4.29, "DtichBS": 4.29, "NgayDoVe": "PyQt5.QtCore.QDate(2019, 12, 3)", "TranhChap": "Không", "KT": 0.0, "Lapdia": "1", "mdsd": "Phòng hộ môi sinh", "nqh": "0", "Anh": "https://cdn2.fptshop.com.vn/unsafe/1920x0/filters:format(webp):quality(75)/hinh_nen_meme_con_luoi_flash_zootopia_1_c520bf6214.jpg", "Anh2": "https://png.pngtree.com/thumb_back/fh260/background/20230830/pngtree-the-lotus-is-also-represented-image_13145607.jpg"}}, {"type": "Feature", "geometry": {"coordinates": [[[[104.62534399293794, 9.804280993157471], [104.6253110634863, 9.804228923647058], [104.62524503511929, 9.80415896328133], [104.62524409796156, 9.804090968099853], [104.6250330108135, 9.803971963398137], [104.6247749857196, 9.80388200052299], [104.62484697455899, 9.803801952693822], [104.62489301882006, 9.803576971805096], [104.62513102428458, 9.803521004767138], [104.62482500138519, 9.803306913532738], [104.62476097438943, 9.803224926523384], [104.62459207770326, 9.803055994394944], [104.62462002695739, 9.802954985441534], [104.6245380160112, 9.802806004075537], [104.62457998976663, 9.80266601912893], [104.62451898100768, 9.80260998138377], [104.62441499028887, 9.802434967208338], [104.62431298524037, 9.802450918458955], [104.62421899916107, 9.802457915202167], [104.62412303356727, 9.80253498783134], [104.6240459966544, 9.802522990208471], [104.62397100174188, 9.802609006664804], [104.62412899141383, 9.804091920614054], [104.62440003589523, 9.803891994005488], [104.62443778723467, 9.803918382675125], [104.62497797816754, 9.804294962442787], [104.6248450581219, 9.804770980091948], [104.62495499166715, 9.804745983795579], [104.62505498877444, 9.804721985743697], [104.62515001128776, 9.804560009215994], [104.62526903138397, 9.804455982749953], [104.62529907994573, 9.80436202570191], [104.62534399293794, 9.804280993157471]]]], "type": "MultiPolygon"}, "properties": {"fid": 292, "TT": 143.0, "id": 143.0, "Tinh": "Kiên Giang", "Huyen": "Kiên Hải", "Xa": "Lại Sơn", "Ddanh": "Bãi Nhà B", "TK": "1", "Khoanh": "1", "Lo": "94", "ldlr": "Rừng trồng khác", "sldlr": "Mít", "Ht2023": "NULL", "namtr": "NULL", "ChuQL": "Ban Quản lí rừng Kiên Giang", "Nguoinkcu": "Phạm Vũ Hảo", "Churung": "Phạm Vũ Hảo", "CMND": "096094007585/ Ngày cấp 02/08/2021/ CCS", "DienThoai": "0964063839", "Dtich": 1.62, "DtichBS": 1.62, "NgayDoVe": "PyQt5.QtCore.QDate(2019, 8, 29)", "TranhChap": "Không", "KT": 0.0, "Lapdia": "1", "mdsd": "Phòng hộ môi sinh", "nqh": "0", "Anh": "https://cdn2.fptshop.com.vn/unsafe/1920x0/filters:format(webp):quality(75)/hinh_nen_meme_con_luoi_flash_zootopia_1_c520bf6214.jpg", "Anh2": "https://png.pngtree.com/thumb_back/fh260/background/20230830/pngtree-the-lotus-is-also-represented-image_13145607.jpg"}}, {"type": "Feature", "geometry": {"coordinates": [[[[104.64019355945922, 9.809069222335559], [104.64059265265232, 9.809443484205795], [104.64074491631321, 9.809056425539664], [104.64087793015597, 9.808852474300886], [104.64109069760693, 9.808613135797318], [104.64127238339687, 9.808387101783001], [104.64142094246711, 9.808081150648656], [104.64159823870386, 9.8078241043996], [104.64170294918, 9.807736986661522], [104.64166596319068, 9.807585006925251], [104.64163097066516, 9.807619019281304], [104.64161795329917, 9.807663963215264], [104.64152791930843, 9.807748904732518], [104.64148697055496, 9.807710945631301], [104.64144595354149, 9.807726967000418], [104.64134098303563, 9.807846002855115], [104.64135395967949, 9.807919960602606], [104.64132599944205, 9.807983989271856], [104.64132403575202, 9.808082909032143], [104.64123297471995, 9.808111067448893], [104.64118898942489, 9.80822203050707], [104.64103193134774, 9.808264050535914], [104.64095998253384, 9.80821606770241], [104.64086497509744, 9.808182019040034], [104.64089393656438, 9.808114011533586], [104.64092207838343, 9.808047993594492], [104.64088796482804, 9.808004968087177], [104.64092303002673, 9.80792692147549], [104.64095601326461, 9.807883958495644], [104.64100189908537, 9.807739991553225], [104.6410769759278, 9.807639956340077], [104.6411240038794, 9.80761000790859], [104.64121003093496, 9.807535014312224], [104.64128795750044, 9.80749103796251], [104.64129996781078, 9.80743596747473], [104.64124998374565, 9.807374050938424], [104.64120995811766, 9.807363036431822], [104.64113902578526, 9.80734697129594], [104.64107694614935, 9.807354049856594], [104.64105296705894, 9.807347007112114], [104.64094991433433, 9.807473998967843], [104.6406999845411, 9.807573021733], [104.64059799324008, 9.808272006867897], [104.64056491864294, 9.808530982057132], [104.64039597340255, 9.808705019204538], [104.64027389021562, 9.808887988410357], [104.64018698376366, 9.809041014169058], [104.64019355945922, 9.809069222335559]]]], "type": "MultiPolygon"}, "properties": {"fid": 293, "TT": 144.0, "id": 144.0, "Tinh": "Kiên Giang", "Huyen": "Kiên Hải", "Xa": "Lại Sơn", "Ddanh": "ấp bãi Bấc", "TK": "1", "Khoanh": "2", "Lo": "10", "ldlr": "Rừng trồng khác", "sldlr": "Xoài, Dừa", "Ht2023": "NULL", "namtr": "NULL", "ChuQL": "Ban Quản lí rừng Kiên Giang", "Nguoinkcu": "Trần Hữu Nghĩa", "Churung": "Trần Hữu Nghĩa", "CMND": "370782377/ Ngày cấp 02/03/2019/ CA Kiên Giang", "DienThoai": "NULL", "Dtich": 1.22, "DtichBS": 1.22, "NgayDoVe": "PyQt5.QtCore.QDate(2019, 12, 8)", "TranhChap": "Không", "KT": 0.0, "Lapdia": "1", "mdsd": "Phòng hộ môi sinh", "nqh": "0", "Anh": "https://cdn2.fptshop.com.vn/unsafe/1920x0/filters:format(webp):quality(75)/hinh_nen_meme_con_luoi_flash_zootopia_1_c520bf6214.jpg", "Anh2": "https://png.pngtree.com/thumb_back/fh260/background/20230830/pngtree-the-lotus-is-also-represented-image_13145607.jpg"}}, {"type": "Feature", "geometry": {"coordinates": [[[[104.62594335438007, 9.813598416000886], [104.62615479362815, 9.813908024229946], [104.62616711178748, 9.813936501794783], [104.62851130308596, 9.810744896329995], [104.62817034599611, 9.810506769959316], [104.62594335438007, 9.813598416000886]]]], "type": "MultiPolygon"}, "properties": {"fid": 294, "TT": 145.0, "id": 145.0, "Tinh": "Kiên Giang", "Huyen": "Kiên Hải", "Xa": "Lại Sơn", "Ddanh": "ấp Thiên Tuế", "TK": "1", "Khoanh": "1", "Lo": "16", "ldlr": "Rừng trồng khác", "sldlr": "Chuối", "Ht2023": "NULL", "namtr": "NULL", "ChuQL": "Ban Quản lí rừng Kiên Giang", "Nguoinkcu": "Lê Thị Minh Châu", "Churung": "Nguyễn Thị Bích Trâm", "CMND": "371844604/ Ngày cấp 11/12/2013/ CA Kiên Giang", "DienThoai": "0913766741", "Dtich": 1.88, "DtichBS": 1.88, "NgayDoVe": "PyQt5.QtCore.QDate(2019, 12, 9)", "TranhChap": "Không", "KT": 0.0, "Lapdia": "1", "mdsd": "Phòng hộ môi sinh", "nqh": "0", "Anh": "https://cdn2.fptshop.com.vn/unsafe/1920x0/filters:format(webp):quality(75)/hinh_nen_meme_con_luoi_flash_zootopia_1_c520bf6214.jpg", "Anh2": "https://png.pngtree.com/thumb_back/fh260/background/20230830/pngtree-the-lotus-is-also-represented-image_13145607.jpg"}}, {"type": "Feature", "geometry": {"coordinates": [[[[104.62290983229761, 9.81141725427652], [104.62296235442592, 9.811447164094968], [104.62305198860307, 9.811498309025971], [104.62490275891614, 9.808407634055376], [104.62470999253674, 9.808286994910908], [104.62290983229761, 9.81141725427652]]]], "type": "MultiPolygon"}, "properties": {"fid": 295, "TT": 146.0, "id": 146.0, "Tinh": "Kiên Giang", "Huyen": "Kiên Hải", "Xa": "Lại Sơn", "Ddanh": "ấp Thiên Tuế", "TK": "1", "Khoanh": "1", "Lo": "31", "ldlr": "Rừng trồng khác", "sldlr": "Chuối", "Ht2023": "NULL", "namtr": "NULL", "ChuQL": "Ban Quản lí rừng Kiên Giang", "Nguoinkcu": "Nguyễn Thị Huê", "Churung": "Nguyễn Thị Huê", "CMND": "NULL", "DienThoai": "NULL", "Dtich": 0.86, "DtichBS": 0.86, "NgayDoVe": "PyQt5.QtCore.QDate(2019, 12, 9)", "TranhChap": "Không", "KT": 0.0, "Lapdia": "1", "mdsd": "Phòng hộ môi sinh", "nqh": "0", "Anh": "https://cdn2.fptshop.com.vn/unsafe/1920x0/filters:format(webp):quality(75)/hinh_nen_meme_con_luoi_flash_zootopia_1_c520bf6214.jpg", "Anh2": "https://png.pngtree.com/thumb_back/fh260/background/20230830/pngtree-the-lotus-is-also-represented-image_13145607.jpg"}}, {"type": "Feature", "geometry": {"coordinates": [[[[104.62935669919779, 9.804696230040111], [104.63072676791263, 9.803938169522151], [104.63067725520489, 9.803909616021167], [104.63067579627804, 9.803908802807218], [104.63029126802415, 9.803668615541682], [104.63028880598912, 9.803666988935277], [104.63024968610941, 9.803638883475495], [104.62881144231082, 9.80443539629864], [104.62894184420631, 9.804535169946382], [104.62908017975784, 9.804641089053307], [104.62935669919779, 9.804696230040111]]]], "type": "MultiPolygon"}, "properties": {"fid": 296, "TT": 147.0, "id": 147.0, "Tinh": "Kiên Giang", "Huyen": "Kiên Hải", "Xa": "Lại Sơn", "Ddanh": "Bãi Nhà B", "TK": "1", "Khoanh": "1", "Lo": "90", "ldlr": "Rừng trồng khác", "sldlr": "Chuối, Mít", "Ht2023": "NULL", "namtr": "NULL", "ChuQL": "Ban Quản lí rừng Kiên Giang", "Nguoinkcu": "Đặng Hữu Thích", "Churung": "Lê Văn Dũng", "CMND": "351178292/ Ngày cấp 17/07/2015/ CA An Giang", "DienThoai": "0901600401", "Dtich": 0.99, "DtichBS": 0.99, "NgayDoVe": "PyQt5.QtCore.QDate(2019, 9, 8)", "TranhChap": "Không", "KT": 0.0, "Lapdia": "1", "mdsd": "Phòng hộ môi sinh", "nqh": "0", "Anh": "https://cdn2.fptshop.com.vn/unsafe/1920x0/filters:format(webp):quality(75)/hinh_nen_meme_con_luoi_flash_zootopia_1_c520bf6214.jpg", "Anh2": "https://png.pngtree.com/thumb_back/fh260/background/20230830/pngtree-the-lotus-is-also-represented-image_13145607.jpg"}}, {"type": "Feature", "geometry": {"coordinates": [[[[104.63526003876217, 9.809801002868289], [104.63524900865269, 9.809802996499329], [104.63500006043316, 9.809633016626755], [104.63497097447521, 9.809621997028573], [104.63491402857109, 9.809700955943246], [104.63485406978349, 9.809768975284925], [104.63474097895858, 9.809878970400469], [104.63464308590059, 9.809922953190561], [104.63454201621076, 9.810002019988149], [104.6345071086103, 9.810023011172332], [104.6345500088744, 9.81015401203094], [104.63446405708382, 9.810195006185028], [104.63397804428087, 9.810161020075805], [104.63401309052361, 9.810258026368025], [104.63390101052738, 9.811070037962525], [104.63372801510491, 9.811158988657523], [104.63370403831746, 9.811158003503264], [104.63342008337433, 9.811217973135445], [104.63328309438316, 9.811298048314717], [104.63331806576424, 9.811436014744817], [104.6333750007626, 9.81155597904214], [104.6332320350555, 9.811736964735006], [104.63321703158034, 9.811833990775336], [104.6331620349334, 9.81200201185307], [104.63295209022218, 9.812024066231551], [104.63282207232768, 9.812212008974447], [104.63285600942432, 9.812499981826848], [104.632801007698, 9.812655977049827], [104.63280098148581, 9.812819003443009], [104.63303403428985, 9.812903996783108], [104.63344101656972, 9.81295302496219], [104.63356491500423, 9.812964369003506], [104.6335880719032, 9.812966529942717], [104.63375609610482, 9.81298201581154], [104.6340150330241, 9.813049004770688], [104.63506898525966, 9.813019019092755], [104.63520197625391, 9.81297104371537], [104.63529000920916, 9.812889992701521], [104.6352780188327, 9.811649261009103], [104.63526003876217, 9.809801002868289]]]], "type": "MultiPolygon"}, "properties": {"fid": 297, "TT": 148.0, "id": 148.0, "Tinh": "Kiên Giang", "Huyen": "Kiên Hải", "Xa": "Lại Sơn", "Ddanh": "Bãi Nhà B", "TK": "1", "Khoanh": "1", "Lo": "29", "ldlr": "Rừng trồng khác", "sldlr": "Mít, Xoài, Dừa", "Ht2023": "NULL", "namtr": "NULL", "ChuQL": "Ban Quản lí rừng Kiên Giang", "Nguoinkcu": "Lê Thị Xem", "Churung": "Lê Thị Xem", "CMND": "370211061/ Ngày cấp 03/03/2017/ CA Kiên Giang", "DienThoai": "0983691333", "Dtich": 6.88, "DtichBS": 6.88, "NgayDoVe": "PyQt5.QtCore.QDate(2019, 9, 3)", "TranhChap": "Không", "KT": 1.0, "Lapdia": "1", "mdsd": "Phòng hộ môi sinh", "nqh": "0", "Anh": "https://cdn2.fptshop.com.vn/unsafe/1920x0/filters:format(webp):quality(75)/hinh_nen_meme_con_luoi_flash_zootopia_1_c520bf6214.jpg", "Anh2": "https://png.pngtree.com/thumb_back/fh260/background/20230830/pngtree-the-lotus-is-also-represented-image_13145607.jpg"}}, {"type": "Feature", "geometry": {"coordinates": [[[[104.64059008628946, 9.800974882926521], [104.64051008930659, 9.80107799435511], [104.64047700324369, 9.80152495187677], [104.64051088846212, 9.801676933097506], [104.64061108323186, 9.802127000064168], [104.64056899816123, 9.802202969922599], [104.64073791844562, 9.802409960624011], [104.6409639902043, 9.802382921722911], [104.64126494070682, 9.80243695782011], [104.64129182504833, 9.802416602226248], [104.64143900528293, 9.80230496317577], [104.64151898194037, 9.802153929188712], [104.64168594496485, 9.802043999749008], [104.64180989616047, 9.801973963228848], [104.64189098655112, 9.801870037268516], [104.64189097521545, 9.801628978782153], [104.64179696750966, 9.801368971492796], [104.64175797281517, 9.801207950586278], [104.64174600763599, 9.801153975119197], [104.64171094018396, 9.8010099514378], [104.64171894748975, 9.800760028472434], [104.6416579515225, 9.800739980809016], [104.64162602145903, 9.800685019056877], [104.64059008628946, 9.800974882926521]]]], "type": "MultiPolygon"}, "properties": {"fid": 298, "TT": 149.0, "id": 149.0, "Tinh": "Kiên Giang", "Huyen": "Kiên Hải", "Xa": "Lại Sơn", "Ddanh": "Bãi Nhà A", "TK": "1", "Khoanh": "2", "Lo": "54", "ldlr": "Rừng trồng khác", "sldlr": "Sưa, Trầm hương", "Ht2023": "NULL", "namtr": "NULL", "ChuQL": "Ban Quản lí rừng Kiên Giang", "Nguoinkcu": "Lê Văn Cường", "Churung": "Lê Văn Cường", "CMND": "37078234/ Ngày cấp 18/03/1995/ CA Kiên Giang", "DienThoai": "NULL", "Dtich": 2.27, "DtichBS": 2.27, "NgayDoVe": "PyQt5.QtCore.QDate(2019, 8, 22)", "TranhChap": "Không", "KT": 0.0, "Lapdia": "1", "mdsd": "Phòng hộ môi sinh", "nqh": "0", "Anh": "https://cdn2.fptshop.com.vn/unsafe/1920x0/filters:format(webp):quality(75)/hinh_nen_meme_con_luoi_flash_zootopia_1_c520bf6214.jpg", "Anh2": "https://png.pngtree.com/thumb_back/fh260/background/20230830/pngtree-the-lotus-is-also-represented-image_13145607.jpg"}}, {"type": "Feature", "geometry": {"coordinates": [[[[104.64528698657267, 9.800444944224795], [104.64545097521616, 9.800626978894273], [104.64568698908464, 9.800824986813476], [104.64602193578557, 9.800863994461963], [104.64629695614862, 9.801035944331126], [104.6463240194961, 9.801008987640067], [104.64648696523436, 9.800890015640515], [104.6467299869537, 9.80064505453844], [104.64677297714911, 9.800557961937658], [104.64660199866039, 9.80044492103671], [104.64641197798655, 9.800355939860513], [104.64618203065666, 9.800271948856246], [104.64616598088655, 9.80025992997384], [104.64616096785052, 9.800261921363276], [104.64599795410771, 9.800225009965356], [104.64566302896628, 9.80023392462592], [104.64554589371508, 9.800251968385064], [104.6453850198546, 9.800313974743583], [104.64528698657267, 9.800444944224795]]]], "type": "MultiPolygon"}, "properties": {"fid": 299, "TT": 150.0, "id": 150.0, "Tinh": "Kiên Giang", "Huyen": "Kiên Hải", "Xa": "Lại Sơn", "Ddanh": "Bãi Nhà A", "TK": "1", "Khoanh": "2", "Lo": "63", "ldlr": "Rừng trồng khác", "sldlr": "Xoài, Dừa, Cóc, Trầm hương", "Ht2023": "NULL", "namtr": "NULL", "ChuQL": "Ban Quản lí rừng Kiên Giang", "Nguoinkcu": "Danh Ngôn", "Churung": "Danh Ngôn", "CMND": "370212099/ Ngày cấp 20/12/2017/ CA Kiên Giang", "DienThoai": "0916895420", "Dtich": 0.89, "DtichBS": 0.89, "NgayDoVe": "PyQt5.QtCore.QDate(2019, 8, 22)", "TranhChap": "Không", "KT": 0.0, "Lapdia": "1", "mdsd": "Phòng hộ môi sinh", "nqh": "0", "Anh": "https://cdn2.fptshop.com.vn/unsafe/1920x0/filters:format(webp):quality(75)/hinh_nen_meme_con_luoi_flash_zootopia_1_c520bf6214.jpg", "Anh2": "https://png.pngtree.com/thumb_back/fh260/background/20230830/pngtree-the-lotus-is-also-represented-image_13145607.jpg"}}, {"type": "Feature", "geometry": {"coordinates": [[[[104.64437900775448, 9.804015004368756], [104.64435895056833, 9.804011938643411], [104.64433492279562, 9.803891962169624], [104.64424498120368, 9.803764961011433], [104.6442569917984, 9.803711970064333], [104.6442129186508, 9.803616053697137], [104.64429593245208, 9.803322968720458], [104.6443160063339, 9.803153966092568], [104.64448397123279, 9.803042949827507], [104.64453698159717, 9.80293596094601], [104.6445421760293, 9.802931709014809], [104.6444919264385, 9.8028879673763], [104.64424397425563, 9.802700994919476], [104.64399092015704, 9.802732025920033], [104.64398599561906, 9.802727959131929], [104.64398399222614, 9.802733023475854], [104.64370598560309, 9.802612973826003], [104.6434629869258, 9.802495983403483], [104.64300599019656, 9.802499069813017], [104.64292194682447, 9.802518997533443], [104.64274900410118, 9.802501981070444], [104.64271201007826, 9.802544041719994], [104.64273796442171, 9.802694036801121], [104.64270793797716, 9.803040989172917], [104.64265900408498, 9.803088932109267], [104.64226801055891, 9.803310985868968], [104.64220202484032, 9.803348899324684], [104.64240500430178, 9.803682010118605], [104.64319890863366, 9.803604005463878], [104.64390695392045, 9.804198937468398], [104.64423196361919, 9.804229994131031], [104.64432998323237, 9.804063942195345], [104.64437900775448, 9.804015004368756]]]], "type": "MultiPolygon"}, "properties": {"fid": 300, "TT": 151.0, "id": 151.0, "Tinh": "Kiên Giang", "Huyen": "Kiên Hải", "Xa": "Lại Sơn", "Ddanh": "Bãi Nhà A", "TK": "1", "Khoanh": "2", "Lo": "36", "ldlr": "Rừng trồng khác", "sldlr": "Trầm hương", "Ht2023": "NULL", "namtr": "NULL", "ChuQL": "Ban Quản lí rừng Kiên Giang", "Nguoinkcu": "Trần Linh Thủy", "Churung": "Trần Linh Thủy", "CMND": "370782070/ Ngày cấp 10/03/2009/ CA Kiên Giang", "DienThoai": "0948731131", "Dtich": 2.83, "DtichBS": 2.83, "NgayDoVe": "PyQt5.QtCore.QDate(2019, 8, 22)", "TranhChap": "Không", "KT": 0.0, "Lapdia": "1", "mdsd": "Phòng hộ môi sinh", "nqh": "0", "Anh": "https://cdn2.fptshop.com.vn/unsafe/1920x0/filters:format(webp):quality(75)/hinh_nen_meme_con_luoi_flash_zootopia_1_c520bf6214.jpg", "Anh2": "https://png.pngtree.com/thumb_back/fh260/background/20230830/pngtree-the-lotus-is-also-represented-image_13145607.jpg"}}, {"type": "Feature", "geometry": {"coordinates": [[[[104.64659802308225, 9.801355989896631], [104.6462369547503, 9.801621979142647], [104.6460719665716, 9.801866002103232], [104.6460140209619, 9.80194297406499], [104.64593000200063, 9.802017968005517], [104.6458139296551, 9.80217498621259], [104.64576104546376, 9.802360911478983], [104.64574297185139, 9.802515988723684], [104.64560198305229, 9.802607011312887], [104.6456299856742, 9.80264298626011], [104.64571900538867, 9.802746026279735], [104.64577398709022, 9.802979013753276], [104.64579899422259, 9.803252974141365], [104.64588395135912, 9.80323792796971], [104.64613701134665, 9.803219915962764], [104.64620602115752, 9.803218982026019], [104.6465469637884, 9.803205000696227], [104.64664296432505, 9.803218974227084], [104.64677493720752, 9.803148932437722], [104.64702200017103, 9.80317595128442], [104.64700296741137, 9.803015012801726], [104.64700102566738, 9.802952985857221], [104.64708001480709, 9.802842006870401], [104.64712996225083, 9.8028200132658], [104.64717699025009, 9.802792957427982], [104.64731502443891, 9.802618026164694], [104.6474660021656, 9.802439924535442], [104.64772792720285, 9.802267923064397], [104.64781999506879, 9.80204798269501], [104.64775002168004, 9.801931010327982], [104.64764603061595, 9.801782044244344], [104.64769894372041, 9.801664023739201], [104.64778798100185, 9.801600058360798], [104.64819097627523, 9.801524924768753], [104.64814000296012, 9.801288952093092], [104.64796296704776, 9.801085947118102], [104.64771695217564, 9.801157937850878], [104.64749694157027, 9.801076023076114], [104.64737699683609, 9.801131954470359], [104.64721702615263, 9.801174973203466], [104.6470329903572, 9.801221980752013], [104.6468719137391, 9.80123796436542], [104.64681600040507, 9.801374974145947], [104.64676896374579, 9.801381956803295], [104.64663503364307, 9.801352990056058], [104.64659802308225, 9.801355989896631]]]], "type": "MultiPolygon"}, "properties": {"fid": 301, "TT": 152.0, "id": 152.0, "Tinh": "Kiên Giang", "Huyen": "Kiên Hải", "Xa": "Lại Sơn", "Ddanh": "Bãi Nhà A", "TK": "1", "Khoanh": "2", "Lo": "47", "ldlr": "Rừng trồng khác", "sldlr": "Dầu, Sao, Dừa, Xoài", "Ht2023": "NULL", "namtr": "NULL", "ChuQL": "Ban Quản lí rừng Kiên Giang", "Nguoinkcu": "Lê Văn Hiền", "Churung": "Lê Văn Hiền", "CMND": "370212138/ Ngày cấp 08/05/2017/ CA Kiên Giang", "DienThoai": "0987086414", "Dtich": 3.93, "DtichBS": 3.93, "NgayDoVe": "PyQt5.QtCore.QDate(2019, 8, 22)", "TranhChap": "Không", "KT": 0.0, "Lapdia": "1", "mdsd": "Phòng hộ môi sinh", "nqh": "0", "Anh": "https://cdn2.fptshop.com.vn/unsafe/1920x0/filters:format(webp):quality(75)/hinh_nen_meme_con_luoi_flash_zootopia_1_c520bf6214.jpg", "Anh2": "https://png.pngtree.com/thumb_back/fh260/background/20230830/pngtree-the-lotus-is-also-represented-image_13145607.jpg"}}, {"type": "Feature", "geometry": {"coordinates": [[[[104.63371681618037, 9.80755758326712], [104.6334679914352, 9.807462198286753], [104.6334658031382, 9.807461294952871], [104.63320302210931, 9.807345028355861], [104.63295967517809, 9.807268900207536], [104.6327901162722, 9.80728397630786], [104.63278610513177, 9.807284158718032], [104.63276349406809, 9.807278109464121], [104.63276167042976, 9.807277205982839], [104.63250917520968, 9.80712042685805], [104.63258197631836, 9.807252049251352], [104.63257807081933, 9.807517974653534], [104.63260307042341, 9.807569956112477], [104.6327929949492, 9.807873962684406], [104.63309806970143, 9.807744995201453], [104.63325904625412, 9.807697009606418], [104.63349095604516, 9.807895931768286], [104.63366007266869, 9.807913949039088], [104.63365103220424, 9.807875976398199], [104.63371105201517, 9.807732999443013], [104.63371503035054, 9.807650987353751], [104.63371681618037, 9.80755758326712]]]], "type": "MultiPolygon"}, "properties": {"fid": 302, "TT": 153.0, "id": 153.0, "Tinh": "Kiên Giang", "Huyen": "Kiên Hải", "Xa": "Lại Sơn", "Ddanh": "Bãi Nhà B", "TK": "1", "Khoanh": "1", "Lo": "50", "ldlr": "Rừng trồng khác", "sldlr": "Mít, Xoài, Dừa, Đu đủ", "Ht2023": "NULL", "namtr": "NULL", "ChuQL": "Ban Quản lí rừng Kiên Giang", "Nguoinkcu": "Huỳnh Thị Cách", "Churung": "Trần Văn Sơn", "CMND": "371110619/ Ngày cấp 21/12/2017/ CA Kiên Giang", "DienThoai": "0939628255", "Dtich": 0.6, "DtichBS": 0.6, "NgayDoVe": "PyQt5.QtCore.QDate(2019, 9, 5)", "TranhChap": "Không", "KT": 1.0, "Lapdia": "1", "mdsd": "Phòng hộ môi sinh", "nqh": "0", "Anh": "https://cdn2.fptshop.com.vn/unsafe/1920x0/filters:format(webp):quality(75)/hinh_nen_meme_con_luoi_flash_zootopia_1_c520bf6214.jpg", "Anh2": "https://png.pngtree.com/thumb_back/fh260/background/20230830/pngtree-the-lotus-is-also-represented-image_13145607.jpg"}}, {"type": "Feature", "geometry": {"coordinates": [[[[104.63970895212714, 9.80368204642253], [104.63978300152564, 9.80374196406283], [104.63990806829973, 9.803721025578787], [104.6399540950673, 9.803695960376665], [104.64005409159603, 9.803674037568946], [104.6401780454146, 9.80360798009729], [104.64033406668322, 9.803490008499983], [104.64047404230895, 9.803369963828562], [104.64070094416064, 9.803147980232744], [104.64087993971513, 9.80303397731471], [104.64089196433719, 9.803012994987476], [104.64073201092057, 9.802885027330843], [104.64005306860055, 9.802539996137796], [104.63993606251006, 9.802433982307786], [104.63961908385225, 9.802200920928641], [104.63957096721981, 9.802241991204472], [104.6395540632528, 9.80236695797047], [104.63932202613292, 9.802298967441674], [104.63906495555997, 9.80209897447803], [104.63899016987983, 9.80223996920514], [104.63891621457556, 9.8024049247552], [104.63873614437684, 9.802346949106985], [104.63874320006055, 9.802433929825375], [104.63865220886738, 9.802627012765317], [104.63869922621272, 9.802792009212808], [104.63871823462352, 9.80290403125521], [104.63875317780011, 9.802971017844197], [104.63873610737205, 9.80313495546002], [104.63873120413272, 9.803181975628132], [104.63877918903708, 9.803261977292141], [104.63926291629325, 9.803522006448478], [104.63956596095146, 9.803567995840307], [104.63970895212714, 9.80368204642253]]]], "type": "MultiPolygon"}, "properties": {"fid": 303, "TT": 154.0, "id": 154.0, "Tinh": "Kiên Giang", "Huyen": "Kiên Hải", "Xa": "Lại Sơn", "Ddanh": "Bãi Nhà A", "TK": "1", "Khoanh": "2", "Lo": "40", "ldlr": "Rừng trồng khác", "sldlr": "Trầm hương", "Ht2023": "NULL", "namtr": "NULL", "ChuQL": "Ban Quản lí rừng Kiên Giang", "Nguoinkcu": "Đoàn Văn Tiết", "Churung": "Đoàn Văn Tiết", "CMND": "370782918/ Ngày cấp 15/09/2016/ CA Kiên Giang", "DienThoai": "0948731131", "Dtich": 2.6, "DtichBS": 2.6, "NgayDoVe": "PyQt5.QtCore.QDate(2019, 8, 23)", "TranhChap": "Không", "KT": 0.0, "Lapdia": "1", "mdsd": "Phòng hộ môi sinh", "nqh": "0", "Anh": "https://cdn2.fptshop.com.vn/unsafe/1920x0/filters:format(webp):quality(75)/hinh_nen_meme_con_luoi_flash_zootopia_1_c520bf6214.jpg", "Anh2": "https://png.pngtree.com/thumb_back/fh260/background/20230830/pngtree-the-lotus-is-also-represented-image_13145607.jpg"}}, {"type": "Feature", "geometry": {"coordinates": [[[[104.64261245208333, 9.800391103978534], [104.64274336705535, 9.800405877725803], [104.6431531452336, 9.800629855103987], [104.64340655721769, 9.800798742194813], [104.64359666751945, 9.80088537411352], [104.643657969541, 9.800768978214931], [104.64391300623207, 9.800688035053915], [104.64392303101886, 9.800680978077228], [104.64394102503137, 9.800550947148157], [104.64400899795284, 9.800260942841941], [104.64389494740821, 9.799822004365197], [104.6437189422807, 9.799887994813904], [104.64359699051178, 9.79994103230363], [104.64340896607162, 9.800040030812823], [104.64331898752924, 9.800035999955515], [104.6431870118692, 9.79988595923861], [104.64300692957666, 9.80001099500329], [104.64291546405379, 9.800153534746505], [104.64273175290057, 9.800320345724398], [104.64261245208333, 9.800391103978534]]]], "type": "MultiPolygon"}, "properties": {"fid": 304, "TT": 155.0, "id": 155.0, "Tinh": "Kiên Giang", "Huyen": "Kiên Hải", "Xa": "Lại Sơn", "Ddanh": "Bãi Nhà A", "TK": "1", "Khoanh": "2", "Lo": "66", "ldlr": "Rừng trồng khác", "sldlr": "Keo, Dừa, Xoài, Mít", "Ht2023": "NULL", "namtr": "NULL", "ChuQL": "Ban Quản lí rừng Kiên Giang", "Nguoinkcu": "Nguyễn Thị Ken", "Churung": "Nguyễn Thị Linh", "CMND": "370209807/ Ngày cấp 23/07/2014/ CA Kiên Giang", "DienThoai": "02973830536", "Dtich": 1.02, "DtichBS": 1.02, "NgayDoVe": "PyQt5.QtCore.QDate(2019, 8, 21)", "TranhChap": "Không", "KT": 0.0, "Lapdia": "1", "mdsd": "Phòng hộ môi sinh", "nqh": "0", "Anh": "https://cdn2.fptshop.com.vn/unsafe/1920x0/filters:format(webp):quality(75)/hinh_nen_meme_con_luoi_flash_zootopia_1_c520bf6214.jpg", "Anh2": "https://png.pngtree.com/thumb_back/fh260/background/20230830/pngtree-the-lotus-is-also-represented-image_13145607.jpg"}}, {"type": "Feature", "geometry": {"coordinates": [[[[104.64776598199414, 9.798858005433534], [104.64774697437181, 9.798960006942627], [104.64768404052136, 9.799092951051984], [104.64761395758532, 9.79913900509042], [104.64757096906732, 9.799228991223517], [104.64749299165906, 9.799357963380398], [104.64739997118751, 9.799483958210367], [104.64733902282428, 9.799571962886104], [104.64728598914536, 9.799622892107932], [104.64718403426689, 9.799747986562048], [104.64708993461143, 9.799907979518528], [104.64697997799296, 9.800080005116035], [104.64682099885358, 9.80051092300434], [104.64683993811566, 9.80045991819408], [104.64687997367335, 9.800494983639608], [104.64705594985755, 9.800570950226604], [104.64718202917751, 9.800575959044872], [104.64745593400562, 9.800491930784023], [104.64773597048026, 9.800461970508834], [104.64777196177413, 9.8004219894043], [104.64781503886533, 9.800325945103891], [104.64792197660682, 9.800130954000231], [104.64782692655015, 9.799996993692368], [104.64782601662962, 9.79979499686688], [104.6478310450413, 9.799621931700557], [104.64784091835644, 9.79947897412445], [104.64793302259338, 9.799342943007746], [104.64796195926489, 9.799223938289735], [104.64797895153878, 9.799099965704068], [104.64800999555531, 9.799005011656837], [104.64802091189226, 9.798953015664756], [104.64796200551721, 9.798916963964443], [104.6477969698382, 9.798841987680046], [104.64776598199414, 9.798858005433534]]]], "type": "MultiPolygon"}, "properties": {"fid": 305, "TT": 156.0, "id": 156.0, "Tinh": "Kiên Giang", "Huyen": "Kiên Hải", "Xa": "Lại Sơn", "Ddanh": "Bãi Nhà A", "TK": "1", "Khoanh": "2", "Lo": "70", "ldlr": "Rừng trồng khác", "sldlr": "Xoài, Gió bầu", "Ht2023": "NULL", "namtr": "NULL", "ChuQL": "Ban Quản lí rừng Kiên Giang", "Nguoinkcu": "Nguyễn Việt Thành", "Churung": "Nguyễn Việt Thành", "CMND": "371044546/ Ngày cấp 20/12/2017/ CA Kiên Giang", "DienThoai": "0328512081", "Dtich": 1.23, "DtichBS": 1.23, "NgayDoVe": "PyQt5.QtCore.QDate(2019, 8, 23)", "TranhChap": "Không", "KT": 0.0, "Lapdia": "1", "mdsd": "Phòng hộ môi sinh", "nqh": "0", "Anh": "https://cdn2.fptshop.com.vn/unsafe/1920x0/filters:format(webp):quality(75)/hinh_nen_meme_con_luoi_flash_zootopia_1_c520bf6214.jpg", "Anh2": "https://png.pngtree.com/thumb_back/fh260/background/20230830/pngtree-the-lotus-is-also-represented-image_13145607.jpg"}}, {"type": "Feature", "geometry": {"coordinates": [[[[104.62786003411536, 9.806974918651072], [104.6278679795063, 9.806774003389158], [104.62766402116965, 9.806708978166132], [104.62768500850058, 9.806045923595574], [104.62794901755589, 9.80604392525971], [104.62839095879403, 9.806228937464727], [104.62839502576001, 9.806136979228825], [104.62846097316576, 9.805994000919103], [104.62841199322044, 9.805692018125677], [104.62841004067155, 9.80559300944031], [104.62835102558215, 9.805509032007132], [104.62805249347704, 9.805345123782166], [104.62795400254247, 9.805492996957312], [104.62762095181517, 9.805413010734798], [104.62743504167553, 9.8053400216425], [104.6273969739445, 9.80544103460766], [104.62732804406727, 9.805414025046971], [104.62718904569132, 9.805720961236233], [104.62708498040091, 9.805835019333886], [104.62697900019124, 9.80594799308203], [104.626933698604, 9.805965641860517], [104.62696097337894, 9.806009937237446], [104.62703602873214, 9.80632203747293], [104.62707201959782, 9.806511995494898], [104.62693702720573, 9.806806994685587], [104.62688199467269, 9.806886946181061], [104.62696514600118, 9.806912955886016], [104.62708797687255, 9.806999983903799], [104.62730702037084, 9.806938958936907], [104.62751505667954, 9.806939965789216], [104.627685053537, 9.806877964407866], [104.62786003411536, 9.806974918651072]]]], "type": "MultiPolygon"}, "properties": {"fid": 306, "TT": 157.0, "id": 157.0, "Tinh": "Kiên Giang", "Huyen": "Kiên Hải", "Xa": "Lại Sơn", "Ddanh": "Bãi Nhà B", "TK": "1", "Khoanh": "1", "Lo": "68", "ldlr": "Rừng trồng khác", "sldlr": "Xoài, Vú sữa, Mít", "Ht2023": "NULL", "namtr": "NULL", "ChuQL": "Ban Quản lí rừng Kiên Giang", "Nguoinkcu": "Nguyễn Văn Tánh", "Churung": "Vương Thu Anh", "CMND": "370209918/ Ngày cấp 13/06/2018/ CA Kiên Giang", "DienThoai": "NULL", "Dtich": 1.79, "DtichBS": 1.79, "NgayDoVe": "PyQt5.QtCore.QDate(2019, 12, 3)", "TranhChap": "Không", "KT": 0.0, "Lapdia": "1", "mdsd": "Phòng hộ môi sinh", "nqh": "0", "Anh": "https://cdn2.fptshop.com.vn/unsafe/1920x0/filters:format(webp):quality(75)/hinh_nen_meme_con_luoi_flash_zootopia_1_c520bf6214.jpg", "Anh2": "https://png.pngtree.com/thumb_back/fh260/background/20230830/pngtree-the-lotus-is-also-represented-image_13145607.jpg"}}, {"type": "Feature", "geometry": {"coordinates": [[[[104.62244104214585, 9.806647882206068], [104.62195101606152, 9.806341988535424], [104.62162269350121, 9.805976720925825], [104.62162700235868, 9.806042996936897], [104.62163102849469, 9.806083955565041], [104.6215530244884, 9.806171961796052], [104.6215150303268, 9.806229843950009], [104.6214620733875, 9.806254999570438], [104.62145652718701, 9.806295599951136], [104.62145198082267, 9.806328062210838], [104.62143102008511, 9.806347057831578], [104.62134199531855, 9.806463007612765], [104.62131903113468, 9.806487971636228], [104.62131203191703, 9.806544034283137], [104.6213090271306, 9.806553981512558], [104.62191102376585, 9.806918970271086], [104.62192598706764, 9.806952962652302], [104.62199507062527, 9.806901941156983], [104.6220680793364, 9.806864933269402], [104.62210297095592, 9.806799004830655], [104.62217806285265, 9.806725014560827], [104.62220705622249, 9.806733955649653], [104.62229702137232, 9.806697032020212], [104.62234496583416, 9.80667603737952], [104.62244104214585, 9.806647882206068]]]], "type": "MultiPolygon"}, "properties": {"fid": 307, "TT": 158.0, "id": 158.0, "Tinh": "Kiên Giang", "Huyen": "Kiên Hải", "Xa": "Lại Sơn", "Ddanh": "Bãi Nhà B", "TK": "1", "Khoanh": "1", "Lo": "61", "ldlr": "Rừng trồng khác", "sldlr": "Xoài, Mít, Tre", "Ht2023": "NULL", "namtr": "NULL", "ChuQL": "Ban Quản lí rừng Kiên Giang", "Nguoinkcu": "Nguyễn Văn Nhất", "Churung": "Nguyễn Thị Kim Xa", "CMND": "370686453/ Ngày cấp 07/01/2014/ CA Kiên Giang", "DienThoai": "0944331404", "Dtich": 0.57, "DtichBS": 0.57, "NgayDoVe": "PyQt5.QtCore.QDate(2019, 8, 30)", "TranhChap": "Không", "KT": 0.0, "Lapdia": "1", "mdsd": "Phòng hộ môi sinh", "nqh": "0", "Anh": "https://cdn2.fptshop.com.vn/unsafe/1920x0/filters:format(webp):quality(75)/hinh_nen_meme_con_luoi_flash_zootopia_1_c520bf6214.jpg", "Anh2": "https://png.pngtree.com/thumb_back/fh260/background/20230830/pngtree-the-lotus-is-also-represented-image_13145607.jpg"}}, {"type": "Feature", "geometry": {"coordinates": [[[[104.62927807445534, 9.806939931040088], [104.62945502778194, 9.806950985123931], [104.62953999522071, 9.806958005394685], [104.62965103007394, 9.806951000645453], [104.62974302293586, 9.806972937405076], [104.62994397457865, 9.807040946367373], [104.6300289510032, 9.807070933078199], [104.6301160062917, 9.80705498583688], [104.63020801209619, 9.807109925601114], [104.63037202570919, 9.80713490878523], [104.63048498834331, 9.80716190077236], [104.63060505749515, 9.807177949218342], [104.63072704347451, 9.807200054992386], [104.6308230559484, 9.807243057661987], [104.63094103696511, 9.80728098832496], [104.63105208251397, 9.807301018556974], [104.63117398878246, 9.80735205845521], [104.63147096744063, 9.807267039462658], [104.6314790403929, 9.807163958047965], [104.63149002074532, 9.807035919709621], [104.63150102280139, 9.806962946866818], [104.63121602098997, 9.806902928291045], [104.63128906866952, 9.806735985522089], [104.63124502749288, 9.806712945588277], [104.6311770813948, 9.80663900869112], [104.63110495551466, 9.806599975343], [104.63104797661462, 9.80659601891118], [104.6310139432383, 9.806521435933442], [104.6309743777587, 9.806520366185406], [104.63092405836795, 9.806527980862661], [104.63060403385975, 9.806891952572036], [104.6305470486502, 9.806871991798342], [104.63035403644055, 9.806824957476875], [104.63017697251249, 9.806763992310245], [104.6299270571007, 9.806673035683854], [104.62989204746893, 9.80666599637313], [104.62951109687617, 9.80649000481015], [104.62928605943925, 9.806372997368152], [104.62928204900821, 9.806374988127683], [104.62929397045944, 9.806556003538303], [104.62928903048063, 9.806746971528105], [104.62927807445534, 9.806939931040088]]]], "type": "MultiPolygon"}, "properties": {"fid": 308, "TT": 159.0, "id": 159.0, "Tinh": "Kiên Giang", "Huyen": "Kiên Hải", "Xa": "Lại Sơn", "Ddanh": "Bãi Nhà B", "TK": "1", "Khoanh": "1", "Lo": "56", "ldlr": "Rừng trồng khác", "sldlr": "Xoài, Mít, Dừa", "Ht2023": "NULL", "namtr": "NULL", "ChuQL": "Ban Quản lí rừng Kiên Giang", "Nguoinkcu": "Trần Văn Phước", "Churung": "Xa Tú Lài", "CMND": "370771556/ Ngày cấp 29/09/2018/ CA Kiên Giang", "DienThoai": "076696725", "Dtich": 1.19, "DtichBS": 1.19, "NgayDoVe": "PyQt5.QtCore.QDate(2019, 8, 26)", "TranhChap": "Không", "KT": 1.0, "Lapdia": "1", "mdsd": "Phòng hộ môi sinh", "nqh": "0", "Anh": "https://cdn2.fptshop.com.vn/unsafe/1920x0/filters:format(webp):quality(75)/hinh_nen_meme_con_luoi_flash_zootopia_1_c520bf6214.jpg", "Anh2": "https://png.pngtree.com/thumb_back/fh260/background/20230830/pngtree-the-lotus-is-also-represented-image_13145607.jpg"}}, {"type": "Feature", "geometry": {"coordinates": [[[[104.62358240824994, 9.811800840659272], [104.62398672054864, 9.8120315340721], [104.62433020253239, 9.812198955636768], [104.62436184353491, 9.812216756676024], [104.62478484864525, 9.812455127918659], [104.6267186229732, 9.80950989782679], [104.62546556506275, 9.808780497317663], [104.62358240824994, 9.811800840659272]]]], "type": "MultiPolygon"}, "properties": {"fid": 309, "TT": 160.0, "id": 160.0, "Tinh": "Kiên Giang", "Huyen": "Kiên Hải", "Xa": "Lại Sơn", "Ddanh": "ấp Thiên Tuế", "TK": "1", "Khoanh": "1", "Lo": "27", "ldlr": "Rừng trồng khác", "sldlr": "Chuối", "Ht2023": "NULL", "namtr": "NULL", "ChuQL": "Ban Quản lí rừng Kiên Giang", "Nguoinkcu": "Nguyễn Thanh Nhựt", "Churung": "Nguyễn Thanh Nhựt", "CMND": "NULL", "DienThoai": "NULL", "Dtich": 6.07, "DtichBS": 6.07, "NgayDoVe": "PyQt5.QtCore.QDate(2019, 12, 9)", "TranhChap": "Không", "KT": 0.0, "Lapdia": "1", "mdsd": "Phòng hộ môi sinh", "nqh": "0", "Anh": "https://cdn2.fptshop.com.vn/unsafe/1920x0/filters:format(webp):quality(75)/hinh_nen_meme_con_luoi_flash_zootopia_1_c520bf6214.jpg", "Anh2": "https://png.pngtree.com/thumb_back/fh260/background/20230830/pngtree-the-lotus-is-also-represented-image_13145607.jpg"}}, {"type": "Feature", "geometry": {"coordinates": [[[[104.62740709184699, 9.802811991172964], [104.62941665483929, 9.802504346283484], [104.62943516401299, 9.80227747649491], [104.62943128962569, 9.802160022938024], [104.62942891515613, 9.802149083074783], [104.62908908793544, 9.802218202717961], [104.62723217565849, 9.80263872248956], [104.62740709184699, 9.802811991172964]]]], "type": "MultiPolygon"}, "properties": {"fid": 310, "TT": 161.0, "id": 161.0, "Tinh": "Kiên Giang", "Huyen": "Kiên Hải", "Xa": "Lại Sơn", "Ddanh": "Bãi Nhà B", "TK": "1", "Khoanh": "1", "Lo": "102", "ldlr": "Rừng trồng khác", "sldlr": "Chuối, Mít", "Ht2023": "NULL", "namtr": "NULL", "ChuQL": "Ban Quản lí rừng Kiên Giang", "Nguoinkcu": "Nguyễn Thành Thuận", "Churung": "Nguyễn Thành Thuận", "CMND": "370993260/ Ngày cấp 15/06/2016/ CA Kiên Giang", "DienThoai": "0932923220", "Dtich": 0.73, "DtichBS": 0.73, "NgayDoVe": "PyQt5.QtCore.QDate(2019, 9, 8)", "TranhChap": "Không", "KT": 0.0, "Lapdia": "1", "mdsd": "Phòng hộ môi sinh", "nqh": "0", "Anh": "https://cdn2.fptshop.com.vn/unsafe/1920x0/filters:format(webp):quality(75)/hinh_nen_meme_con_luoi_flash_zootopia_1_c520bf6214.jpg", "Anh2": "https://png.pngtree.com/thumb_back/fh260/background/20230830/pngtree-the-lotus-is-also-represented-image_13145607.jpg"}}, {"type": "Feature", "geometry": {"coordinates": [[[[104.6282152167195, 9.804150167655097], [104.62857526516169, 9.80426793846031], [104.62881144231082, 9.80443539629864], [104.63024968610941, 9.803638883475495], [104.63003356948391, 9.803483806423174], [104.62985283715926, 9.803361899666681], [104.62984891599505, 9.803358917322061], [104.62978152448473, 9.803301978785901], [104.6282152167195, 9.804150167655097]]]], "type": "MultiPolygon"}, "properties": {"fid": 311, "TT": 162.0, "id": 162.0, "Tinh": "Kiên Giang", "Huyen": "Kiên Hải", "Xa": "Lại Sơn", "Ddanh": "Bãi Nhà B", "TK": "1", "Khoanh": "1", "Lo": "91", "ldlr": "Rừng trồng khác", "sldlr": "Chuối, Mít", "Ht2023": "NULL", "namtr": "NULL", "ChuQL": "Ban Quản lí rừng Kiên Giang", "Nguoinkcu": "Trần Minh Sơn", "Churung": "Nguyễn Tấn Tùng", "CMND": "350852435/ Ngày cấp 24/03/2017/ CA An Giang", "DienThoai": "0916003331", "Dtich": 1.08, "DtichBS": 1.08, "NgayDoVe": "PyQt5.QtCore.QDate(2019, 9, 8)", "TranhChap": "Không", "KT": 0.0, "Lapdia": "1", "mdsd": "Phòng hộ môi sinh", "nqh": "0", "Anh": "https://cdn2.fptshop.com.vn/unsafe/1920x0/filters:format(webp):quality(75)/hinh_nen_meme_con_luoi_flash_zootopia_1_c520bf6214.jpg", "Anh2": "https://png.pngtree.com/thumb_back/fh260/background/20230830/pngtree-the-lotus-is-also-represented-image_13145607.jpg"}}, {"type": "Feature", "geometry": {"coordinates": [[[[104.61689334891032, 9.803754514173184], [104.61689872708438, 9.803753246444767], [104.61694585443041, 9.803742018164478], [104.61705446307327, 9.803837463804664], [104.61714985913571, 9.803950003279907], [104.61716773166903, 9.80396301752932], [104.61726586670328, 9.8040869488948], [104.61726641390439, 9.804087581642849], [104.617348851118, 9.803901650407312], [104.61692820666671, 9.803589938460167], [104.61729008316802, 9.803215385877273], [104.61773996346827, 9.802674701536024], [104.61778899818677, 9.802644032260355], [104.61782403117077, 9.802460920368604], [104.6166989988381, 9.803521027244518], [104.61669701529758, 9.803584050398438], [104.61658302487629, 9.803479022011206], [104.61653997711431, 9.803425056296273], [104.61642602062199, 9.803416957671251], [104.6157361230345, 9.803484646846679], [104.615739871537, 9.80351584033554], [104.61567726394851, 9.803840377702056], [104.61564214860893, 9.804052694936027], [104.61689334891032, 9.803754514173184]]]], "type": "MultiPolygon"}, "properties": {"fid": 312, "TT": 163.0, "id": 163.0, "Tinh": "Kiên Giang", "Huyen": "Kiên Hải", "Xa": "Lại Sơn", "Ddanh": "ấp Thiên Tuế", "TK": "1", "Khoanh": "1", "Lo": "95", "ldlr": "Rừng trồng khác", "sldlr": "Dừa, Mít, Xoài", "Ht2023": "NULL", "namtr": "NULL", "ChuQL": "Ban Quản lí rừng Kiên Giang", "Nguoinkcu": "Trần Văn Bi", "Churung": "Trần Văn Bi", "CMND": "370211139/ Ngày cấp 10/11/2018/ CA Kiên Giang", "DienThoai": "0328865113", "Dtich": 0.99, "DtichBS": 0.99, "NgayDoVe": "PyQt5.QtCore.QDate(2019, 9, 9)", "TranhChap": "Không", "KT": 0.0, "Lapdia": "1", "mdsd": "Phòng hộ môi sinh", "nqh": "0", "Anh": "https://cdn2.fptshop.com.vn/unsafe/1920x0/filters:format(webp):quality(75)/hinh_nen_meme_con_luoi_flash_zootopia_1_c520bf6214.jpg", "Anh2": "https://png.pngtree.com/thumb_back/fh260/background/20230830/pngtree-the-lotus-is-also-represented-image_13145607.jpg"}}, {"type": "Feature", "geometry": {"coordinates": [[[[104.64573739930361, 9.808123356765384], [104.64623550294601, 9.808500191528259], [104.64663675662977, 9.808798402494315], [104.647274994432, 9.808997048660222], [104.64775794903088, 9.808508573293654], [104.64758599183891, 9.807430034170356], [104.64721695058381, 9.807408041847728], [104.64688693412026, 9.807608012064529], [104.64659599013125, 9.807724959978511], [104.64642998163573, 9.807519960317611], [104.64639604892726, 9.807475036484753], [104.64631192117997, 9.807304993736654], [104.64624200675046, 9.807115956740379], [104.64623565043765, 9.806965411023395], [104.64573739930361, 9.808123356765384]]]], "type": "MultiPolygon"}, "properties": {"fid": 313, "TT": 164.0, "id": 164.0, "Tinh": "Kiên Giang", "Huyen": "Kiên Hải", "Xa": "Lại Sơn", "Ddanh": "Bãi Nhà A", "TK": "1", "Khoanh": "2", "Lo": "13", "ldlr": "Rừng trồng khác", "sldlr": "Mít", "Ht2023": "NULL", "namtr": "NULL", "ChuQL": "Ban Quản lí rừng Kiên Giang", "Nguoinkcu": "Lí Như Khanh", "Churung": "Lí Như Khanh", "CMND": "371458751/ Ngày cấp 03/04/2018/ CA Kiên Giang", "DienThoai": "NULL", "Dtich": 2.74, "DtichBS": 2.74, "NgayDoVe": "PyQt5.QtCore.QDate(2019, 8, 27)", "TranhChap": "Không", "KT": 0.0, "Lapdia": "1", "mdsd": "Phòng hộ môi sinh", "nqh": "0", "Anh": "https://cdn2.fptshop.com.vn/unsafe/1920x0/filters:format(webp):quality(75)/hinh_nen_meme_con_luoi_flash_zootopia_1_c520bf6214.jpg", "Anh2": "https://png.pngtree.com/thumb_back/fh260/background/20230830/pngtree-the-lotus-is-also-represented-image_13145607.jpg"}}, {"type": "Feature", "geometry": {"coordinates": [[[[104.63880308662631, 9.816870012803195], [104.63782808234463, 9.816481968895449], [104.63744296440792, 9.816406986798862], [104.6369985532049, 9.816467928726013], [104.63656936581044, 9.816526874705731], [104.63614023731779, 9.816507245590335], [104.63587087147405, 9.816359698733025], [104.63490971109356, 9.8163770817813], [104.63487313499824, 9.817232555092566], [104.63629195122452, 9.817207483446605], [104.63854503700097, 9.81697301581241], [104.63880308662631, 9.816870012803195]]]], "type": "MultiPolygon"}, "properties": {"fid": 314, "TT": 165.0, "id": 165.0, "Tinh": "Kiên Giang", "Huyen": "Kiên Hải", "Xa": "Lại Sơn", "Ddanh": "ấp bãi Bấc", "TK": "1", "Khoanh": "1", "Lo": "7", "ldlr": "Rừng trồng khác", "sldlr": "Mít", "Ht2023": "NULL", "namtr": "NULL", "ChuQL": "Ban Quản lí rừng Kiên Giang", "Nguoinkcu": "Trần Thanh Hồng", "Churung": "Trần Thanh Hồng", "CMND": "NULL", "DienThoai": "NULL", "Dtich": 3.0, "DtichBS": 3.0, "NgayDoVe": "NULL", "TranhChap": "Trần Thanh Hồng", "KT": 0.0, "Lapdia": "1", "mdsd": "Phòng hộ môi sinh", "nqh": "0", "Anh": "https://cdn2.fptshop.com.vn/unsafe/1920x0/filters:format(webp):quality(75)/hinh_nen_meme_con_luoi_flash_zootopia_1_c520bf6214.jpg", "Anh2": "https://png.pngtree.com/thumb_back/fh260/background/20230830/pngtree-the-lotus-is-also-represented-image_13145607.jpg"}}, {"type": "Feature", "geometry": {"coordinates": [[[[104.62728627263135, 9.815394278805519], [104.62729128977502, 9.815402143418353], [104.62740659370432, 9.815584928334978], [104.62748540915183, 9.81570994887293], [104.62756512998685, 9.815818422278696], [104.63040370340443, 9.812374980062113], [104.63000710245389, 9.812059839571681], [104.62728627263135, 9.815394278805519]]]], "type": "MultiPolygon"}, "properties": {"fid": 315, "TT": 166.0, "id": 166.0, "Tinh": "Kiên Giang", "Huyen": "Kiên Hải", "Xa": "Lại Sơn", "Ddanh": "Bãi Nhà B", "TK": "1", "Khoanh": "1", "Lo": "13", "ldlr": "Rừng trồng khác", "sldlr": "Mít", "Ht2023": "NULL", "namtr": "NULL", "ChuQL": "Ban Quản lí rừng Kiên Giang", "Nguoinkcu": "Nguyễn Thành Vinh", "Churung": "Nguyễn Thành Vinh", "CMND": "370971181", "DienThoai": "NULL", "Dtich": 2.65, "DtichBS": 2.65, "NgayDoVe": "NULL", "TranhChap": "NULL", "KT": 0.0, "Lapdia": "1", "mdsd": "Phòng hộ môi sinh", "nqh": "0", "Anh": "https://cdn2.fptshop.com.vn/unsafe/1920x0/filters:format(webp):quality(75)/hinh_nen_meme_con_luoi_flash_zootopia_1_c520bf6214.jpg", "Anh2": "https://png.pngtree.com/thumb_back/fh260/background/20230830/pngtree-the-lotus-is-also-represented-image_13145607.jpg"}}, {"type": "Feature", "geometry": {"coordinates": [[[[104.61642397324624, 9.801468325115435], [104.61650231845077, 9.80157345624105], [104.6164340522054, 9.80187602374658], [104.61665620939829, 9.80185931020278], [104.6169729958292, 9.801849978302242], [104.61720200200598, 9.801866988558562], [104.61796097019541, 9.802238983029572], [104.61795701344498, 9.802135001844992], [104.61818298561852, 9.802078953440166], [104.61835903330906, 9.801857996927092], [104.61829348113848, 9.801325809911125], [104.61787704024724, 9.801293946336001], [104.61716651420225, 9.801274842703721], [104.61707954289422, 9.801267910422206], [104.6169850088566, 9.801271650242482], [104.61682530131344, 9.801297022779437], [104.61664919738682, 9.801359201668319], [104.61642397324624, 9.801468325115435]]]], "type": "MultiPolygon"}, "properties": {"fid": 316, "TT": 167.0, "id": 167.0, "Tinh": "Kiên Giang", "Huyen": "Kiên Hải", "Xa": "Lại Sơn", "Ddanh": "ấp Thiên Tuế", "TK": "1", "Khoanh": "1", "Lo": "112", "ldlr": "Rừng trồng khác", "sldlr": "Xoài", "Ht2023": "NULL", "namtr": "NULL", "ChuQL": "Ban Quản lí rừng Kiên Giang", "Nguoinkcu": "Lê Thị Minh Châu", "Churung": "Lê Thị Minh Châu", "CMND": "37184460/ Ngày cấp 11/12/2013/ CA Kiên Giang", "DienThoai": "0913766741", "Dtich": 1.52, "DtichBS": 1.52, "NgayDoVe": "PyQt5.QtCore.QDate(2019, 12, 8)", "TranhChap": "Không", "KT": 0.0, "Lapdia": "1", "mdsd": "Phòng hộ môi sinh", "nqh": "0", "Anh": "https://cdn2.fptshop.com.vn/unsafe/1920x0/filters:format(webp):quality(75)/hinh_nen_meme_con_luoi_flash_zootopia_1_c520bf6214.jpg", "Anh2": "https://png.pngtree.com/thumb_back/fh260/background/20230830/pngtree-the-lotus-is-also-represented-image_13145607.jpg"}}, {"type": "Feature", "geometry": {"coordinates": [[[[104.63590602411496, 9.809559957281682], [104.63621107573668, 9.809819971781877], [104.63630302281929, 9.809726983554814], [104.63635404473354, 9.809652999867863], [104.63642701393317, 9.80952195262444], [104.63642206489402, 9.809458028017174], [104.63646104770127, 9.809371028748469], [104.63652902652281, 9.809298032822387], [104.63656001218015, 9.809272974133547], [104.63727579961723, 9.808742826627302], [104.6372758907443, 9.808742736170885], [104.63706548669165, 9.808528707889682], [104.63660290878087, 9.808058080154916], [104.63648977411171, 9.808058125724905], [104.63616574545532, 9.807981399435214], [104.6359269484279, 9.807887639798386], [104.63579902435683, 9.807836423193958], [104.63555167891573, 9.807793844167634], [104.63533853039733, 9.807776749617313], [104.6349718547373, 9.807742626801003], [104.63476710027335, 9.80774261784028], [104.63463501055482, 9.807759940455703], [104.63464304350427, 9.807785978090964], [104.63469805176457, 9.807875923674047], [104.63475807371479, 9.807964963059046], [104.63479099970591, 9.808003920786994], [104.6348059845756, 9.808087914573074], [104.63483901110817, 9.80815001965574], [104.63488015404332, 9.80821899338979], [104.63491501153209, 9.808299995417402], [104.63495706940061, 9.808377016115019], [104.63498207269667, 9.808437044726926], [104.63502000631394, 9.808459996180035], [104.63507607396508, 9.808464042721951], [104.63512203125393, 9.808489974810575], [104.6351750187896, 9.808542035332925], [104.63519298786204, 9.808565989341677], [104.63521906491047, 9.808576015508057], [104.63529301901146, 9.808624993383177], [104.63540108484307, 9.808714013467773], [104.63546501944853, 9.808783972636148], [104.6355730128882, 9.808918925811051], [104.63569902973563, 9.80898696128738], [104.63581705226804, 9.809123990014696], [104.63581405687975, 9.809155999725668], [104.635854000342, 9.809188986844283], [104.63582603444591, 9.809241983891408], [104.63582297518529, 9.809340994492961], [104.63590602411496, 9.809559957281682]]]], "type": "MultiPolygon"}, "properties": {"fid": 317, "TT": 168.0, "id": 168.0, "Tinh": "Kiên Giang", "Huyen": "Kiên Hải", "Xa": "Lại Sơn", "Ddanh": "ấp bãi Bấc", "TK": "1", "Khoanh": "1", "Lo": "40", "ldlr": "Rừng trồng khác", "sldlr": "NULL", "Ht2023": "NULL", "namtr": "NULL", "ChuQL": "Ban Quản lí rừng Kiên Giang", "Nguoinkcu": "Huỳnh Thái Lel", "Churung": "Huỳnh Thái Lel", "CMND": "NULL", "DienThoai": "NULL", "Dtich": 3.13, "DtichBS": 3.13, "NgayDoVe": "PyQt5.QtCore.QDate(2019, 12, 9)", "TranhChap": "Không", "KT": 0.0, "Lapdia": "1", "mdsd": "Phòng hộ môi sinh", "nqh": "0", "Anh": "https://cdn2.fptshop.com.vn/unsafe/1920x0/filters:format(webp):quality(75)/hinh_nen_meme_con_luoi_flash_zootopia_1_c520bf6214.jpg", "Anh2": "https://png.pngtree.com/thumb_back/fh260/background/20230830/pngtree-the-lotus-is-also-represented-image_13145607.jpg"}}, {"type": "Feature", "geometry": {"coordinates": [[[[104.63913969646374, 9.811247591175345], [104.63886358722192, 9.810661876475258], [104.63883649538052, 9.810623730544236], [104.63856497380668, 9.810544995856674], [104.6382759846864, 9.810552980382823], [104.63796620499892, 9.810548947332467], [104.63780885004438, 9.810538070591734], [104.63772123814114, 9.810531957678306], [104.63744420109502, 9.810562993613178], [104.63729722858264, 9.810526975800572], [104.63728619436667, 9.810519023353597], [104.63728225492034, 9.810472006804352], [104.63729125239935, 9.810183022404315], [104.63687798553516, 9.810141054063642], [104.63709751910218, 9.81149300824434], [104.6372762002047, 9.812593974179624], [104.63761617197193, 9.812632987919848], [104.63772319572027, 9.812181027786798], [104.63771524163222, 9.81212605596393], [104.6384695544517, 9.81193460175235], [104.63927609847781, 9.811729923162478], [104.63913969646374, 9.811247591175345]]]], "type": "MultiPolygon"}, "properties": {"fid": 318, "TT": 169.0, "id": 169.0, "Tinh": "Kiên Giang", "Huyen": "Kiên Hải", "Xa": "Lại Sơn", "Ddanh": "ấp bãi Bấc", "TK": "1", "Khoanh": "1", "Lo": "28", "ldlr": "Rừng trồng khác", "sldlr": "Mít", "Ht2023": "NULL", "namtr": "NULL", "ChuQL": "Ban Quản lí rừng Kiên Giang", "Nguoinkcu": "Đoàn Văn út", "Churung": "Nguyễn Thế Khỏe", "CMND": "3706799099/ Ngày cấp 09/06/2009/ CA Kiên Giang", "DienThoai": "0949506232", "Dtich": 3.99, "DtichBS": 3.99, "NgayDoVe": "PyQt5.QtCore.QDate(2019, 8, 28)", "TranhChap": "Không", "KT": 1.0, "Lapdia": "1", "mdsd": "Phòng hộ môi sinh", "nqh": "0", "Anh": "https://cdn2.fptshop.com.vn/unsafe/1920x0/filters:format(webp):quality(75)/hinh_nen_meme_con_luoi_flash_zootopia_1_c520bf6214.jpg", "Anh2": "https://png.pngtree.com/thumb_back/fh260/background/20230830/pngtree-the-lotus-is-also-represented-image_13145607.jpg"}}, {"type": "Feature", "geometry": {"coordinates": [[[[104.62765903589138, 9.804402015159216], [104.62761318776845, 9.804181860748384], [104.62734397050505, 9.803909979858837], [104.62711302701456, 9.804076981043073], [104.6269760404872, 9.804159947115606], [104.62680702979407, 9.804174929586218], [104.62675600316402, 9.804239960340135], [104.62669904064317, 9.804277957850077], [104.62688002471627, 9.804584050873126], [104.62681002959285, 9.804631999430974], [104.62663106099298, 9.804592010437114], [104.6265000317612, 9.804519000322335], [104.62636602869208, 9.804537043780098], [104.62627106310157, 9.80460697348944], [104.62617796352048, 9.80479001737049], [104.626099021775, 9.804804965965696], [104.62594001416065, 9.804755023030683], [104.62585307157048, 9.804827029294447], [104.62582801749551, 9.804868993276683], [104.62643302221453, 9.804987941240789], [104.62682796183296, 9.804800986912614], [104.62716205085472, 9.804737025574331], [104.62749408307634, 9.804777951387424], [104.62754105873927, 9.80460902995822], [104.62765903589138, 9.804402015159216]]]], "type": "MultiPolygon"}, "properties": {"fid": 319, "TT": 170.0, "id": 170.0, "Tinh": "Kiên Giang", "Huyen": "Kiên Hải", "Xa": "Lại Sơn", "Ddanh": "Bãi Nhà B", "TK": "1", "Khoanh": "1", "Lo": "89", "ldlr": "Rừng trồng khác", "sldlr": "Mít, Tre", "Ht2023": "NULL", "namtr": "NULL", "ChuQL": "Ban Quản lí rừng Kiên Giang", "Nguoinkcu": "Vương Thu ái", "Churung": "Vương Thu ái", "CMND": "352306641/ Ngày cấp 20/06/2011/ CA Kiên Giang", "DienThoai": "0372511154", "Dtich": 0.98, "DtichBS": 0.98, "NgayDoVe": "PyQt5.QtCore.QDate(2019, 8, 30)", "TranhChap": "Không", "KT": 1.0, "Lapdia": "1", "mdsd": "Phòng hộ môi sinh", "nqh": "0", "Anh": "https://cdn2.fptshop.com.vn/unsafe/1920x0/filters:format(webp):quality(75)/hinh_nen_meme_con_luoi_flash_zootopia_1_c520bf6214.jpg", "Anh2": "https://png.pngtree.com/thumb_back/fh260/background/20230830/pngtree-the-lotus-is-also-represented-image_13145607.jpg"}}, {"type": "Feature", "geometry": {"coordinates": [[[[104.63425607684165, 9.809658991280674], [104.6341470917163, 9.809550983099491], [104.6342190247816, 9.809335032794325], [104.63410408030327, 9.809143027214137], [104.63409705700641, 9.809133988039909], [104.63400201582446, 9.809014943106728], [104.63390616911863, 9.80893297047068], [104.63388201335701, 9.808939942316151], [104.63388701055162, 9.808897985680469], [104.63387507041685, 9.808903958085404], [104.63385601906228, 9.808908938683338], [104.63343405918306, 9.809008928212293], [104.63298200724971, 9.80909003134369], [104.6329350583703, 9.809092038989228], [104.63229601364935, 9.80936698355366], [104.63266698868945, 9.809434020267737], [104.63282602461489, 9.809546982396098], [104.63311892186653, 9.810424117740054], [104.63345500397668, 9.81031801388623], [104.63380009999965, 9.8101840569297], [104.63377102491287, 9.809972938817555], [104.63425607684165, 9.809658991280674]]]], "type": "MultiPolygon"}, "properties": {"fid": 320, "TT": 171.0, "id": 171.0, "Tinh": "Kiên Giang", "Huyen": "Kiên Hải", "Xa": "Lại Sơn", "Ddanh": "Bãi Nhà B", "TK": "1", "Khoanh": "1", "Lo": "36", "ldlr": "Rừng trồng khác", "sldlr": "Xoài, Vú sữa, Mít", "Ht2023": "NULL", "namtr": "NULL", "ChuQL": "Ban Quản lí rừng Kiên Giang", "Nguoinkcu": "Nguyễn Văn Xây", "Churung": "Nguyễn Thanh Lam", "CMND": "370686558/ Ngày cấp 22/12/2017/ CA Kiên Giang", "DienThoai": "0944463746", "Dtich": 1.89, "DtichBS": 1.89, "NgayDoVe": "PyQt5.QtCore.QDate(2019, 9, 5)", "TranhChap": "Không", "KT": 1.0, "Lapdia": "1", "mdsd": "Phòng hộ môi sinh", "nqh": "0", "Anh": "https://cdn2.fptshop.com.vn/unsafe/1920x0/filters:format(webp):quality(75)/hinh_nen_meme_con_luoi_flash_zootopia_1_c520bf6214.jpg", "Anh2": "https://png.pngtree.com/thumb_back/fh260/background/20230830/pngtree-the-lotus-is-also-represented-image_13145607.jpg"}}, {"type": "Feature", "geometry": {"coordinates": [[[[104.62532439824028, 9.80647910033254], [104.62554600890374, 9.80669900915873], [104.62577502365336, 9.80672894357348], [104.62579108208794, 9.80676501502374], [104.625884092647, 9.806827189164466], [104.62582728498614, 9.807035446517325], [104.62615355856929, 9.807271229912184], [104.62621596415453, 9.807160985234587], [104.62642499658905, 9.807143998889739], [104.62653894853065, 9.806895935509843], [104.62661401024137, 9.806744997230306], [104.62636305659859, 9.806558012771907], [104.62619801802693, 9.806472989428592], [104.62579600457858, 9.806038944044488], [104.62532439824028, 9.80647910033254]]]], "type": "MultiPolygon"}, "properties": {"fid": 321, "TT": 172.0, "id": 172.0, "Tinh": "Kiên Giang", "Huyen": "Kiên Hải", "Xa": "Lại Sơn", "Ddanh": "Bãi Nhà B", "TK": "1", "Khoanh": "1", "Lo": "57", "ldlr": "Rừng trồng khác", "sldlr": "Mít", "Ht2023": "NULL", "namtr": "NULL", "ChuQL": "Ban Quản lí rừng Kiên Giang", "Nguoinkcu": "Đỗ Thị Đời", "Churung": "Đoàn Văn Thức", "CMND": "096071010704/ Ngày cấp 04/12/2022/ CCS", "DienThoai": "0917127141", "Dtich": 0.88, "DtichBS": 0.88, "NgayDoVe": "PyQt5.QtCore.QDate(2019, 12, 8)", "TranhChap": "Không", "KT": 0.0, "Lapdia": "1", "mdsd": "Phòng hộ môi sinh", "nqh": "0", "Anh": "https://cdn2.fptshop.com.vn/unsafe/1920x0/filters:format(webp):quality(75)/hinh_nen_meme_con_luoi_flash_zootopia_1_c520bf6214.jpg", "Anh2": "https://png.pngtree.com/thumb_back/fh260/background/20230830/pngtree-the-lotus-is-also-represented-image_13145607.jpg"}}, {"type": "Feature", "geometry": {"coordinates": [[[[104.629896686753, 9.804767364661288], [104.62984592661027, 9.80457885930585], [104.62945935474366, 9.804711019674121], [104.62935669919779, 9.804696230040111], [104.62923396808223, 9.80486599436438], [104.62918506876551, 9.805008966332561], [104.62910999005764, 9.805111982813612], [104.62909509613287, 9.805258920279217], [104.62886800504403, 9.805250959318734], [104.62885303419903, 9.80543505924468], [104.62889402104872, 9.80557600776895], [104.62922204856848, 9.805631038849699], [104.62933902954566, 9.805678012420403], [104.62935329730075, 9.805797270380445], [104.62952497863432, 9.805615009423846], [104.6296190422647, 9.80557102957166], [104.62963104903073, 9.805502034855417], [104.62971305741063, 9.805167993626574], [104.62982081069859, 9.805163340992465], [104.62978823727329, 9.805091108229933], [104.629833308082, 9.804949674777038], [104.629896686753, 9.804767364661288]]]], "type": "MultiPolygon"}, "properties": {"fid": 322, "TT": 173.0, "id": 173.0, "Tinh": "Kiên Giang", "Huyen": "Kiên Hải", "Xa": "Lại Sơn", "Ddanh": "Bãi Nhà B", "TK": "1", "Khoanh": "1", "Lo": "81", "ldlr": "Rừng trồng khác", "sldlr": "ổi,Xoài, Mít, Dừa", "Ht2023": "NULL", "namtr": "1975", "ChuQL": "Ban Quản lí rừng Kiên Giang", "Nguoinkcu": "Dương Thanh Lan", "Churung": "Nguyễn Thị Thanh Hiền", "CMND": "370620932/ Ngày cấp 19/07/2007/ CA Kiên Giang", "DienThoai": "0782191919", "Dtich": 0.81, "DtichBS": 0.81, "NgayDoVe": "PyQt5.QtCore.QDate(2019, 9, 3)", "TranhChap": "Không", "KT": 1.0, "Lapdia": "1", "mdsd": "Phòng hộ môi sinh", "nqh": "0", "Anh": "https://cdn2.fptshop.com.vn/unsafe/1920x0/filters:format(webp):quality(75)/hinh_nen_meme_con_luoi_flash_zootopia_1_c520bf6214.jpg", "Anh2": "https://png.pngtree.com/thumb_back/fh260/background/20230830/pngtree-the-lotus-is-also-represented-image_13145607.jpg"}}, {"type": "Feature", "geometry": {"coordinates": [[[[104.64059265265232, 9.809443484205795], [104.64136038060566, 9.810163446619908], [104.64142932522418, 9.8102202917207], [104.64160707351401, 9.809951762019066], [104.64191074414613, 9.809526301697941], [104.64214567645708, 9.80888793201522], [104.64223213319391, 9.808537701022082], [104.64252907857164, 9.807952652538487], [104.64306070184294, 9.806996151930496], [104.64275133597926, 9.807099270149536], [104.64262277603122, 9.807055018696882], [104.64257454797435, 9.807049432972185], [104.64214234449958, 9.806845537616187], [104.64196101640749, 9.807266064314035], [104.64184596783889, 9.80748103964289], [104.64170294918, 9.807736986661522], [104.64159823870386, 9.8078241043996], [104.64142094246711, 9.808081150648656], [104.64127238339687, 9.808387101783001], [104.64109069760693, 9.808613135797318], [104.64087793015597, 9.808852474300886], [104.64074491631321, 9.809056425539664], [104.64059265265232, 9.809443484205795]]]], "type": "MultiPolygon"}, "properties": {"fid": 323, "TT": 174.0, "id": 174.0, "Tinh": "Kiên Giang", "Huyen": "Kiên Hải", "Xa": "Lại Sơn", "Ddanh": "ấp bãi Bấc", "TK": "1", "Khoanh": "2", "Lo": "9", "ldlr": "Rừng trồng khác", "sldlr": "Mít, Chuối", "Ht2023": "NULL", "namtr": "NULL", "ChuQL": "Ban Quản lí rừng Kiên Giang", "Nguoinkcu": "Đoàn Trưởng Thành", "Churung": "Nguyễn Trí Ngĩa", "CMND": "371549926/ Ngày cấp 10/06/2010/ CA Kiên Giang", "DienThoai": "0913994234", "Dtich": 3.92, "DtichBS": 3.92, "NgayDoVe": "PyQt5.QtCore.QDate(2019, 5, 9)", "TranhChap": "Không", "KT": 0.0, "Lapdia": "1", "mdsd": "Phòng hộ môi sinh", "nqh": "0", "Anh": "https://cdn2.fptshop.com.vn/unsafe/1920x0/filters:format(webp):quality(75)/hinh_nen_meme_con_luoi_flash_zootopia_1_c520bf6214.jpg", "Anh2": "https://png.pngtree.com/thumb_back/fh260/background/20230830/pngtree-the-lotus-is-also-represented-image_13145607.jpg"}}, {"type": "Feature", "geometry": {"coordinates": [[[[104.64618203065666, 9.800271948856246], [104.64627400042627, 9.799827045120413], [104.64642194600069, 9.799804014742447], [104.64667596000116, 9.799681024879053], [104.64679000174962, 9.799469936370262], [104.64680101164018, 9.799422913449751], [104.6467639969216, 9.799415967158891], [104.64614593237467, 9.79902697784285], [104.6456899824368, 9.798910984816912], [104.64568490793226, 9.798980971719406], [104.64573596907161, 9.799422920493857], [104.64567392807162, 9.799514903805841], [104.64561800493543, 9.799629941462548], [104.64551492009842, 9.799882979551931], [104.64539899054785, 9.799948040900471], [104.64529304671976, 9.800125941513418], [104.6452909050042, 9.8002320045447], [104.6453850198546, 9.800313974743583], [104.64554589371508, 9.800251968385064], [104.64566302896628, 9.80023392462592], [104.64599795410771, 9.800225009965356], [104.64616096785052, 9.800261921363276], [104.64616598088655, 9.80025992997384], [104.64618203065666, 9.800271948856246]]]], "type": "MultiPolygon"}, "properties": {"fid": 324, "TT": 175.0, "id": 175.0, "Tinh": "Kiên Giang", "Huyen": "Kiên Hải", "Xa": "Lại Sơn", "Ddanh": "Bãi Nhà A", "TK": "1", "Khoanh": "2", "Lo": "73", "ldlr": "Rừng trồng khác", "sldlr": "Dừa, Xoài", "Ht2023": "NULL", "namtr": "NULL", "ChuQL": "Ban Quản lí rừng Kiên Giang", "Nguoinkcu": "Danh Chưa", "Churung": "Danh Chưa", "CMND": "370203964/ Ngày cấp 03/03/2017/ CA Kiên Giang", "DienThoai": "NULL", "Dtich": 1.34, "DtichBS": 1.34, "NgayDoVe": "PyQt5.QtCore.QDate(2019, 8, 22)", "TranhChap": "Không", "KT": 0.0, "Lapdia": "1", "mdsd": "Phòng hộ môi sinh", "nqh": "0", "Anh": "https://cdn2.fptshop.com.vn/unsafe/1920x0/filters:format(webp):quality(75)/hinh_nen_meme_con_luoi_flash_zootopia_1_c520bf6214.jpg", "Anh2": "https://png.pngtree.com/thumb_back/fh260/background/20230830/pngtree-the-lotus-is-also-represented-image_13145607.jpg"}}, {"type": "Feature", "geometry": {"coordinates": [[[[104.65045295134607, 9.802255965387367], [104.65042193128174, 9.802200913667141], [104.65033598687042, 9.802046967352549], [104.65021997108404, 9.801919979345076], [104.65012993576116, 9.801790990569039], [104.65008795923379, 9.801697967470995], [104.65007899295729, 9.801625997509454], [104.65006097055546, 9.80148495104863], [104.64990393206605, 9.80135798106894], [104.64981805184364, 9.801345993213419], [104.64956801907462, 9.801198991000284], [104.64927997591073, 9.801060956858848], [104.64922798619175, 9.800999946560152], [104.64919897920959, 9.800960988507708], [104.64915100736195, 9.80091498606898], [104.64915194443931, 9.80076796352356], [104.64876000740014, 9.800697970068569], [104.64871597346713, 9.800692021686286], [104.64850893148117, 9.800662997298444], [104.64850099905522, 9.800660016926667], [104.64843599739149, 9.801062954750162], [104.64836711120726, 9.801340934481418], [104.64819097627523, 9.801524924768753], [104.64778798100185, 9.801600058360798], [104.64769894372041, 9.801664023739201], [104.64764603061595, 9.801782044244344], [104.64775002168004, 9.801931010327982], [104.64781999506879, 9.80204798269501], [104.64793092217803, 9.802213944564457], [104.64820494143478, 9.80238498908524], [104.64826997502597, 9.80225792124943], [104.64836598563012, 9.802089970233332], [104.64843894494332, 9.802155944557262], [104.64851200035736, 9.802232950003154], [104.64859401155339, 9.802358958883975], [104.6487199667455, 9.802492995814765], [104.64879201148659, 9.802552008157798], [104.64893901066047, 9.802653032651179], [104.64896593255477, 9.802922018860826], [104.64908099324907, 9.802951987582373], [104.64908093868816, 9.80303390767802], [104.6490920256956, 9.803159947593965], [104.64909500455957, 9.803297926447367], [104.64904292068931, 9.803435025306348], [104.64898892675836, 9.803581980721692], [104.64898895312453, 9.803641024645074], [104.64899593730605, 9.803765981328239], [104.64903198687728, 9.803856023311834], [104.64901301685859, 9.804041934140148], [104.64904303003594, 9.80408794447671], [104.64917103183778, 9.804107961327318], [104.64923196450705, 9.804187955776358], [104.64927801343782, 9.804213885905808], [104.64942898437268, 9.804224941016535], [104.6495729469524, 9.80426095493207], [104.64962398794749, 9.804237965864624], [104.6496079770042, 9.804109938920696], [104.6496359367073, 9.804048983844122], [104.649728007735, 9.8040409862919], [104.64976496827043, 9.803925956371483], [104.6498169801203, 9.80383198754108], [104.64988497368824, 9.803597951836865], [104.65000500180149, 9.803320943844845], [104.65016893083482, 9.802754031452894], [104.65028994809254, 9.80244790783623], [104.65037995224748, 9.802304914710216], [104.65045295134607, 9.802255965387367]]]], "type": "MultiPolygon"}, "properties": {"fid": 325, "TT": 176.0, "id": 176.0, "Tinh": "Kiên Giang", "Huyen": "Kiên Hải", "Xa": "Lại Sơn", "Ddanh": "Bãi Nhà A", "TK": "1", "Khoanh": "2", "Lo": "46", "ldlr": "Rừng trồng khác", "sldlr": "Trầm hương, Xoài, Sưa", "Ht2023": "NULL", "namtr": "1974", "ChuQL": "Ban Quản lí rừng Kiên Giang", "Nguoinkcu": "Nguyễn Thị Bích Trâm", "Churung": "Nguyễn Thị Bích Trâm", "CMND": "370928549/ Ngày cấp 15/10/2015/ CA Kiên Giang", "DienThoai": "0827445178", "Dtich": 5.73, "DtichBS": 5.73, "NgayDoVe": "PyQt5.QtCore.QDate(2019, 8, 23)", "TranhChap": "Không", "KT": 0.0, "Lapdia": "1", "mdsd": "Phòng hộ môi sinh", "nqh": "0", "Anh": "https://cdn2.fptshop.com.vn/unsafe/1920x0/filters:format(webp):quality(75)/hinh_nen_meme_con_luoi_flash_zootopia_1_c520bf6214.jpg", "Anh2": "https://png.pngtree.com/thumb_back/fh260/background/20230830/pngtree-the-lotus-is-also-represented-image_13145607.jpg"}}, {"type": "Feature", "geometry": {"coordinates": [[[[104.6248450581219, 9.804770980091948], [104.62543003314535, 9.805445927213771], [104.6255650331153, 9.805168922083135], [104.62582801749551, 9.804868993276683], [104.62585307157048, 9.804827029294447], [104.62594001416065, 9.804755023030683], [104.626099021775, 9.804804965965696], [104.62617796352048, 9.80479001737049], [104.62627106310157, 9.80460697348944], [104.62636602869208, 9.804537043780098], [104.6265000317612, 9.804519000322335], [104.62663106099298, 9.804592010437114], [104.62681002959285, 9.804631999430974], [104.62688002471627, 9.804584050873126], [104.62669904064317, 9.804277957850077], [104.62675600316402, 9.804239960340135], [104.62680702979407, 9.804174929586218], [104.6269760404872, 9.804159947115606], [104.62711302701456, 9.804076981043073], [104.62734397050505, 9.803909979858837], [104.62731807182301, 9.803888017625185], [104.62734100252074, 9.8037769737724], [104.62744612072585, 9.8037960128166], [104.62758298408069, 9.80363004142833], [104.62761998627325, 9.803603986667342], [104.62751099763494, 9.803475993537244], [104.62745101877921, 9.80325394559104], [104.62735998673568, 9.803118983351359], [104.62734497001753, 9.80294601632704], [104.62740709184699, 9.802811991172964], [104.62728301442144, 9.802799017339503], [104.62724205412216, 9.802724979068426], [104.62707904110522, 9.802687968154695], [104.6270540828694, 9.802501984415205], [104.62682398607778, 9.80249601241816], [104.62669504637425, 9.802401933814696], [104.62656398767686, 9.802248992798447], [104.62649296974087, 9.802242961178257], [104.62626900562641, 9.802301998201223], [104.62613905656215, 9.802189926259553], [104.62613098702298, 9.802064969383974], [104.62590829186671, 9.801862873910393], [104.62443606628683, 9.800525930436859], [104.62385007090522, 9.800266007664323], [104.62378405630194, 9.800475986090479], [104.62375209733413, 9.800580974915716], [104.62371501067449, 9.800625022791888], [104.62387306184122, 9.800805985169193], [104.6239233298084, 9.800907236768547], [104.62397496618047, 9.80101101960833], [104.62398300777319, 9.801063007942165], [104.62409202846777, 9.801282958974776], [104.62418003287038, 9.801370995462602], [104.62410999820868, 9.80155701421595], [104.62412598472154, 9.801645981254287], [104.6240439932046, 9.801793033519466], [104.62390607811459, 9.80182997512402], [104.62383698512286, 9.801851972319284], [104.6237830365973, 9.80190497789738], [104.62380402845783, 9.801970976544698], [104.62376704911483, 9.80205896831136], [104.62370799991972, 9.80236994285602], [104.62372502258368, 9.8025490578712], [104.62397100174188, 9.802609006664804], [104.6240459966544, 9.802522990208471], [104.62412303356727, 9.80253498783134], [104.62421899916107, 9.802457915202167], [104.62431298524037, 9.802450918458955], [104.62441499028887, 9.802434967208338], [104.62451898100768, 9.80260998138377], [104.62457998976663, 9.80266601912893], [104.6245380160112, 9.802806004075537], [104.62462002695739, 9.802954985441534], [104.62459207770326, 9.803055994394944], [104.62476097438943, 9.803224926523384], [104.62482500138519, 9.803306913532738], [104.62513102428458, 9.803521004767138], [104.62489301882006, 9.803576971805096], [104.62484697455899, 9.803801952693822], [104.6247749857196, 9.80388200052299], [104.6250330108135, 9.803971963398137], [104.62524409796156, 9.804090968099853], [104.62524503511929, 9.80415896328133], [104.6253110634863, 9.804228923647058], [104.62534399293794, 9.804280993157471], [104.62529907994573, 9.80436202570191], [104.62526903138397, 9.804455982749953], [104.62515001128776, 9.804560009215994], [104.62505498877444, 9.804721985743697], [104.62495499166715, 9.804745983795579], [104.6248450581219, 9.804770980091948]]]], "type": "MultiPolygon"}, "properties": {"fid": 326, "TT": 177.0, "id": 177.0, "Tinh": "Kiên Giang", "Huyen": "Kiên Hải", "Xa": "Lại Sơn", "Ddanh": "Bãi Nhà B", "TK": "1", "Khoanh": "1", "Lo": "100", "ldlr": "Rừng trồng khác", "sldlr": "Xoài, Mít, Dừa", "Ht2023": "NULL", "namtr": "NULL", "ChuQL": "Ban Quản lí rừng Kiên Giang", "Nguoinkcu": "Nguyễn Thị Thàng, Vừ Văn Luân, Trần Thị Thu Đông", "Churung": "Lê Tấn Hưng", "CMND": "371110105/ Ngày cấp 22/12/2017/ CA Kiên Giang", "DienThoai": "0329025703", "Dtich": 10.65, "DtichBS": 10.65, "NgayDoVe": "PyQt5.QtCore.QDate(2019, 8, 29)", "TranhChap": "Không", "KT": 0.0, "Lapdia": "1", "mdsd": "Phòng hộ môi sinh", "nqh": "0", "Anh": "https://cdn2.fptshop.com.vn/unsafe/1920x0/filters:format(webp):quality(75)/hinh_nen_meme_con_luoi_flash_zootopia_1_c520bf6214.jpg", "Anh2": "https://png.pngtree.com/thumb_back/fh260/background/20230830/pngtree-the-lotus-is-also-represented-image_13145607.jpg"}}, {"type": "Feature", "geometry": {"coordinates": [[[[104.64652595114632, 9.80912034376999], [104.64616814738555, 9.808533947046657], [104.64573566904294, 9.808127607225293], [104.64550161217569, 9.808039187082425], [104.6447827426492, 9.80773559493684], [104.64442052679779, 9.80747606463532], [104.64404110594515, 9.807273053434033], [104.64390867754369, 9.806926350877482], [104.64385776227068, 9.807031349529359], [104.64364230270475, 9.80693975550557], [104.64322996883014, 9.806939749111436], [104.64306070184294, 9.806996151930496], [104.64252907857164, 9.807952652538487], [104.6431218090868, 9.808547182287995], [104.64345205263405, 9.808867579811027], [104.6438441099137, 9.808985049429575], [104.64408001734887, 9.809136040210468], [104.64454891004456, 9.808584010423422], [104.64618195364005, 9.809665993033319], [104.64652595114632, 9.80912034376999]]]], "type": "MultiPolygon"}, "properties": {"fid": 327, "TT": 178.0, "id": 178.0, "Tinh": "Kiên Giang", "Huyen": "Kiên Hải", "Xa": "Lại Sơn", "Ddanh": "ấp bãi Bấc", "TK": "1", "Khoanh": "2", "Lo": "12", "ldlr": "Rừng trồng khác", "sldlr": "Mít", "Ht2023": "NULL", "namtr": "NULL", "ChuQL": "Ban Quản lí rừng Kiên Giang", "Nguoinkcu": "Đoàn Trưởng Thành", "Churung": "Nguyễn Thị Thanh Hiền", "CMND": "370620932/ Ngày cấp 19/07/2007/ CA Kiên Giang", "DienThoai": "0782191919", "Dtich": 6.09, "DtichBS": 6.09, "NgayDoVe": "PyQt5.QtCore.QDate(2019, 9, 12)", "TranhChap": "Không", "KT": 0.0, "Lapdia": "1", "mdsd": "Phòng hộ môi sinh", "nqh": "0", "Anh": "https://cdn2.fptshop.com.vn/unsafe/1920x0/filters:format(webp):quality(75)/hinh_nen_meme_con_luoi_flash_zootopia_1_c520bf6214.jpg", "Anh2": "https://png.pngtree.com/thumb_back/fh260/background/20230830/pngtree-the-lotus-is-also-represented-image_13145607.jpg"}}, {"type": "Feature", "geometry": {"coordinates": [[[[104.62783205420192, 9.80865899344169], [104.62819003338888, 9.808835990152021], [104.6282890163509, 9.80877998300304], [104.62833104081713, 9.808773999405206], [104.62856401835495, 9.808673997519728], [104.62878204214373, 9.808331043826113], [104.62907103818017, 9.808345039361324], [104.6289639682114, 9.809412030767716], [104.62914698691037, 9.809544968230988], [104.62918302637016, 9.809620997332368], [104.6294500319174, 9.809581020443726], [104.62951803716645, 9.809571952509991], [104.62968808236137, 9.809163010320043], [104.63031896042175, 9.80991397388315], [104.63065701529801, 9.809722968091782], [104.63076001444536, 9.80967997909126], [104.63103800870908, 9.809533030402969], [104.63103697288742, 9.809449031053742], [104.63082300422896, 9.809435008258344], [104.63077601918212, 9.809344968529707], [104.63072705091155, 9.809311984287728], [104.63060503600165, 9.809217995003376], [104.6305670504771, 9.8090619455112], [104.63055998617334, 9.808947929191092], [104.630626043123, 9.808852872803383], [104.63065600292848, 9.808767957306966], [104.63080099519486, 9.80863995773719], [104.63088599303165, 9.808491003942223], [104.63093801522933, 9.808407978711418], [104.63118399802835, 9.808463039527567], [104.6314340362192, 9.808629947562993], [104.63145806972916, 9.808544039680294], [104.63149302828246, 9.80842096512663], [104.6314660359138, 9.80817006136796], [104.63134204000451, 9.808138010495155], [104.63128601320409, 9.808005929245073], [104.63116697360708, 9.807826944627212], [104.63103907641276, 9.807610258437014], [104.63111990158903, 9.807747212797926], [104.63108206918254, 9.80774894539997], [104.63023004318487, 9.807732003646427], [104.62993306374848, 9.807816931139813], [104.63001605723261, 9.807203040989727], [104.63002858631246, 9.807070842798522], [104.6300289510032, 9.807070933078199], [104.62994397457865, 9.807040946367373], [104.62974302293586, 9.806972937405076], [104.62965103007394, 9.806951000645453], [104.62953999522071, 9.806958005394685], [104.62945502778194, 9.806950985123931], [104.62927807445534, 9.806939931040088], [104.62879902695195, 9.806987945316807], [104.62879510767443, 9.80698993603601], [104.62846502016369, 9.806797015514887], [104.62840417969518, 9.806944964962213], [104.62836301017887, 9.807039921089292], [104.62832309080646, 9.807066971649425], [104.62828000065453, 9.807145924231335], [104.62800468154825, 9.808085306653082], [104.62783205420192, 9.80865899344169]]]], "type": "MultiPolygon"}, "properties": {"fid": 328, "TT": 179.0, "id": 179.0, "Tinh": "Kiên Giang", "Huyen": "Kiên Hải", "Xa": "Lại Sơn", "Ddanh": "Bãi Nhà B", "TK": "1", "Khoanh": "1", "Lo": "45", "ldlr": "Rừng trồng khác", "sldlr": "Xoài, Mít, Dừa", "Ht2023": "NULL", "namtr": "NULL", "ChuQL": "Ban Quản lí rừng Kiên Giang", "Nguoinkcu": "Trần Văn Sơn", "Churung": "Trần Văn Sơn", "CMND": "371110619/ Ngày cấp 21/12/2017/ CA Kiên Giang", "DienThoai": "0766965722", "Dtich": 7.24, "DtichBS": 7.24, "NgayDoVe": "PyQt5.QtCore.QDate(2019, 9, 5)", "TranhChap": "Không", "KT": 1.0, "Lapdia": "1", "mdsd": "Phòng hộ môi sinh", "nqh": "0", "Anh": "https://cdn2.fptshop.com.vn/unsafe/1920x0/filters:format(webp):quality(75)/hinh_nen_meme_con_luoi_flash_zootopia_1_c520bf6214.jpg", "Anh2": "https://png.pngtree.com/thumb_back/fh260/background/20230830/pngtree-the-lotus-is-also-represented-image_13145607.jpg"}}, {"type": "Feature", "geometry": {"coordinates": [[[[104.62715602002358, 9.808286990402351], [104.62707801631949, 9.80813402976297], [104.62689392953335, 9.808064927760272], [104.62672095994398, 9.807743008411334], [104.62677143397114, 9.807661792774653], [104.62694499501984, 9.807382060124597], [104.62708797687255, 9.806999983903799], [104.62696514600118, 9.806912955886016], [104.62688199467269, 9.806886946181061], [104.62693702720573, 9.806806994685587], [104.62661401024137, 9.806744997230306], [104.62653894853065, 9.806895935509843], [104.62642499658905, 9.807143998889739], [104.62621596415453, 9.807160985234587], [104.62615355856929, 9.807271229912184], [104.62601298622192, 9.807519031799604], [104.6257909517599, 9.807627979415026], [104.6256466756479, 9.808450941357988], [104.62546556506275, 9.808780497317663], [104.6267186229732, 9.80950989782679], [104.62691615785273, 9.808502640514588], [104.62692399811795, 9.808502999257254], [104.62715602002358, 9.808286990402351]]]], "type": "MultiPolygon"}, "properties": {"fid": 329, "TT": 180.0, "id": 180.0, "Tinh": "Kiên Giang", "Huyen": "Kiên Hải", "Xa": "Lại Sơn", "Ddanh": "Bãi Nhà B", "TK": "1", "Khoanh": "1", "Lo": "46", "ldlr": "Rừng trồng khác", "sldlr": "Mít", "Ht2023": "NULL", "namtr": "NULL", "ChuQL": "Ban Quản lí rừng Kiên Giang", "Nguoinkcu": "Hoàng Minh Hùng", "Churung": "Thái Việt Hùng", "CMND": "370957567/ Ngày cấp 11/11/2011/ CA Kiên Giang", "DienThoai": "0909456399", "Dtich": 3.09, "DtichBS": 3.09, "NgayDoVe": "PyQt5.QtCore.QDate(2019, 12, 3)", "TranhChap": "Không", "KT": 0.0, "Lapdia": "1", "mdsd": "Phòng hộ môi sinh", "nqh": "0", "Anh": "https://cdn2.fptshop.com.vn/unsafe/1920x0/filters:format(webp):quality(75)/hinh_nen_meme_con_luoi_flash_zootopia_1_c520bf6214.jpg", "Anh2": "https://png.pngtree.com/thumb_back/fh260/background/20230830/pngtree-the-lotus-is-also-represented-image_13145607.jpg"}}, {"type": "Feature", "geometry": {"coordinates": [[[[104.62163640910319, 9.805089338161626], [104.6214999382444, 9.805341567327655], [104.62133504788397, 9.805658999132323], [104.62240697769829, 9.806235038697494], [104.62277702920599, 9.805788955514473], [104.62284932043592, 9.80528990364094], [104.62163640910319, 9.805089338161626]]]], "type": "MultiPolygon"}, "properties": {"fid": 330, "TT": 181.0, "id": 181.0, "Tinh": "Kiên Giang", "Huyen": "Kiên Hải", "Xa": "Lại Sơn", "Ddanh": "Bãi Nhà B", "TK": "1", "Khoanh": "1", "Lo": "76", "ldlr": "Rừng trồng khác", "sldlr": "Mít, Tre", "Ht2023": "NULL", "namtr": "NULL", "ChuQL": "Ban Quản lí rừng Kiên Giang", "Nguoinkcu": "Hồ Văn Chuyên", "Churung": "Hồ Văn Chuyên", "CMND": "370480960/ Ngày cấp 31/08/2010/ CA Kiên Giang", "DienThoai": "0917127141", "Dtich": 1.32, "DtichBS": 1.32, "NgayDoVe": "PyQt5.QtCore.QDate(2019, 8, 28)", "TranhChap": "Không", "KT": 0.0, "Lapdia": "1", "mdsd": "Phòng hộ môi sinh", "nqh": "0", "Anh": "https://cdn2.fptshop.com.vn/unsafe/1920x0/filters:format(webp):quality(75)/hinh_nen_meme_con_luoi_flash_zootopia_1_c520bf6214.jpg", "Anh2": "https://png.pngtree.com/thumb_back/fh260/background/20230830/pngtree-the-lotus-is-also-represented-image_13145607.jpg"}}, {"type": "Feature", "geometry": {"coordinates": [[[[104.64477101674314, 9.801092026140202], [104.64465998967538, 9.801321919953045], [104.64398399222614, 9.802733023475854], [104.64399092015704, 9.802732025920033], [104.64424397425563, 9.802700994919476], [104.64431101027105, 9.8025629862086], [104.64437796457601, 9.802446949463762], [104.6444200388237, 9.802347922170801], [104.64450105591813, 9.802286944905198], [104.64466593945689, 9.802218969558533], [104.64482497765917, 9.802125950419487], [104.64486395397786, 9.802030993273386], [104.6449049471164, 9.8019619856652], [104.64507195525742, 9.801748976294801], [104.64509895526857, 9.801575992190461], [104.64515494658373, 9.801406974137633], [104.64521197108003, 9.801307940347955], [104.6450589651955, 9.801225995296859], [104.64477101674314, 9.801092026140202]]], [[[104.64477101674314, 9.801092026140202], [104.6447710167039, 9.80109193572069], [104.6447579779234, 9.801085973595756], [104.64477101674314, 9.801092026140202]]]], "type": "MultiPolygon"}, "properties": {"fid": 331, "TT": 182.0, "id": 182.0, "Tinh": "Kiên Giang", "Huyen": "Kiên Hải", "Xa": "Lại Sơn", "Ddanh": "Bãi Nhà A", "TK": "1", "Khoanh": "2", "Lo": "50", "ldlr": "Rừng trồng khác", "sldlr": "NULL", "Ht2023": "NULL", "namtr": "NULL", "ChuQL": "Ban Quản lí rừng Kiên Giang", "Nguoinkcu": "NULL", "Churung": "NULL", "CMND": "NULL", "DienThoai": "NULL", "Dtich": 0.86, "DtichBS": 0.86, "NgayDoVe": "PyQt5.QtCore.QDate(2019, 12, 9)", "TranhChap": "Không", "KT": 0.0, "Lapdia": "NULL", "mdsd": "Phòng hộ môi sinh", "nqh": "0", "Anh": "https://cdn2.fptshop.com.vn/unsafe/1920x0/filters:format(webp):quality(75)/hinh_nen_meme_con_luoi_flash_zootopia_1_c520bf6214.jpg", "Anh2": "https://png.pngtree.com/thumb_back/fh260/background/20230830/pngtree-the-lotus-is-also-represented-image_13145607.jpg"}}, {"type": "Feature", "geometry": {"coordinates": [[[[104.64260199318036, 9.801729046309106], [104.64330298190164, 9.80182495727817], [104.6434149692592, 9.801493612777183], [104.64343616468149, 9.801387993798748], [104.6435037071979, 9.801155677445676], [104.64359666751945, 9.80088537411352], [104.64340655721769, 9.800798742194813], [104.6431531452336, 9.800629855103987], [104.64274336705535, 9.800405877725803], [104.64261245208333, 9.800391103978534], [104.64256388799757, 9.800450258771365], [104.6425099800445, 9.800590702971364], [104.64250473279789, 9.800684741499916], [104.64251598299381, 9.800771991632086], [104.64264991681894, 9.800810996581902], [104.64260195579034, 9.801001530718553], [104.6425892237615, 9.80107332918531], [104.64259344789748, 9.801145120524382], [104.64258927970221, 9.801204256655257], [104.64258494540675, 9.801301369062076], [104.64257226570693, 9.801495685979393], [104.64255544942677, 9.801609802503263], [104.64260199318036, 9.801729046309106]]]], "type": "MultiPolygon"}, "properties": {"fid": 332, "TT": 183.0, "id": 183.0, "Tinh": "Kiên Giang", "Huyen": "Kiên Hải", "Xa": "Lại Sơn", "Ddanh": "Bãi Nhà A", "TK": "1", "Khoanh": "2", "Lo": "58", "ldlr": "Rừng trồng khác", "sldlr": "Keo, Dừa, Xoài, Mít", "Ht2023": "NULL", "namtr": "NULL", "ChuQL": "Ban Quản lí rừng Kiên Giang", "Nguoinkcu": "Nguyễn Thị Linh", "Churung": "Nguyễn Văn Lợi", "CMND": "371120203/ Ngày cấp 27/09/2015/ CA Kiên Giang", "DienThoai": "02973830536", "Dtich": 1.31, "DtichBS": 1.31, "NgayDoVe": "PyQt5.QtCore.QDate(2019, 8, 21)", "TranhChap": "Không", "KT": 0.0, "Lapdia": "1", "mdsd": "Phòng hộ môi sinh", "nqh": "0", "Anh": "https://cdn2.fptshop.com.vn/unsafe/1920x0/filters:format(webp):quality(75)/hinh_nen_meme_con_luoi_flash_zootopia_1_c520bf6214.jpg", "Anh2": "https://png.pngtree.com/thumb_back/fh260/background/20230830/pngtree-the-lotus-is-also-represented-image_13145607.jpg"}}, {"type": "Feature", "geometry": {"coordinates": [[[[104.62936007973082, 9.805890942458916], [104.62935329730075, 9.805797270380445], [104.62933902954566, 9.805678012420403], [104.62922204856848, 9.805631038849699], [104.62889402104872, 9.80557600776895], [104.62885303419903, 9.80543505924468], [104.62886800504403, 9.805250959318734], [104.62909509613287, 9.805258920279217], [104.62910999005764, 9.805111982813612], [104.62918506876551, 9.805008966332561], [104.62923396808223, 9.80486599436438], [104.62935669919779, 9.804696230040111], [104.62908017975784, 9.804641089053307], [104.62894184420631, 9.804535169946382], [104.62878555317367, 9.804674656315248], [104.62870099664656, 9.804785994908169], [104.62863397796643, 9.804986932620496], [104.62859601145774, 9.805112991899366], [104.6284959822712, 9.805289980914251], [104.62843001962835, 9.805392993791823], [104.62835102558215, 9.805509032007132], [104.62841004067155, 9.80559300944031], [104.62841199322044, 9.805692018125677], [104.62846097316576, 9.805994000919103], [104.62839502576001, 9.806136979228825], [104.62839095879403, 9.806228937464727], [104.6286614581806, 9.806272507573992], [104.62928605943925, 9.806372997368152], [104.6292929820608, 9.806357985081515], [104.629303043462, 9.806208969810237], [104.62933003726864, 9.805998010680028], [104.62936007973082, 9.805890942458916]]]], "type": "MultiPolygon"}, "properties": {"fid": 333, "TT": 185.0, "id": 185.0, "Tinh": "Kiên Giang", "Huyen": "Kiên Hải", "Xa": "Lại Sơn", "Ddanh": "Bãi Nhà B", "TK": "1", "Khoanh": "1", "Lo": "78", "ldlr": "Rừng trồng khác", "sldlr": "Xoài, Mít, Dừa", "Ht2023": "NULL", "namtr": "NULL", "ChuQL": "Ban Quản lí rừng Kiên Giang", "Nguoinkcu": "Vương Hoài Phong", "Churung": "Nguyễn Thị Thanh Hiền", "CMND": "370620932/ Ngày cấp 19/07/2007/ CA Kiên Giang", "DienThoai": "0782191919", "Dtich": 1.38, "DtichBS": 1.38, "NgayDoVe": "PyQt5.QtCore.QDate(2019, 8, 26)", "TranhChap": "Không", "KT": 1.0, "Lapdia": "1", "mdsd": "Phòng hộ môi sinh", "nqh": "0", "Anh": "https://cdn2.fptshop.com.vn/unsafe/1920x0/filters:format(webp):quality(75)/hinh_nen_meme_con_luoi_flash_zootopia_1_c520bf6214.jpg", "Anh2": "https://png.pngtree.com/thumb_back/fh260/background/20230830/pngtree-the-lotus-is-also-represented-image_13145607.jpg"}}, {"type": "Feature", "geometry": {"coordinates": [[[[104.61749891746771, 9.804453248479195], [104.61770955517802, 9.804855271414702], [104.61771338879116, 9.80486874260499], [104.61790643976346, 9.805549263878772], [104.61821359107039, 9.806124225574363], [104.61838104523446, 9.806343072988234], [104.61856491668382, 9.806583253597108], [104.61945850991829, 9.80583580282923], [104.62036386622927, 9.805107785757993], [104.62082024699347, 9.804651004497195], [104.62013931488539, 9.803544691349552], [104.61975569358539, 9.803015601073305], [104.61947666041215, 9.803060818870343], [104.61955100535295, 9.80344706523463], [104.61952700960978, 9.803645996825573], [104.61946505997324, 9.803761032391904], [104.61919304158687, 9.804049928325396], [104.61868882689524, 9.803817274684649], [104.61867938379581, 9.804179951029708], [104.6186087249374, 9.804671858397079], [104.61783389583883, 9.804579900532127], [104.61749891746771, 9.804453248479195]]]], "type": "MultiPolygon"}, "properties": {"fid": 334, "TT": 186.0, "id": 186.0, "Tinh": "Kiên Giang", "Huyen": "Kiên Hải", "Xa": "Lại Sơn", "Ddanh": "ấp Thiên Tuế", "TK": "1", "Khoanh": "1", "Lo": "85", "ldlr": "Rừng trồng khác", "sldlr": "Chuối", "Ht2023": "NULL", "namtr": "NULL", "ChuQL": "Ban Quản lí rừng Kiên Giang", "Nguoinkcu": "Huỳnh Thanh Nhựt", "Churung": "Huỳnh Thanh Nhựt", "CMND": "371399123/ Ngày cấp 06/07/2006/ CA Kiên Giang", "DienThoai": "0913766741", "Dtich": 6.45, "DtichBS": 6.45, "NgayDoVe": "PyQt5.QtCore.QDate(2019, 12, 9)", "TranhChap": "Không", "KT": 0.0, "Lapdia": "1", "mdsd": "Phòng hộ môi sinh", "nqh": "0", "Anh": "https://cdn2.fptshop.com.vn/unsafe/1920x0/filters:format(webp):quality(75)/hinh_nen_meme_con_luoi_flash_zootopia_1_c520bf6214.jpg", "Anh2": "https://png.pngtree.com/thumb_back/fh260/background/20230830/pngtree-the-lotus-is-also-represented-image_13145607.jpg"}}, {"type": "Feature", "geometry": {"coordinates": [[[[104.62084469089585, 9.810722399316196], [104.62119963655141, 9.810834211981952], [104.62180812650004, 9.810985084905104], [104.62263737724686, 9.809784194915611], [104.62380844644682, 9.807979627596715], [104.62355406190711, 9.807880982238586], [104.62359703208745, 9.80772101435429], [104.6237370403529, 9.807422036176906], [104.6234899992317, 9.807458022826], [104.62339101212208, 9.807503992012336], [104.62325007990876, 9.80752393558525], [104.62332002623567, 9.807340991351365], [104.62084469089585, 9.810722399316196]]]], "type": "MultiPolygon"}, "properties": {"fid": 335, "TT": 188.0, "id": 188.0, "Tinh": "Kiên Giang", "Huyen": "Kiên Hải", "Xa": "Lại Sơn", "Ddanh": "ấp Thiên Tuế", "TK": "1", "Khoanh": "1", "Lo": "38", "ldlr": "Rừng trồng khác", "sldlr": "Chuối", "Ht2023": "NULL", "namtr": "NULL", "ChuQL": "Ban Quản lí rừng Kiên Giang", "Nguoinkcu": "Trần Hữu Xuyến", "Churung": "Trần Hữu Xuyến", "CMND": "370782073/ Ngày cấp 24/03/2011/ CA Kiên Giang", "DienThoai": "NULL", "Dtich": 4.12, "DtichBS": 4.12, "NgayDoVe": "NULL", "TranhChap": "Không", "KT": 0.0, "Lapdia": "1", "mdsd": "Phòng hộ môi sinh", "nqh": "0", "Anh": "https://cdn2.fptshop.com.vn/unsafe/1920x0/filters:format(webp):quality(75)/hinh_nen_meme_con_luoi_flash_zootopia_1_c520bf6214.jpg", "Anh2": "https://png.pngtree.com/thumb_back/fh260/background/20230830/pngtree-the-lotus-is-also-represented-image_13145607.jpg"}}, {"type": "Feature", "geometry": {"coordinates": [[[[104.6434629869258, 9.802495983403483], [104.64330298190164, 9.80182495727817], [104.64260199318036, 9.801729046309106], [104.64255595444818, 9.801724996781179], [104.64246497738179, 9.801731997307074], [104.64239697793508, 9.80175001934719], [104.64219599511354, 9.8018209925757], [104.6420300045625, 9.80185903832431], [104.64189098655112, 9.801870037268516], [104.64180989616047, 9.801973963228848], [104.64168594496485, 9.802043999749008], [104.64151898194037, 9.802153929188712], [104.64143900528293, 9.80230496317577], [104.64126494070682, 9.80243695782011], [104.64129200752659, 9.80241696382839], [104.64135296134027, 9.802552025220509], [104.6414699632388, 9.802647007372826], [104.64148082240209, 9.802672501152449], [104.64169092660644, 9.802612013197859], [104.64185797669576, 9.802492047069295], [104.64196995923139, 9.802574010734128], [104.64212598191693, 9.802676029046054], [104.64231593594673, 9.802821976941177], [104.6424269394201, 9.802959006355595], [104.64215094213584, 9.803060934534525], [104.64214998534108, 9.803168895855395], [104.64217597443331, 9.803186968867944], [104.64220202484032, 9.803348899324684], [104.64226801055891, 9.803310985868968], [104.64265900408498, 9.803088932109267], [104.64270793797716, 9.803040989172917], [104.64273796442171, 9.802694036801121], [104.64271201007826, 9.802544041719994], [104.64274900410118, 9.802501981070444], [104.64292194682447, 9.802518997533443], [104.64300599019656, 9.802499069813017], [104.6434629869258, 9.802495983403483]]]], "type": "MultiPolygon"}, "properties": {"fid": 336, "TT": 189.0, "id": 189.0, "Tinh": "Kiên Giang", "Huyen": "Kiên Hải", "Xa": "Lại Sơn", "Ddanh": "Bãi Nhà A", "TK": "1", "Khoanh": "2", "Lo": "44", "ldlr": "Rừng trồng khác", "sldlr": "Xoài, Mít", "Ht2023": "NULL", "namtr": "NULL", "ChuQL": "Ban Quản lí rừng Kiên Giang", "Nguoinkcu": "Nguyễn Văn Tuấn", "Churung": "Nguyễn Văn Tuấn", "CMND": "371407323/ Ngày cấp 21/07/2016/ CA Kiên Giang", "DienThoai": "0825449370", "Dtich": 2.08, "DtichBS": 2.08, "NgayDoVe": "PyQt5.QtCore.QDate(2019, 8, 30)", "TranhChap": "Không", "KT": 0.0, "Lapdia": "1", "mdsd": "Phòng hộ môi sinh", "nqh": "0", "Anh": "https://cdn2.fptshop.com.vn/unsafe/1920x0/filters:format(webp):quality(75)/hinh_nen_meme_con_luoi_flash_zootopia_1_c520bf6214.jpg", "Anh2": "https://png.pngtree.com/thumb_back/fh260/background/20230830/pngtree-the-lotus-is-also-represented-image_13145607.jpg"}}, {"type": "Feature", "geometry": {"coordinates": [[[[104.64368196743655, 9.80547801691922], [104.64322849165781, 9.804985784085721], [104.642642386635, 9.804307884727798], [104.641899968261, 9.803697321864794], [104.6415509633613, 9.803618983558183], [104.64150897585208, 9.803709963127526], [104.64139989665395, 9.803811007238794], [104.64131695657264, 9.803853991086084], [104.64112602132941, 9.803974961505729], [104.64098700580327, 9.803994007427757], [104.6408429399855, 9.804142988255933], [104.64071400371482, 9.804283915407789], [104.6407180132118, 9.804279935284779], [104.64071801363133, 9.804280929899441], [104.64092894340797, 9.805092990502015], [104.6410859344377, 9.805327021367361], [104.64135793743567, 9.805690032882652], [104.64142302008932, 9.805671017645041], [104.64183992732801, 9.80549597215592], [104.64203501661012, 9.805494986298585], [104.64211403100497, 9.805437988895438], [104.64230503197739, 9.805470007720725], [104.64269704018659, 9.805483044229005], [104.6426359258915, 9.805828020394197], [104.64275498242138, 9.805821007988188], [104.64284002726274, 9.805796016386724], [104.64292998933911, 9.805758002281346], [104.6430639850487, 9.805723948035132], [104.64316890778022, 9.805708984530265], [104.64334902188641, 9.805651039944971], [104.64343498686475, 9.805646030518602], [104.64353800671623, 9.80565801271965], [104.64368196743655, 9.80547801691922]]]], "type": "MultiPolygon"}, "properties": {"fid": 337, "TT": 190.0, "id": 190.0, "Tinh": "Kiên Giang", "Huyen": "Kiên Hải", "Xa": "Lại Sơn", "Ddanh": "Bãi Nhà A", "TK": "1", "Khoanh": "2", "Lo": "27", "ldlr": "Rừng trồng khác", "sldlr": "Tre, Mít, Xoài", "Ht2023": "NULL", "namtr": "NULL", "ChuQL": "Ban Quản lí rừng Kiên Giang", "Nguoinkcu": "Hoàng Minh Hùng", "Churung": "Thái Việt Hùng", "CMND": "370957567/ Ngày cấp 11/11/2011/ CA Kiên Giang", "DienThoai": "0909456399", "Dtich": 4.48, "DtichBS": 4.48, "NgayDoVe": "PyQt5.QtCore.QDate(2019, 8, 23)", "TranhChap": "Không", "KT": 0.0, "Lapdia": "1", "mdsd": "Phòng hộ môi sinh", "nqh": "0", "Anh": "https://cdn2.fptshop.com.vn/unsafe/1920x0/filters:format(webp):quality(75)/hinh_nen_meme_con_luoi_flash_zootopia_1_c520bf6214.jpg", "Anh2": "https://png.pngtree.com/thumb_back/fh260/background/20230830/pngtree-the-lotus-is-also-represented-image_13145607.jpg"}}, {"type": "Feature", "geometry": {"coordinates": [[[[104.62757703944705, 9.806917337580193], [104.62722229929084, 9.807816602996988], [104.62800468154825, 9.808085306653082], [104.62828000065453, 9.807145924231335], [104.62811798510884, 9.807100956555857], [104.62795997006201, 9.80702795722876], [104.62786003411536, 9.806974918651072], [104.627685053537, 9.806877964407866], [104.62757703944705, 9.806917337580193]]]], "type": "MultiPolygon"}, "properties": {"fid": 338, "TT": 191.0, "id": 191.0, "Tinh": "Kiên Giang", "Huyen": "Kiên Hải", "Xa": "Lại Sơn", "Ddanh": "Bãi Nhà B", "TK": "1", "Khoanh": "1", "Lo": "53", "ldlr": "Rừng trồng khác", "sldlr": "Mít, Chuối, Xoài", "Ht2023": "NULL", "namtr": "NULL", "ChuQL": "Ban Quản lí rừng Kiên Giang", "Nguoinkcu": "Đặng Hữu Kiền", "Churung": "Nguyễn Thị Phú", "CMND": "052195009719", "DienThoai": "0964063839", "Dtich": 0.95, "DtichBS": 0.95, "NgayDoVe": "PyQt5.QtCore.QDate(2019, 12, 3)", "TranhChap": "Không", "KT": 0.0, "Lapdia": "1", "mdsd": "Phòng hộ môi sinh", "nqh": "0", "Anh": "https://cdn2.fptshop.com.vn/unsafe/1920x0/filters:format(webp):quality(75)/hinh_nen_meme_con_luoi_flash_zootopia_1_c520bf6214.jpg", "Anh2": "https://png.pngtree.com/thumb_back/fh260/background/20230830/pngtree-the-lotus-is-also-represented-image_13145607.jpg"}}, {"type": "Feature", "geometry": {"coordinates": [[[[104.62716205085472, 9.804737025574331], [104.62682796183296, 9.804800986912614], [104.62643302221453, 9.804987941240789], [104.62650602419096, 9.805175986730433], [104.62652710103583, 9.805464055629308], [104.62686603544604, 9.805673973651041], [104.62716205085472, 9.804737025574331]]]], "type": "MultiPolygon"}, "properties": {"fid": 339, "TT": 192.0, "id": 192.0, "Tinh": "Kiên Giang", "Huyen": "Kiên Hải", "Xa": "Lại Sơn", "Ddanh": "Bãi Nhà B", "TK": "1", "Khoanh": "1", "Lo": "80", "ldlr": "Rừng trồng khác", "sldlr": "Mít, Vú sữa, Dừa", "Ht2023": "NULL", "namtr": "NULL", "ChuQL": "Ban Quản lí rừng Kiên Giang", "Nguoinkcu": "Vương Hữu Thạnh", "Churung": "Nguyễn Văn Thuật", "CMND": "142569780/ Ngày cấp 14/05/2008/ CA Kiên Giang", "DienThoai": "0968268291", "Dtich": 0.47, "DtichBS": 0.47, "NgayDoVe": "PyQt5.QtCore.QDate(2019, 8, 30)", "TranhChap": "Không", "KT": 1.0, "Lapdia": "1", "mdsd": "Phòng hộ môi sinh", "nqh": "0", "Anh": "https://cdn2.fptshop.com.vn/unsafe/1920x0/filters:format(webp):quality(75)/hinh_nen_meme_con_luoi_flash_zootopia_1_c520bf6214.jpg", "Anh2": "https://png.pngtree.com/thumb_back/fh260/background/20230830/pngtree-the-lotus-is-also-represented-image_13145607.jpg"}}, {"type": "Feature", "geometry": {"coordinates": [[[[104.62615355856929, 9.807271229912184], [104.62582728498614, 9.807035446517325], [104.62560011086428, 9.80729422113782], [104.62530359241826, 9.807395148681183], [104.62522161468193, 9.80733839548296], [104.62517106956433, 9.807231086121702], [104.62523497385057, 9.806983945839562], [104.62537101124425, 9.80679699831037], [104.62554600890374, 9.80669900915873], [104.62532439824028, 9.80647910033254], [104.62498748375752, 9.806793613555092], [104.62468401412828, 9.807076919394323], [104.6246170322162, 9.807139966462842], [104.62459101987021, 9.807302007893474], [104.62457605550199, 9.807509978402276], [104.62466704580387, 9.80753300194363], [104.62480707149996, 9.807526982730003], [104.62493105571131, 9.807530011327357], [104.62485206965654, 9.80767199914699], [104.62465400301764, 9.807759959855092], [104.62470098625352, 9.808093952453236], [104.62467502728347, 9.808154995208108], [104.62470999253674, 9.808286994910908], [104.62490275891614, 9.808407634055376], [104.62546556506275, 9.808780497317663], [104.6256466756479, 9.808450941357988], [104.6257909517599, 9.807627979415026], [104.62601298622192, 9.807519031799604], [104.62615355856929, 9.807271229912184]]]], "type": "MultiPolygon"}, "properties": {"fid": 340, "TT": 193.0, "id": 193.0, "Tinh": "Kiên Giang", "Huyen": "Kiên Hải", "Xa": "Lại Sơn", "Ddanh": "Bãi Nhà B", "TK": "1", "Khoanh": "1", "Lo": "48", "ldlr": "Rừng trồng khác", "sldlr": "Mít", "Ht2023": "NULL", "namtr": "NULL", "ChuQL": "Ban Quản lí rừng Kiên Giang", "Nguoinkcu": "Bùi Quốc Trượng", "Churung": "Bùi Quốc Trượng", "CMND": "370789772/ Ngày cấp 09/11/2018/ CA Kiên Giang", "DienThoai": "0917127141", "Dtich": 2.15, "DtichBS": 2.15, "NgayDoVe": "PyQt5.QtCore.QDate(2019, 12, 8)", "TranhChap": "Không", "KT": 0.0, "Lapdia": "1", "mdsd": "Phòng hộ môi sinh", "nqh": "0", "Anh": "https://cdn2.fptshop.com.vn/unsafe/1920x0/filters:format(webp):quality(75)/hinh_nen_meme_con_luoi_flash_zootopia_1_c520bf6214.jpg", "Anh2": "https://png.pngtree.com/thumb_back/fh260/background/20230830/pngtree-the-lotus-is-also-represented-image_13145607.jpg"}}, {"type": "Feature", "geometry": {"coordinates": [[[[104.62894184420631, 9.804535169946382], [104.62881144231082, 9.80443539629864], [104.62857526516169, 9.80426793846031], [104.6282152167195, 9.804150167655097], [104.627991817948, 9.804021946666163], [104.62761998627325, 9.803603986667342], [104.62758298408069, 9.80363004142833], [104.62744612072585, 9.8037960128166], [104.62734100252074, 9.8037769737724], [104.62731807182301, 9.803888017625185], [104.62734397050505, 9.803909979858837], [104.62761318776845, 9.804181860748384], [104.62762102018455, 9.804161965494089], [104.62772401878915, 9.804120966649098], [104.62778902266707, 9.80413296796405], [104.62788292441397, 9.804142788300513], [104.62852018560582, 9.804460372189162], [104.62829009108769, 9.804937965071488], [104.62816308820855, 9.805142994261997], [104.62805249347704, 9.805345123782166], [104.62835102558215, 9.805509032007132], [104.62843001962835, 9.805392993791823], [104.6284959822712, 9.805289980914251], [104.62859601145774, 9.805112991899366], [104.62863397796643, 9.804986932620496], [104.62870099664656, 9.804785994908169], [104.62878555317367, 9.804674656315248], [104.62894184420631, 9.804535169946382]]]], "type": "MultiPolygon"}, "properties": {"fid": 341, "TT": 194.0, "id": 194.0, "Tinh": "Kiên Giang", "Huyen": "Kiên Hải", "Xa": "Lại Sơn", "Ddanh": "Bãi Nhà B", "TK": "1", "Khoanh": "1", "Lo": "86", "ldlr": "Rừng trồng khác", "sldlr": "Xoài, Mít, Chuối", "Ht2023": "NULL", "namtr": "NULL", "ChuQL": "Ban Quản lí rừng Kiên Giang", "Nguoinkcu": "Nguyễn Trường Đạt", "Churung": "Nguyễn Thị Thanh Hiền", "CMND": "370620932/ Ngày cấp 19/07/2007/ CA Kiên Giang", "DienThoai": "0782191919", "Dtich": 0.88, "DtichBS": 0.88, "NgayDoVe": "PyQt5.QtCore.QDate(2019, 9, 1)", "TranhChap": "Không", "KT": 0.0, "Lapdia": "1", "mdsd": "Phòng hộ môi sinh", "nqh": "0", "Anh": "https://cdn2.fptshop.com.vn/unsafe/1920x0/filters:format(webp):quality(75)/hinh_nen_meme_con_luoi_flash_zootopia_1_c520bf6214.jpg", "Anh2": "https://png.pngtree.com/thumb_back/fh260/background/20230830/pngtree-the-lotus-is-also-represented-image_13145607.jpg"}}, {"type": "Feature", "geometry": {"coordinates": [[[[104.62877625327718, 9.814349189414289], [104.62900939686023, 9.814668462447703], [104.62978457174884, 9.81464456687156], [104.63012217248034, 9.814444881503197], [104.63167386015222, 9.813633490214736], [104.63195803928312, 9.813442956160527], [104.6325399999329, 9.813569949257094], [104.63349006252373, 9.813177969382524], [104.63356491500423, 9.812964369003506], [104.63344101656972, 9.81295302496219], [104.63303403428985, 9.812903996783108], [104.63280098148581, 9.812819003443009], [104.632801007698, 9.812655977049827], [104.63285600942432, 9.812499981826848], [104.63282207232768, 9.812212008974447], [104.63295209022218, 9.812024066231551], [104.6331620349334, 9.81200201185307], [104.63321703158034, 9.811833990775336], [104.6332320350555, 9.811736964735006], [104.6333750007626, 9.81155597904214], [104.63331806576424, 9.811436014744817], [104.63328309438316, 9.811298048314717], [104.63342008337433, 9.811217973135445], [104.63335906400883, 9.811143039371087], [104.6332760302869, 9.811187015922602], [104.63311101072163, 9.81138799295339], [104.63293102949821, 9.811562934951796], [104.63230997459532, 9.81192603153762], [104.63207847551747, 9.812538985344744], [104.63081003020227, 9.812846994186295], [104.63030744173031, 9.812864186711833], [104.62997843600597, 9.812890986838791], [104.62877625327718, 9.814349189414289]]]], "type": "MultiPolygon"}, "properties": {"fid": 342, "TT": 195.0, "id": 195.0, "Tinh": "Kiên Giang", "Huyen": "Kiên Hải", "Xa": "Lại Sơn", "Ddanh": "Bãi Nhà B", "TK": "1", "Khoanh": "1", "Lo": "18", "ldlr": "Rừng trồng khác", "sldlr": "Xoài, Dừa, Dầu", "Ht2023": "NULL", "namtr": "NULL", "ChuQL": "Ban Quản lí rừng Kiên Giang", "Nguoinkcu": "Trần Văn Phước", "Churung": "Lê Thành Hậu", "CMND": "370686043/ Ngày cấp 23/07/2014/ CA Kiên Giang", "DienThoai": "0986880663", "Dtich": 6.69, "DtichBS": 6.69, "NgayDoVe": "PyQt5.QtCore.QDate(2019, 9, 3)", "TranhChap": "Không", "KT": 0.0, "Lapdia": "1", "mdsd": "Phòng hộ môi sinh", "nqh": "0", "Anh": "https://cdn2.fptshop.com.vn/unsafe/1920x0/filters:format(webp):quality(75)/hinh_nen_meme_con_luoi_flash_zootopia_1_c520bf6214.jpg", "Anh2": "https://png.pngtree.com/thumb_back/fh260/background/20230830/pngtree-the-lotus-is-also-represented-image_13145607.jpg"}}, {"type": "Feature", "geometry": {"coordinates": [[[[104.61752199060118, 9.802407948843843], [104.61712838063863, 9.801975065437517], [104.6169729958292, 9.801849978302242], [104.61665620939829, 9.80185931020278], [104.6164340522054, 9.80187602374658], [104.61613130246043, 9.80214069535824], [104.61586896368635, 9.801956329043449], [104.61580764372542, 9.802049753458501], [104.6157174045866, 9.802346631884998], [104.61570058461808, 9.802476751461574], [104.61569312950158, 9.802535074661614], [104.61569312959561, 9.802535345920456], [104.61567040017577, 9.802712033615542], [104.61566947443579, 9.802934285361099], [104.61566956578666, 9.802934827847668], [104.6166319641206, 9.802653021979383], [104.61719600120801, 9.802690984627334], [104.61752199060118, 9.802407948843843]]]], "type": "MultiPolygon"}, "properties": {"fid": 343, "TT": 196.0, "id": 196.0, "Tinh": "Kiên Giang", "Huyen": "Kiên Hải", "Xa": "Lại Sơn", "Ddanh": "ấp Thiên Tuế", "TK": "1", "Khoanh": "1", "Lo": "105", "ldlr": "Rừng trồng khác", "sldlr": "Xoài, Mít", "Ht2023": "NULL", "namtr": "NULL", "ChuQL": "Ban Quản lí rừng Kiên Giang", "Nguoinkcu": "Lê Hoàng Khả", "Churung": "Lê Hoàng Khả", "CMND": "381166556", "DienThoai": "0964063839", "Dtich": 1.56, "DtichBS": 1.56, "NgayDoVe": "PyQt5.QtCore.QDate(2019, 12, 8)", "TranhChap": "Không", "KT": 0.0, "Lapdia": "1", "mdsd": "Phòng hộ môi sinh", "nqh": "0", "Anh": "https://cdn2.fptshop.com.vn/unsafe/1920x0/filters:format(webp):quality(75)/hinh_nen_meme_con_luoi_flash_zootopia_1_c520bf6214.jpg", "Anh2": "https://png.pngtree.com/thumb_back/fh260/background/20230830/pngtree-the-lotus-is-also-represented-image_13145607.jpg"}}, {"type": "Feature", "geometry": {"coordinates": [[[[104.632055996902, 9.806423107290135], [104.63204942849863, 9.806411445726505], [104.63201148221799, 9.806355400382358], [104.63193899029054, 9.806312931411039], [104.63188765059974, 9.806276150628305], [104.63175324005908, 9.806186777949126], [104.63174220615355, 9.80617891573557], [104.63173675919207, 9.806236786365094], [104.63178308028702, 9.806261995419133], [104.63183541193548, 9.80627137870824], [104.63184936186775, 9.806276165519964], [104.63199124846359, 9.806366981962283], [104.632055996902, 9.806423107290135]]]], "type": "MultiPolygon"}, "properties": {"fid": 344, "TT": 197.0, "id": 197.0, "Tinh": "Kiên Giang", "Huyen": "Kiên Hải", "Xa": "Lại Sơn", "Ddanh": "Bãi Nhà B", "TK": "1", "Khoanh": "1", "Lo": "65", "ldlr": "Rừng trồng khác", "sldlr": "Xoài, Vú sữa, Sao", "Ht2023": "NULL", "namtr": "1939", "ChuQL": "Ban Quản lí rừng Kiên Giang", "Nguoinkcu": "Trương Thị Vui", "Churung": "Trần Thanh Hùng", "CMND": "370993070/ Ngày cấp 19/09/2019/ CA Kiên Giang", "DienThoai": "0782191919", "Dtich": 0.01, "DtichBS": 0.01, "NgayDoVe": "PyQt5.QtCore.QDate(2019, 9, 4)", "TranhChap": "Không", "KT": 1.0, "Lapdia": "1", "mdsd": "Phòng hộ môi sinh", "nqh": "0", "Anh": "https://cdn2.fptshop.com.vn/unsafe/1920x0/filters:format(webp):quality(75)/hinh_nen_meme_con_luoi_flash_zootopia_1_c520bf6214.jpg", "Anh2": "https://png.pngtree.com/thumb_back/fh260/background/20230830/pngtree-the-lotus-is-also-represented-image_13145607.jpg"}}, {"type": "Feature", "geometry": {"coordinates": [[[[104.63031896042175, 9.80991397388315], [104.62968808236137, 9.809163010320043], [104.62951803716645, 9.809571952509991], [104.6294500319174, 9.809581020443726], [104.62918302637016, 9.809620997332368], [104.62809353465731, 9.809900626383172], [104.62785463582087, 9.810252448614817], [104.62817034599611, 9.810506769959316], [104.62851130308596, 9.810744896329995], [104.62817954540424, 9.811196667564717], [104.62616711178748, 9.813936501794783], [104.62621820943998, 9.81405484192589], [104.6263674095812, 9.814194303639692], [104.62660456917922, 9.814532293703897], [104.62665172292363, 9.814587431988828], [104.62885247554617, 9.811774826127637], [104.63031896042175, 9.80991397388315]]]], "type": "MultiPolygon"}, "properties": {"fid": 345, "TT": 184.0, "id": 184.0, "Tinh": "Kiên Giang", "Huyen": "Kiên Hải", "Xa": "Lại Sơn", "Ddanh": "ấp Thiên Tuế", "TK": "1", "Khoanh": "1", "Lo": "24", "ldlr": "Rừng trồng khác", "sldlr": "Chuối, Mít, Dừa (ít)", "Ht2023": "NULL", "namtr": "NULL", "ChuQL": "Ban Quản lí rừng Kiên Giang", "Nguoinkcu": "Trần Hữu Nghĩa", "Churung": "Lê Thanh Hải", "CMND": "036071016803/ Ngày cấp 22/11/2021/ CCS", "DienThoai": "0903611517", "Dtich": 7.23, "DtichBS": 7.23, "NgayDoVe": "PyQt5.QtCore.QDate(2019, 12, 9)", "TranhChap": "Không", "KT": 0.0, "Lapdia": "1", "mdsd": "Phòng hộ môi sinh", "nqh": "0", "Anh": "https://cdn2.fptshop.com.vn/unsafe/1920x0/filters:format(webp):quality(75)/hinh_nen_meme_con_luoi_flash_zootopia_1_c520bf6214.jpg", "Anh2": "https://png.pngtree.com/thumb_back/fh260/background/20230830/pngtree-the-lotus-is-also-represented-image_13145607.jpg"}}, {"type": "Feature", "geometry": {"coordinates": [[[[104.35523083580743, 9.723785080123141], [104.35521665038002, 9.723709302208933], [104.35520696844661, 9.723546180538836], [104.3549585576932, 9.72281900852989], [104.35494881796849, 9.722790341277419], [104.35486607120818, 9.722557655659745], [104.35482619452365, 9.722246594126858], [104.35473568982175, 9.722039855705104], [104.3546600476704, 9.72181802344297], [104.3543750946354, 9.72108477730726], [104.35432051149105, 9.720640430428297], [104.35443113230406, 9.720062422754214], [104.35449319724958, 9.719644076018259], [104.35438041805146, 9.7195234078102], [104.35437847467338, 9.7193807242888], [104.35432379570268, 9.719158448751855], [104.35422632446634, 9.719046467326367], [104.35405921661969, 9.718947928751062], [104.35397242923837, 9.719209386241713], [104.3539476052996, 9.719497634469175], [104.35389815156037, 9.719626371371131], [104.35379926730324, 9.719620180571601], [104.35358629972654, 9.71955878476727], [104.35355055479472, 9.71960027222724], [104.3535505547554, 9.719600362647183], [104.35335149537119, 9.71983157161915], [104.35329880595079, 9.720064742084693], [104.35336987525847, 9.720110705888318], [104.35338210873512, 9.720481794606679], [104.35334804528833, 9.720638206516675], [104.35328003193212, 9.720690259242579], [104.35323353077152, 9.721153370259705], [104.35332598386248, 9.721487602029596], [104.35327042852659, 9.722231372641447], [104.35324833463909, 9.722527217201861], [104.35312150854928, 9.72305774694543], [104.3529021684828, 9.723391935168312], [104.35267746450356, 9.723486236852738], [104.35241567234769, 9.723981715604705], [104.35226690901553, 9.724236906821424], [104.35229902236266, 9.72437255058066], [104.35239530447302, 9.724496286610647], [104.35246111368599, 9.724692435825958], [104.35248802705783, 9.724839560652132], [104.35237504864715, 9.724963025508949], [104.35237097194637, 9.725114567537032], [104.35235080005982, 9.725389797064146], [104.35222995529709, 9.726199545634875], [104.35201647972394, 9.727284492235071], [104.35209667765088, 9.727715377799973], [104.35224120823376, 9.727970695696992], [104.3522330002262, 9.728190050838109], [104.35233738108488, 9.728345618179414], [104.35267477472728, 9.728589174144059], [104.35303070219524, 9.728760853924936], [104.35340200320947, 9.728792027399816], [104.35384123768539, 9.728749085203466], [104.35397954641662, 9.728644166802672], [104.35448356159607, 9.728018404689617], [104.3547098527632, 9.727631503705355], [104.35484512531943, 9.727379651279735], [104.35487249030551, 9.727327852284494], [104.35490040252563, 9.727275149319857], [104.35491656002004, 9.727216383229665], [104.35495770212862, 9.727130501763405], [104.35492924296422, 9.726972073987202], [104.35495013661443, 9.726709322560035], [104.3549117097333, 9.726416707383553], [104.35485709695936, 9.72624895524411], [104.35479498158526, 9.725937251387418], [104.3547577589001, 9.72538910997867], [104.35481214768986, 9.725019315564545], [104.35490050761128, 9.724706319266573], [104.35504868706774, 9.724321374031152], [104.35519855631762, 9.724032997927047], [104.35523083580743, 9.723785080123141]]]], "type": "MultiPolygon"}, "properties": {"fid": 346, "TT": 20.0, "id": 20.0, "Tinh": "Kiên Giang", "Huyen": "Kiên Hải", "Xa": "An Sơn", "Ddanh": "Hòn Mốc", "TK": "1", "Khoanh": "1", "Lo": "2", "ldlr": "RTK", "sldlr": "Mít, Xoài, Dừa", "Ht2023": "NULL", "namtr": "2003", "ChuQL": "Ban Quản lí rừng Kiên Giang", "Nguoinkcu": "Huỳnh Thị Huỳnh Như", "Churung": "Huỳnh Thị Huỳnh Như", "CMND": "091196006927/ Ngày cấp 24/06/2023/ CCS", "DienThoai": "0968248520", "Dtich": 22.87, "DtichBS": 22.87, "NgayDoVe": "PyQt5.QtCore.QDate(2019, 11, 15)", "TranhChap": "Không", "KT": 1.0, "Lapdia": "1", "mdsd": "Phòng hộ môi sinh", "nqh": "0", "Anh": "https://cdn2.fptshop.com.vn/unsafe/1920x0/filters:format(webp):quality(75)/hinh_nen_meme_con_luoi_flash_zootopia_1_c520bf6214.jpg", "Anh2": "https://png.pngtree.com/thumb_back/fh260/background/20230830/pngtree-the-lotus-is-also-represented-image_13145607.jpg"}}, {"type": "Feature", "geometry": {"coordinates": [[[[104.35788013586307, 9.694364961680066], [104.35784892069559, 9.695127371033799], [104.35803544262014, 9.695411186564423], [104.35832258902116, 9.695230465111685], [104.35866424734944, 9.695015225402456], [104.35866506709574, 9.69501631078151], [104.35859001745537, 9.694910578745233], [104.35860861422763, 9.694897294657446], [104.3585755557717, 9.69484248644469], [104.35863699501601, 9.694805801212304], [104.35859619530666, 9.694738873516577], [104.35847943080839, 9.694575617068315], [104.3584036417528, 9.694494931054473], [104.35801109857012, 9.69392141488898], [104.35786439114216, 9.693664832285233], [104.35777092956657, 9.693567682349139], [104.35769157181942, 9.69352234896063], [104.35767444411617, 9.693509773459395], [104.35756257768372, 9.693619406612552], [104.357562486093, 9.693620491615782], [104.35756485551309, 9.693620583019815], [104.35753201291205, 9.69435080213658], [104.35788013586307, 9.694364961680066]]]], "type": "MultiPolygon"}, "properties": {"fid": 347, "TT": 0.0, "id": 0.0, "Tinh": "Kiên Giang", "Huyen": "Kiên Hải", "Xa": "An Sơn", "Ddanh": "Hòn Lớn", "TK": "1", "Khoanh": "2", "Lo": "35", "ldlr": "RTK", "sldlr": "NULL", "Ht2023": "NULL", "namtr": "NULL", "ChuQL": "Ban Quản lí rừng Kiên Giang", "Nguoinkcu": "Huỳnh Thị Thanh Thủy", "Churung": "Huỳnh Thị Thanh Thủy", "CMND": "371023359/ Ngày cấp 11/05/2016/ CA Kiên Giang", "DienThoai": "NULL", "Dtich": 1.21, "DtichBS": 1.21, "NgayDoVe": "PyQt5.QtCore.QDate(2019, 10, 18)", "TranhChap": "Không", "KT": 0.0, "Lapdia": "1", "mdsd": "Phòng hộ môi sinh", "nqh": "0", "Anh": "https://cdn2.fptshop.com.vn/unsafe/1920x0/filters:format(webp):quality(75)/hinh_nen_meme_con_luoi_flash_zootopia_1_c520bf6214.jpg", "Anh2": "https://png.pngtree.com/thumb_back/fh260/background/20230830/pngtree-the-lotus-is-also-represented-image_13145607.jpg"}}, {"type": "Feature", "geometry": {"coordinates": [[[[104.35767444411617, 9.693509773459395], [104.35763135156007, 9.693478108538903], [104.35754305923726, 9.693441270897885], [104.35739690866083, 9.693378006514362], [104.35739654412906, 9.693378006362812], [104.3573578999798, 9.693386941885311], [104.35732153789645, 9.69338701718229], [104.35728972871537, 9.693395955540044], [104.35722837823491, 9.693438517879345], [104.35718298361928, 9.693463093250298], [104.35717541679125, 9.693469690767325], [104.35723240849148, 9.693605796750864], [104.357562486093, 9.693620491615782], [104.35756257768372, 9.693619406612552], [104.35764763992742, 9.693536074587383], [104.35767444411617, 9.693509773459395]]]], "type": "MultiPolygon"}, "properties": {"fid": 348, "TT": 53.0, "id": 53.0, "Tinh": "Kiên Giang", "Huyen": "Kiên Hải", "Xa": "An Sơn", "Ddanh": "Hòn Lớn", "TK": "1", "Khoanh": "2", "Lo": "38", "ldlr": "RTK", "sldlr": "Xoài, Bạch đàn, ổi", "Ht2023": "NULL", "namtr": "NULL", "ChuQL": "Ban Quản lí rừng Kiên Giang", "Nguoinkcu": "Huỳnh Văn Hua", "Churung": "Huỳnh Văn Hua", "CMND": "091053000194/ Ngày cấp 08/04/2021/ CCS", "DienThoai": "0918169653", "Dtich": 0.1, "DtichBS": 0.1, "NgayDoVe": "PyQt5.QtCore.QDate(2019, 11, 15)", "TranhChap": "Không", "KT": 1.0, "Lapdia": "1", "mdsd": "Phòng hộ môi sinh", "nqh": "0", "Anh": "https://cdn2.fptshop.com.vn/unsafe/1920x0/filters:format(webp):quality(75)/hinh_nen_meme_con_luoi_flash_zootopia_1_c520bf6214.jpg", "Anh2": "https://png.pngtree.com/thumb_back/fh260/background/20230830/pngtree-the-lotus-is-also-represented-image_13145607.jpg"}}, {"type": "Feature", "geometry": {"coordinates": [[[[104.63750204498959, 9.804481985866715], [104.63760667192447, 9.804413224576692], [104.63771129877868, 9.804344372835184], [104.63781583442639, 9.804275521098766], [104.63789722092984, 9.804221959646604], [104.63750204498959, 9.804481985866715]]], [[[104.64163692643726, 9.807045937935767], [104.64145621558387, 9.806989049089367], [104.6414968800884, 9.80700187169127], [104.64163692643726, 9.807045937935767]]], [[[104.64119199780131, 9.806929934444453], [104.64114121723578, 9.806924439997788], [104.64110803212452, 9.806920927450033], [104.64119199780131, 9.806929934444453]]], [[[104.64085995051816, 9.806861986667387], [104.64085858489454, 9.806866327371516], [104.6408410141882, 9.80692293728788], [104.64085995051816, 9.806861986667387]]], [[[104.6408410141882, 9.80692293728788], [104.64080888463796, 9.80704438404255], [104.64079896362242, 9.807081912261568], [104.6408410141882, 9.80692293728788]]], [[[104.63789722092984, 9.804221959646604], [104.63792018751768, 9.804206217306975], [104.6380106867757, 9.804144152684808], [104.63812515506211, 9.804065621920804], [104.63789722092984, 9.804221959646604]]], [[[104.63834615044748, 9.80366497327344], [104.63835361695712, 9.803643631215676], [104.63838721560131, 9.803546054821576], [104.63834615044748, 9.80366497327344]]], [[[104.63832122365478, 9.803790033666932], [104.63834615044748, 9.80366497327344], [104.63832631813288, 9.803764352439323], [104.63832122365478, 9.803790033666932]]], [[[104.64208997664514, 9.806324019817769], [104.6420843348617, 9.806348345031326], [104.64206795548716, 9.806418969535155], [104.64208997664514, 9.806324019817769]]], [[[104.63819323451185, 9.804018937702939], [104.63824917630022, 9.803940973258625], [104.63821892764551, 9.8039831210942], [104.63819323451185, 9.804018937702939]]], [[[104.63824917630022, 9.803940973258625], [104.63831021779075, 9.803849986311409], [104.63828962766709, 9.803880646932429], [104.63824917630022, 9.803940973258625]]]], "type": "MultiPolygon"}, "properties": {"fid": 349, "TT": 187.0, "id": 187.0, "Tinh": "Kiên Giang", "Huyen": "Kiên Hải", "Xa": "Lại Sơn", "Ddanh": "Bãi Nhà A", "TK": "1", "Khoanh": "2", "Lo": "25", "ldlr": "Rừng trồng khác", "sldlr": "Mít, Dừa Xoài", "Ht2023": "NULL", "namtr": "NULL", "ChuQL": "Ban Quản lí rừng Kiên Giang", "Nguoinkcu": "Đồng Xuân Trường", "Churung": "Đồng Xuân Trường", "CMND": "370920701", "DienThoai": "0936238385", "Dtich": 0.0, "DtichBS": 0.0, "NgayDoVe": "PyQt5.QtCore.QDate(2019, 8, 30)", "TranhChap": "Không", "KT": 0.0, "Lapdia": "1", "mdsd": "Phòng hộ môi sinh", "nqh": "0", "Anh": "https://cdn2.fptshop.com.vn/unsafe/1920x0/filters:format(webp):quality(75)/hinh_nen_meme_con_luoi_flash_zootopia_1_c520bf6214.jpg", "Anh2": "https://png.pngtree.com/thumb_back/fh260/background/20230830/pngtree-the-lotus-is-also-represented-image_13145607.jpg"}}, {"type": "Feature", "geometry": {"coordinates": [[[[104.63821892764551, 9.8039831210942], [104.63863523367465, 9.804336581981282], [104.63901620694655, 9.804780476358403], [104.6393267089187, 9.804998802516003], [104.63963579726841, 9.805323643168066], [104.64019628692296, 9.805798476083021], [104.64044351538085, 9.805998472175265], [104.64097382772447, 9.806247177039761], [104.64153421127936, 9.806678696767936], [104.64165588855033, 9.807046020433027], [104.64172599352821, 9.807045991134393], [104.64183895699882, 9.807072979327476], [104.64183812833383, 9.807053720318285], [104.64162518633734, 9.806663739558573], [104.64107863592479, 9.80617633496368], [104.64042922511995, 9.80583518043659], [104.64022495400673, 9.8056809188476], [104.63987841462169, 9.805399043477944], [104.63916023757885, 9.804763056732583], [104.63871098396326, 9.804321541362517], [104.63828962766709, 9.803880646932429], [104.63824917630022, 9.803940973258625], [104.63821892764551, 9.8039831210942]]]], "type": "MultiPolygon"}, "properties": {"fid": 350, "TT": 187.0, "id": 187.0, "Tinh": "Kiên Giang", "Huyen": "Kiên Hải", "Xa": "Lại Sơn", "Ddanh": "Bãi Nhà A", "TK": "1", "Khoanh": "2", "Lo": "25", "ldlr": "Rừng trồng khác", "sldlr": "Mít, Dừa Xoài", "Ht2023": "NULL", "namtr": "NULL", "ChuQL": "Ban Quản lí rừng Kiên Giang", "Nguoinkcu": "Đồng Xuân Trường", "Churung": "Nguyễn Quốc Nam", "CMND": "091076003649/ Ngày cấp 19/10/2022 CCS", "DienThoai": "0936238385", "Dtich": 0.59, "DtichBS": 0.59, "NgayDoVe": "PyQt5.QtCore.QDate(2019, 8, 30)", "TranhChap": "Không", "KT": 0.0, "Lapdia": "1", "mdsd": "Phòng hộ môi sinh", "nqh": "0", "Anh": "https://cdn2.fptshop.com.vn/unsafe/1920x0/filters:format(webp):quality(75)/hinh_nen_meme_con_luoi_flash_zootopia_1_c520bf6214.jpg", "Anh2": "https://png.pngtree.com/thumb_back/fh260/background/20230830/pngtree-the-lotus-is-also-represented-image_13145607.jpg"}}, {"type": "Feature", "geometry": {"coordinates": [[[[104.63812515506211, 9.804065621920804], [104.63856953419175, 9.804406683974696], [104.63891758393937, 9.804817950461246], [104.63926100420773, 9.805056336327747], [104.63966934250794, 9.805534487691368], [104.64015121714883, 9.805932134770911], [104.64037572502076, 9.806082409563905], [104.64104435867314, 9.806392542292174], [104.64146340042365, 9.80673379180467], [104.6414968800884, 9.80700187169127], [104.64163692643726, 9.807045937935767], [104.64165588855033, 9.807046020433027], [104.64153421127936, 9.806678696767936], [104.64097382772447, 9.806247177039761], [104.64044351538085, 9.805998472175265], [104.64019628692296, 9.805798476083021], [104.63963579726841, 9.805323643168066], [104.6393267089187, 9.804998802516003], [104.63901620694655, 9.804780476358403], [104.63863523367465, 9.804336581981282], [104.63821892764551, 9.8039831210942], [104.63819323451185, 9.804018937702939], [104.63812515506211, 9.804065621920804]]]], "type": "MultiPolygon"}, "properties": {"fid": 351, "TT": 187.0, "id": 187.0, "Tinh": "Kiên Giang", "Huyen": "Kiên Hải", "Xa": "Lại Sơn", "Ddanh": "Bãi Nhà A", "TK": "1", "Khoanh": "2", "Lo": "25", "ldlr": "Rừng trồng khác", "sldlr": "Mít, Dừa Xoài", "Ht2023": "NULL", "namtr": "NULL", "ChuQL": "Ban Quản lí rừng Kiên Giang", "Nguoinkcu": "Đồng Xuân Trường", "Churung": "Nguyễn Văn Huỳnh", "CMND": "091084004503/ Ngày cấp 21/08/2022 CCS", "DienThoai": "0936238385", "Dtich": 0.59, "DtichBS": 0.59, "NgayDoVe": "PyQt5.QtCore.QDate(2019, 8, 30)", "TranhChap": "Không", "KT": 0.0, "Lapdia": "1", "mdsd": "Phòng hộ môi sinh", "nqh": "0", "Anh": "https://cdn2.fptshop.com.vn/unsafe/1920x0/filters:format(webp):quality(75)/hinh_nen_meme_con_luoi_flash_zootopia_1_c520bf6214.jpg", "Anh2": "https://png.pngtree.com/thumb_back/fh260/background/20230830/pngtree-the-lotus-is-also-represented-image_13145607.jpg"}}, {"type": "Feature", "geometry": {"coordinates": [[[[104.6380106867757, 9.804144152684808], [104.63801525117454, 9.80415925089053], [104.63851505138798, 9.8044855520692], [104.63883675757185, 9.804903068344034], [104.63919010422215, 9.805116404006306], [104.63972741034922, 9.805744327488961], [104.64013969172998, 9.806056737637395], [104.64036345545703, 9.806171568291601], [104.64118056152277, 9.80661817271881], [104.64136104297756, 9.806779677190848], [104.64131516636516, 9.80694471192891], [104.64145621558387, 9.806989049089367], [104.6414968800884, 9.80700187169127], [104.64146340042365, 9.80673379180467], [104.64104435867314, 9.806392542292174], [104.64037572502076, 9.806082409563905], [104.64015121714883, 9.805932134770911], [104.63966934250794, 9.805534487691368], [104.63926100420773, 9.805056336327747], [104.63891758393937, 9.804817950461246], [104.63856953419175, 9.804406683974696], [104.63812515506211, 9.804065621920804], [104.6380106867757, 9.804144152684808]]]], "type": "MultiPolygon"}, "properties": {"fid": 352, "TT": 187.0, "id": 187.0, "Tinh": "Kiên Giang", "Huyen": "Kiên Hải", "Xa": "Lại Sơn", "Ddanh": "Bãi Nhà A", "TK": "1", "Khoanh": "2", "Lo": "25", "ldlr": "Rừng trồng khác", "sldlr": "Mít, Dừa Xoài", "Ht2023": "NULL", "namtr": "NULL", "ChuQL": "Ban Quản lí rừng Kiên Giang", "Nguoinkcu": "Đồng Xuân Trường", "Churung": "Nguyễn Văn Minh Tiến", "CMND": "079089012253/ Ngày cấp 06/06/2023 CCS", "DienThoai": "0936238385", "Dtich": 0.59, "DtichBS": 0.59, "NgayDoVe": "PyQt5.QtCore.QDate(2019, 8, 30)", "TranhChap": "Không", "KT": 0.0, "Lapdia": "1", "mdsd": "Phòng hộ môi sinh", "nqh": "0", "Anh": "https://cdn2.fptshop.com.vn/unsafe/1920x0/filters:format(webp):quality(75)/hinh_nen_meme_con_luoi_flash_zootopia_1_c520bf6214.jpg", "Anh2": "https://png.pngtree.com/thumb_back/fh260/background/20230830/pngtree-the-lotus-is-also-represented-image_13145607.jpg"}}, {"type": "Feature", "geometry": {"coordinates": [[[[104.63832631813288, 9.803764352439323], [104.63903167786984, 9.804497366454017], [104.6392865878196, 9.804758303042918], [104.63993934928551, 9.805271165124523], [104.64024351132092, 9.805585699413387], [104.64046401393585, 9.80575053335337], [104.64062304534114, 9.805850833106371], [104.64116093153947, 9.806116985507668], [104.64177671119498, 9.806688993694186], [104.64190733243262, 9.80686471458012], [104.64193092395612, 9.806817957817245], [104.64197392430572, 9.806749944340448], [104.64199087679626, 9.806740624031452], [104.64165570033592, 9.806388218549852], [104.64113306042621, 9.805960480922266], [104.64047171850865, 9.805645281836387], [104.64018392433873, 9.805449461828392], [104.64005019878469, 9.805258912723957], [104.63940034801267, 9.80473076875981], [104.6388072673528, 9.804138854500993], [104.63835361695712, 9.803643631215676], [104.63834615044748, 9.80366497327344], [104.63832631813288, 9.803764352439323]]]], "type": "MultiPolygon"}, "properties": {"fid": 353, "TT": 187.0, "id": 187.0, "Tinh": "Kiên Giang", "Huyen": "Kiên Hải", "Xa": "Lại Sơn", "Ddanh": "Bãi Nhà A", "TK": "1", "Khoanh": "2", "Lo": "25", "ldlr": "Rừng trồng khác", "sldlr": "Mít, Dừa Xoài", "Ht2023": "NULL", "namtr": "NULL", "ChuQL": "Ban Quản lí rừng Kiên Giang", "Nguoinkcu": "Đồng Xuân Trường", "Churung": "Nguyễn Văn Phương", "CMND": "NULL", "DienThoai": "0936238385", "Dtich": 0.59, "DtichBS": 0.59, "NgayDoVe": "PyQt5.QtCore.QDate(2019, 8, 30)", "TranhChap": "Không", "KT": 0.0, "Lapdia": "1", "mdsd": "Phòng hộ môi sinh", "nqh": "0", "Anh": "https://cdn2.fptshop.com.vn/unsafe/1920x0/filters:format(webp):quality(75)/hinh_nen_meme_con_luoi_flash_zootopia_1_c520bf6214.jpg", "Anh2": "https://png.pngtree.com/thumb_back/fh260/background/20230830/pngtree-the-lotus-is-also-represented-image_13145607.jpg"}}, {"type": "Feature", "geometry": {"coordinates": [[[[104.63792018751768, 9.804206217306975], [104.63826250649853, 9.804430137532677], [104.63846576069267, 9.804554381466376], [104.63880124352174, 9.804998294651156], [104.63918632395595, 9.80523286591373], [104.63964037671386, 9.805810007918716], [104.64010191886096, 9.806199616092746], [104.64027342499985, 9.806264737657036], [104.64108441766221, 9.806698234011451], [104.64114121723578, 9.806924439997788], [104.64119199780131, 9.806929934444453], [104.64130003114504, 9.806939926002892], [104.64131516636516, 9.80694471192891], [104.64136104297756, 9.806779677190848], [104.64118056152277, 9.80661817271881], [104.64036345545703, 9.806171568291601], [104.64013969172998, 9.806056737637395], [104.63972741034922, 9.805744327488961], [104.63919010422215, 9.805116404006306], [104.63883675757185, 9.804903068344034], [104.63851505138798, 9.8044855520692], [104.63801525117454, 9.80415925089053], [104.6380106867757, 9.804144152684808], [104.63792018751768, 9.804206217306975]]]], "type": "MultiPolygon"}, "properties": {"fid": 354, "TT": 187.0, "id": 187.0, "Tinh": "Kiên Giang", "Huyen": "Kiên Hải", "Xa": "Lại Sơn", "Ddanh": "Bãi Nhà A", "TK": "1", "Khoanh": "2", "Lo": "25", "ldlr": "Rừng trồng khác", "sldlr": "Mít, Dừa Xoài", "Ht2023": "NULL", "namtr": "NULL", "ChuQL": "Ban Quản lí rừng Kiên Giang", "Nguoinkcu": "Đồng Xuân Trường", "Churung": "Nguyễn Văn Đen", "CMND": "091086014348/ Ngày cấp 18/11/2021 CCS", "DienThoai": "0936238385", "Dtich": 0.59, "DtichBS": 0.59, "NgayDoVe": "PyQt5.QtCore.QDate(2019, 8, 30)", "TranhChap": "Không", "KT": 0.0, "Lapdia": "1", "mdsd": "Phòng hộ môi sinh", "nqh": "0", "Anh": "https://cdn2.fptshop.com.vn/unsafe/1920x0/filters:format(webp):quality(75)/hinh_nen_meme_con_luoi_flash_zootopia_1_c520bf6214.jpg", "Anh2": "https://png.pngtree.com/thumb_back/fh260/background/20230830/pngtree-the-lotus-is-also-represented-image_13145607.jpg"}}, {"type": "Feature", "geometry": {"coordinates": [[[[104.63835361695712, 9.803643631215676], [104.6388072673528, 9.804138854500993], [104.63940034801267, 9.80473076875981], [104.64005019878469, 9.805258912723957], [104.64018392433873, 9.805449461828392], [104.64047171850865, 9.805645281836387], [104.64113306042621, 9.805960480922266], [104.64165570033592, 9.806388218549852], [104.64199087679626, 9.806740624031452], [104.64200099358415, 9.80673501378466], [104.6420069831343, 9.806670994261221], [104.6420378332643, 9.806543308986402], [104.6418110236886, 9.806342310926999], [104.6412899449257, 9.805941698744599], [104.6406258632719, 9.805615289081176], [104.64027506464856, 9.805394539485217], [104.63998595824931, 9.805112278775908], [104.63940293835682, 9.804603004895165], [104.63885025355667, 9.804036120308815], [104.63838721560131, 9.803546054821576], [104.63835361695712, 9.803643631215676]]]], "type": "MultiPolygon"}, "properties": {"fid": 355, "TT": 187.0, "id": 187.0, "Tinh": "Kiên Giang", "Huyen": "Kiên Hải", "Xa": "Lại Sơn", "Ddanh": "Bãi Nhà A", "TK": "1", "Khoanh": "2", "Lo": "25", "ldlr": "Rừng trồng khác", "sldlr": "Mít, Dừa Xoài", "Ht2023": "NULL", "namtr": "NULL", "ChuQL": "Ban Quản lí rừng Kiên Giang", "Nguoinkcu": "Đồng Xuân Trường", "Churung": "Vũ Văn Điệp", "CMND": "091077002770/ Ngày cấp 20/08/2022 CCS", "DienThoai": "0936238385", "Dtich": 0.59, "DtichBS": 0.59, "NgayDoVe": "PyQt5.QtCore.QDate(2019, 8, 30)", "TranhChap": "Không", "KT": 0.0, "Lapdia": "1", "mdsd": "Phòng hộ môi sinh", "nqh": "0", "Anh": "https://cdn2.fptshop.com.vn/unsafe/1920x0/filters:format(webp):quality(75)/hinh_nen_meme_con_luoi_flash_zootopia_1_c520bf6214.jpg", "Anh2": "https://png.pngtree.com/thumb_back/fh260/background/20230830/pngtree-the-lotus-is-also-represented-image_13145607.jpg"}}, {"type": "Feature", "geometry": {"coordinates": [[[[104.63838721560131, 9.803546054821576], [104.63885025355667, 9.804036120308815], [104.63940293835682, 9.804603004895165], [104.63998595824931, 9.805112278775908], [104.64027506464856, 9.805394539485217], [104.6406258632719, 9.805615289081176], [104.6412899449257, 9.805941698744599], [104.6418110236886, 9.806342310926999], [104.6420378332643, 9.806543308986402], [104.64206795548716, 9.806418969535155], [104.6420843348617, 9.806348345031326], [104.64185560580472, 9.806135231587223], [104.64130768787399, 9.805861579656636], [104.64091678488572, 9.80566037806462], [104.6405491248383, 9.805449220232354], [104.640272557839, 9.80528657960816], [104.63958729974178, 9.804673365873457], [104.63909525783247, 9.80415419824356], [104.6384430428791, 9.803412120694567], [104.63841517810943, 9.803486999449303], [104.63838721560131, 9.803546054821576]]]], "type": "MultiPolygon"}, "properties": {"fid": 356, "TT": 187.0, "id": 187.0, "Tinh": "Kiên Giang", "Huyen": "Kiên Hải", "Xa": "Lại Sơn", "Ddanh": "Bãi Nhà A", "TK": "1", "Khoanh": "2", "Lo": "25", "ldlr": "Rừng trồng khác", "sldlr": "Mít, Dừa Xoài", "Ht2023": "NULL", "namtr": "NULL", "ChuQL": "Ban Quản lí rừng Kiên Giang", "Nguoinkcu": "Đồng Xuân Trường", "Churung": "Trần Công Lê Em", "CMND": "091068012962/ Ngày cấp 16/10/2022 CCS", "DienThoai": "0936238385", "Dtich": 0.59, "DtichBS": 0.59, "NgayDoVe": "PyQt5.QtCore.QDate(2019, 8, 30)", "TranhChap": "Không", "KT": 0.0, "Lapdia": "1", "mdsd": "Phòng hộ môi sinh", "nqh": "0", "Anh": "https://cdn2.fptshop.com.vn/unsafe/1920x0/filters:format(webp):quality(75)/hinh_nen_meme_con_luoi_flash_zootopia_1_c520bf6214.jpg", "Anh2": "https://png.pngtree.com/thumb_back/fh260/background/20230830/pngtree-the-lotus-is-also-represented-image_13145607.jpg"}}, {"type": "Feature", "geometry": {"coordinates": [[[[104.6384430428791, 9.803412120694567], [104.63909525783247, 9.80415419824356], [104.63958729974178, 9.804673365873457], [104.640272557839, 9.80528657960816], [104.6405491248383, 9.805449220232354], [104.64091678488572, 9.80566037806462], [104.64130768787399, 9.805861579656636], [104.64185560580472, 9.806135231587223], [104.6420843348617, 9.806348345031326], [104.64208997664514, 9.806324019817769], [104.64214097498312, 9.80619894825372], [104.64185400868756, 9.806023925830864], [104.64146393720102, 9.805849940805846], [104.6409450056671, 9.805565968354205], [104.64083392132383, 9.805453984720833], [104.64069993438139, 9.805293003170831], [104.64018806716766, 9.805111924022674], [104.6395289802128, 9.804514974853014], [104.63899396800981, 9.803916978906297], [104.63860119207631, 9.803367931364146], [104.6385162092138, 9.803321942535788], [104.6384675385898, 9.803346827784454], [104.6384430428791, 9.803412120694567]]]], "type": "MultiPolygon"}, "properties": {"fid": 357, "TT": 187.0, "id": 187.0, "Tinh": "Kiên Giang", "Huyen": "Kiên Hải", "Xa": "Lại Sơn", "Ddanh": "Bãi Nhà A", "TK": "1", "Khoanh": "2", "Lo": "25", "ldlr": "Rừng trồng khác", "sldlr": "Mít, Dừa Xoài", "Ht2023": "NULL", "namtr": "NULL", "ChuQL": "Ban Quản lí rừng Kiên Giang", "Nguoinkcu": "Đồng Xuân Trường", "Churung": "Trương Bích Trang", "CMND": "091176005480/ Ngày cấp16/10/2022 CCS", "DienThoai": "0936238385", "Dtich": 0.59, "DtichBS": 0.59, "NgayDoVe": "PyQt5.QtCore.QDate(2019, 8, 30)", "TranhChap": "Không", "KT": 0.0, "Lapdia": "1", "mdsd": "Phòng hộ môi sinh", "nqh": "0", "Anh": "https://cdn2.fptshop.com.vn/unsafe/1920x0/filters:format(webp):quality(75)/hinh_nen_meme_con_luoi_flash_zootopia_1_c520bf6214.jpg", "Anh2": "https://png.pngtree.com/thumb_back/fh260/background/20230830/pngtree-the-lotus-is-also-represented-image_13145607.jpg"}}, {"type": "Feature", "geometry": {"coordinates": [[[[104.63781583442639, 9.804275521098766], [104.63784321181808, 9.804344409661537], [104.63794932573784, 9.80434454735178], [104.63845934894172, 9.804700954152826], [104.6387254174881, 9.805050769009256], [104.63907001620206, 9.805272879066866], [104.63954222067989, 9.805874698289069], [104.63995052496175, 9.806268397452754], [104.64030166275104, 9.806426848173967], [104.64098991412953, 9.80677693830224], [104.64107098708016, 9.80684399585898], [104.64110803212452, 9.806920927450033], [104.64114121723578, 9.806924439997788], [104.64108441766221, 9.806698234011451], [104.64027342499985, 9.806264737657036], [104.64010191886096, 9.806199616092746], [104.63964037671386, 9.805810007918716], [104.63918632395595, 9.80523286591373], [104.63880124352174, 9.804998294651156], [104.63846576069267, 9.804554381466376], [104.63826250649853, 9.804430137532677], [104.63792018751768, 9.804206217306975], [104.63789722092984, 9.804221959646604], [104.63781583442639, 9.804275521098766]]]], "type": "MultiPolygon"}, "properties": {"fid": 358, "TT": 187.0, "id": 187.0, "Tinh": "Kiên Giang", "Huyen": "Kiên Hải", "Xa": "Lại Sơn", "Ddanh": "Bãi Nhà A", "TK": "1", "Khoanh": "2", "Lo": "25", "ldlr": "Rừng trồng khác", "sldlr": "Mít, Dừa Xoài", "Ht2023": "NULL", "namtr": "NULL", "ChuQL": "Ban Quản lí rừng Kiên Giang", "Nguoinkcu": "Đồng Xuân Trường", "Churung": "Sử Minh Lương", "CMND": "091082012722/ Ngày cấp 05/05/2022 CCS", "DienThoai": "0936238385", "Dtich": 0.59, "DtichBS": 0.59, "NgayDoVe": "PyQt5.QtCore.QDate(2019, 8, 30)", "TranhChap": "Không", "KT": 0.0, "Lapdia": "1", "mdsd": "Phòng hộ môi sinh", "nqh": "0", "Anh": "https://cdn2.fptshop.com.vn/unsafe/1920x0/filters:format(webp):quality(75)/hinh_nen_meme_con_luoi_flash_zootopia_1_c520bf6214.jpg", "Anh2": "https://png.pngtree.com/thumb_back/fh260/background/20230830/pngtree-the-lotus-is-also-represented-image_13145607.jpg"}}, {"type": "Feature", "geometry": {"coordinates": [[[[104.63771129877868, 9.804344372835184], [104.63775736100932, 9.804404573540824], [104.63790887832802, 9.804414729365527], [104.6379745282618, 9.804444902787568], [104.6383581743735, 9.804740960882526], [104.63865460334505, 9.805098268226935], [104.63904965414625, 9.805413308948069], [104.63948484529332, 9.806012521253766], [104.63991359753284, 9.806471042841528], [104.64026615736871, 9.806542057332827], [104.64044797796919, 9.80663746507615], [104.64085858489454, 9.806866327371516], [104.64085995051816, 9.806861986667387], [104.64098991412953, 9.80677693830224], [104.64030166275104, 9.806426848173967], [104.63995052496175, 9.806268397452754], [104.63954222067989, 9.805874698289069], [104.63907001620206, 9.805272879066866], [104.6387254174881, 9.805050769009256], [104.63845934894172, 9.804700954152826], [104.63794932573784, 9.80434454735178], [104.63784321181808, 9.804344409661537], [104.63781583442639, 9.804275521098766], [104.63771129877868, 9.804344372835184]]]], "type": "MultiPolygon"}, "properties": {"fid": 359, "TT": 187.0, "id": 187.0, "Tinh": "Kiên Giang", "Huyen": "Kiên Hải", "Xa": "Lại Sơn", "Ddanh": "Bãi Nhà A", "TK": "1", "Khoanh": "2", "Lo": "25", "ldlr": "Rừng trồng khác", "sldlr": "Mít, Dừa Xoài", "Ht2023": "NULL", "namtr": "NULL", "ChuQL": "Ban Quản lí rừng Kiên Giang", "Nguoinkcu": "Đồng Xuân Trường", "Churung": "Đồng Xuân Trường", "CMND": "091080000386/ Ngày cấp 02/04/2021 CCS", "DienThoai": "0936238385", "Dtich": 0.59, "DtichBS": 0.59, "NgayDoVe": "PyQt5.QtCore.QDate(2019, 8, 30)", "TranhChap": "Không", "KT": 0.0, "Lapdia": "1", "mdsd": "Phòng hộ môi sinh", "nqh": "0", "Anh": "https://cdn2.fptshop.com.vn/unsafe/1920x0/filters:format(webp):quality(75)/hinh_nen_meme_con_luoi_flash_zootopia_1_c520bf6214.jpg", "Anh2": "https://png.pngtree.com/thumb_back/fh260/background/20230830/pngtree-the-lotus-is-also-represented-image_13145607.jpg"}}, {"type": "Feature", "geometry": {"coordinates": [[[[104.63828962766709, 9.803880646932429], [104.63871098396326, 9.804321541362517], [104.63916023757885, 9.804763056732583], [104.63987841462169, 9.805399043477944], [104.64022495400673, 9.8056809188476], [104.64042922511995, 9.80583518043659], [104.64107863592479, 9.80617633496368], [104.64162518633734, 9.806663739558573], [104.64183812833383, 9.807053720318285], [104.64183601126291, 9.807005979701987], [104.64190733243262, 9.80686471458012], [104.64177671119498, 9.806688993694186], [104.64116093153947, 9.806116985507668], [104.64062304534114, 9.805850833106371], [104.64046401393585, 9.80575053335337], [104.64024351132092, 9.805585699413387], [104.63993934928551, 9.805271165124523], [104.6392865878196, 9.804758303042918], [104.63903167786984, 9.804497366454017], [104.63832631813288, 9.803764352439323], [104.63832122365478, 9.803790033666932], [104.63831021779075, 9.803849986311409], [104.63828962766709, 9.803880646932429]]]], "type": "MultiPolygon"}, "properties": {"fid": 360, "TT": 187.0, "id": 187.0, "Tinh": "Kiên Giang", "Huyen": "Kiên Hải", "Xa": "Lại Sơn", "Ddanh": "Bãi Nhà A", "TK": "1", "Khoanh": "2", "Lo": "25", "ldlr": "Rừng trồng khác", "sldlr": "Mít, Dừa Xoài", "Ht2023": "NULL", "namtr": "NULL", "ChuQL": "Ban Quản lí rừng Kiên Giang", "Nguoinkcu": "Đồng Xuân Trường", "Churung": "Mai Thị Khánh Trung", "CMND": "NULL", "DienThoai": "0936238385", "Dtich": 0.59, "DtichBS": 0.59, "NgayDoVe": "PyQt5.QtCore.QDate(2019, 8, 30)", "TranhChap": "Không", "KT": 0.0, "Lapdia": "1", "mdsd": "Phòng hộ môi sinh", "nqh": "0", "Anh": "https://cdn2.fptshop.com.vn/unsafe/1920x0/filters:format(webp):quality(75)/hinh_nen_meme_con_luoi_flash_zootopia_1_c520bf6214.jpg", "Anh2": "https://png.pngtree.com/thumb_back/fh260/background/20230830/pngtree-the-lotus-is-also-represented-image_13145607.jpg"}}, {"type": "Feature", "geometry": {"coordinates": [[[[104.64085858489454, 9.806866327371516], [104.64044797796919, 9.80663746507615], [104.64026615736871, 9.806542057332827], [104.63991359753284, 9.806471042841528], [104.63948484529332, 9.806012521253766], [104.63904965414625, 9.805413308948069], [104.63865460334505, 9.805098268226935], [104.6383581743735, 9.804740960882526], [104.6379745282618, 9.804444902787568], [104.63790887832802, 9.804414729365527], [104.63775736100932, 9.804404573540824], [104.63771129877868, 9.804344372835184], [104.63760667192447, 9.804413224576692], [104.63750204498959, 9.804481985866715], [104.63767019440198, 9.804589968995337], [104.63793320551498, 9.804602882532077], [104.6379531975814, 9.80466897108219], [104.63802816518282, 9.804744983407533], [104.6380521804326, 9.80484000456508], [104.63810116323683, 9.80490798011166], [104.63831021387712, 9.804939993845576], [104.63837022461692, 9.805001002549647], [104.6384671785052, 9.80511498200615], [104.63851524315554, 9.805166953607705], [104.63855118561371, 9.805224988264058], [104.63862915311157, 9.80527993147383], [104.63869398401266, 9.80531299851182], [104.6387409481475, 9.80534905669252], [104.63878202406575, 9.805474994290282], [104.63883399638753, 9.805497035380299], [104.63888898042177, 9.80552703214729], [104.63898299616223, 9.805590016037375], [104.63900197563935, 9.805631962919076], [104.63901194120602, 9.805700948934208], [104.63902690245303, 9.805725989009625], [104.63908098742411, 9.805786005396303], [104.63909597326402, 9.80586999899038], [104.63920506157453, 9.806005945190265], [104.63925906338739, 9.806084949681093], [104.63933504735996, 9.80619197518268], [104.63934099263572, 9.806238990892346], [104.63945107648273, 9.806357033532404], [104.63950908250234, 9.806419037462975], [104.63971301200728, 9.806628003426084], [104.63989915182368, 9.806805962706425], [104.63995304136871, 9.806833970516612], [104.63998410806268, 9.80678594492637], [104.64005000856152, 9.806759967308851], [104.64014410763464, 9.806802968116836], [104.6402260529444, 9.806776983832709], [104.64035197108976, 9.806826843304227], [104.64041971147782, 9.806840378182764], [104.64045183596484, 9.806923098734563], [104.64048596108263, 9.806993973497041], [104.64056198918574, 9.806987974296707], [104.64070097894154, 9.807120923751098], [104.64079537436375, 9.807217633443468], [104.64082195172158, 9.807116985485616], [104.64079896362242, 9.807081912261568], [104.64080888463796, 9.80704438404255], [104.6408410141882, 9.80692293728788], [104.64085858489454, 9.806866327371516]]]], "type": "MultiPolygon"}, "properties": {"fid": 361, "TT": 187.0, "id": 187.0, "Tinh": "Kiên Giang", "Huyen": "Kiên Hải", "Xa": "Lại Sơn", "Ddanh": "Bãi Nhà A", "TK": "1", "Khoanh": "2", "Lo": "25", "ldlr": "Rừng trồng khác", "sldlr": "Mít, Dừa Xoài", "Ht2023": "NULL", "namtr": "NULL", "ChuQL": "Ban Quản lí rừng Kiên Giang", "Nguoinkcu": "Đồng Xuân Trường", "Churung": "Huỳnh Thanh Phong", "CMND": "091077000315/ Ngày cấp 02/04/2021 CCS", "DienThoai": "0936238385", "Dtich": 1.16, "DtichBS": 1.16, "NgayDoVe": "PyQt5.QtCore.QDate(2019, 8, 30)", "TranhChap": "Không", "KT": 0.0, "Lapdia": "1", "mdsd": "Phòng hộ môi sinh", "nqh": "0", "Anh": "https://cdn2.fptshop.com.vn/unsafe/1920x0/filters:format(webp):quality(75)/hinh_nen_meme_con_luoi_flash_zootopia_1_c520bf6214.jpg", "Anh2": "https://png.pngtree.com/thumb_back/fh260/background/20230830/pngtree-the-lotus-is-also-represented-image_13145607.jpg"}}, {"type": "Feature", "geometry": {"coordinates": [[[[104.35663205523747, 9.686017399281612], [104.35663402039035, 9.685896237111825], [104.35664626844925, 9.685810162251093], [104.357019007406, 9.685778218557573], [104.35702294279018, 9.68573861617336], [104.35705979794933, 9.685648120956659], [104.35732298382997, 9.685000731766012], [104.35731753919846, 9.684945754052011], [104.35727186614098, 9.6847692349329], [104.35726140318955, 9.684728812775377], [104.35716826071476, 9.684745320924002], [104.35716397639133, 9.684748122166159], [104.35667415322179, 9.684738785586088], [104.35650276368884, 9.684674786945742], [104.35638313584957, 9.684612075759873], [104.35614599408552, 9.684658994951297], [104.35607535559895, 9.684687809371804], [104.35602901904285, 9.684786890423405], [104.35599275238255, 9.684992942723687], [104.35595383536989, 9.685216625832977], [104.35597420530368, 9.685318357040924], [104.35594847929555, 9.685382002027145], [104.35595336019861, 9.685476221863636], [104.35598404419164, 9.685539800097684], [104.35599411093379, 9.685654276220191], [104.35601958958834, 9.685743441166938], [104.35600397592512, 9.685814504848299], [104.35599620159455, 9.685880689129753], [104.35596300419724, 9.685941075854997], [104.35594466278967, 9.685997580745514], [104.35594444364003, 9.686084112726727], [104.35599053745301, 9.68612744331432], [104.3560410199719, 9.686136958604427], [104.35608895787288, 9.68612992593485], [104.3561368123398, 9.686104809195673], [104.35623934438085, 9.686082066277129], [104.3564497004713, 9.68602139197689], [104.35663205523747, 9.686017399281612]]]], "type": "MultiPolygon"}, "properties": {"fid": 362, "TT": 0.0, "id": 0.0, "Tinh": "Kiên Giang", "Huyen": "Kiên Hải", "Xa": "An Sơn", "Ddanh": "Hòn Lớn", "TK": "1", "Khoanh": "3", "Lo": "NULL", "ldlr": "RTK", "sldlr": "Bạch đàn, Xoài, Sao", "Ht2023": "NULL", "namtr": "NULL", "ChuQL": "NULL", "Nguoinkcu": "Tạ Văn Sơn", "Churung": "Tạ Văn Sơn", "CMND": "091072000496/ Ngày cấp 26/06/2023 CCS", "DienThoai": "NULL", "Dtich": 1.83, "DtichBS": 1.83, "NgayDoVe": "NULL", "TranhChap": "NULL", "KT": 0.0, "Lapdia": "NULL", "mdsd": "NULL", "nqh": "NULL", "Anh": "https://cdn2.fptshop.com.vn/unsafe/1920x0/filters:format(webp):quality(75)/hinh_nen_meme_con_luoi_flash_zootopia_1_c520bf6214.jpg", "Anh2": "https://png.pngtree.com/thumb_back/fh260/background/20230830/pngtree-the-lotus-is-also-represented-image_13145607.jpg"}}, {"type": "Feature", "geometry": {"coordinates": [[[[104.35716397639133, 9.684748122166159], [104.35716826071476, 9.684745320924002], [104.35726140318955, 9.684728812775377], [104.35723574614231, 9.684629882461534], [104.35719856377992, 9.684416746699616], [104.35702146991906, 9.684265671338647], [104.35692778387889, 9.684274855165388], [104.35652682648328, 9.684235264655335], [104.35650276368884, 9.684674786945742], [104.35667415322179, 9.684738785586088], [104.35716397639133, 9.684748122166159]]]], "type": "MultiPolygon"}, "properties": {"fid": 363, "TT": 33.0, "id": 33.0, "Tinh": "Kiên Giang", "Huyen": "Kiên Hải", "Xa": "An Sơn", "Ddanh": "Hòn Lớn", "TK": "1", "Khoanh": "3", "Lo": "9", "ldlr": "RTK", "sldlr": "Mít, Xoài, Bạch đàn", "Ht2023": "NULL", "namtr": "NULL", "ChuQL": "Ban Quản lí rừng Kiên Giang", "Nguoinkcu": "Bùi Thị Thu Hương", "Churung": "Bùi Trọng Hợp", "CMND": "091082000635/ Ngày cấp 10/04/2021 CCS", "DienThoai": "NULL", "Dtich": 0.39, "DtichBS": 0.39, "NgayDoVe": "PyQt5.QtCore.QDate(2019, 11, 14)", "TranhChap": "Không", "KT": 1.0, "Lapdia": "1", "mdsd": "Phòng hộ môi sinh", "nqh": "0", "Anh": "https://cdn2.fptshop.com.vn/unsafe/1920x0/filters:format(webp):quality(75)/hinh_nen_meme_con_luoi_flash_zootopia_1_c520bf6214.jpg", "Anh2": "https://png.pngtree.com/thumb_back/fh260/background/20230830/pngtree-the-lotus-is-also-represented-image_13145607.jpg"}}, {"type": "Feature", "geometry": {"coordinates": [[[[104.63739002194605, 9.821772951350997], [104.63774501743917, 9.821522978161147], [104.6358870744463, 9.818087427637076], [104.63543899975686, 9.818337526557459], [104.63739002194605, 9.821772951350997]]]], "type": "MultiPolygon"}, "properties": {"fid": 364, "TT": 0.0, "id": 0.0, "Tinh": "NULL", "Huyen": "NULL", "Xa": "NULL", "Ddanh": "NULL", "TK": "NULL", "Khoanh": "NULL", "Lo": "NULL", "ldlr": "NULL", "sldlr": "NULL", "Ht2023": "NULL", "namtr": "NULL", "ChuQL": "NULL", "Nguoinkcu": "NULL", "Churung": "NULL", "CMND": "NULL", "DienThoai": "NULL", "Dtich": 2.26, "DtichBS": 2.26, "NgayDoVe": "NULL", "TranhChap": "NULL", "KT": 0.0, "Lapdia": "NULL", "mdsd": "NULL", "nqh": "NULL", "Anh": "https://cdn2.fptshop.com.vn/unsafe/1920x0/filters:format(webp):quality(75)/hinh_nen_meme_con_luoi_flash_zootopia_1_c520bf6214.jpg", "Anh2": "https://png.pngtree.com/thumb_back/fh260/background/20230830/pngtree-the-lotus-is-also-represented-image_13145607.jpg"}}, {"type": "Feature", "geometry": {"coordinates": [[[[104.63578472772028, 9.820182849466718], [104.63581335156667, 9.820176146946379], [104.63585661140216, 9.820290058115301], [104.63613301731259, 9.820702169419034], [104.63613584136378, 9.820696923954886], [104.63613856334392, 9.82066500479113], [104.63622334870357, 9.820440911267223], [104.63637123581582, 9.820250970868248], [104.63637743038949, 9.82023921384332], [104.6364681965647, 9.82014984284514], [104.63543899975686, 9.818337526557459], [104.6358870744463, 9.818087427637076], [104.63681667972635, 9.819806289100065], [104.63704660170131, 9.819579695369113], [104.63577865801841, 9.81736972131531], [104.63462112266994, 9.81806641339028], [104.6357069939211, 9.819813969214069], [104.63572707678482, 9.819877887726882], [104.63569904170437, 9.81998703525793], [104.63570799850734, 9.82004200670286], [104.63577004084331, 9.820160973845951], [104.63578472772028, 9.820182849466718]]]], "type": "MultiPolygon"}, "properties": {"fid": 365, "TT": 115.0, "id": 115.0, "Tinh": "Kiên Giang", "Huyen": "Kiên Hải", "Xa": "Lại Sơn", "Ddanh": "ấp bãi Bấc", "TK": "1", "Khoanh": "1", "Lo": "4", "ldlr": "Rừng trồng khác", "sldlr": "Mít", "Ht2023": "NULL", "namtr": "NULL", "ChuQL": "Ban Quản lí rừng Kiên Giang", "Nguoinkcu": "Nguyễn Thành Vinh", "Churung": "Nguyễn Thành Vinh", "CMND": "370971181", "DienThoai": "NULL", "Dtich": 3.21, "DtichBS": 3.21, "NgayDoVe": "PyQt5.QtCore.QDate(2023, 8, 3)", "TranhChap": "Không", "KT": 0.0, "Lapdia": "1", "mdsd": "Phòng hộ môi sinh", "nqh": "0", "Anh": "https://cdn2.fptshop.com.vn/unsafe/1920x0/filters:format(webp):quality(75)/hinh_nen_meme_con_luoi_flash_zootopia_1_c520bf6214.jpg", "Anh2": "https://png.pngtree.com/thumb_back/fh260/background/20230830/pngtree-the-lotus-is-also-represented-image_13145607.jpg"}}, {"type": "Feature", "geometry": {"coordinates": [[[[104.3844050069861, 9.70664638927791], [104.38442685321803, 9.706723886698216], [104.38436747129587, 9.706875410792835], [104.38436628614689, 9.706876495434313], [104.38441994495284, 9.706936914186945], [104.38452998770073, 9.706817958409196], [104.38455516439107, 9.706750875159656], [104.3844050069861, 9.70664638927791]]]], "type": "MultiPolygon"}, "properties": {"fid": 366, "TT": 1.0, "id": 1.0, "Tinh": "Kiên Giang", "Huyen": "Kiên Hải", "Xa": "An Sơn", "Ddanh": "Hòn Ông", "TK": "1", "Khoanh": "5", "Lo": "5", "ldlr": "RTK", "sldlr": "Bạch đàn, Xoài, Mít", "Ht2023": "NULL", "namtr": "NULL", "ChuQL": "Ban Quản lí rừng Kiên Giang", "Nguoinkcu": "Trương Hồng Phước", "Churung": "Trương Hồng Phước", "CMND": "371921710/ Ngày 10/04/2019", "DienThoai": "0949983393", "Dtich": 0.03, "DtichBS": 0.03, "NgayDoVe": "PyQt5.QtCore.QDate(2019, 10, 10)", "TranhChap": "Không", "KT": 1.0, "Lapdia": "1", "mdsd": "Phòng hộ môi sinh", "nqh": "0", "Anh": "https://cdn2.fptshop.com.vn/unsafe/1920x0/filters:format(webp):quality(75)/hinh_nen_meme_con_luoi_flash_zootopia_1_c520bf6214.jpg", "Anh2": "https://png.pngtree.com/thumb_back/fh260/background/20230830/pngtree-the-lotus-is-also-represented-image_13145607.jpg"}}, {"type": "Feature", "geometry": {"coordinates": [[[[104.38304042620575, 9.703732408641475], [104.38313402320742, 9.703730993851984], [104.38520514828771, 9.703545970939427], [104.38508379060212, 9.703175117241155], [104.38502386101983, 9.701994842907267], [104.38416469464318, 9.70156053687928], [104.38392405382676, 9.70142274557523], [104.38323697880784, 9.700915074307392], [104.38316430636505, 9.70102418667033], [104.3830108036886, 9.70137686332762], [104.38293079821295, 9.701607136134452], [104.38288086398627, 9.701846913310872], [104.38286775177362, 9.70207693768615], [104.3830069851399, 9.702927386709787], [104.38303854436369, 9.703640089036911], [104.38304042620575, 9.703732408641475]]]], "type": "MultiPolygon"}, "properties": {"fid": 367, "TT": 2.0, "id": 2.0, "Tinh": "Kiên Giang", "Huyen": "Kiên Hải", "Xa": "An Sơn", "Ddanh": "Hòn Ông", "TK": "1", "Khoanh": "5", "Lo": "12", "ldlr": "RTK", "sldlr": "NULL", "Ht2023": "NULL", "namtr": "NULL", "ChuQL": "Ban Quản lí rừng Kiên Giang", "Nguoinkcu": "Lê Minh Công", "Churung": "Lê Minh Công", "CMND": "370600607/ Ngày cấp 19/02/2014/ CA Kiên Giang", "DienThoai": "NULL", "Dtich": 5.61, "DtichBS": 5.71, "NgayDoVe": "PyQt5.QtCore.QDate(2019, 10, 10)", "TranhChap": "Không", "KT": 1.0, "Lapdia": "1", "mdsd": "Phòng hộ môi sinh", "nqh": "0", "Anh": "https://cdn2.fptshop.com.vn/unsafe/1920x0/filters:format(webp):quality(75)/hinh_nen_meme_con_luoi_flash_zootopia_1_c520bf6214.jpg", "Anh2": "https://png.pngtree.com/thumb_back/fh260/background/20230830/pngtree-the-lotus-is-also-represented-image_13145607.jpg"}}, {"type": "Feature", "geometry": {"coordinates": [[[[104.38416469464318, 9.70156053687928], [104.38502386101983, 9.701994842907267], [104.38494854731184, 9.700763747193614], [104.38494185330015, 9.700349891867575], [104.38493051691653, 9.69965265817487], [104.38464499270997, 9.700982823639182], [104.38416469464318, 9.70156053687928]]]], "type": "MultiPolygon"}, "properties": {"fid": 368, "TT": 3.0, "id": 3.0, "Tinh": "Kiên Giang", "Huyen": "Kiên Hải", "Xa": "An Sơn", "Ddanh": "Hòn Ông", "TK": "1", "Khoanh": "5", "Lo": "15", "ldlr": "RTK", "sldlr": "NULL", "Ht2023": "NULL", "namtr": "NULL", "ChuQL": "Ban Quản lí rừng Kiên Giang", "Nguoinkcu": "Nguyễn Văn Nhiều", "Churung": "Nguyễn Văn Nhiều", "CMND": "NULL", "DienThoai": "NULL", "Dtich": 0.88, "DtichBS": 0.88, "NgayDoVe": "PyQt5.QtCore.QDate(2019, 10, 10)", "TranhChap": "Không", "KT": 1.0, "Lapdia": "1", "mdsd": "Phòng hộ môi sinh", "nqh": "0", "Anh": "https://cdn2.fptshop.com.vn/unsafe/1920x0/filters:format(webp):quality(75)/hinh_nen_meme_con_luoi_flash_zootopia_1_c520bf6214.jpg", "Anh2": "https://png.pngtree.com/thumb_back/fh260/background/20230830/pngtree-the-lotus-is-also-represented-image_13145607.jpg"}}, {"type": "Feature", "geometry": {"coordinates": [[[[104.38471432741888, 9.70690509507698], [104.38602029929619, 9.705877274318283], [104.38575037170867, 9.70555357074196], [104.3844050069861, 9.70664638927791], [104.38455516439107, 9.706750875159656], [104.38471432741888, 9.70690509507698]]]], "type": "MultiPolygon"}, "properties": {"fid": 369, "TT": 4.0, "id": 4.0, "Tinh": "Kiên Giang", "Huyen": "Kiên Hải", "Xa": "An Sơn", "Ddanh": "Hòn Ông", "TK": "1", "Khoanh": "5", "Lo": "7", "ldlr": "RTK", "sldlr": "NULL", "Ht2023": "NULL", "namtr": "NULL", "ChuQL": "Ban Quản lí rừng Kiên Giang", "Nguoinkcu": "Hứa Văn Dũng", "Churung": "Hứa Văn Dũng", "CMND": "NULL", "DienThoai": "NULL", "Dtich": 0.84, "DtichBS": 0.84, "NgayDoVe": "PyQt5.QtCore.QDate(2019, 10, 10)", "TranhChap": "Không", "KT": 1.0, "Lapdia": "1", "mdsd": "Phòng hộ môi sinh", "nqh": "0", "Anh": "https://cdn2.fptshop.com.vn/unsafe/1920x0/filters:format(webp):quality(75)/hinh_nen_meme_con_luoi_flash_zootopia_1_c520bf6214.jpg", "Anh2": "https://png.pngtree.com/thumb_back/fh260/background/20230830/pngtree-the-lotus-is-also-represented-image_13145607.jpg"}}, {"type": "Feature", "geometry": {"coordinates": [[[[104.38471432741888, 9.70690509507698], [104.38540723013239, 9.707469910838125], [104.38658895579627, 9.706522881964789], [104.38641594495674, 9.706351930591776], [104.38602029929619, 9.705877274318283], [104.38602029929619, 9.705877274318283], [104.38471432741888, 9.70690509507698]]]], "type": "MultiPolygon"}, "properties": {"fid": 370, "TT": 5.0, "id": 5.0, "Tinh": "Kiên Giang", "Huyen": "Kiên Hải", "Xa": "An Sơn", "Ddanh": "Hòn Ông", "TK": "1", "Khoanh": "5", "Lo": "6", "ldlr": "RTK", "sldlr": "NULL", "Ht2023": "NULL", "namtr": "NULL", "ChuQL": "Ban Quản lí rừng Kiên Giang", "Nguoinkcu": "Nguyễn Hải Phong", "Churung": "Nguyễn Hải Phong", "CMND": "091078013512/ Cấp 13/09/2022 tại CCS", "DienThoai": "NULL", "Dtich": 1.67, "DtichBS": 1.67, "NgayDoVe": "PyQt5.QtCore.QDate(2019, 10, 10)", "TranhChap": "Không", "KT": 1.0, "Lapdia": "1", "mdsd": "Phòng hộ môi sinh", "nqh": "0", "Anh": "https://cdn2.fptshop.com.vn/unsafe/1920x0/filters:format(webp):quality(75)/hinh_nen_meme_con_luoi_flash_zootopia_1_c520bf6214.jpg", "Anh2": "https://png.pngtree.com/thumb_back/fh260/background/20230830/pngtree-the-lotus-is-also-represented-image_13145607.jpg"}}, {"type": "Feature", "geometry": {"coordinates": [[[[104.38658895579627, 9.706522881964789], [104.38540723013239, 9.707469910838125], [104.38559565938654, 9.707593035613215], [104.38675923198319, 9.706696002429949], [104.38658895579627, 9.706522881964789]]]], "type": "MultiPolygon"}, "properties": {"fid": 371, "TT": 6.0, "id": 6.0, "Tinh": "Kiên Giang", "Huyen": "Kiên Hải", "Xa": "An Sơn", "Ddanh": "Hòn Ông", "TK": "1", "Khoanh": "5", "Lo": "4", "ldlr": "RTK", "sldlr": "NULL", "Ht2023": "NULL", "namtr": "NULL", "ChuQL": "Ban Quản lí rừng Kiên Giang", "Nguoinkcu": "Trần Văn Lành", "Churung": "Trần Thanh Phong", "CMND": "371110992/ Ngày cấp 26/02/2013/ CA Kiên Giang", "DienThoai": "NULL", "Dtich": 0.41, "DtichBS": 0.41, "NgayDoVe": "PyQt5.QtCore.QDate(2019, 10, 10)", "TranhChap": "Không", "KT": 1.0, "Lapdia": "1", "mdsd": "Phòng hộ môi sinh", "nqh": "0", "Anh": "https://cdn2.fptshop.com.vn/unsafe/1920x0/filters:format(webp):quality(75)/hinh_nen_meme_con_luoi_flash_zootopia_1_c520bf6214.jpg", "Anh2": "https://png.pngtree.com/thumb_back/fh260/background/20230830/pngtree-the-lotus-is-also-represented-image_13145607.jpg"}}, {"type": "Feature", "geometry": {"coordinates": [[[[104.38585861625026, 9.707782734340228], [104.38695811868905, 9.706888753421792], [104.38682491907885, 9.7067628446162], [104.38675923198319, 9.706696002429949], [104.38559565938654, 9.707593035613215], [104.38585861625026, 9.707782734340228]]]], "type": "MultiPolygon"}, "properties": {"fid": 372, "TT": 7.0, "id": 7.0, "Tinh": "Kiên Giang", "Huyen": "Kiên Hải", "Xa": "An Sơn", "Ddanh": "Hòn Ông", "TK": "1", "Khoanh": "5", "Lo": "3", "ldlr": "RTK", "sldlr": "NULL", "Ht2023": "NULL", "namtr": "NULL", "ChuQL": "Ban Quản lí rừng Kiên Giang", "Nguoinkcu": "Huỳnh Văn Sỹ", "Churung": "Lê Thị Dung", "CMND": "371269046/ Ngày cấp 03/11/2024/ CA Kiên Giang", "DienThoai": "NULL", "Dtich": 0.52, "DtichBS": 0.52, "NgayDoVe": "PyQt5.QtCore.QDate(2019, 10, 10)", "TranhChap": "Không", "KT": 1.0, "Lapdia": "1", "mdsd": "Phòng hộ môi sinh", "nqh": "0", "Anh": "https://cdn2.fptshop.com.vn/unsafe/1920x0/filters:format(webp):quality(75)/hinh_nen_meme_con_luoi_flash_zootopia_1_c520bf6214.jpg", "Anh2": "https://png.pngtree.com/thumb_back/fh260/background/20230830/pngtree-the-lotus-is-also-represented-image_13145607.jpg"}}, {"type": "Feature", "geometry": {"coordinates": [[[[104.38304042620575, 9.703732408641475], [104.38304642772117, 9.704034052271279], [104.38323001289959, 9.704715701867643], [104.38321951471629, 9.704766333565068], [104.38338526633083, 9.705102210393846], [104.38363986106161, 9.705481880667607], [104.38377792053312, 9.705781308582406], [104.38386069173595, 9.705989755050908], [104.38384563724937, 9.70603902891788], [104.38381991318721, 9.706107468233347], [104.38385388663333, 9.70616688577727], [104.38397745900836, 9.706192245284212], [104.38422273029107, 9.70665636435912], [104.3844050069861, 9.70664638927791], [104.38575037170867, 9.70555357074196], [104.38554995228431, 9.705047693596962], [104.38516756751156, 9.704177814320783], [104.38520514828771, 9.703545970939427], [104.38313402320742, 9.703730993851984], [104.38304042620575, 9.703732408641475]]]], "type": "MultiPolygon"}, "properties": {"fid": 373, "TT": 15.0, "id": 15.0, "Tinh": "Kiên Giang", "Huyen": "Kiên Hải", "Xa": "An Sơn", "Ddanh": "Hòn Ông", "TK": "1", "Khoanh": "5", "Lo": "9", "ldlr": "RTK", "sldlr": "NULL", "Ht2023": "NULL", "namtr": "NULL", "ChuQL": "Ban Quản lí rừng Kiên Giang", "Nguoinkcu": "Nguyễn Văn Mực", "Churung": "Dư Phước Thuận", "CMND": "NULL", "DienThoai": "NULL", "Dtich": 6.53, "DtichBS": 6.85, "NgayDoVe": "PyQt5.QtCore.QDate(2019, 10, 10)", "TranhChap": "Không", "KT": 1.0, "Lapdia": "1", "mdsd": "Phòng hộ môi sinh", "nqh": "0", "Anh": "https://cdn2.fptshop.com.vn/unsafe/1920x0/filters:format(webp):quality(75)/hinh_nen_meme_con_luoi_flash_zootopia_1_c520bf6214.jpg", "Anh2": "https://png.pngtree.com/thumb_back/fh260/background/20230830/pngtree-the-lotus-is-also-represented-image_13145607.jpg"}}, {"type": "Feature", "geometry": {"coordinates": [[[[104.38493051691653, 9.69965265817487], [104.38533083590087, 9.697612641953102], [104.3853008659962, 9.697573660832475], [104.38513935239328, 9.697375857837242], [104.38503986589696, 9.697281968352199], [104.38481764197945, 9.697129083675755], [104.3848133586789, 9.697129082236962], [104.38481317641077, 9.697129082175737], [104.38456511022649, 9.697126919092803], [104.38445035044671, 9.697191169187477], [104.38438233730014, 9.697270354337233], [104.3843249863479, 9.697350899372434], [104.3842413523636, 9.69753749839123], [104.38400959389743, 9.698080302791148], [104.38374208284189, 9.698701850853565], [104.3837107261675, 9.698984945761413], [104.38372040261414, 9.699466978941862], [104.38432577960243, 9.699556790123234], [104.38432587073711, 9.699556790153983], [104.38432678202224, 9.699556971301798], [104.38493051691653, 9.69965265817487]]]], "type": "MultiPolygon"}, "properties": {"fid": 374, "TT": 13.0, "id": 13.0, "Tinh": "Kiên Giang", "Huyen": "Kiên Hải", "Xa": "An Sơn", "Ddanh": "Hòn Ông", "TK": "1", "Khoanh": "5", "Lo": "17", "ldlr": "RTK", "sldlr": "Bạch đàn", "Ht2023": "NULL", "namtr": "NULL", "ChuQL": "Ban Quản lí rừng Kiên Giang", "Nguoinkcu": "Trương Thị Kim Ngọc", "Churung": "Trương Thị Kim Ngọc", "CMND": "091063000203/ Ngày cấp 01/03/2023/ CCS", "DienThoai": "0913201611", "Dtich": 3.48, "DtichBS": 3.48, "NgayDoVe": "PyQt5.QtCore.QDate(2019, 10, 10)", "TranhChap": "Không", "KT": 1.0, "Lapdia": "1", "mdsd": "Phòng hộ môi sinh", "nqh": "0", "Anh": "https://cdn2.fptshop.com.vn/unsafe/1920x0/filters:format(webp):quality(75)/hinh_nen_meme_con_luoi_flash_zootopia_1_c520bf6214.jpg", "Anh2": "https://png.pngtree.com/thumb_back/fh260/background/20230830/pngtree-the-lotus-is-also-represented-image_13145607.jpg"}}, {"type": "Feature", "geometry": {"coordinates": [[[[104.3849895121844, 9.701433141376308], [104.38650910318043, 9.699529941708464], [104.386408718232, 9.699394730305128], [104.38631325493864, 9.699258616302606], [104.38625067552499, 9.699169350834806], [104.38605810961046, 9.698894861665034], [104.38580086983941, 9.698527851012084], [104.3857732949394, 9.69841309862437], [104.38574471911002, 9.69829382489155], [104.38563561629836, 9.698069003959645], [104.38555128375101, 9.697898443366993], [104.38533083590087, 9.697612641953102], [104.38493051691653, 9.69965265817487], [104.38494185330015, 9.700349891867575], [104.38494854731184, 9.700763747193614], [104.38497818337962, 9.701248047512404], [104.3849895121844, 9.701433141376308]]]], "type": "MultiPolygon"}, "properties": {"fid": 375, "TT": 12.0, "id": 12.0, "Tinh": "Kiên Giang", "Huyen": "Kiên Hải", "Xa": "An Sơn", "Ddanh": "Hòn Ông", "TK": "1", "Khoanh": "5", "Lo": "16", "ldlr": "RTK", "sldlr": "NULL", "Ht2023": "NULL", "namtr": "NULL", "ChuQL": "Ban Quản lí rừng Kiên Giang", "Nguoinkcu": "Trần Hoàng Khôn", "Churung": "Trần Hoàng Khôn", "CMND": "NULL", "DienThoai": "NULL", "Dtich": 3.61, "DtichBS": 4.12, "NgayDoVe": "PyQt5.QtCore.QDate(2019, 10, 10)", "TranhChap": "Không", "KT": 1.0, "Lapdia": "1", "mdsd": "Phòng hộ môi sinh", "nqh": "0", "Anh": "https://cdn2.fptshop.com.vn/unsafe/1920x0/filters:format(webp):quality(75)/hinh_nen_meme_con_luoi_flash_zootopia_1_c520bf6214.jpg", "Anh2": "https://png.pngtree.com/thumb_back/fh260/background/20230830/pngtree-the-lotus-is-also-represented-image_13145607.jpg"}}, {"type": "Feature", "geometry": {"coordinates": [[[[104.38725993376708, 9.70043321569762], [104.38693939534261, 9.7002112190335], [104.3869085140379, 9.700171152712048], [104.38681031336824, 9.700043718282675], [104.38673537958513, 9.699834551679109], [104.38650910318043, 9.699529941708464], [104.3849895121844, 9.701433141376308], [104.38502386101983, 9.701994842907267], [104.38506206347722, 9.702748236430077], [104.38507328937361, 9.70296814199922], [104.38508379060212, 9.703175117241155], [104.38725993376708, 9.70043321569762]]]], "type": "MultiPolygon"}, "properties": {"fid": 376, "TT": 11.0, "id": 11.0, "Tinh": "Kiên Giang", "Huyen": "Kiên Hải", "Xa": "An Sơn", "Ddanh": "Hòn Ông", "TK": "1", "Khoanh": "5", "Lo": "14", "ldlr": "RTK", "sldlr": "NULL", "Ht2023": "NULL", "namtr": "NULL", "ChuQL": "Ban Quản lí rừng Kiên Giang", "Nguoinkcu": "Mai Quang Tốt", "Churung": "Mai Quang Tốt", "CMND": "NULL", "DienThoai": "NULL", "Dtich": 4.1, "DtichBS": 4.23, "NgayDoVe": "PyQt5.QtCore.QDate(2019, 10, 10)", "TranhChap": "Không", "KT": 1.0, "Lapdia": "1", "mdsd": "Phòng hộ môi sinh", "nqh": "0", "Anh": "https://cdn2.fptshop.com.vn/unsafe/1920x0/filters:format(webp):quality(75)/hinh_nen_meme_con_luoi_flash_zootopia_1_c520bf6214.jpg", "Anh2": "https://png.pngtree.com/thumb_back/fh260/background/20230830/pngtree-the-lotus-is-also-represented-image_13145607.jpg"}}, {"type": "Feature", "geometry": {"coordinates": [[[[104.38619183373412, 9.701779038128445], [104.38715314376532, 9.702007847726172], [104.38750175537547, 9.702771560575645], [104.38755784752095, 9.702640288914136], [104.38783922551697, 9.702238282662497], [104.38816540986488, 9.701931503218605], [104.38844538318945, 9.701639356482293], [104.38847812932849, 9.701552925459225], [104.3885092335821, 9.701470834066388], [104.3885498368197, 9.701325361221148], [104.38853152820347, 9.701296420813796], [104.3884492760224, 9.701166641113733], [104.38844289984985, 9.701156692820073], [104.3884214890688, 9.701138601817384], [104.38829448202402, 9.701031774231542], [104.38825685238254, 9.701004093394832], [104.38797385574124, 9.700796125054827], [104.38797294460082, 9.700795491815871], [104.38794825006363, 9.700786260887146], [104.38785903984586, 9.700753137931933], [104.38785894871083, 9.700753137902115], [104.3878419085616, 9.700746802915216], [104.38766568626332, 9.700648006386123], [104.38756564249377, 9.700580520140313], [104.38745402715561, 9.700505434772257], [104.38740591217312, 9.700492579307706], [104.38730877080934, 9.700467048899155], [104.38725993376708, 9.70043321569762], [104.38619183373412, 9.701779038128445]]]], "type": "MultiPolygon"}, "properties": {"fid": 377, "TT": 11.0, "id": 11.0, "Tinh": "Kiên Giang", "Huyen": "Kiên Hải", "Xa": "An Sơn", "Ddanh": "Hòn Ông", "TK": "1", "Khoanh": "5", "Lo": "13", "ldlr": "RTK", "sldlr": "NULL", "Ht2023": "NULL", "namtr": "NULL", "ChuQL": "Ban Quản lí rừng Kiên Giang", "Nguoinkcu": "Phạm Thanh Việt", "Churung": "Phạm Thanh Việt", "CMND": "NULL", "DienThoai": "NULL", "Dtich": 3.19, "DtichBS": 3.61, "NgayDoVe": "PyQt5.QtCore.QDate(2019, 10, 10)", "TranhChap": "Không", "KT": 1.0, "Lapdia": "1", "mdsd": "Phòng hộ môi sinh", "nqh": "0", "Anh": "https://cdn2.fptshop.com.vn/unsafe/1920x0/filters:format(webp):quality(75)/hinh_nen_meme_con_luoi_flash_zootopia_1_c520bf6214.jpg", "Anh2": "https://png.pngtree.com/thumb_back/fh260/background/20230830/pngtree-the-lotus-is-also-represented-image_13145607.jpg"}}, {"type": "Feature", "geometry": {"coordinates": [[[[104.38766927791193, 9.704094010285196], [104.38762005217123, 9.703857455028503], [104.3875484271014, 9.70356085343089], [104.38750292195208, 9.70337267415536], [104.38742958023012, 9.703031946927263], [104.3874709250356, 9.70285102977224], [104.38747466696402, 9.702834936212914], [104.38748141630657, 9.702819024481231], [104.38750175537547, 9.702771560575645], [104.38715314376532, 9.702007847726172], [104.38619183373412, 9.701779038128445], [104.38614332911938, 9.701840146046415], [104.38603692886296, 9.701974294198887], [104.38585530981501, 9.702202996756833], [104.38508379060212, 9.703175117241155], [104.38520514828771, 9.703545970939427], [104.38520678873192, 9.703545971488944], [104.38635231132231, 9.703437035338522], [104.38766927791193, 9.704094010285196]], [[104.38520542178738, 9.703545699770606], [104.38520533062082, 9.703545790160213], [104.38520514828771, 9.703545970939427], [104.38520542178738, 9.703545699770606]]]], "type": "MultiPolygon"}, "properties": {"fid": 378, "TT": 9.0, "id": 9.0, "Tinh": "Kiên Giang", "Huyen": "Kiên Hải", "Xa": "An Sơn", "Ddanh": "Hòn Ông", "TK": "1", "Khoanh": "5", "Lo": "11", "ldlr": "RTK", "sldlr": "NULL", "Ht2023": "NULL", "namtr": "NULL", "ChuQL": "Ban Quản lí rừng Kiên Giang", "Nguoinkcu": "Phạm Quốc Nam", "Churung": "Phạm Quốc Nam", "CMND": "NULL", "DienThoai": "NULL", "Dtich": 4.06, "DtichBS": 4.31, "NgayDoVe": "PyQt5.QtCore.QDate(2019, 10, 10)", "TranhChap": "Không", "KT": 1.0, "Lapdia": "1", "mdsd": "Phòng hộ môi sinh", "nqh": "0", "Anh": "https://cdn2.fptshop.com.vn/unsafe/1920x0/filters:format(webp):quality(75)/hinh_nen_meme_con_luoi_flash_zootopia_1_c520bf6214.jpg", "Anh2": "https://png.pngtree.com/thumb_back/fh260/background/20230830/pngtree-the-lotus-is-also-represented-image_13145607.jpg"}}, {"type": "Feature", "geometry": {"coordinates": [[[[104.38772605609012, 9.704366374386348], [104.38766927791193, 9.704094010285196], [104.38635231132231, 9.703437035338522], [104.38520669759613, 9.703545971458418], [104.38520514828771, 9.703545970939427], [104.38516756751156, 9.704177814320783], [104.38554995228431, 9.705047693596962], [104.3855500434205, 9.7050476936274], [104.38638389183713, 9.704919303277524], [104.38753603327082, 9.705472240882548], [104.38754419809901, 9.705311205286165], [104.38760999256311, 9.705055518703851], [104.38763857467534, 9.704885990303469], [104.38772605609012, 9.704366374386348]]]], "type": "MultiPolygon"}, "properties": {"fid": 379, "TT": 10.0, "id": 10.0, "Tinh": "Kiên Giang", "Huyen": "Kiên Hải", "Xa": "An Sơn", "Ddanh": "Hòn Ông", "TK": "1", "Khoanh": "5", "Lo": "10", "ldlr": "RTK", "sldlr": "NULL", "Ht2023": "NULL", "namtr": "NULL", "ChuQL": "Ban Quản lí rừng Kiên Giang", "Nguoinkcu": "Nguyễn Văn Đạo", "Churung": "Nguyễn Văn Đạo", "CMND": "NULL", "DienThoai": "NULL", "Dtich": 4.25, "DtichBS": 5.63, "NgayDoVe": "PyQt5.QtCore.QDate(2019, 10, 10)", "TranhChap": "Không", "KT": 1.0, "Lapdia": "1", "mdsd": "Phòng hộ môi sinh", "nqh": "0", "Anh": "https://cdn2.fptshop.com.vn/unsafe/1920x0/filters:format(webp):quality(75)/hinh_nen_meme_con_luoi_flash_zootopia_1_c520bf6214.jpg", "Anh2": "https://png.pngtree.com/thumb_back/fh260/background/20230830/pngtree-the-lotus-is-also-represented-image_13145607.jpg"}}, {"type": "Feature", "geometry": {"coordinates": [[[[104.38843196535139, 9.706937792199732], [104.3876212228223, 9.706634981423916], [104.38695811868905, 9.706888753421792], [104.38585861625026, 9.707782734340228], [104.38570917881535, 9.707971481734566], [104.38575976263125, 9.707963270377196], [104.38586190071523, 9.708041517834518], [104.38610035632132, 9.708189434113605], [104.38650975055769, 9.708440666690969], [104.38686859005946, 9.708615024981494], [104.38705905034817, 9.708664005124389], [104.38711124430975, 9.708746575905234], [104.3871416788684, 9.708762319036582], [104.38718078181292, 9.7087471413378], [104.3872723152777, 9.708652320763537], [104.38754874956487, 9.708606749466956], [104.38766128760416, 9.708655884524703], [104.38778725805433, 9.708599232397354], [104.38803015964672, 9.708535927378216], [104.3881594888079, 9.70851924190752], [104.38820456500362, 9.708355053666988], [104.3882373685534, 9.708097638258714], [104.38829580149869, 9.708055069437044], [104.38832258712674, 9.708081209589215], [104.38835284018788, 9.708094601630867], [104.38836022968214, 9.708072270266692], [104.38834029501872, 9.707998752201341], [104.38838709909454, 9.70784532448923], [104.38854494484548, 9.70785586462005], [104.38849149658208, 9.707431686372352], [104.38849684970455, 9.707228514067982], [104.38843196535139, 9.706937792199732]]]], "type": "MultiPolygon"}, "properties": {"fid": 380, "TT": 17.0, "id": 17.0, "Tinh": "Kiên Giang", "Huyen": "Kiên Hải", "Xa": "An Sơn", "Ddanh": "Hòn Ông", "TK": "1", "Khoanh": "5", "Lo": "2", "ldlr": "RTK", "sldlr": "NULL", "Ht2023": "NULL", "namtr": "NULL", "ChuQL": "Ban Quản lí rừng Kiên Giang", "Nguoinkcu": "Trần Văn Phụng", "Churung": "Trần Văn Phụng", "CMND": "NULL", "DienThoai": "NULL", "Dtich": 4.62, "DtichBS": 5.81, "NgayDoVe": "PyQt5.QtCore.QDate(2019, 10, 10)", "TranhChap": "Không", "KT": 1.0, "Lapdia": "1", "mdsd": "Phòng hộ môi sinh", "nqh": "0", "Anh": "https://cdn2.fptshop.com.vn/unsafe/1920x0/filters:format(webp):quality(75)/hinh_nen_meme_con_luoi_flash_zootopia_1_c520bf6214.jpg", "Anh2": "https://png.pngtree.com/thumb_back/fh260/background/20230830/pngtree-the-lotus-is-also-represented-image_13145607.jpg"}}, {"type": "Feature", "geometry": {"coordinates": [[[[104.3876212228223, 9.706634981423916], [104.38843196535139, 9.706937792199732], [104.38813307368792, 9.706552143257028], [104.38795250092133, 9.706371515227495], [104.38786961129662, 9.706237214199835], [104.38770856875045, 9.70597638976804], [104.38760345809486, 9.705793887455709], [104.38753263858233, 9.705540145295856], [104.38753603327082, 9.705472240882548], [104.38638389183713, 9.704919303277524], [104.3855500434205, 9.7050476936274], [104.38554995228431, 9.705047693596962], [104.38575037170867, 9.70555357074196], [104.38602029929619, 9.705877274318283], [104.38641594495674, 9.706351930591776], [104.38658895579627, 9.706522881964789], [104.38675923198319, 9.706696002429949], [104.38682491907885, 9.7067628446162], [104.38695811868905, 9.706888753421792], [104.3876212228223, 9.706634981423916]]]], "type": "MultiPolygon"}, "properties": {"fid": 381, "TT": 8.0, "id": 8.0, "Tinh": "Kiên Giang", "Huyen": "Kiên Hải", "Xa": "An Sơn", "Ddanh": "Hòn Ông", "TK": "1", "Khoanh": "5", "Lo": "8", "ldlr": "RTK", "sldlr": "NULL", "Ht2023": "NULL", "namtr": "NULL", "ChuQL": "Ban Quản lí rừng Kiên Giang", "Nguoinkcu": "Lê Kim Nhan", "Churung": "Lê Kim Nhan", "CMND": "NULL", "DienThoai": "NULL", "Dtich": 3.37, "DtichBS": 3.65, "NgayDoVe": "PyQt5.QtCore.QDate(2019, 10, 10)", "TranhChap": "Không", "KT": 1.0, "Lapdia": "1", "mdsd": "Phòng hộ môi sinh", "nqh": "0", "Anh": "https://cdn2.fptshop.com.vn/unsafe/1920x0/filters:format(webp):quality(75)/hinh_nen_meme_con_luoi_flash_zootopia_1_c520bf6214.jpg", "Anh2": "https://png.pngtree.com/thumb_back/fh260/background/20230830/pngtree-the-lotus-is-also-represented-image_13145607.jpg"}}, {"type": "Feature", "geometry": {"coordinates": [[[[104.35810740413625, 9.660737967370286], [104.35858119737252, 9.661736854376874], [104.3600493905018, 9.66174613500235], [104.35904202747233, 9.660389419595017], [104.35881495573445, 9.66036672144176], [104.35835810213423, 9.660701088753454], [104.35810740413625, 9.660737967370286]]]], "type": "MultiPolygon"}, "properties": {"fid": 382, "TT": 37.0, "id": 37.0, "Tinh": "Kiên Giang", "Huyen": "Kiên Hải", "Xa": "An Sơn", "Ddanh": "Hòn Lớn", "TK": "1", "Khoanh": "4", "Lo": "12", "ldlr": "NULL", "sldlr": "NULL", "Ht2023": "NULL", "namtr": "NULL", "ChuQL": "Ban Quản lí rừng Kiên Giang", "Nguoinkcu": "Tô Đức Cường", "Churung": "Tô Đức Cường", "CMND": "NULL", "DienThoai": "NULL", "Dtich": 1.9, "DtichBS": 1.9, "NgayDoVe": "PyQt5.QtCore.QDate(2019, 11, 29)", "TranhChap": "Không", "KT": 1.0, "Lapdia": "1", "mdsd": "Phòng hộ môi sinh", "nqh": "0", "Anh": "https://cdn2.fptshop.com.vn/unsafe/1920x0/filters:format(webp):quality(75)/hinh_nen_meme_con_luoi_flash_zootopia_1_c520bf6214.jpg", "Anh2": "https://png.pngtree.com/thumb_back/fh260/background/20230830/pngtree-the-lotus-is-also-represented-image_13145607.jpg"}}, {"type": "Feature", "geometry": {"coordinates": [[[[104.35723710118285, 9.671272832268969], [104.35919377302152, 9.671290005346794], [104.35919860794321, 9.67127752933562], [104.3592060051401, 9.671239284608644], [104.35925480281942, 9.671131704518148], [104.35927022000453, 9.671091473827667], [104.35926659086793, 9.671053134164607], [104.35924514447403, 9.670909899739804], [104.35923241833501, 9.670833851115114], [104.35922369155377, 9.670782398430282], [104.35915333586276, 9.670796203908443], [104.35907819793617, 9.670258172737022], [104.35918054568982, 9.670228285575924], [104.35917468012174, 9.670089668954443], [104.35944277121341, 9.669659468755105], [104.35724735630879, 9.669644368267758], [104.35723710118285, 9.671272832268969]]]], "type": "MultiPolygon"}, "properties": {"fid": 383, "TT": 47.0, "id": 47.0, "Tinh": "Kiên Giang", "Huyen": "Kiên Hải", "Xa": "An Sơn", "Ddanh": "Hòn Lớn", "TK": "1", "Khoanh": "4", "Lo": "8", "ldlr": "NULL", "sldlr": "NULL", "Ht2023": "NULL", "namtr": "NULL", "ChuQL": "Ban Quản lí rừng Kiên Giang", "Nguoinkcu": "Khổng Thanh Tùng", "Churung": "Khổng Thanh Tùng", "CMND": "NULL", "DienThoai": "NULL", "Dtich": 3.91, "DtichBS": 0.0, "NgayDoVe": "PyQt5.QtCore.QDate(2019, 11, 27)", "TranhChap": "Không", "KT": 1.0, "Lapdia": "1", "mdsd": "Phòng hộ môi sinh", "nqh": "0", "Anh": "https://cdn2.fptshop.com.vn/unsafe/1920x0/filters:format(webp):quality(75)/hinh_nen_meme_con_luoi_flash_zootopia_1_c520bf6214.jpg", "Anh2": "https://png.pngtree.com/thumb_back/fh260/background/20230830/pngtree-the-lotus-is-also-represented-image_13145607.jpg"}}, {"type": "Feature", "geometry": {"coordinates": [[[[104.3590431203592, 9.66039086676721], [104.3600493905018, 9.66174613500235], [104.36067930980322, 9.661139670514348], [104.36069199346318, 9.660654118702688], [104.360511841118, 9.660653864887525], [104.36042707464252, 9.660483659534973], [104.36020113133968, 9.660154980493264], [104.35997354154736, 9.660063020953196], [104.36000007169946, 9.660031384645135], [104.35993082903329, 9.660003416601002], [104.35991753054203, 9.659989848144841], [104.35954407853673, 9.660272349754228], [104.3590431203592, 9.66039086676721]]]], "type": "MultiPolygon"}, "properties": {"fid": 384, "TT": 37.0, "id": 37.0, "Tinh": "Kiên Giang", "Huyen": "Kiên Hải", "Xa": "An Sơn", "Ddanh": "Hòn Lớn", "TK": "1", "Khoanh": "4", "Lo": "12", "ldlr": "NULL", "sldlr": "NULL", "Ht2023": "NULL", "namtr": "NULL", "ChuQL": "Ban Quản lí rừng Kiên Giang", "Nguoinkcu": "Trần Thị Cả", "Churung": "Trần Thị Cả", "CMND": "091174003919/ Ngày cấp 24/05/2023", "DienThoai": "NULL", "Dtich": 1.85, "DtichBS": 1.85, "NgayDoVe": "PyQt5.QtCore.QDate(2019, 11, 29)", "TranhChap": "Không", "KT": 1.0, "Lapdia": "1", "mdsd": "Phòng hộ môi sinh", "nqh": "0", "Anh": "https://cdn2.fptshop.com.vn/unsafe/1920x0/filters:format(webp):quality(75)/hinh_nen_meme_con_luoi_flash_zootopia_1_c520bf6214.jpg", "Anh2": "https://png.pngtree.com/thumb_back/fh260/background/20230830/pngtree-the-lotus-is-also-represented-image_13145607.jpg"}}, {"type": "Feature", "geometry": {"coordinates": [[[[104.3835628470659, 9.708396185517152], [104.38488606883695, 9.708390032109461], [104.38488625111114, 9.708390032170723], [104.38484938585884, 9.708257463882479], [104.38476364776396, 9.70819341760283], [104.38466886041306, 9.708207491239435], [104.38460827565984, 9.708144990531556], [104.38461623001699, 9.708070667871679], [104.38465862032636, 9.70803677460289], [104.38468116462721, 9.707938947621686], [104.3846694784428, 9.707732876227903], [104.3845526428008, 9.707727321243388], [104.3840458366881, 9.707708885195798], [104.38401923924144, 9.70793158094855], [104.38391456359737, 9.708077935663415], [104.3837152894447, 9.708218923454861], [104.3835628470659, 9.708396185517152]]]], "type": "MultiPolygon"}, "properties": {"fid": 385, "TT": 16.0, "id": 16.0, "Tinh": "Kiên Giang", "Huyen": "Kiên Hải", "Xa": "An Sơn", "Ddanh": "Hòn Ông", "TK": "1", "Khoanh": "5", "Lo": "1", "ldlr": "RTK", "sldlr": "Xoài, Mít, Bạch đàn", "Ht2023": "NULL", "namtr": "NULL", "ChuQL": "Ban Quản lí rừng Kiên Giang", "Nguoinkcu": "Trương Hồng Phước", "Churung": "Trương Hồng Phước", "CMND": "079075012414/ Ngày 15/03/2021", "DienThoai": "0949983393", "Dtich": 0.69, "DtichBS": 0.69, "NgayDoVe": "PyQt5.QtCore.QDate(2019, 10, 10)", "TranhChap": "Không", "KT": 1.0, "Lapdia": "1", "mdsd": "Phòng hộ môi sinh", "nqh": "0", "Anh": "https://cdn2.fptshop.com.vn/unsafe/1920x0/filters:format(webp):quality(75)/hinh_nen_meme_con_luoi_flash_zootopia_1_c520bf6214.jpg", "Anh2": "https://png.pngtree.com/thumb_back/fh260/background/20230830/pngtree-the-lotus-is-also-represented-image_13145607.jpg"}}, {"type": "Feature", "geometry": {"coordinates": [[[[104.38488625111114, 9.708390032170723], [104.38488606883695, 9.708390032109461], [104.3835628470659, 9.708396185517152], [104.38325741481539, 9.708751251761301], [104.38316830763422, 9.70894209823587], [104.3832802429497, 9.708887884332434], [104.38356561546905, 9.708824687383965], [104.38356570660626, 9.708824687414944], [104.38374307315168, 9.708785505334536], [104.38406279520342, 9.708748541460407], [104.38413251459613, 9.708750192614934], [104.38452340108964, 9.708753037228144], [104.38483414516605, 9.708851971042874], [104.38483678916477, 9.708848988068], [104.38491278705158, 9.708879937293114], [104.38492593470046, 9.708809956539309], [104.38490773301392, 9.708467529432596], [104.38488625111114, 9.708390032170723]]]], "type": "MultiPolygon"}, "properties": {"fid": 386, "TT": 16.0, "id": 16.0, "Tinh": "Kiên Giang", "Huyen": "Kiên Hải", "Xa": "An Sơn", "Ddanh": "Hòn Ông", "TK": "1", "Khoanh": "5", "Lo": "1", "ldlr": "RTK", "sldlr": "Xoài, Mít, Bạch đàn", "Ht2023": "NULL", "namtr": "NULL", "ChuQL": "Ban Quản lí rừng Kiên Giang", "Nguoinkcu": "Trương Hồng Phước", "Churung": "Trương Hồng Phước", "CMND": "079075012414/ Ngày 15/03/2021", "DienThoai": "0949983393", "Dtich": 0.75, "DtichBS": 0.75, "NgayDoVe": "PyQt5.QtCore.QDate(2019, 10, 10)", "TranhChap": "Không", "KT": 1.0, "Lapdia": "1", "mdsd": "Phòng hộ môi sinh", "nqh": "0", "Anh": "https://cdn2.fptshop.com.vn/unsafe/1920x0/filters:format(webp):quality(75)/hinh_nen_meme_con_luoi_flash_zootopia_1_c520bf6214.jpg", "Anh2": "https://png.pngtree.com/thumb_back/fh260/background/20230830/pngtree-the-lotus-is-also-represented-image_13145607.jpg"}}, {"type": "Feature", "geometry": {"coordinates": [[[[104.63068576996936, 9.820512716920494], [104.63109392220616, 9.820731826369192], [104.63247149199307, 9.819424728755632], [104.63227198374305, 9.819338365723722], [104.63217880062021, 9.819312632557985], [104.63068576996936, 9.820512716920494], [104.63068576996936, 9.820512716920494]]]], "type": "MultiPolygon"}, "properties": {"fid": 387, "TT": 0.0, "id": 0.0, "Tinh": "Kiên Giang", "Huyen": "Kiên Hải", "Xa": "Lại Sơn", "Ddanh": "ấp bãi Bấc", "TK": "1", "Khoanh": "1", "Lo": "3", "ldlr": "Rừng trồng khác", "sldlr": "Chuối", "Ht2023": "NULL", "namtr": "NULL", "ChuQL": "Ban Quản lí rừng Kiên Giang", "Nguoinkcu": "Huỳnh Văn Gương", "Churung": "Nguyễn Thị Ngân", "CMND": "091171007315/ Ngày cấp 05/02/2022/ CCS", "DienThoai": "NULL", "Dtich": 0.83, "DtichBS": 0.83, "NgayDoVe": "PyQt5.QtCore.QDate(2019, 9, 9)", "TranhChap": "không", "KT": 0.0, "Lapdia": "1", "mdsd": "Phòng hộ môi sinh", "nqh": "0", "Anh": "https://cdn2.fptshop.com.vn/unsafe/1920x0/filters:format(webp):quality(75)/hinh_nen_meme_con_luoi_flash_zootopia_1_c520bf6214.jpg", "Anh2": "https://png.pngtree.com/thumb_back/fh260/background/20230830/pngtree-the-lotus-is-also-represented-image_13145607.jpg"}}, {"type": "Feature", "geometry": {"coordinates": [[[[104.6329828623585, 9.818316075905038], [104.63325478773365, 9.818479899537435], [104.63470337339281, 9.816758553295537], [104.63444444464102, 9.816493365396376], [104.6329828623585, 9.818316075905038]]]], "type": "MultiPolygon"}, "properties": {"fid": 388, "TT": 0.0, "id": 0.0, "Tinh": "Kiên Giang", "Huyen": "Kiên Hải", "Xa": "Lại Sơn", "Ddanh": "ấp bãi Bấc", "TK": "1", "Khoanh": "1", "Lo": "3", "ldlr": "NULL", "sldlr": "NULL", "Ht2023": "NULL", "namtr": "NULL", "ChuQL": "Ban Quản lí rừng Kiên Giang", "Nguoinkcu": "Phạm Vũ Hảo", "Churung": "Phạm Vũ Hảo", "CMND": "096094007585/ Ngày cấp 02/08/2021/ CCS", "DienThoai": "0964063839", "Dtich": 0.95, "DtichBS": 1.04, "NgayDoVe": "PyQt5.QtCore.QDate(2019, 9, 9)", "TranhChap": "không", "KT": 0.0, "Lapdia": "1", "mdsd": "Phòng hộ môi sinh", "nqh": "0", "Anh": "https://cdn2.fptshop.com.vn/unsafe/1920x0/filters:format(webp):quality(75)/hinh_nen_meme_con_luoi_flash_zootopia_1_c520bf6214.jpg", "Anh2": "https://png.pngtree.com/thumb_back/fh260/background/20230830/pngtree-the-lotus-is-also-represented-image_13145607.jpg"}}, {"type": "Feature", "geometry": {"coordinates": [[[[104.63247149199307, 9.819424728755632], [104.63325478773365, 9.818479899537435], [104.6329828623585, 9.818316075905038], [104.63217880062021, 9.819312632557985], [104.63227198374305, 9.819338365723722], [104.63247149199307, 9.819424728755632]]]], "type": "MultiPolygon"}, "properties": {"fid": 389, "TT": 0.0, "id": 0.0, "Tinh": "Kiên Giang", "Huyen": "Kiên Hải", "Xa": "Lại Sơn", "Ddanh": "ấp bãi Bấc", "TK": "1", "Khoanh": "1", "Lo": "3", "ldlr": "Rừng trồng khác", "sldlr": "Chuối", "Ht2023": "NULL", "namtr": "NULL", "ChuQL": "Ban Quản lí rừng Kiên Giang", "Nguoinkcu": "Huỳnh Văn Gương", "Churung": "Nguyễn Thị Ngân", "CMND": "091171007315/ Ngày cấp 05/02/2022/ CCS", "DienThoai": "NULL", "Dtich": 0.47, "DtichBS": 0.47, "NgayDoVe": "PyQt5.QtCore.QDate(2019, 9, 9)", "TranhChap": "không", "KT": 0.0, "Lapdia": "1", "mdsd": "Phòng hộ môi sinh", "nqh": "0", "Anh": "https://cdn2.fptshop.com.vn/unsafe/1920x0/filters:format(webp):quality(75)/hinh_nen_meme_con_luoi_flash_zootopia_1_c520bf6214.jpg", "Anh2": "https://png.pngtree.com/thumb_back/fh260/background/20230830/pngtree-the-lotus-is-also-represented-image_13145607.jpg"}}, {"type": "Feature", "geometry": {"coordinates": [[[[104.65463684326302, 9.808526663305972], [104.65464815516447, 9.808739505538592], [104.65488514864657, 9.808667242614355], [104.6556366887431, 9.80843379705722], [104.65554543603542, 9.808243958092694], [104.65481677652805, 9.808473143281708], [104.65463684326302, 9.808526663305972]]]], "type": "MultiPolygon"}, "properties": {"fid": 390, "TT": 0.0, "id": 0.0, "Tinh": "Kiên Giang", "Huyen": "Kiên Hải", "Xa": "Lại Sơn", "Ddanh": "ấp bãi Bấc", "TK": "1", "Khoanh": "2", "Lo": "2", "ldlr": "Rừng trồng khác", "sldlr": "Mít, Chuối", "Ht2023": "NULL", "namtr": "NULL", "ChuQL": "Ban Quản lí rừng Kiên Giang", "Nguoinkcu": "Huỳnh Văn Gương", "Churung": "Nguyễn Thị Ngân", "CMND": "091171007315/ Ngày cấp 05/02/2022/ CCS", "DienThoai": "NULL", "Dtich": 0.25, "DtichBS": 0.25, "NgayDoVe": "PyQt5.QtCore.QDate(2019, 12, 5)", "TranhChap": "Không", "KT": 0.0, "Lapdia": "1", "mdsd": "Phòng hộ môi sinh", "nqh": "0", "Anh": "https://cdn2.fptshop.com.vn/unsafe/1920x0/filters:format(webp):quality(75)/hinh_nen_meme_con_luoi_flash_zootopia_1_c520bf6214.jpg", "Anh2": "https://png.pngtree.com/thumb_back/fh260/background/20230830/pngtree-the-lotus-is-also-represented-image_13145607.jpg"}}, {"type": "Feature", "geometry": {"coordinates": [[[[104.65325397430792, 9.809321626237713], [104.6530847844959, 9.808949174527942], [104.65057643313968, 9.809631970395664], [104.65100774317004, 9.810259560832792], [104.65325397430792, 9.809321626237713]]]], "type": "MultiPolygon"}, "properties": {"fid": 391, "TT": 0.0, "id": 0.0, "Tinh": "Kiên Giang", "Huyen": "Kiên Hải", "Xa": "Lại Sơn", "Ddanh": "ấp bãi Bấc", "TK": "1", "Khoanh": "2", "Lo": "2", "ldlr": "Rừng trồng khác", "sldlr": "Mít, Chuối", "Ht2023": "NULL", "namtr": "NULL", "ChuQL": "Ban Quản lí rừng Kiên Giang", "Nguoinkcu": "Nguyễn Thị Hồng Thắm", "Churung": "Nguyễn Thị Hồng Thắm", "CMND": "091189010207/ Ngày cấp 19/10/2022/ CCS", "DienThoai": "0964063839", "Dtich": 1.74, "DtichBS": 0.81, "NgayDoVe": "PyQt5.QtCore.QDate(2019, 12, 5)", "TranhChap": "Không", "KT": 0.0, "Lapdia": "1", "mdsd": "Phòng hộ môi sinh", "nqh": "0", "Anh": "https://cdn2.fptshop.com.vn/unsafe/1920x0/filters:format(webp):quality(75)/hinh_nen_meme_con_luoi_flash_zootopia_1_c520bf6214.jpg", "Anh2": "https://png.pngtree.com/thumb_back/fh260/background/20230830/pngtree-the-lotus-is-also-represented-image_13145607.jpg"}}, {"type": "Feature", "geometry": {"coordinates": [[[[104.6530847844959, 9.808949174527942], [104.65325397430792, 9.809321626237713], [104.65464815516447, 9.808739505538592], [104.65463684326302, 9.808526663305972], [104.6530847844959, 9.808949174527942]]]], "type": "MultiPolygon"}, "properties": {"fid": 392, "TT": 0.0, "id": 0.0, "Tinh": "Kiên Giang", "Huyen": "Kiên Hải", "Xa": "Lại Sơn", "Ddanh": "ấp bãi Bấc", "TK": "1", "Khoanh": "2", "Lo": "2", "ldlr": "Rừng trồng khác", "sldlr": "Mít, Chuối", "Ht2023": "NULL", "namtr": "NULL", "ChuQL": "Ban Quản lí rừng Kiên Giang", "Nguoinkcu": "Huỳnh Văn Gương", "Churung": "Nguyễn Thị Ngân", "CMND": "091171007315/ Ngày cấp 05/02/2022/ CCS", "DienThoai": "NULL", "Dtich": 0.58, "DtichBS": 0.58, "NgayDoVe": "PyQt5.QtCore.QDate(2019, 12, 5)", "TranhChap": "Không", "KT": 0.0, "Lapdia": "1", "mdsd": "Phòng hộ môi sinh", "nqh": "0", "Anh": "https://cdn2.fptshop.com.vn/unsafe/1920x0/filters:format(webp):quality(75)/hinh_nen_meme_con_luoi_flash_zootopia_1_c520bf6214.jpg", "Anh2": "https://png.pngtree.com/thumb_back/fh260/background/20230830/pngtree-the-lotus-is-also-represented-image_13145607.jpg"}}, {"type": "Feature", "geometry": {"coordinates": [[[[104.35419083640636, 9.682432116565893], [104.35450407792607, 9.683426328561621], [104.35538204677597, 9.683379861843125], [104.35595827637496, 9.6833493612118], [104.3555655621614, 9.682789043388597], [104.3553818053663, 9.682453055169463], [104.35518005420101, 9.682215436392621], [104.35419083640636, 9.682432116565893]]]], "type": "MultiPolygon"}, "properties": {"fid": 393, "TT": 74.0, "id": 74.0, "Tinh": "Kiên Giang", "Huyen": "Kiên Hải", "Xa": "An Sơn", "Ddanh": "Hòn Lớn", "TK": "1", "Khoanh": "3", "Lo": "21", "ldlr": "RTK", "sldlr": "Xoài, Dừa", "Ht2023": "NULL", "namtr": "NULL", "ChuQL": "Ban Quản lí rừng Kiên Giang", "Nguoinkcu": "Trần Văn Ngàn", "Churung": "Trần Văn Ngàn", "CMND": "371407912/ Ngày cấp", "DienThoai": "0907357832", "Dtich": 1.69, "DtichBS": 2.45, "NgayDoVe": "PyQt5.QtCore.QDate(2019, 9, 22)", "TranhChap": "Không", "KT": 1.0, "Lapdia": "1", "mdsd": "Phòng hộ môi sinh", "nqh": "0", "Anh": "https://cdn2.fptshop.com.vn/unsafe/1920x0/filters:format(webp):quality(75)/hinh_nen_meme_con_luoi_flash_zootopia_1_c520bf6214.jpg", "Anh2": "https://png.pngtree.com/thumb_back/fh260/background/20230830/pngtree-the-lotus-is-also-represented-image_13145607.jpg"}}, {"type": "Feature", "geometry": {"coordinates": [[[[104.35419083640636, 9.682432116565893], [104.35518005420101, 9.682215436392621], [104.35489186486167, 9.681875787046545], [104.35483054061521, 9.681649258633925], [104.35497221730672, 9.681294600210226], [104.35533583128402, 9.681279382144501], [104.35600964211667, 9.681284276748254], [104.3560477842143, 9.681167108204825], [104.35584201996534, 9.680938078037157], [104.3552290002718, 9.680703993630159], [104.3537930340075, 9.681213987957573], [104.35419083640636, 9.682432116565893]]], [[[104.35600964211667, 9.681284276748254], [104.35605082314389, 9.681306808633027], [104.3560508231824, 9.681306718212877], [104.35600964211667, 9.681284276748254]]]], "type": "MultiPolygon"}, "properties": {"fid": 394, "TT": 122.0, "id": 122.0, "Tinh": "Kiên Giang", "Huyen": "Kiên Hải", "Xa": "An Sơn", "Ddanh": "Hòn Lớn", "TK": "1", "Khoanh": "3", "Lo": "24", "ldlr": "RTK", "sldlr": "Xoài, Dừa", "Ht2023": "NULL", "namtr": "NULL", "ChuQL": "Ban Quản lí rừng Kiên Giang", "Nguoinkcu": "Trần Văn Ngàn", "Churung": "Lê Văn Dũng", "CMND": "351178292/ Ngày cấp 17/07/2015/ CA An Giang", "DienThoai": "0901600401", "Dtich": 2.21, "DtichBS": 3.36, "NgayDoVe": "PyQt5.QtCore.QDate(2019, 9, 22)", "TranhChap": "Không", "KT": 1.0, "Lapdia": "1", "mdsd": "Phòng hộ môi sinh", "nqh": "0", "Anh": "https://cdn2.fptshop.com.vn/unsafe/1920x0/filters:format(webp):quality(75)/hinh_nen_meme_con_luoi_flash_zootopia_1_c520bf6214.jpg", "Anh2": "https://png.pngtree.com/thumb_back/fh260/background/20230830/pngtree-the-lotus-is-also-represented-image_13145607.jpg"}}, {"type": "Feature", "geometry": {"coordinates": [[[[104.35683816345029, 9.683076298653422], [104.35684099189338, 9.683068252438629], [104.35687429479133, 9.682972873054874], [104.3567350172834, 9.682615112822187], [104.35668732877585, 9.68246499545622], [104.35668481435677, 9.682377196430618], [104.35671667831011, 9.682236606376543], [104.35685039504398, 9.681737452420904], [104.35685030395247, 9.681737361962767], [104.35681522468523, 9.681723874733654], [104.35600964211667, 9.681284276748254], [104.35533583128402, 9.681279382144501], [104.35497221730672, 9.681294600210226], [104.35483054061521, 9.681649258633925], [104.35489186486167, 9.681875787046545], [104.3553818053663, 9.682453055169463], [104.3555655621614, 9.682789043388597], [104.35596756603347, 9.683362566451194], [104.356073923257, 9.683343261137349], [104.35650403157223, 9.68319090235659], [104.35683816345029, 9.683076298653422], [104.35683816345029, 9.683076298653422]]]], "type": "MultiPolygon"}, "properties": {"fid": 395, "TT": 0.0, "id": 0.0, "Tinh": "Kiên Giang", "Huyen": "Kiên Hải", "Xa": "An Sơn", "Ddanh": "Hòn Lớnư", "TK": "1", "Khoanh": "3", "Lo": "27", "ldlr": "RTK", "sldlr": "Tre, Mít, Xoài, Tràm, Bạch đàn", "Ht2023": "NULL", "namtr": "NULL", "ChuQL": "Ban Quản lí rừng Kiên Giang", "Nguoinkcu": "Hồ Văn Hoàng", "Churung": "Hồ Văn Hoàng", "CMND": "091055000156/Ngày cấp 29/03/2021 / CCS", "DienThoai": "NULL", "Dtich": 3.43, "DtichBS": 3.52, "NgayDoVe": "PyQt5.QtCore.QDate(2023, 3, 21)", "TranhChap": "Không", "KT": 1.0, "Lapdia": "1", "mdsd": "Phòng hộ môi sinh", "nqh": "0", "Anh": "https://cdn2.fptshop.com.vn/unsafe/1920x0/filters:format(webp):quality(75)/hinh_nen_meme_con_luoi_flash_zootopia_1_c520bf6214.jpg", "Anh2": "https://png.pngtree.com/thumb_back/fh260/background/20230830/pngtree-the-lotus-is-also-represented-image_13145607.jpg"}}, {"type": "Feature", "geometry": {"coordinates": [[[[104.356073923257, 9.683343261137349], [104.35607499094887, 9.683618048429969], [104.35655103395025, 9.683454677590507], [104.35652866476119, 9.68333956338658], [104.35650403157223, 9.68319090235659], [104.356073923257, 9.683343261137349]]]], "type": "MultiPolygon"}, "properties": {"fid": 396, "TT": 0.0, "id": 0.0, "Tinh": "NULL", "Huyen": "NULL", "Xa": "NULL", "Ddanh": "NULL", "TK": "NULL", "Khoanh": "NULL", "Lo": "NULL", "ldlr": "NULL", "sldlr": "NULL", "Ht2023": "NULL", "namtr": "NULL", "ChuQL": "NULL", "Nguoinkcu": "NULL", "Churung": "NULL", "CMND": "NULL", "DienThoai": "NULL", "Dtich": 0.0, "DtichBS": 0.0, "NgayDoVe": "NULL", "TranhChap": "NULL", "KT": 0.0, "Lapdia": "NULL", "mdsd": "NULL", "nqh": "NULL", "Anh": "https://cdn2.fptshop.com.vn/unsafe/1920x0/filters:format(webp):quality(75)/hinh_nen_meme_con_luoi_flash_zootopia_1_c520bf6214.jpg", "Anh2": "https://png.pngtree.com/thumb_back/fh260/background/20230830/pngtree-the-lotus-is-also-represented-image_13145607.jpg"}}, {"type": "Feature", "geometry": {"coordinates": [[[[104.35683816345029, 9.683076298653422], [104.3579023490943, 9.6829370415541], [104.35763821934079, 9.681720780928737], [104.35685030395247, 9.681737361962767], [104.35685039504398, 9.681737452420904], [104.35671667831011, 9.682236606376543], [104.35668481435677, 9.682377196430618], [104.35668732877585, 9.68246499545622], [104.3567350172834, 9.682615112822187], [104.35687429479133, 9.682972873054874], [104.35684099189338, 9.683068252438629], [104.35683816345029, 9.683076298653422], [104.35683816345029, 9.683076298653422], [104.35684099189338, 9.683068252438629], [104.35683816345029, 9.683076298653422]]]], "type": "MultiPolygon"}, "properties": {"fid": 397, "TT": 0.0, "id": 0.0, "Tinh": "NULL", "Huyen": "NULL", "Xa": "NULL", "Ddanh": "NULL", "TK": "NULL", "Khoanh": "NULL", "Lo": "NULL", "ldlr": "NULL", "sldlr": "NULL", "Ht2023": "NULL", "namtr": "NULL", "ChuQL": "NULL", "Nguoinkcu": "NULL", "Churung": "NULL", "CMND": "NULL", "DienThoai": "NULL", "Dtich": 0.0, "DtichBS": 0.0, "NgayDoVe": "NULL", "TranhChap": "NULL", "KT": 0.0, "Lapdia": "NULL", "mdsd": "NULL", "nqh": "NULL", "Anh": "https://cdn2.fptshop.com.vn/unsafe/1920x0/filters:format(webp):quality(75)/hinh_nen_meme_con_luoi_flash_zootopia_1_c520bf6214.jpg", "Anh2": "https://png.pngtree.com/thumb_back/fh260/background/20230830/pngtree-the-lotus-is-also-represented-image_13145607.jpg"}}]}