{"type": "FeatureCollection", "name": "MauKhoaAnh", "features": [{"type": "Feature", "geometry": {"coordinates": [103.97612296756472, 10.312192991411697, 0.0], "type": "Point"}, "properties": {"ID": 1, "TT": 1, "MaMKA": 1, "Vitri": "Chân núi", "HuongPhoi": "Tây", "Tinh": "An Giang", "Xa": "Đặc Khu Phú Quốc", "TK": "66A", "NgayDT": "23/03/2026", "NguoiDT": "Hà Văn Long", "X_NB": 442427.34, "Y_NB": 1140430.35, "Docao": 43.49, "G1": 6.0, "G2": 5.5, "G3": 7.0, "G4": 5.0, "G5": 6.0, "G": 5.9, "H1": 7.5, "H2": 6.0, "H3": 7.6, "H4": 6.5, "H5": 8.0, "H": 7.1, "M": 18.9, "Dotanche": 0.7, "LoaiUT": "Giền, Bứa", "HuongChup": "Tây", "KCChup": 2.0, "ten_hinh": 1, "TrangThai": "TXK", "TTThucDia": "TXK", "Note": "NULL", "MaVQG": 60, "KH": "MKA", "Check": "NULL", "TenldlrTT1": "Rừng lá rộng thường xanh và nửa rụng lá nghèo kiệt", "Hinh1": "https://five.epicollect.net/api/media/vqgpq2025?type=photo&format=entry_original&name=7159e7db-dcea-4aee-b14a-1ed8eb995204_1774238158.jpg", "Hinh2": "https://five.epicollect.net/api/media/vqgpq2025?type=photo&format=entry_original&name=7159e7db-dcea-4aee-b14a-1ed8eb995204_1774238173.jpg", "Tenhinh": "1"}}, {"type": "Feature", "geometry": {"coordinates": [103.9828061224793, 10.283447994274248, 0.0], "type": "Point"}, "properties": {"ID": 2, "TT": 2, "MaMKA": 2, "Vitri": "Sườn núi", "HuongPhoi": "Tây", "Tinh": "An Giang", "Xa": "Đặc Khu Phú Quốc", "TK": "69", "NgayDT": "23/03/2026", "NguoiDT": "Hà Văn Long", "X_NB": 443154.19, "Y_NB": 1137249.88, "Docao": 64.33, "G1": 22.0, "G2": 23.5, "G3": 23.5, "G4": 24.0, "G5": 23.5, "G": 23.3, "H1": 7.5, "H2": 8.0, "H3": 7.0, "H4": 7.0, "H5": 6.9, "H": 7.3, "M": 76.33, "Dotanche": 0.6, "LoaiUT": "Tràm nước", "HuongChup": "Đông", "KCChup": 2.0, "ten_hinh": 2, "TrangThai": "RNP", "TTThucDia": "RNP", "Note": "Rừng Tràm nước", "MaVQG": 18, "KH": "MKA", "Check": "NULL", "TenldlrTT1": "Rừng ngập phèn", "Hinh1": "https://five.epicollect.net/api/media/vqgpq2025?type=photo&format=entry_original&name=4d6a3b25-38b1-4b30-b6c6-29e8810ab9a9_1774235495.jpg", "Hinh2": "https://five.epicollect.net/api/media/vqgpq2025?type=photo&format=entry_original&name=4d6a3b25-38b1-4b30-b6c6-29e8810ab9a9_1774235511.jpg", "Tenhinh": "2"}}, {"type": "Feature", "geometry": {"coordinates": [104.03681501982942, 10.017543012801964, 0.0], "type": "Point"}, "properties": {"ID": 3, "TT": 3, "MaMKA": 3, "Vitri": "Chân núi", "HuongPhoi": "Tây", "Tinh": "An Giang", "Xa": "Đặc Khu Phú Quốc", "TK": "81", "NgayDT": "23/03/2026", "NguoiDT": "Hà Văn Long", "X_NB": 449028.19, "Y_NB": 1107831.5, "Docao": 8.74, "G1": 0.0, "G2": 0.0, "G3": 0.0, "G4": 0.0, "G5": 0.0, "G": 0.0, "H1": 0.0, "H2": 0.0, "H3": 0.0, "H4": 0.0, "H5": 0.0, "H": 0.0, "M": 0.0, "Dotanche": 0.0, "LoaiUT": "NULL", "HuongChup": "Bắc", "KCChup": 2.0, "ten_hinh": 3, "TrangThai": "DTK", "TTThucDia": "DTK", "Note": "Đất trống khu vực quân sự", "MaVQG": 9, "KH": "MKA", "Check": "NULL", "TenldlrTT1": "Diện tích khác", "Hinh1": "NULL", "Hinh2": "NULL", "Tenhinh": "3"}}, {"type": "Feature", "geometry": {"coordinates": [104.04798101956375, 10.010499020903938, 0.0], "type": "Point"}, "properties": {"ID": 4, "TT": 4, "MaMKA": 4, "Vitri": "Tâm OTC", "HuongPhoi": "Đông", "Tinh": "An Giang", "Xa": "Đặc Khu Phú Quốc", "TK": "81", "NgayDT": "17/03/2026", "NguoiDT": "Hà Văn Long", "X_NB": 450251.2, "Y_NB": 1107050.74, "Docao": 98.37, "G1": 14.0, "G2": 15.0, "G3": 15.0, "G4": 13.0, "G5": 13.5, "G": 14.1, "H1": 7.3, "H2": 7.0, "H3": 7.2, "H4": 7.1, "H5": 6.5, "H": 7.0, "M": 44.54, "Dotanche": 0.75, "LoaiUT": "Chân danh, Thị", "HuongChup": "Đông Bắc", "KCChup": 2.0, "ten_hinh": 4, "TrangThai": "TXN", "TTThucDia": "TXN", "Note": "NULL", "MaVQG": 500, "KH": "OTC", "Check": "OK", "TenldlrTT1": "Rừng lá rộng thường xanh và nửa rụng lá nghèo", "Hinh1": "https://five.epicollect.net/api/media/vqgpq2025?type=photo&format=entry_original&name=428904c3-1874-439e-9979-b7c8c920403d_1773728009.jpg", "Hinh2": "https://five.epicollect.net/api/media/vqgpq2025?type=photo&format=entry_original&name=428904c3-1874-439e-9979-b7c8c920403d_1773728025.jpg", "Tenhinh": "4"}}, {"type": "Feature", "geometry": {"coordinates": [104.03909186950231, 10.068794972436276, 0.0], "type": "Point"}, "properties": {"ID": 5, "TT": 5, "MaMKA": 5, "Vitri": "Chân núi", "HuongPhoi": "Đông Bắc", "Tinh": "An Giang", "Xa": "Đặc Khu Phú Quốc", "TK": "81", "NgayDT": "16/03/2026", "NguoiDT": "Hà Văn Long", "X_NB": 449285.75, "Y_NB": 1113499.63, "Docao": 117.98, "G1": 20.0, "G2": 23.8, "G3": 21.6, "G4": 23.7, "G5": 30.1, "G": 23.84, "H1": 6.5, "H2": 11.8, "H3": 7.9, "H4": 10.7, "H5": 10.2, "H": 9.4, "M": 101.06, "Dotanche": 0.76, "LoaiUT": "Xăng máu, Thị", "HuongChup": "Đông", "KCChup": 1.0, "ten_hinh": 5, "TrangThai": "TXB", "TTThucDia": "TXB", "Note": "NULL", "MaVQG": 1000, "KH": "OTC", "Check": "OK", "TenldlrTT1": "Rừng lá rộng thường xanh và nửa rụng lá trung bình", "Hinh1": "https://five.epicollect.net/api/media/vqgpq2025?type=photo&format=entry_original&name=cc078e45-44b8-45c7-8be0-8e10abd28ff9_1773632987.jpg", "Hinh2": "https://five.epicollect.net/api/media/vqgpq2025?type=photo&format=entry_original&name=cc078e45-44b8-45c7-8be0-8e10abd28ff9_1773633002.jpg", "Tenhinh": "5"}}, {"type": "Feature", "geometry": {"coordinates": [103.99615596445122, 10.067188984791981, 0.0], "type": "Point"}, "properties": {"ID": 6, "TT": 6, "MaMKA": 6, "Vitri": "Chân núi", "HuongPhoi": "Đông", "Tinh": "An Giang", "Xa": "Đặc Khu Phú Quốc", "TK": "81", "NgayDT": "16/03/2026", "NguoiDT": "Hà Văn Long", "X_NB": 444579.32, "Y_NB": 1113328.94, "Docao": 35.2, "G1": 19.0, "G2": 18.0, "G3": 18.5, "G4": 19.0, "G5": 20.0, "G": 18.9, "H1": 6.3, "H2": 6.5, "H3": 6.5, "H4": 9.2, "H5": 11.5, "H": 8.0, "M": 68.04, "Dotanche": 0.7, "LoaiUT": "Sung, Tràm bông vàng", "HuongChup": "Bắc", "KCChup": 2.0, "ten_hinh": 6, "TrangThai": "TXN", "TTThucDia": "TXN", "Note": "NULL", "MaVQG": 400, "KH": "OTC", "Check": "OK", "TenldlrTT1": "Rừng lá rộng thường xanh và nửa rụng lá nghèo", "Hinh1": "https://five.epicollect.net/api/media/vqgpq2025?type=photo&format=entry_original&name=27babd3a-d2ec-4f18-9ab9-a16de5f77b02_1773639511.jpg", "Hinh2": "https://five.epicollect.net/api/media/vqgpq2025?type=photo&format=entry_original&name=27babd3a-d2ec-4f18-9ab9-a16de5f77b02_1773639525.jpg", "Tenhinh": "6"}}, {"type": "Feature", "geometry": {"coordinates": [104.01727600951955, 10.283729040445985, 0.0], "type": "Point"}, "properties": {"ID": 7, "TT": 7, "MaMKA": 7, "Vitri": "Sườn núi", "HuongPhoi": "Tây Nam", "Tinh": "An Giang", "Xa": "Đặc Khu Phú Quốc", "TK": "69", "NgayDT": "19/03/2026", "NguoiDT": "Hà Văn Long", "X_NB": 446929.93, "Y_NB": 1137275.09, "Docao": 183.33, "G1": 3.5, "G2": 3.0, "G3": 3.0, "G4": 3.5, "G5": 3.0, "G": 3.2, "H1": 7.5, "H2": 7.5, "H3": 6.5, "H4": 6.5, "H5": 6.0, "H": 6.8, "M": 9.79, "Dotanche": 0.7, "LoaiUT": "Sổ", "HuongChup": "Nam", "KCChup": 2.0, "ten_hinh": 7, "TrangThai": "TXK", "TTThucDia": "TXK", "Note": "NULL", "MaVQG": 34, "KH": "MKA", "Check": "NULL", "TenldlrTT1": "Rừng lá rộng thường xanh và nửa rụng lá nghèo kiệt", "Hinh1": "https://five.epicollect.net/api/media/vqgpq2025?type=photo&format=entry_original&name=61300a50-f45c-4adc-a17e-df6706bd9e65_1773905667.jpg", "Hinh2": "https://five.epicollect.net/api/media/vqgpq2025?type=photo&format=entry_original&name=61300a50-f45c-4adc-a17e-df6706bd9e65_1773905678.jpg", "Tenhinh": "7"}}, {"type": "Feature", "geometry": {"coordinates": [104.01858395541788, 10.291224964270283, 0.0], "type": "Point"}, "properties": {"ID": 8, "TT": 8, "MaMKA": 8, "Vitri": "Đỉnh núi", "HuongPhoi": "Nam", "Tinh": "An Giang", "Xa": "Đặc Khu Phú Quốc", "TK": "66", "NgayDT": "19/03/2026", "NguoiDT": "Hà Văn Long", "X_NB": 447074.44, "Y_NB": 1138103.94, "Docao": 207.85, "G1": 3.5, "G2": 4.5, "G3": 4.0, "G4": 2.5, "G5": 3.5, "G": 3.6, "H1": 4.2, "H2": 4.5, "H3": 4.0, "H4": 3.5, "H5": 2.9, "H": 3.8, "M": 6.19, "Dotanche": 0.55, "LoaiUT": "Chiêu liêu xanh", "HuongChup": "Tây", "KCChup": 2.0, "ten_hinh": 8, "TrangThai": "TXK", "TTThucDia": "TXK", "Note": "NULL", "MaVQG": 47, "KH": "MKA", "Check": "NULL", "TenldlrTT1": "Rừng lá rộng thường xanh và nửa rụng lá nghèo kiệt", "Hinh1": "https://five.epicollect.net/api/media/vqgpq2025?type=photo&format=entry_original&name=3875fe15-dbb7-44df-bba5-2ef98f18caf3_1773902075.jpg", "Hinh2": "https://five.epicollect.net/api/media/vqgpq2025?type=photo&format=entry_original&name=3875fe15-dbb7-44df-bba5-2ef98f18caf3_1773902090.jpg", "Tenhinh": "8"}}, {"type": "Feature", "geometry": {"coordinates": [104.01841097182331, 10.292968964125372, 0.0], "type": "Point"}, "properties": {"ID": 9, "TT": 9, "MaMKA": 9, "Vitri": "Sườn núi", "HuongPhoi": "Nam", "Tinh": "An Giang", "Xa": "Đặc Khu Phú Quốc", "TK": "66", "NgayDT": "19/03/2026", "NguoiDT": "Hà Văn Long", "X_NB": 447055.78, "Y_NB": 1138296.86, "Docao": 238.48, "G1": 23.0, "G2": 23.5, "G3": 21.0, "G4": 22.0, "G5": 25.5, "G": 23.0, "H1": 12.5, "H2": 10.6, "H3": 11.0, "H4": 10.6, "H5": 5.2, "H": 10.0, "M": 103.29, "Dotanche": 0.8, "LoaiUT": "Còng, Thị, Kiền kiền", "HuongChup": "Bắc", "KCChup": 2.0, "ten_hinh": 9, "TrangThai": "TXB", "TTThucDia": "TXB", "Note": "NULL", "MaVQG": 38, "KH": "MKA", "Check": "NULL", "TenldlrTT1": "Rừng lá rộng thường xanh và nửa rụng lá trung bình", "Hinh1": "https://five.epicollect.net/api/media/vqgpq2025?type=photo&format=entry_original&name=6b1a5c59-aa3c-44d9-b669-b3eb6262fb09_1773901079.jpg", "Hinh2": "https://five.epicollect.net/api/media/vqgpq2025?type=photo&format=entry_original&name=6b1a5c59-aa3c-44d9-b669-b3eb6262fb09_1773901090.jpg", "Tenhinh": "9"}}, {"type": "Feature", "geometry": {"coordinates": [104.01409600271018, 10.285385988491331, 0.0], "type": "Point"}, "properties": {"ID": 10, "TT": 10, "MaMKA": 10, "Vitri": "Đỉnh núi", "HuongPhoi": "Tây Nam", "Tinh": "An Giang", "Xa": "Đặc Khu Phú Quốc", "TK": "69", "NgayDT": "19/03/2026", "NguoiDT": "Hà Văn Long", "X_NB": 446581.88, "Y_NB": 1137458.87, "Docao": 178.44, "G1": 17.0, "G2": 17.5, "G3": 16.5, "G4": 17.0, "G5": 18.0, "G": 17.2, "H1": 8.0, "H2": 8.0, "H3": 8.3, "H4": 7.0, "H5": 7.5, "H": 7.8, "M": 60.06, "Dotanche": 0.6, "LoaiUT": "Tràm nước", "HuongChup": "Bắc", "KCChup": 2.0, "ten_hinh": 10, "TrangThai": "RNP", "TTThucDia": "RNP", "Note": "NULL", "MaVQG": 15, "KH": "MKA", "Check": "NULL", "TenldlrTT1": "Rừng ngập phèn", "Hinh1": "https://five.epicollect.net/api/media/vqgpq2025?type=photo&format=entry_original&name=09b16849-1789-44f1-a28d-af3bf57ddd89_1773893992.jpg", "Hinh2": "https://five.epicollect.net/api/media/vqgpq2025?type=photo&format=entry_original&name=09b16849-1789-44f1-a28d-af3bf57ddd89_1773894008.jpg", "Tenhinh": "10"}}, {"type": "Feature", "geometry": {"coordinates": [104.01877902087244, 10.274494934181142, 0.0], "type": "Point"}, "properties": {"ID": 11, "TT": 11, "MaMKA": 11, "Vitri": "Sườn núi", "HuongPhoi": "Tây Nam", "Tinh": "An Giang", "Xa": "Đặc Khu Phú Quốc", "TK": "69", "NgayDT": "19/03/2026", "NguoiDT": "Hà Văn Long", "X_NB": 447093.03, "Y_NB": 1136253.53, "Docao": 110.52, "G1": 5.0, "G2": 4.5, "G3": 4.0, "G4": 6.0, "G5": 4.5, "G": 4.8, "H1": 7.5, "H2": 5.5, "H3": 6.5, "H4": 6.0, "H5": 5.0, "H": 6.1, "M": 13.18, "Dotanche": 0.7, "LoaiUT": "Thị, Sầm,ổi rừng", "HuongChup": "Bắc", "KCChup": 2.0, "ten_hinh": 11, "TrangThai": "TXK", "TTThucDia": "TXK", "Note": "NULL", "MaVQG": 35, "KH": "MKA", "Check": "NULL", "TenldlrTT1": "Rừng lá rộng thường xanh và nửa rụng lá nghèo kiệt", "Hinh1": "https://five.epicollect.net/api/media/vqgpq2025?type=photo&format=entry_original&name=11367132-de98-4d53-8ef9-30b6cd778399_1773891675.jpg", "Hinh2": "https://five.epicollect.net/api/media/vqgpq2025?type=photo&format=entry_original&name=11367132-de98-4d53-8ef9-30b6cd778399_1773891691.jpg", "Tenhinh": "11"}}, {"type": "Feature", "geometry": {"coordinates": [104.03326000145366, 10.245153957600701, 0.0], "type": "Point"}, "properties": {"ID": 12, "TT": 12, "MaMKA": 12, "Vitri": "Sườn núi", "HuongPhoi": "Tây Nam", "Tinh": "An Giang", "Xa": "Đặc Khu Phú Quốc", "TK": "71", "NgayDT": "19/03/2026", "NguoiDT": "Hà Văn Long", "X_NB": 448674.55, "Y_NB": 1133006.02, "Docao": 65.89, "G1": 6.0, "G2": 7.0, "G3": 6.0, "G4": 5.5, "G5": 5.0, "G": 5.9, "H1": 8.8, "H2": 8.0, "H3": 7.8, "H4": 6.0, "H5": 4.2, "H": 7.0, "M": 18.48, "Dotanche": 0.75, "LoaiUT": "NULL", "HuongChup": "Bắc", "KCChup": 2.0, "ten_hinh": 12, "TrangThai": "TXK", "TTThucDia": "TXK", "Note": "NULL", "MaVQG": 33, "KH": "MKA", "Check": "NULL", "TenldlrTT1": "Rừng lá rộng thường xanh và nửa rụng lá nghèo kiệt", "Hinh1": "https://five.epicollect.net/api/media/vqgpq2025?type=photo&format=entry_original&name=c7735606-60c8-4c44-9b99-ee6256cfa497_1773888049.jpg", "Hinh2": "https://five.epicollect.net/api/media/vqgpq2025?type=photo&format=entry_original&name=c7735606-60c8-4c44-9b99-ee6256cfa497_1773888067.jpg", "Tenhinh": "12"}}, {"type": "Feature", "geometry": {"coordinates": [104.03115600935226, 10.242734007201868, 0.0], "type": "Point"}, "properties": {"ID": 13, "TT": 13, "MaMKA": 13, "Vitri": "Sườn núi", "HuongPhoi": "Tây Nam", "Tinh": "An Giang", "Xa": "Đặc Khu Phú Quốc", "TK": "73", "NgayDT": "19/03/2026", "NguoiDT": "Hà Văn Long", "X_NB": 448443.67, "Y_NB": 1132738.71, "Docao": 68.62, "G1": 7.0, "G2": 6.5, "G3": 8.0, "G4": 6.0, "G5": 6.5, "G": 6.8, "H1": 8.5, "H2": 5.2, "H3": 6.5, "H4": 6.2, "H5": 4.8, "H": 6.2, "M": 19.09, "Dotanche": 0.65, "LoaiUT": "Thị, Bứa", "HuongChup": "Đông Bắc", "KCChup": 2.0, "ten_hinh": 13, "TrangThai": "TXK", "TTThucDia": "TXK", "Note": "NULL", "MaVQG": 20, "KH": "MKA", "Check": "NULL", "TenldlrTT1": "Rừng lá rộng thường xanh và nửa rụng lá nghèo kiệt", "Hinh1": "https://five.epicollect.net/api/media/vqgpq2025?type=photo&format=entry_original&name=64301378-7e62-4b16-8bf6-3674267f60b0_1773886496.jpg", "Hinh2": "https://five.epicollect.net/api/media/vqgpq2025?type=photo&format=entry_original&name=64301378-7e62-4b16-8bf6-3674267f60b0_1773886512.jpg", "Tenhinh": "13"}}, {"type": "Feature", "geometry": {"coordinates": [104.07596604406405, 10.261081993332702, 0.0], "type": "Point"}, "properties": {"ID": 14, "TT": 14, "MaMKA": 14, "Vitri": "Sườn núi", "HuongPhoi": "Đông", "Tinh": "An Giang", "Xa": "Đặc Khu Phú Quốc", "TK": "72", "NgayDT": "18/03/2026", "NguoiDT": "Hà Văn Long", "X_NB": 453355.24, "Y_NB": 1134761.21, "Docao": 29.12, "G1": 21.0, "G2": 22.0, "G3": 23.0, "G4": 22.0, "G5": 19.5, "G": 21.5, "H1": 12.0, "H2": 10.6, "H3": 9.0, "H4": 7.0, "H5": 4.5, "H": 8.6, "M": 83.4, "Dotanche": 0.75, "LoaiUT": "Dẻ, Thị", "HuongChup": "Nam", "KCChup": 2.0, "ten_hinh": 14, "TrangThai": "TXN", "TTThucDia": "TXN", "Note": "NULL", "MaVQG": 16, "KH": "MKA", "Check": "NULL", "TenldlrTT1": "Rừng lá rộng thường xanh và nửa rụng lá nghèo", "Hinh1": "https://five.epicollect.net/api/media/vqgpq2025?type=photo&format=entry_original&name=9081d01d-057f-4213-a4ac-3cc8cbc6eb2c_1773812601.jpg", "Hinh2": "https://five.epicollect.net/api/media/vqgpq2025?type=photo&format=entry_original&name=9081d01d-057f-4213-a4ac-3cc8cbc6eb2c_1773812618.jpg", "Tenhinh": "14"}}, {"type": "Feature", "geometry": {"coordinates": [104.04140598776007, 10.2182820135403, 0.0], "type": "Point"}, "properties": {"ID": 15, "TT": 15, "MaMKA": 15, "Vitri": "Sườn núi", "HuongPhoi": "Tây Nam", "Tinh": "An Giang", "Xa": "Đặc Khu Phú Quốc", "TK": "72", "NgayDT": "18/03/2026", "NguoiDT": "Hà Văn Long", "X_NB": 449562.7, "Y_NB": 1130032.67, "Docao": 38.79, "G1": 13.0, "G2": 12.0, "G3": 14.0, "G4": 13.5, "G5": 13.0, "G": 13.1, "H1": 7.5, "H2": 7.0, "H3": 8.5, "H4": 6.5, "H5": 3.5, "H": 6.6, "M": 38.91, "Dotanche": 0.73, "LoaiUT": "Trâm, Thị", "HuongChup": "Đông", "KCChup": 2.0, "ten_hinh": 15, "TrangThai": "TXK", "TTThucDia": "TXK", "Note": "NULL", "MaVQG": 68, "KH": "MKA", "Check": "NULL", "TenldlrTT1": "Rừng lá rộng thường xanh và nửa rụng lá nghèo kiệt", "Hinh1": "https://five.epicollect.net/api/media/vqgpq2025?type=photo&format=entry_original&name=d8b5bf7f-2767-4582-b9ce-dcdb942e9424_1773808460.jpg", "Hinh2": "https://five.epicollect.net/api/media/vqgpq2025?type=photo&format=entry_original&name=d8b5bf7f-2767-4582-b9ce-dcdb942e9424_1773808482.jpg", "Tenhinh": "15"}}, {"type": "Feature", "geometry": {"coordinates": [104.03895495796557, 10.217634017915307, 0.0], "type": "Point"}, "properties": {"ID": 16, "TT": 16, "MaMKA": 16, "Vitri": "Sườn núi", "HuongPhoi": "Đông Nam", "Tinh": "An Giang", "Xa": "Đặc Khu Phú Quốc", "TK": "72", "NgayDT": "18/03/2026", "NguoiDT": "Hà Văn Long", "X_NB": 449294.07, "Y_NB": 1129961.38, "Docao": 77.94, "G1": 23.0, "G2": 22.5, "G3": 22.5, "G4": 23.0, "G5": 22.0, "G": 22.6, "H1": 16.0, "H2": 13.5, "H3": 9.5, "H4": 8.1, "H5": 7.2, "H": 10.9, "M": 110.45, "Dotanche": 0.83, "LoaiUT": "Bô bô, Thị", "HuongChup": "Đông Nam", "KCChup": 1.0, "ten_hinh": 16, "TrangThai": "TXB", "TTThucDia": "TXB", "Note": "NULL", "MaVQG": 6600, "KH": "OTC", "Check": "OK", "TenldlrTT1": "Rừng lá rộng thường xanh và nửa rụng lá trung bình", "Hinh1": "https://five.epicollect.net/api/media/vqgpq2025?type=photo&format=entry_original&name=9350416b-ba6f-4747-9b53-506cdeb76506_1773806741.jpg", "Hinh2": "https://five.epicollect.net/api/media/vqgpq2025?type=photo&format=entry_original&name=9350416b-ba6f-4747-9b53-506cdeb76506_1773806755.jpg", "Tenhinh": "16"}}, {"type": "Feature", "geometry": {"coordinates": [104.01071993974568, 10.026770028921325, 0.0], "type": "Point"}, "properties": {"ID": 17, "TT": 17, "MaMKA": 17, "Vitri": "Tâm OTC", "HuongPhoi": "Đông", "Tinh": "An Giang", "Xa": "Đặc Khu Phú Quốc", "TK": "81", "NgayDT": "17/03/2026", "NguoiDT": "Hà Văn Long", "X_NB": 446169.01, "Y_NB": 1108856.15, "Docao": 88.81, "G1": 9.5, "G2": 10.0, "G3": 11.0, "G4": 12.0, "G5": 10.0, "G": 10.5, "H1": 13.0, "H2": 12.5, "H3": 11.0, "H4": 7.5, "H5": 9.0, "H": 10.6, "M": 55.65, "Dotanche": 0.75, "LoaiUT": "Tràm bông vàng", "HuongChup": "Bắc", "KCChup": 2.0, "ten_hinh": 17, "TrangThai": "TG", "TTThucDia": "TG", "Note": "Rừng trồng cây Tràm bông vàng", "MaVQG": 600, "KH": "OTC", "Check": "OK", "TenldlrTT1": "Rừng gỗ trồng núi đất", "Hinh1": "https://five.epicollect.net/api/media/vqgpq2025?type=photo&format=entry_original&name=02086b2a-a863-4236-b3f5-be05ef7dc0e8_1773733460.jpg", "Hinh2": "https://five.epicollect.net/api/media/vqgpq2025?type=photo&format=entry_original&name=02086b2a-a863-4236-b3f5-be05ef7dc0e8_1773733471.jpg", "Tenhinh": "17"}}, {"type": "Feature", "geometry": {"coordinates": [104.00995712978579, 10.024116038440912, 0.0], "type": "Point"}, "properties": {"ID": 18, "TT": 18, "MaMKA": 18, "Vitri": "Tâm OTC", "HuongPhoi": "Nam", "Tinh": "An Giang", "Xa": "Đặc Khu Phú Quốc", "TK": "81", "NgayDT": "17/03/2026", "NguoiDT": "Hà Văn Long", "X_NB": 446084.95, "Y_NB": 1108562.75, "Docao": 36.24, "G1": 17.0, "G2": 16.5, "G3": 16.0, "G4": 17.0, "G5": 16.0, "G": 16.5, "H1": 12.2, "H2": 11.5, "H3": 12.0, "H4": 9.2, "H5": 4.0, "H": 9.8, "M": 80.69, "Dotanche": 0.7, "LoaiUT": "Tràm bông vàng", "HuongChup": "Nam", "KCChup": 2.0, "ten_hinh": 18, "TrangThai": "TG", "TTThucDia": "TG", "Note": "Rừng trồng Tràm bông vàng", "MaVQG": 1700, "KH": "OTC", "Check": "OK", "TenldlrTT1": "Rừng gỗ trồng núi đất", "Hinh1": "https://five.epicollect.net/api/media/vqgpq2025?type=photo&format=entry_original&name=d8f8d5f9-a2f3-4ded-bff3-5df6791fd03f_1773730722.jpg", "Hinh2": "https://five.epicollect.net/api/media/vqgpq2025?type=photo&format=entry_original&name=d8f8d5f9-a2f3-4ded-bff3-5df6791fd03f_1773730735.jpg", "Tenhinh": "18"}}, {"type": "Feature", "geometry": {"coordinates": [104.01222195202145, 10.012155969876947, 0.0], "type": "Point"}, "properties": {"ID": 19, "TT": 19, "MaMKA": 19, "Vitri": "Đỉnh núi", "HuongPhoi": "Đông Nam", "Tinh": "An Giang", "Xa": "Đặc Khu Phú Quốc", "TK": "81", "NgayDT": "17/03/2026", "NguoiDT": "Hà Văn Long", "X_NB": 446331.27, "Y_NB": 1107239.59, "Docao": 54.27, "G1": 0.0, "G2": 0.0, "G3": 0.0, "G4": 0.0, "G5": 0.0, "G": 0.0, "H1": 0.0, "H2": 0.0, "H3": 0.0, "H4": 0.0, "H5": 0.0, "H": 0.0, "M": 0.0, "Dotanche": 0.0, "LoaiUT": "NULL", "HuongChup": "Tây Bắc", "KCChup": 2.0, "ten_hinh": 19, "TrangThai": "DTK", "TTThucDia": "DTK", "Note": "Trạm Hải đăng An Thới", "MaVQG": 10, "KH": "MKA", "Check": "NULL", "TenldlrTT1": "Diện tích khác", "Hinh1": "https://five.epicollect.net/api/media/vqgpq2025?type=photo&format=entry_original&name=f9995af4-6e33-48b7-beb4-de8b376d58ea_1773727568.jpg", "Hinh2": "https://five.epicollect.net/api/media/vqgpq2025?type=photo&format=entry_original&name=f9995af4-6e33-48b7-beb4-de8b376d58ea_1773727636.jpg", "Tenhinh": "19"}}, {"type": "Feature", "geometry": {"coordinates": [104.02092801916146, 10.036865056765452, 0.0], "type": "Point"}, "properties": {"ID": 20, "TT": 20, "MaMKA": 20, "Vitri": "Tâm OTC", "HuongPhoi": "Tây", "Tinh": "An Giang", "Xa": "Đặc Khu Phú Quốc", "TK": "81", "NgayDT": "17/03/2026", "NguoiDT": "Hà Văn Long", "X_NB": 447289.68, "Y_NB": 1109971.02, "Docao": 20.17, "G1": 0.0, "G2": 0.0, "G3": 0.0, "G4": 0.0, "G5": 0.0, "G": 0.0, "H1": 0.0, "H2": 0.0, "H3": 0.0, "H4": 0.0, "H5": 0.0, "H": 0.0, "M": 0.0, "Dotanche": 0.0, "LoaiUT": "NULL", "HuongChup": "Đông", "KCChup": 2.0, "ten_hinh": 20, "TrangThai": "DTK", "TTThucDia": "DTK", "Note": "Đất trống", "MaVQG": 1800, "KH": "OTC", "Check": "OK", "TenldlrTT1": "Diện tích khác", "Hinh1": "https://five.epicollect.net/api/media/vqgpq2025?type=photo&format=entry_original&name=234d4a64-3878-45fe-99d4-f158b4bc2e52_1773724093.jpg", "Hinh2": "https://five.epicollect.net/api/media/vqgpq2025?type=photo&format=entry_original&name=234d4a64-3878-45fe-99d4-f158b4bc2e52_1773724104.jpg", "Tenhinh": "20"}}, {"type": "Feature", "geometry": {"coordinates": [104.02594392391869, 10.03034995433892, 0.0], "type": "Point"}, "properties": {"ID": 21, "TT": 21, "MaMKA": 21, "Vitri": "Tâm OTC", "HuongPhoi": "Đông", "Tinh": "An Giang", "Xa": "Đặc Khu Phú Quốc", "TK": "81", "NgayDT": "17/03/2026", "NguoiDT": "Hà Văn Long", "X_NB": 447838.48, "Y_NB": 1109249.65, "Docao": 32.07, "G1": 4.5, "G2": 6.1, "G3": 4.5, "G4": 4.6, "G5": 4.0, "G": 4.74, "H1": 10.8, "H2": 10.0, "H3": 8.6, "H4": 5.5, "H5": 6.3, "H": 8.2, "M": 17.58, "Dotanche": 0.34, "LoaiUT": "Xà cừ, Tràm bông vàng", "HuongChup": "Bắc", "KCChup": 2.0, "ten_hinh": 21, "TrangThai": "TXK", "TTThucDia": "TXK", "Note": "Đất trồng Xà cừ, Tràm bông vàng của người dân", "MaVQG": 1500, "KH": "OTC", "Check": "OK", "TenldlrTT1": "Rừng lá rộng thường xanh và nửa rụng lá nghèo kiệt", "Hinh1": "https://five.epicollect.net/api/media/vqgpq2025?type=photo&format=entry_original&name=0caa0756-570d-4c2f-944a-1ea94a74fa2c_1773722784.jpg", "Hinh2": "https://five.epicollect.net/api/media/vqgpq2025?type=photo&format=entry_original&name=0caa0756-570d-4c2f-944a-1ea94a74fa2c_1773722799.jpg", "Tenhinh": "21"}}, {"type": "Feature", "geometry": {"coordinates": [104.02807802305999, 10.025485991707498, 0.0], "type": "Point"}, "properties": {"ID": 22, "TT": 22, "MaMKA": 22, "Vitri": "Chân núi", "HuongPhoi": "Đông", "Tinh": "An Giang", "Xa": "Đặc Khu Phú Quốc", "TK": "81", "NgayDT": "17/03/2026", "NguoiDT": "Hà Văn Long", "X_NB": 448071.65, "Y_NB": 1108711.36, "Docao": 36.15, "G1": 0.0, "G2": 0.0, "G3": 0.0, "G4": 0.0, "G5": 0.0, "G": 0.0, "H1": 0.0, "H2": 0.0, "H3": 0.0, "H4": 0.0, "H5": 0.0, "H": 0.0, "M": 0.0, "Dotanche": 0.0, "LoaiUT": "Tràm bông vàng, Đào", "HuongChup": "Đông Nam", "KCChup": 2.0, "ten_hinh": 22, "TrangThai": "DTK", "TTThucDia": "DTK", "Note": "NULL", "MaVQG": 7, "KH": "MKA", "Check": "NULL", "TenldlrTT1": "Diện tích khác", "Hinh1": "https://five.epicollect.net/api/media/vqgpq2025?type=photo&format=entry_original&name=523ca6a7-ad12-4215-9e58-76ef39d8202b_1773720451.jpg", "Hinh2": "https://five.epicollect.net/api/media/vqgpq2025?type=photo&format=entry_original&name=523ca6a7-ad12-4215-9e58-76ef39d8202b_1773720463.jpg", "Tenhinh": "22"}}, {"type": "Feature", "geometry": {"coordinates": [104.05097205482151, 10.007888982976361, 0.0], "type": "Point"}, "properties": {"ID": 23, "TT": 23, "MaMKA": 23, "Vitri": "Sườn núi", "HuongPhoi": "Đông", "Tinh": "An Giang", "Xa": "Đặc Khu Phú Quốc", "TK": "81", "NgayDT": "17/03/2026", "NguoiDT": "Hà Văn Long", "X_NB": 450578.71, "Y_NB": 1106761.62, "Docao": 51.03, "G1": 23.5, "G2": 23.0, "G3": 23.5, "G4": 22.5, "G5": 24.5, "G": 23.4, "H1": 7.8, "H2": 7.8, "H3": 5.0, "H4": 5.4, "H5": 6.5, "H": 6.5, "M": 68.45, "Dotanche": 0.7, "LoaiUT": "Trâm, Giền trắng", "HuongChup": "Bắc", "KCChup": 1.0, "ten_hinh": 23, "TrangThai": "TXN", "TTThucDia": "TXN", "Note": "NULL", "MaVQG": 8, "KH": "MKA", "Check": "NULL", "TenldlrTT1": "Rừng lá rộng thường xanh và nửa rụng lá nghèo", "Hinh1": "https://five.epicollect.net/api/media/vqgpq2025?type=photo&format=entry_original&name=408ba143-5202-4591-b73e-900eee5fb65c_1773712556.jpg", "Hinh2": "https://five.epicollect.net/api/media/vqgpq2025?type=photo&format=entry_original&name=408ba143-5202-4591-b73e-900eee5fb65c_1773712582.jpg", "Tenhinh": "23"}}, {"type": "Feature", "geometry": {"coordinates": [104.02283188142822, 10.044508924850948, 0.0], "type": "Point"}, "properties": {"ID": 24, "TT": 24, "MaMKA": 24, "Vitri": "Tâm OTC", "HuongPhoi": "Nam", "Tinh": "An Giang", "Xa": "Đặc Khu Phú Quốc", "TK": "81", "NgayDT": "16/03/2026", "NguoiDT": "Hà Văn Long", "X_NB": 447499.61, "Y_NB": 1110816.13, "Docao": 34.27, "G1": 0.0, "G2": 0.0, "G3": 0.0, "G4": 0.0, "G5": 0.0, "G": 0.0, "H1": 0.0, "H2": 0.0, "H3": 0.0, "H4": 0.0, "H5": 0.0, "H": 0.0, "M": 0.0, "Dotanche": 0.0, "LoaiUT": "Cây trồng Mít, Tràm bông vàng", "HuongChup": "Bắc", "KCChup": 2.0, "ten_hinh": 24, "TrangThai": "DTK", "TTThucDia": "DTK", "Note": "Cây bụi và một số cây nông nghiệp Mít", "MaVQG": 2000, "KH": "OTC", "Check": "OK", "TenldlrTT1": "Diện tích khác", "Hinh1": "https://five.epicollect.net/api/media/vqgpq2025?type=photo&format=entry_original&name=077854a8-4286-4a85-9631-708bd58b3ca6_1773644960.jpg", "Hinh2": "https://five.epicollect.net/api/media/vqgpq2025?type=photo&format=entry_original&name=077854a8-4286-4a85-9631-708bd58b3ca6_1773644985.jpg", "Tenhinh": "24"}}, {"type": "Feature", "geometry": {"coordinates": [103.99921203875117, 10.144728005740776, 0.0], "type": "Point"}, "properties": {"ID": 25, "TT": 25, "MaMKA": 25, "Vitri": "Sườn núi", "HuongPhoi": "Tây", "Tinh": "An Giang", "Xa": "Đặc Khu Phú Quốc", "TK": "80", "NgayDT": "16/03/2026", "NguoiDT": "Hà Văn Long", "X_NB": 444927.45, "Y_NB": 1121904.33, "Docao": 53.51, "G1": 14.5, "G2": 14.0, "G3": 14.5, "G4": 15.0, "G5": 15.5, "G": 14.7, "H1": 11.0, "H2": 7.5, "H3": 8.5, "H4": 7.0, "H5": 5.5, "H": 7.9, "M": 52.26, "Dotanche": 0.75, "LoaiUT": "Dẻ, Giền trắng", "HuongChup": "Tây", "KCChup": 2.0, "ten_hinh": 25, "TrangThai": "TXN", "TTThucDia": "TXN", "Note": "NULL", "MaVQG": 6, "KH": "MKA", "Check": "NULL", "TenldlrTT1": "Rừng lá rộng thường xanh và nửa rụng lá nghèo", "Hinh1": "https://five.epicollect.net/api/media/vqgpq2025?type=photo&format=entry_original&name=05c3fce6-3d57-4a36-9831-dc4c36529874_1773624624.jpg", "Hinh2": "https://five.epicollect.net/api/media/vqgpq2025?type=photo&format=entry_original&name=05c3fce6-3d57-4a36-9831-dc4c36529874_1773624637.jpg", "Tenhinh": "25"}}, {"type": "Feature", "geometry": {"coordinates": [103.93358699083123, 10.263995994253118, 0.0], "type": "Point"}, "properties": {"ID": 26, "TT": 26, "MaMKA": 26, "Vitri": "Chân núi", "HuongPhoi": "Đông", "Tinh": "An Giang", "Xa": "Đặc Khu Phú Quốc", "TK": "75", "NgayDT": "12/3/2026", "NguoiDT": "Hà Văn Long", "X_NB": 437759.11, "Y_NB": 1135107.53, "Docao": 46.1, "G1": 17.0, "G2": 16.5, "G3": 18.0, "G4": 18.0, "G5": 18.5, "G": 17.6, "H1": 12.0, "H2": 10.5, "H3": 7.5, "H4": 7.4, "H5": 7.0, "H": 8.9, "M": 70.33, "Dotanche": 0.8, "LoaiUT": "Còng, Trường", "HuongChup": "Nam", "KCChup": 2.0, "ten_hinh": 26, "TrangThai": "TXN", "TTThucDia": "TXN", "Note": "NULL", "MaVQG": 2, "KH": "MKA", "Check": "NULL", "TenldlrTT1": "Rừng lá rộng thường xanh và nửa rụng lá nghèo", "Hinh1": "https://five.epicollect.net/api/media/vqgpq2025?type=photo&format=entry_original&name=939d9f6c-e6c1-44dd-ae44-8683e735b510_1773296145.jpg", "Hinh2": "https://five.epicollect.net/api/media/vqgpq2025?type=photo&format=entry_original&name=939d9f6c-e6c1-44dd-ae44-8683e735b510_1773296157.jpg", "Tenhinh": "26"}}, {"type": "Feature", "geometry": {"coordinates": [103.91435001429049, 10.328742916598284, 0.0], "type": "Point"}, "properties": {"ID": 27, "TT": 27, "MaMKA": 27, "Vitri": "Chân núi", "HuongPhoi": "Nam", "Tinh": "An Giang", "Xa": "Đặc Khu Phú Quốc", "TK": "65", "NgayDT": "12/3/2026", "NguoiDT": "Hà Văn Long", "X_NB": 435664.9, "Y_NB": 1142272.57, "Docao": 45.53, "G1": 20.0, "G2": 19.5, "G3": 19.0, "G4": 19.0, "G5": 21.5, "G": 19.8, "H1": 8.8, "H2": 9.3, "H3": 10.5, "H4": 7.5, "H5": 7.5, "H": 8.7, "M": 77.7, "Dotanche": 0.78, "LoaiUT": "Thị, Kiền kiền", "HuongChup": "Bắc", "KCChup": 2.0, "ten_hinh": 27, "TrangThai": "TXN", "TTThucDia": "TXN", "Note": "NULL", "MaVQG": 41, "KH": "MKA", "Check": "NULL", "TenldlrTT1": "Rừng lá rộng thường xanh và nửa rụng lá nghèo", "Hinh1": "https://five.epicollect.net/api/media/vqgpq2025?type=photo&format=entry_original&name=424398a5-0008-4c68-8f99-82cb028d2426_1773293920.jpg", "Hinh2": "https://five.epicollect.net/api/media/vqgpq2025?type=photo&format=entry_original&name=424398a5-0008-4c68-8f99-82cb028d2426_1773293930.jpg", "Tenhinh": "27"}}, {"type": "Feature", "geometry": {"coordinates": [103.88941900960077, 10.31253207558872, 0.0], "type": "Point"}, "properties": {"ID": 28, "TT": 28, "MaMKA": 28, "Vitri": "Chân núi", "HuongPhoi": "Tây", "Tinh": "An Giang", "Xa": "Đặc Khu Phú Quốc", "TK": "64", "NgayDT": "12/3/2026", "NguoiDT": "Hà Văn Long", "X_NB": 432930.99, "Y_NB": 1140484.69, "Docao": 39.13, "G1": 20.0, "G2": 19.5, "G3": 20.0, "G4": 19.5, "G5": 19.0, "G": 19.6, "H1": 6.5, "H2": 8.0, "H3": 7.5, "H4": 7.5, "H5": 10.5, "H": 8.0, "M": 70.56, "Dotanche": 0.75, "LoaiUT": "Thị, Bứa", "HuongChup": "Bắc", "KCChup": 1.0, "ten_hinh": 28, "TrangThai": "TXN", "TTThucDia": "TXN", "Note": "NULL", "MaVQG": 38, "KH": "MKA", "Check": "NULL", "TenldlrTT1": "Rừng lá rộng thường xanh và nửa rụng lá nghèo", "Hinh1": "https://five.epicollect.net/api/media/vqgpq2025?type=photo&format=entry_original&name=46fdff49-58a5-408c-a7c3-8c31f0bcfedd_1773289856.jpg", "Hinh2": "https://five.epicollect.net/api/media/vqgpq2025?type=photo&format=entry_original&name=46fdff49-58a5-408c-a7c3-8c31f0bcfedd_1773289882.jpg", "Tenhinh": "28"}}, {"type": "Feature", "geometry": {"coordinates": [103.85962094835823, 10.341831996202528, 0.0], "type": "Point"}, "properties": {"ID": 29, "TT": 29, "MaMKA": 29, "Vitri": "Chân núi", "HuongPhoi": "Tây Nam", "Tinh": "An Giang", "Xa": "Đặc Khu Phú Quốc", "TK": "60", "NgayDT": "12/3/2026", "NguoiDT": "Hà Văn Long", "X_NB": 429673.76, "Y_NB": 1143731.79, "Docao": 10.21, "G1": 31.0, "G2": 31.5, "G3": 32.0, "G4": 32.0, "G5": 32.0, "G": 31.7, "H1": 7.8, "H2": 8.0, "H3": 8.0, "H4": 7.0, "H5": 6.5, "H": 7.5, "M": 106.42, "Dotanche": 0.55, "LoaiUT": "Tràm nước", "HuongChup": "Tây Bắc", "KCChup": 2.0, "ten_hinh": 29, "TrangThai": "RNP", "TTThucDia": "RNP", "Note": "NULL", "MaVQG": 59, "KH": "MKA", "Check": "NULL", "TenldlrTT1": "Rừng ngập phèn", "Hinh1": "https://five.epicollect.net/api/media/vqgpq2025?type=photo&format=entry_original&name=f5782585-c2aa-4f0a-a6c3-f532a0b86a5e_1773288157.jpg", "Hinh2": "https://five.epicollect.net/api/media/vqgpq2025?type=photo&format=entry_original&name=f5782585-c2aa-4f0a-a6c3-f532a0b86a5e_1773288171.jpg", "Tenhinh": "29"}}, {"type": "Feature", "geometry": {"coordinates": [103.85155504391992, 10.361675918535955, 0.0], "type": "Point"}, "properties": {"ID": 30, "TT": 30, "MaMKA": 30, "Vitri": "Chân núi", "HuongPhoi": "Nam", "Tinh": "An Giang", "Xa": "Đặc Khu Phú Quốc", "TK": "60", "NgayDT": "12/3/2026", "NguoiDT": "Hà Văn Long", "X_NB": 428794.86, "Y_NB": 1145928.42, "Docao": 40.61, "G1": 21.0, "G2": 20.5, "G3": 20.5, "G4": 21.5, "G5": 20.0, "G": 20.7, "H1": 7.0, "H2": 8.5, "H3": 9.0, "H4": 11.0, "H5": 19.0, "H": 10.9, "M": 101.53, "Dotanche": 0.85, "LoaiUT": "Gội, Thị", "HuongChup": "Bắc", "KCChup": 2.0, "ten_hinh": 30, "TrangThai": "TXB", "TTThucDia": "TXB", "Note": "NULL", "MaVQG": 44, "KH": "MKA", "Check": "NULL", "TenldlrTT1": "Rừng lá rộng thường xanh và nửa rụng lá trung bình", "Hinh1": "https://five.epicollect.net/api/media/vqgpq2025?type=photo&format=entry_original&name=ba9b6bdf-d3af-4b28-981d-badd40a8bc7b_1773284980.jpg", "Hinh2": "https://five.epicollect.net/api/media/vqgpq2025?type=photo&format=entry_original&name=ba9b6bdf-d3af-4b28-981d-badd40a8bc7b_1773284993.jpg", "Tenhinh": "30"}}, {"type": "Feature", "geometry": {"coordinates": [104.00070596618636, 10.149457979924902, 0.0], "type": "Point"}, "properties": {"ID": 31, "TT": 31, "MaMKA": 31, "Vitri": "Sườn núi", "HuongPhoi": "Đông", "Tinh": "An Giang", "Xa": "Đặc Khu Phú Quốc", "TK": "80", "NgayDT": "11/3/2026", "NguoiDT": "Hà Văn Long", "X_NB": 445091.96, "Y_NB": 1122427.22, "Docao": 53.03, "G1": 17.0, "G2": 16.5, "G3": 17.0, "G4": 16.5, "G5": 16.5, "G": 16.7, "H1": 10.0, "H2": 9.6, "H3": 7.5, "H4": 4.2, "H5": 5.5, "H": 7.4, "M": 55.31, "Dotanche": 0.7, "LoaiUT": "Bứa, Thị", "HuongChup": "Đông Bắc", "KCChup": 2.0, "ten_hinh": 31, "TrangThai": "TXN", "TTThucDia": "TXN", "Note": "NULL", "MaVQG": 300, "KH": "OTC", "Check": "OK", "TenldlrTT1": "Rừng lá rộng thường xanh và nửa rụng lá nghèo", "Hinh1": "https://five.epicollect.net/api/media/vqgpq2025?type=photo&format=entry_original&name=2c185a58-1c1a-4aa0-b6cf-3e053ca8786f_1773216239.jpg", "Hinh2": "https://five.epicollect.net/api/media/vqgpq2025?type=photo&format=entry_original&name=2c185a58-1c1a-4aa0-b6cf-3e053ca8786f_1773216253.jpg", "Tenhinh": "31"}}, {"type": "Feature", "geometry": {"coordinates": [104.03156596920238, 10.118788025006115, 0.0], "type": "Point"}, "properties": {"ID": 32, "TT": 32, "MaMKA": 32, "Vitri": "Sườn núi", "HuongPhoi": "Đông", "Tinh": "An Giang", "Xa": "Đặc Khu Phú Quốc", "TK": "79", "NgayDT": "11/3/2026", "NguoiDT": "Hà Văn Long", "X_NB": 448468.77, "Y_NB": 1119030.07, "Docao": 164.79, "G1": 13.5, "G2": 13.0, "G3": 12.5, "G4": 13.5, "G5": 13.5, "G": 13.2, "H1": 11.0, "H2": 10.2, "H3": 7.0, "H4": 7.5, "H5": 8.0, "H": 8.7, "M": 51.92, "Dotanche": 0.8, "LoaiUT": "Thị, Cọc rào", "HuongChup": "Đông", "KCChup": 2.0, "ten_hinh": 32, "TrangThai": "TXN", "TTThucDia": "TXN", "Note": "NULL", "MaVQG": 6500, "KH": "OTC", "Check": "OK", "TenldlrTT1": "Rừng lá rộng thường xanh và nửa rụng lá nghèo", "Hinh1": "https://five.epicollect.net/api/media/vqgpq2025?type=photo&format=entry_original&name=56e3715d-2d1f-431e-9603-26ebd0c05580_1773203399.jpg", "Hinh2": "https://five.epicollect.net/api/media/vqgpq2025?type=photo&format=entry_original&name=56e3715d-2d1f-431e-9603-26ebd0c05580_1773203423.jpg", "Tenhinh": "32"}}, {"type": "Feature", "geometry": {"coordinates": [104.00929102037524, 10.178605998876723, 0.0], "type": "Point"}, "properties": {"ID": 33, "TT": 33, "MaMKA": 33, "Vitri": "Sườn núi", "HuongPhoi": "Tây Nam", "Tinh": "An Giang", "Xa": "Đặc Khu Phú Quốc", "TK": "77", "NgayDT": "10/3/2026", "NguoiDT": "Hà Văn Long", "X_NB": 446037.6, "Y_NB": 1125649.6, "Docao": 65.89, "G1": 20.5, "G2": 23.5, "G3": 22.5, "G4": 26.0, "G5": 22.8, "G": 23.06, "H1": 11.0, "H2": 12.5, "H3": 10.0, "H4": 8.0, "H5": 7.0, "H": 9.7, "M": 100.66, "Dotanche": 0.82, "LoaiUT": "Máu chó, Trâm", "HuongChup": "Đông Bắc", "KCChup": 2.0, "ten_hinh": 33, "TrangThai": "TXB", "TTThucDia": "TXB", "Note": "NULL", "MaVQG": 26, "KH": "MKA", "Check": "NULL", "TenldlrTT1": "Rừng lá rộng thường xanh và nửa rụng lá trung bình", "Hinh1": "https://five.epicollect.net/api/media/vqgpq2025?type=photo&format=entry_original&name=720e5eab-8f0d-4021-953b-0b22c099cf0b_1773125731.jpg", "Hinh2": "https://five.epicollect.net/api/media/vqgpq2025?type=photo&format=entry_original&name=720e5eab-8f0d-4021-953b-0b22c099cf0b_1773125742.jpg", "Tenhinh": "33"}}, {"type": "Feature", "geometry": {"coordinates": [104.00456295538095, 10.183933035723774, 0.0], "type": "Point"}, "properties": {"ID": 34, "TT": 34, "MaMKA": 34, "Vitri": "Sườn núi", "HuongPhoi": "Tây Nam", "Tinh": "An Giang", "Xa": "Đặc Khu Phú Quốc", "TK": "77", "NgayDT": "10/3/2026", "NguoiDT": "Hà Văn Long", "X_NB": 445520.44, "Y_NB": 1126239.57, "Docao": 45.65, "G1": 7.5, "G2": 8.0, "G3": 7.5, "G4": 8.0, "G5": 7.0, "G": 7.6, "H1": 4.2, "H2": 5.0, "H3": 5.2, "H4": 6.0, "H5": 8.5, "H": 5.8, "M": 19.77, "Dotanche": 0.5, "LoaiUT": "Xăng mã, Sao đen", "HuongChup": "Tây Nam", "KCChup": 2.0, "ten_hinh": 34, "TrangThai": "TXK", "TTThucDia": "TXK", "Note": "Rừng nghèo kiệt có một số cây Sao đen trồng", "MaVQG": 25, "KH": "MKA", "Check": "NULL", "TenldlrTT1": "Rừng lá rộng thường xanh và nửa rụng lá nghèo kiệt", "Hinh1": "https://five.epicollect.net/api/media/vqgpq2025?type=photo&format=entry_original&name=4334ef4a-d841-49eb-a25c-3df62b442c82_1773124138.jpg", "Hinh2": "https://five.epicollect.net/api/media/vqgpq2025?type=photo&format=entry_original&name=4334ef4a-d841-49eb-a25c-3df62b442c82_1773124151.jpg", "Tenhinh": "34"}}, {"type": "Feature", "geometry": {"coordinates": [104.00713399871373, 10.192338961816938, 0.0], "type": "Point"}, "properties": {"ID": 35, "TT": 35, "MaMKA": 35, "Vitri": "Tâm OTC", "HuongPhoi": "Tây Nam", "Tinh": "An Giang", "Xa": "Đặc Khu Phú Quốc", "TK": "77", "NgayDT": "10/3/2026", "NguoiDT": "Hà Văn Long", "X_NB": 445803.56, "Y_NB": 1127168.85, "Docao": 77.13, "G1": 24.3, "G2": 20.5, "G3": 23.5, "G4": 23.4, "G5": 20.1, "G": 22.36, "H1": 11.5, "H2": 11.5, "H3": 10.8, "H4": 7.0, "H5": 7.5, "H": 9.7, "M": 97.2, "Dotanche": 0.8, "LoaiUT": "Hà nụ, Làu táu, Bứa", "HuongChup": "Tây", "KCChup": 1.0, "ten_hinh": 35, "TrangThai": "TXN", "TTThucDia": "TXN", "Note": "NULL", "MaVQG": 6400, "KH": "OTC", "Check": "OK", "TenldlrTT1": "Rừng lá rộng thường xanh và nửa rụng lá nghèo", "Hinh1": "https://five.epicollect.net/api/media/vqgpq2025?type=photo&format=entry_original&name=a52dc2a9-6713-4608-8475-955e0e4efa4f_1773122317.jpg", "Hinh2": "https://five.epicollect.net/api/media/vqgpq2025?type=photo&format=entry_original&name=a52dc2a9-6713-4608-8475-955e0e4efa4f_1773122335.jpg", "Tenhinh": "35"}}, {"type": "Feature", "geometry": {"coordinates": [104.00394800156123, 10.188948966998698, 0.0], "type": "Point"}, "properties": {"ID": 36, "TT": 36, "MaMKA": 36, "Vitri": "Tâm OTC", "HuongPhoi": "Tây", "Tinh": "An Giang", "Xa": "Đặc Khu Phú Quốc", "TK": "77", "NgayDT": "10/3/2026", "NguoiDT": "Hà Văn Long", "X_NB": 445453.91, "Y_NB": 1126794.45, "Docao": 44.12, "G1": 21.5, "G2": 21.0, "G3": 21.5, "G4": 22.0, "G5": 20.5, "G": 21.3, "H1": 3.8, "H2": 3.7, "H3": 6.1, "H4": 10.5, "H5": 8.5, "H": 6.5, "M": 62.49, "Dotanche": 0.6, "LoaiUT": "Sổ, Sao đen, Cám", "HuongChup": "Đông Bắc", "KCChup": 1.0, "ten_hinh": 36, "TrangThai": "TXN", "TTThucDia": "TXN", "Note": "Rừng nghèo + rừng trồng cây Sao đen", "MaVQG": 1600, "KH": "OTC", "Check": "OK", "TenldlrTT1": "Rừng lá rộng thường xanh và nửa rụng lá nghèo", "Hinh1": "https://five.epicollect.net/api/media/vqgpq2025?type=photo&format=entry_original&name=9d468d61-acae-45a4-a331-b8c9bd4a1087_1773115379.jpg", "Hinh2": "https://five.epicollect.net/api/media/vqgpq2025?type=photo&format=entry_original&name=9d468d61-acae-45a4-a331-b8c9bd4a1087_1773115399.jpg", "Tenhinh": "36"}}, {"type": "Feature", "geometry": {"coordinates": [103.9697310783786, 10.204351943129526, 0.0], "type": "Point"}, "properties": {"ID": 37, "TT": 37, "MaMKA": 37, "Vitri": "Chân núi", "HuongPhoi": "Tây Nam", "Tinh": "An Giang", "Xa": "Đặc Khu Phú Quốc", "TK": "76", "NgayDT": "10/3/2026", "NguoiDT": "Hà Văn Long", "X_NB": 441707.6, "Y_NB": 1128503.99, "Docao": 97.72, "G1": 2.0, "G2": 1.5, "G3": 2.5, "G4": 3.5, "G5": 1.5, "G": 2.2, "H1": 6.5, "H2": 6.5, "H3": 6.0, "H4": 6.6, "H5": 6.0, "H": 6.3, "M": 6.26, "Dotanche": 0.55, "LoaiUT": "Côm, Da", "HuongChup": "Tây", "KCChup": 1.0, "ten_hinh": 37, "TrangThai": "TXK", "TTThucDia": "TXK", "Note": "NULL", "MaVQG": 3, "KH": "MKA", "Check": "NULL", "TenldlrTT1": "Rừng lá rộng thường xanh và nửa rụng lá nghèo kiệt", "Hinh1": "https://five.epicollect.net/api/media/vqgpq2025?type=photo&format=entry_original&name=98761373-73fe-403d-801d-6055b60c6220_1773110382.jpg", "Hinh2": "https://five.epicollect.net/api/media/vqgpq2025?type=photo&format=entry_original&name=98761373-73fe-403d-801d-6055b60c6220_1773110399.jpg", "Tenhinh": "37"}}, {"type": "Feature", "geometry": {"coordinates": [103.9728510942845, 10.208991975127837, 0.0], "type": "Point"}, "properties": {"ID": 38, "TT": 38, "MaMKA": 38, "Vitri": "Chân núi", "HuongPhoi": "Tây Nam", "Tinh": "An Giang", "Xa": "Đặc Khu Phú Quốc", "TK": "76", "NgayDT": "10/3/2026", "NguoiDT": "Hà Văn Long", "X_NB": 442050.28, "Y_NB": 1129016.63, "Docao": 147.12, "G1": 14.5, "G2": 14.5, "G3": 15.5, "G4": 14.0, "G5": 14.0, "G": 14.5, "H1": 11.5, "H2": 11.0, "H3": 11.3, "H4": 2.7, "H5": 7.0, "H": 8.7, "M": 56.77, "Dotanche": 0.8, "LoaiUT": "Tràm bông vàng, Chàm bìa, Còng", "HuongChup": "Đông Bắc", "KCChup": 1.0, "ten_hinh": 38, "TrangThai": "TXN", "TTThucDia": "TXN", "Note": "Rừng nghèo xen lẫn Tràm bông vàng", "MaVQG": 100, "KH": "OTC", "Check": "OK", "TenldlrTT1": "Rừng lá rộng thường xanh và nửa rụng lá nghèo", "Hinh1": "https://five.epicollect.net/api/media/vqgpq2025?type=photo&format=entry_original&name=f1a843cb-da6b-4c7f-a35d-ea41c7ba7ff0_1773108220.jpg", "Hinh2": "https://five.epicollect.net/api/media/vqgpq2025?type=photo&format=entry_original&name=f1a843cb-da6b-4c7f-a35d-ea41c7ba7ff0_1773108236.jpg", "Tenhinh": "38"}}, {"type": "Feature", "geometry": {"coordinates": [103.99048194540408, 10.407173021308516, 0.0], "type": "Point"}, "properties": {"ID": 39, "TT": 39, "MaMKA": 39, "Vitri": "Chân núi", "HuongPhoi": "Đông Bắc", "Tinh": "An Giang", "Xa": "Đặc Khu Phú Quốc", "TK": "53", "NgayDT": "9/3/2026", "NguoiDT": "Hà Văn Long", "X_NB": 444016.83, "Y_NB": 1150932.9, "Docao": 10.39, "G1": 24.5, "G2": 25.0, "G3": 25.5, "G4": 23.5, "G5": 23.5, "G": 24.4, "H1": 2.8, "H2": 3.2, "H3": 3.0, "H4": 3.3, "H5": 6.5, "H": 3.8, "M": 41.28, "Dotanche": 0.5, "LoaiUT": "Cui, Đước đôi", "HuongChup": "Đông Bắc", "KCChup": 2.0, "ten_hinh": 39, "TrangThai": "RNM", "TTThucDia": "RNM", "Note": "NULL", "MaVQG": 78, "KH": "MKA", "Check": "NULL", "TenldlrTT1": "Rừng ngập mặn", "Hinh1": "https://five.epicollect.net/api/media/vqgpq2025?type=photo&format=entry_original&name=0c1b39b6-b6ec-40c8-9d6b-2cc896866ce7_1773027147.jpg", "Hinh2": "https://five.epicollect.net/api/media/vqgpq2025?type=photo&format=entry_original&name=0c1b39b6-b6ec-40c8-9d6b-2cc896866ce7_1773027166.jpg", "Tenhinh": "39"}}, {"type": "Feature", "geometry": {"coordinates": [103.98675205335441, 10.40656503915625, 0.0], "type": "Point"}, "properties": {"ID": 40, "TT": 40, "MaMKA": 40, "Vitri": "Tâm OTC", "HuongPhoi": "Đông Bắc", "Tinh": "An Giang", "Xa": "Đặc Khu Phú Quốc", "TK": "55", "NgayDT": "9/3/2026", "NguoiDT": "Hà Văn Long", "X_NB": 443608.32, "Y_NB": 1150866.31, "Docao": 7.43, "G1": 9.5, "G2": 8.0, "G3": 7.0, "G4": 7.5, "G5": 9.5, "G": 8.3, "H1": 6.0, "H2": 4.6, "H3": 3.9, "H4": 3.9, "H5": 3.2, "H": 4.3, "M": 16.14, "Dotanche": 0.6, "LoaiUT": "Cóc đỏ", "HuongChup": "Nam", "KCChup": 1.0, "ten_hinh": 40, "TrangThai": "RNM", "TTThucDia": "RNM", "Note": "NULL", "MaVQG": 6800, "KH": "OTC", "Check": "OK", "TenldlrTT1": "Rừng ngập mặn", "Hinh1": "https://five.epicollect.net/api/media/vqgpq2025?type=photo&format=entry_original&name=77a83fc3-2227-467a-a929-763552f36404_1773025990.jpg", "Hinh2": "https://five.epicollect.net/api/media/vqgpq2025?type=photo&format=entry_original&name=77a83fc3-2227-467a-a929-763552f36404_1773026006.jpg", "Tenhinh": "40"}}, {"type": "Feature", "geometry": {"coordinates": [103.98417307208568, 10.406474002074965, 0.0], "type": "Point"}, "properties": {"ID": 41, "TT": 41, "MaMKA": 41, "Vitri": "Chân núi", "HuongPhoi": "Đông Bắc", "Tinh": "An Giang", "Xa": "Đặc Khu Phú Quốc", "TK": "55", "NgayDT": "9/3/2026", "NguoiDT": "Hà Văn Long", "X_NB": 443325.92, "Y_NB": 1150856.7, "Docao": 8.5, "G1": 8.5, "G2": 9.0, "G3": 8.5, "G4": 9.5, "G5": 10.0, "G": 9.1, "H1": 7.8, "H2": 6.7, "H3": 6.4, "H4": 3.5, "H5": 3.0, "H": 5.5, "M": 22.44, "Dotanche": 0.6, "LoaiUT": "Cóc đỏ, Đước đôi, Giá", "HuongChup": "Nam", "KCChup": 2.0, "ten_hinh": 41, "TrangThai": "RNM", "TTThucDia": "RNM", "Note": "NULL", "MaVQG": 77, "KH": "MKA", "Check": "NULL", "TenldlrTT1": "Rừng ngập mặn", "Hinh1": "https://five.epicollect.net/api/media/vqgpq2025?type=photo&format=entry_original&name=9a2cfaab-8071-4679-9490-016fad0189e6_1773024858.jpg", "Hinh2": "https://five.epicollect.net/api/media/vqgpq2025?type=photo&format=entry_original&name=9a2cfaab-8071-4679-9490-016fad0189e6_1773024880.jpg", "Tenhinh": "41"}}, {"type": "Feature", "geometry": {"coordinates": [103.98271694570768, 10.405310005922614, 0.0], "type": "Point"}, "properties": {"ID": 42, "TT": 42, "MaMKA": 42, "Vitri": "Tâm OTC", "HuongPhoi": "Đông Bắc", "Tinh": "An Giang", "Xa": "Đặc Khu Phú Quốc", "TK": "53", "NgayDT": "9/3/2026", "NguoiDT": "Hà Văn Long", "X_NB": 443166.28, "Y_NB": 1150728.22, "Docao": 12.98, "G1": 20.5, "G2": 22.5, "G3": 21.0, "G4": 19.5, "G5": 20.0, "G": 20.7, "H1": 5.3, "H2": 6.8, "H3": 4.3, "H4": 4.3, "H5": 2.5, "H": 4.6, "M": 43.22, "Dotanche": 0.55, "LoaiUT": "Cóc đỏ, Đước đôi", "HuongChup": "Nam", "KCChup": 1.0, "ten_hinh": 42, "TrangThai": "RNM", "TTThucDia": "RNM", "Note": "NULL", "MaVQG": 6300, "KH": "OTC", "Check": "OK", "TenldlrTT1": "Rừng ngập mặn", "Hinh1": "https://five.epicollect.net/api/media/vqgpq2025?type=photo&format=entry_original&name=f4813403-11e1-477a-a034-48c6e8c1b24d_1773023624.jpg", "Hinh2": "https://five.epicollect.net/api/media/vqgpq2025?type=photo&format=entry_original&name=f4813403-11e1-477a-a034-48c6e8c1b24d_1773023640.jpg", "Tenhinh": "42"}}, {"type": "Feature", "geometry": {"coordinates": [103.98258206030401, 10.407530004244437, 0.0], "type": "Point"}, "properties": {"ID": 43, "TT": 43, "MaMKA": 43, "Vitri": "Chân núi", "HuongPhoi": "Nam", "Tinh": "An Giang", "Xa": "Đặc Khu Phú Quốc", "TK": "53", "NgayDT": "9/3/2026", "NguoiDT": "Hà Văn Long", "X_NB": 443151.91, "Y_NB": 1150973.78, "Docao": 13.55, "G1": 8.5, "G2": 9.5, "G3": 10.0, "G4": 9.5, "G5": 10.0, "G": 9.5, "H1": 7.2, "H2": 7.5, "H3": 7.0, "H4": 6.5, "H5": 5.0, "H": 6.6, "M": 28.39, "Dotanche": 0.45, "LoaiUT": "Tràm nước, Vẹt", "HuongChup": "Đông", "KCChup": 2.0, "ten_hinh": 43, "TrangThai": "RNM", "TTThucDia": "RNM", "Note": "NULL", "MaVQG": 72, "KH": "MKA", "Check": "NULL", "TenldlrTT1": "Rừng ngập mặn", "Hinh1": "https://five.epicollect.net/api/media/vqgpq2025?type=photo&format=entry_original&name=8f76e672-736f-49c0-a0e9-f2cb27b365cb_1773022606.jpg", "Hinh2": "https://five.epicollect.net/api/media/vqgpq2025?type=photo&format=entry_original&name=8f76e672-736f-49c0-a0e9-f2cb27b365cb_1773022623.jpg", "Tenhinh": "43"}}, {"type": "Feature", "geometry": {"coordinates": [103.9747290336127, 10.408826078024578, 0.0], "type": "Point"}, "properties": {"ID": 44, "TT": 44, "MaMKA": 44, "Vitri": "Chân núi", "HuongPhoi": "Đông Bắc", "Tinh": "An Giang", "Xa": "Đặc Khu Phú Quốc", "TK": "53", "NgayDT": "9/3/2026", "NguoiDT": "Hà Văn Long", "X_NB": 442292.29, "Y_NB": 1151118.54, "Docao": 8.66, "G1": 18.0, "G2": 18.5, "G3": 18.0, "G4": 19.0, "G5": 18.5, "G": 18.4, "H1": 2.4, "H2": 2.6, "H3": 3.0, "H4": 2.5, "H5": 7.5, "H": 3.6, "M": 29.81, "Dotanche": 0.45, "LoaiUT": "Đước đôi", "HuongChup": "Tây Nam", "KCChup": 2.0, "ten_hinh": 44, "TrangThai": "RNM", "TTThucDia": "RNM", "Note": "NULL", "MaVQG": 6700, "KH": "OTC", "Check": "OK", "TenldlrTT1": "Rừng ngập mặn", "Hinh1": "https://five.epicollect.net/api/media/vqgpq2025?type=photo&format=entry_original&name=d05588e9-3065-460e-a862-a7e55b5666e2_1773021478.jpg", "Hinh2": "https://five.epicollect.net/api/media/vqgpq2025?type=photo&format=entry_original&name=d05588e9-3065-460e-a862-a7e55b5666e2_1773021516.jpg", "Tenhinh": "44"}}, {"type": "Feature", "geometry": {"coordinates": [103.98152196434836, 10.404215056305707, 0.0], "type": "Point"}, "properties": {"ID": 45, "TT": 45, "MaMKA": 45, "Vitri": "Tâm OTC", "HuongPhoi": "Đông", "Tinh": "An Giang", "Xa": "Đặc Khu Phú Quốc", "TK": "55", "NgayDT": "6/3/2026", "NguoiDT": "Hà Văn Long", "X_NB": 443035.24, "Y_NB": 1150607.32, "Docao": 11.76, "G1": 15.0, "G2": 15.5, "G3": 16.0, "G4": 14.0, "G5": 15.5, "G": 15.2, "H1": 7.6, "H2": 7.5, "H3": 5.2, "H4": 2.5, "H5": 3.0, "H": 5.2, "M": 35.29, "Dotanche": 0.5, "LoaiUT": "Cóc đỏ, Đước đôi", "HuongChup": "Tây Nam", "KCChup": 2.0, "ten_hinh": 45, "TrangThai": "RNM", "TTThucDia": "RNM", "Note": "NULL", "MaVQG": 73, "KH": "MKA", "Check": "NULL", "TenldlrTT1": "Rừng ngập mặn", "Hinh1": "https://five.epicollect.net/api/media/vqgpq2025?type=photo&format=entry_original&name=8d1877b4-8e38-43f3-be87-253485c105b1_1772780925.jpg", "Hinh2": "https://five.epicollect.net/api/media/vqgpq2025?type=photo&format=entry_original&name=8d1877b4-8e38-43f3-be87-253485c105b1_1772780945.jpg", "Tenhinh": "45"}}, {"type": "Feature", "geometry": {"coordinates": [103.98365794864092, 10.402262048524811, 0.0], "type": "Point"}, "properties": {"ID": 46, "TT": 46, "MaMKA": 46, "Vitri": "Chân núi", "HuongPhoi": "Đông", "Tinh": "An Giang", "Xa": "Đặc Khu Phú Quốc", "TK": "54", "NgayDT": "6/3/2026", "NguoiDT": "Hà Văn Long", "X_NB": 443268.76, "Y_NB": 1150390.93, "Docao": 8.13, "G1": 15.5, "G2": 16.0, "G3": 16.0, "G4": 15.0, "G5": 15.5, "G": 15.6, "H1": 7.0, "H2": 7.5, "H3": 7.2, "H4": 4.5, "H5": 4.7, "H": 6.2, "M": 43.38, "Dotanche": 0.5, "LoaiUT": "Cóc đỏ", "HuongChup": "Đông", "KCChup": 2.0, "ten_hinh": 46, "TrangThai": "RNM", "TTThucDia": "RNM", "Note": "NULL", "MaVQG": 73, "KH": "MKA", "Check": "NULL", "TenldlrTT1": "Rừng ngập mặn", "Hinh1": "https://five.epicollect.net/api/media/vqgpq2025?type=photo&format=entry_original&name=020f2c12-5069-4f4c-ac12-1ba0e8616ff6_1772779991.jpg", "Hinh2": "https://five.epicollect.net/api/media/vqgpq2025?type=photo&format=entry_original&name=020f2c12-5069-4f4c-ac12-1ba0e8616ff6_1772780003.jpg", "Tenhinh": "46"}}, {"type": "Feature", "geometry": {"coordinates": [103.98278795491012, 10.398509949361625, 0.0], "type": "Point"}, "properties": {"ID": 47, "TT": 47, "MaMKA": 47, "Vitri": "Chân núi", "HuongPhoi": "Đông", "Tinh": "An Giang", "Xa": "Đặc Khu Phú Quốc", "TK": "55", "NgayDT": "6/3/2026", "NguoiDT": "Hà Văn Long", "X_NB": 443172.83, "Y_NB": 1149976.09, "Docao": 11.72, "G1": 11.5, "G2": 12.0, "G3": 12.0, "G4": 10.0, "G5": 11.0, "G": 11.3, "H1": 3.5, "H2": 7.0, "H3": 7.8, "H4": 3.0, "H5": 8.5, "H": 6.0, "M": 30.31, "Dotanche": 0.55, "LoaiUT": "Cóc đỏ", "HuongChup": "Bắc", "KCChup": 2.0, "ten_hinh": 47, "TrangThai": "RNM", "TTThucDia": "RNM", "Note": "NULL", "MaVQG": 74, "KH": "MKA", "Check": "NULL", "TenldlrTT1": "Rừng ngập mặn", "Hinh1": "https://five.epicollect.net/api/media/vqgpq2025?type=photo&format=entry_original&name=65ef0af9-3101-403a-a319-cd49d4d0fa04_1772779167.jpg", "Hinh2": "https://five.epicollect.net/api/media/vqgpq2025?type=photo&format=entry_original&name=65ef0af9-3101-403a-a319-cd49d4d0fa04_1772779188.jpg", "Tenhinh": "47"}}, {"type": "Feature", "geometry": {"coordinates": [103.98149991678967, 10.406892047222241, 0.0], "type": "Point"}, "properties": {"ID": 48, "TT": 48, "MaMKA": 48, "Vitri": "Tâm OTC", "HuongPhoi": "Đông Bắc", "Tinh": "An Giang", "Xa": "Đặc Khu Phú Quốc", "TK": "54", "NgayDT": "6/3/2026", "NguoiDT": "Hà Văn Long", "X_NB": 443033.31, "Y_NB": 1150903.41, "Docao": 11.3, "G1": 13.5, "G2": 13.0, "G3": 14.0, "G4": 14.5, "G5": 14.0, "G": 13.8, "H1": 8.4, "H2": 8.0, "H3": 8.5, "H4": 5.0, "H5": 6.0, "H": 7.2, "M": 44.59, "Dotanche": 0.6, "LoaiUT": "Cóc đỏ", "HuongChup": "Đông Bắc", "KCChup": 1.0, "ten_hinh": 48, "TrangThai": "RNM", "TTThucDia": "RNM", "Note": "NULL", "MaVQG": 7100, "KH": "OTC", "Check": "OK", "TenldlrTT1": "Rừng ngập mặn", "Hinh1": "https://five.epicollect.net/api/media/vqgpq2025?type=photo&format=entry_original&name=2a7cc5b4-5073-478f-8443-8216a5073d0f_1772778135.jpg", "Hinh2": "https://five.epicollect.net/api/media/vqgpq2025?type=photo&format=entry_original&name=2a7cc5b4-5073-478f-8443-8216a5073d0f_1772778152.jpg", "Tenhinh": "48"}}, {"type": "Feature", "geometry": {"coordinates": [103.9811959739664, 10.40925002544429, 0.0], "type": "Point"}, "properties": {"ID": 49, "TT": 49, "MaMKA": 49, "Vitri": "Tâm OTC", "HuongPhoi": "Đông Bắc", "Tinh": "An Giang", "Xa": "Đặc Khu Phú Quốc", "TK": "54", "NgayDT": "6/3/2026", "NguoiDT": "Hà Văn Long", "X_NB": 443000.45, "Y_NB": 1151164.27, "Docao": 10.49, "G1": 26.0, "G2": 26.5, "G3": 25.5, "G4": 24.0, "G5": 27.5, "G": 25.9, "H1": 5.2, "H2": 3.0, "H3": 6.5, "H4": 7.5, "H5": 7.5, "H": 5.9, "M": 69.23, "Dotanche": 0.6, "LoaiUT": "Cóc đỏ, Đưốc đôi", "HuongChup": "Tây Nam", "KCChup": 2.0, "ten_hinh": 49, "TrangThai": "RNM", "TTThucDia": "RNM", "Note": "NULL", "MaVQG": 7000, "KH": "OTC", "Check": "OK", "TenldlrTT1": "Rừng ngập mặn", "Hinh1": "https://five.epicollect.net/api/media/vqgpq2025?type=photo&format=entry_original&name=86724142-e8ba-4a05-8e27-afb882a77cad_1772777230.jpg", "Hinh2": "https://five.epicollect.net/api/media/vqgpq2025?type=photo&format=entry_original&name=86724142-e8ba-4a05-8e27-afb882a77cad_1772777248.jpg", "Tenhinh": "49"}}, {"type": "Feature", "geometry": {"coordinates": [103.97942901192347, 10.412046976257203, 0.0], "type": "Point"}, "properties": {"ID": 50, "TT": 50, "MaMKA": 50, "Vitri": "Tâm OTC", "HuongPhoi": "Đông Bắc", "Tinh": "An Giang", "Xa": "Đặc Khu Phú Quốc", "TK": "54", "NgayDT": "6/3/2026", "NguoiDT": "Hà Văn Long", "X_NB": 442807.49, "Y_NB": 1151473.94, "Docao": 7.04, "G1": 12.0, "G2": 12.5, "G3": 12.5, "G4": 13.0, "G5": 11.5, "G": 12.3, "H1": 6.5, "H2": 4.0, "H3": 5.8, "H4": 6.5, "H5": 5.0, "H": 5.6, "M": 30.77, "Dotanche": 0.55, "LoaiUT": "Cóc đỏ", "HuongChup": "Đông Bắc", "KCChup": 2.0, "ten_hinh": 50, "TrangThai": "RNM", "TTThucDia": "RNM", "Note": "NULL", "MaVQG": 6200, "KH": "OTC", "Check": "OK", "TenldlrTT1": "Rừng ngập mặn", "Hinh1": "https://five.epicollect.net/api/media/vqgpq2025?type=photo&format=entry_original&name=2a1fc7db-7120-422a-9f33-e89c5bb38ed2_1772775683.jpg", "Hinh2": "https://five.epicollect.net/api/media/vqgpq2025?type=photo&format=entry_original&name=2a1fc7db-7120-422a-9f33-e89c5bb38ed2_1772775704.jpg", "Tenhinh": "50"}}, {"type": "Feature", "geometry": {"coordinates": [103.97754901509063, 10.411134995947261, 0.0], "type": "Point"}, "properties": {"ID": 51, "TT": 51, "MaMKA": 51, "Vitri": "Chân núi", "HuongPhoi": "Đông", "Tinh": "An Giang", "Xa": "Đặc Khu Phú Quốc", "TK": "54", "NgayDT": "6/3/2026", "NguoiDT": "Hà Văn Long", "X_NB": 442601.48, "Y_NB": 1151373.41, "Docao": 21.05, "G1": 21.0, "G2": 22.0, "G3": 21.5, "G4": 22.0, "G5": 21.0, "G": 21.5, "H1": 4.0, "H2": 3.3, "H3": 3.0, "H4": 3.2, "H5": 3.1, "H": 3.3, "M": 32.12, "Dotanche": 0.5, "LoaiUT": "Đước đôi", "HuongChup": "Tây", "KCChup": 2.0, "ten_hinh": 51, "TrangThai": "RNM", "TTThucDia": "RNM", "Note": "NULL", "MaVQG": 71, "KH": "MKA", "Check": "NULL", "TenldlrTT1": "Rừng ngập mặn", "Hinh1": "https://five.epicollect.net/api/media/vqgpq2025?type=photo&format=entry_original&name=45d7e008-6700-410d-bf04-762c1a40745d_1772774539.jpg", "Hinh2": "https://five.epicollect.net/api/media/vqgpq2025?type=photo&format=entry_original&name=45d7e008-6700-410d-bf04-762c1a40745d_1772774551.jpg", "Tenhinh": "51"}}, {"type": "Feature", "geometry": {"coordinates": [103.9737089856487, 10.405576006156654, 0.0], "type": "Point"}, "properties": {"ID": 52, "TT": 52, "MaMKA": 52, "Vitri": "Chân núi", "HuongPhoi": "Đông Bắc", "Tinh": "An Giang", "Xa": "Đặc Khu Phú Quốc", "TK": "54", "NgayDT": "6/3/2026", "NguoiDT": "Hà Văn Long", "X_NB": 442180.01, "Y_NB": 1150759.26, "Docao": 8.79, "G1": 14.5, "G2": 14.0, "G3": 13.0, "G4": 15.0, "G5": 15.5, "G": 14.4, "H1": 10.5, "H2": 11.0, "H3": 8.0, "H4": 7.0, "H5": 6.4, "H": 8.6, "M": 55.6, "Dotanche": 0.6, "LoaiUT": "Tràm nước", "HuongChup": "Đông Bắc", "KCChup": 2.0, "ten_hinh": 52, "TrangThai": "RNP", "TTThucDia": "RNP", "Note": "NULL", "MaVQG": 51, "KH": "MKA", "Check": "NULL", "TenldlrTT1": "Rừng ngập phèn", "Hinh1": "https://five.epicollect.net/api/media/vqgpq2025?type=photo&format=entry_original&name=8374dcd0-089d-4a11-9e74-08ae3ef1a022_1772772985.jpg", "Hinh2": "https://five.epicollect.net/api/media/vqgpq2025?type=photo&format=entry_original&name=8374dcd0-089d-4a11-9e74-08ae3ef1a022_1772773000.jpg", "Tenhinh": "52"}}, {"type": "Feature", "geometry": {"coordinates": [103.97364390612829, 10.406335983647502, 0.0], "type": "Point"}, "properties": {"ID": 53, "TT": 53, "MaMKA": 53, "Vitri": "Tâm OTC", "HuongPhoi": "Đông Bắc", "Tinh": "An Giang", "Xa": "Đặc Khu Phú Quốc", "TK": "54", "NgayDT": "6/3/2026", "NguoiDT": "Hà Văn Long", "X_NB": 442173.02, "Y_NB": 1150843.33, "Docao": 11.79, "G1": 50.0, "G2": 50.5, "G3": 49.5, "G4": 53.0, "G5": 54.5, "G": 51.5, "H1": 4.1, "H2": 4.0, "H3": 3.0, "H4": 3.2, "H5": 5.0, "H": 3.9, "M": 89.46, "Dotanche": 0.5, "LoaiUT": "Đươc đôi", "HuongChup": "Bắc", "KCChup": 2.0, "ten_hinh": 53, "TrangThai": "RNM", "TTThucDia": "RNM", "Note": "NULL", "MaVQG": 6100, "KH": "OTC", "Check": "OK", "TenldlrTT1": "Rừng ngập mặn", "Hinh1": "https://five.epicollect.net/api/media/vqgpq2025?type=photo&format=entry_original&name=244fd697-4c99-40b4-b5e2-04577f39fc4e_1772772355.jpg", "Hinh2": "https://five.epicollect.net/api/media/vqgpq2025?type=photo&format=entry_original&name=244fd697-4c99-40b4-b5e2-04577f39fc4e_1772772419.jpg", "Tenhinh": "53"}}, {"type": "Feature", "geometry": {"coordinates": [103.97207798618587, 10.406248953498839, 0.0], "type": "Point"}, "properties": {"ID": 54, "TT": 54, "MaMKA": 54, "Vitri": "Chân núi", "HuongPhoi": "Đông Bắc", "Tinh": "An Giang", "Xa": "Đặc Khu Phú Quốc", "TK": "54", "NgayDT": "6/3/2026", "NguoiDT": "Hà Văn Long", "X_NB": 442001.55, "Y_NB": 1150833.99, "Docao": 6.95, "G1": 34.0, "G2": 32.0, "G3": 33.0, "G4": 34.0, "G5": 37.5, "G": 34.1, "H1": 7.5, "H2": 7.7, "H3": 7.4, "H4": 6.8, "H5": 6.3, "H": 7.1, "M": 109.56, "Dotanche": 0.7, "LoaiUT": "Đước đôi", "HuongChup": "Đông Bắc", "KCChup": 2.0, "ten_hinh": 54, "TrangThai": "RNM", "TTThucDia": "RNM", "Note": "NULL", "MaVQG": 8000, "KH": "OTC", "Check": "OK", "TenldlrTT1": "Rừng ngập mặn", "Hinh1": "https://five.epicollect.net/api/media/vqgpq2025?type=photo&format=entry_original&name=edf61fd9-9da9-4a40-b6a5-7be20db127ba_1772770676.jpg", "Hinh2": "https://five.epicollect.net/api/media/vqgpq2025?type=photo&format=entry_original&name=edf61fd9-9da9-4a40-b6a5-7be20db127ba_1772770687.jpg", "Tenhinh": "54"}}, {"type": "Feature", "geometry": {"coordinates": [103.967511972921, 10.408661982670262, 0.0], "type": "Point"}, "properties": {"ID": 55, "TT": 55, "MaMKA": 55, "Vitri": "Chân núi", "HuongPhoi": "Đông Bắc", "Tinh": "An Giang", "Xa": "Đặc Khu Phú Quốc", "TK": "54", "NgayDT": "6/3/2026", "NguoiDT": "Hà Văn Long", "X_NB": 441502.05, "Y_NB": 1151101.71, "Docao": 6.32, "G1": 0.0, "G2": 0.0, "G3": 0.0, "G4": 0.0, "G5": 0.0, "G": 0.0, "H1": 0.0, "H2": 0.0, "H3": 0.0, "H4": 0.0, "H5": 0.0, "H": 0.0, "M": 0.0, "Dotanche": 0.0, "LoaiUT": "NULL", "HuongChup": "Tây Nam", "KCChup": 1.0, "ten_hinh": 55, "TrangThai": "DTK", "TTThucDia": "DTK", "Note": "Đất quốc phòngĐon biên phòng cũ", "MaVQG": 7200, "KH": "OTC", "Check": "OK", "TenldlrTT1": "Diện tích khác", "Hinh1": "https://five.epicollect.net/api/media/vqgpq2025?type=photo&format=entry_original&name=4244af3d-4eb3-453a-bcd1-464f4e77d6c6_1772768427.jpg", "Hinh2": "https://five.epicollect.net/api/media/vqgpq2025?type=photo&format=entry_original&name=4244af3d-4eb3-453a-bcd1-464f4e77d6c6_1772768440.jpg", "Tenhinh": "55"}}, {"type": "Feature", "geometry": {"coordinates": [103.97036801499269, 10.408138022530329, 0.0], "type": "Point"}, "properties": {"ID": 56, "TT": 56, "MaMKA": 56, "Vitri": "Tâm OTC", "HuongPhoi": "Đông Bắc", "Tinh": "An Giang", "Xa": "Đặc Khu Phú Quốc", "TK": "54", "NgayDT": "6/3/2026", "NguoiDT": "Hà Văn Long", "X_NB": 441814.67, "Y_NB": 1151043.24, "Docao": 5.07, "G1": 45.0, "G2": 44.5, "G3": 46.0, "G4": 47.0, "G5": 42.0, "G": 44.9, "H1": 3.5, "H2": 3.3, "H3": 3.6, "H4": 3.0, "H5": 3.5, "H": 3.4, "M": 68.29, "Dotanche": 0.6, "LoaiUT": "Đước đôi", "HuongChup": "Bắc", "KCChup": 2.0, "ten_hinh": 56, "TrangThai": "RNM", "TTThucDia": "RNM", "Note": "NULL", "MaVQG": 6900, "KH": "OTC", "Check": "OK", "TenldlrTT1": "Rừng ngập mặn", "Hinh1": "https://five.epicollect.net/api/media/vqgpq2025?type=photo&format=entry_original&name=0306b31f-9877-4686-845c-d6e51b2d661e_1772769512.jpg", "Hinh2": "https://five.epicollect.net/api/media/vqgpq2025?type=photo&format=entry_original&name=0306b31f-9877-4686-845c-d6e51b2d661e_1772769532.jpg", "Tenhinh": "56"}}, {"type": "Feature", "geometry": {"coordinates": [103.94524301529067, 10.392383985737824, 0.0], "type": "Point"}, "properties": {"ID": 57, "TT": 57, "MaMKA": 57, "Vitri": "Chân núi", "HuongPhoi": "Tây", "Tinh": "An Giang", "Xa": "Đặc Khu Phú Quốc", "TK": "57", "NgayDT": "5/3/2026", "NguoiDT": "Hà Văn Long", "X_NB": 439060.6, "Y_NB": 1149305.48, "Docao": 17.64, "G1": 17.5, "G2": 16.5, "G3": 17.0, "G4": 17.5, "G5": 16.5, "G": 17.0, "H1": 11.0, "H2": 12.0, "H3": 10.5, "H4": 7.5, "H5": 8.0, "H": 9.8, "M": 74.97, "Dotanche": 0.75, "LoaiUT": "Trâm, Thị", "HuongChup": "Đông", "KCChup": 1.0, "ten_hinh": 57, "TrangThai": "TXN", "TTThucDia": "TXN", "Note": "NULL", "MaVQG": 48, "KH": "MKA", "Check": "NULL", "TenldlrTT1": "Rừng lá rộng thường xanh và nửa rụng lá nghèo", "Hinh1": "https://five.epicollect.net/api/media/vqgpq2025?type=photo&format=entry_original&name=a2c3124c-5c04-4f7c-8a1e-e48812709ec7_1772698616.jpg", "Hinh2": "https://five.epicollect.net/api/media/vqgpq2025?type=photo&format=entry_original&name=a2c3124c-5c04-4f7c-8a1e-e48812709ec7_1772698631.jpg", "Tenhinh": "57"}}, {"type": "Feature", "geometry": {"coordinates": [103.94569990373653, 10.387711076907603, 0.0], "type": "Point"}, "properties": {"ID": 58, "TT": 58, "MaMKA": 58, "Vitri": "Sườn núi", "HuongPhoi": "Tây", "Tinh": "An Giang", "Xa": "Đặc Khu Phú Quốc", "TK": "57", "NgayDT": "5/3/2026", "NguoiDT": "Hà Văn Long", "X_NB": 439109.73, "Y_NB": 1148788.55, "Docao": 27.8, "G1": 12.0, "G2": 11.5, "G3": 11.0, "G4": 11.5, "G5": 11.0, "G": 11.4, "H1": 3.0, "H2": 6.5, "H3": 8.4, "H4": 10.5, "H5": 10.8, "H": 7.8, "M": 40.22, "Dotanche": 0.75, "LoaiUT": "Sầm, Còng, Làu táu", "HuongChup": "Nam", "KCChup": 2.0, "ten_hinh": 58, "TrangThai": "TXN", "TTThucDia": "TXN", "Note": "NULL", "MaVQG": 2600, "KH": "OTC", "Check": "OK", "TenldlrTT1": "Rừng lá rộng thường xanh và nửa rụng lá nghèo", "Hinh1": "https://five.epicollect.net/api/media/vqgpq2025?type=photo&format=entry_original&name=bed53f5c-eb21-4fda-8acd-4bcdebfa5b89_1772697876.jpg", "Hinh2": "https://five.epicollect.net/api/media/vqgpq2025?type=photo&format=entry_original&name=bed53f5c-eb21-4fda-8acd-4bcdebfa5b89_1772697893.jpg", "Tenhinh": "58"}}, {"type": "Feature", "geometry": {"coordinates": [103.98915496675058, 10.399906053271586, 0.0], "type": "Point"}, "properties": {"ID": 59, "TT": 59, "MaMKA": 59, "Vitri": "Chân núi", "HuongPhoi": "Đông", "Tinh": "An Giang", "Xa": "Đặc Khu Phú Quốc", "TK": "55", "NgayDT": "5/3/2026", "NguoiDT": "Hà Văn Long", "X_NB": 443870.24, "Y_NB": 1150129.38, "Docao": 9.9, "G1": 7.0, "G2": 8.0, "G3": 6.5, "G4": 6.5, "G5": 7.0, "G": 7.0, "H1": 14.0, "H2": 13.5, "H3": 6.0, "H4": 8.0, "H5": 7.5, "H": 9.8, "M": 30.87, "Dotanche": 0.6, "LoaiUT": "Tràm nước", "HuongChup": "Tây", "KCChup": 1.0, "ten_hinh": 59, "TrangThai": "RNP", "TTThucDia": "RNP", "Note": "NULL", "MaVQG": 4800, "KH": "OTC", "Check": "OK", "TenldlrTT1": "Rừng ngập phèn", "Hinh1": "https://five.epicollect.net/api/media/vqgpq2025?type=photo&format=entry_original&name=548b68f1-4488-4e97-9eab-cf6d22f766b1_1772682764.jpg", "Hinh2": "https://five.epicollect.net/api/media/vqgpq2025?type=photo&format=entry_original&name=548b68f1-4488-4e97-9eab-cf6d22f766b1_1772682785.jpg", "Tenhinh": "59"}}, {"type": "Feature", "geometry": {"coordinates": [103.98715813716535, 10.391951978165855, 0.0], "type": "Point"}, "properties": {"ID": 60, "TT": 60, "MaMKA": 60, "Vitri": "Chân núi", "HuongPhoi": "Đông", "Tinh": "An Giang", "Xa": "Đặc Khu Phú Quốc", "TK": "55", "NgayDT": "5/3/2026", "NguoiDT": "Hà Văn Long", "X_NB": 443650.17, "Y_NB": 1149249.98, "Docao": 7.87, "G1": 26.5, "G2": 27.5, "G3": 26.5, "G4": 27.0, "G5": 27.5, "G": 27.0, "H1": 12.0, "H2": 11.5, "H3": 7.5, "H4": 7.5, "H5": 7.0, "H": 9.1, "M": 110.57, "Dotanche": 0.6, "LoaiUT": "Tràm nước", "HuongChup": "Nam", "KCChup": 2.0, "ten_hinh": 60, "TrangThai": "RNP", "TTThucDia": "RNP", "Note": "NULL", "MaVQG": 76, "KH": "MKA", "Check": "NULL", "TenldlrTT1": "Rừng ngập phèn", "Hinh1": "https://five.epicollect.net/api/media/vqgpq2025?type=photo&format=entry_original&name=c3e63cfc-077a-4539-965e-ced64bd0c91b_1772679247.jpg", "Hinh2": "https://five.epicollect.net/api/media/vqgpq2025?type=photo&format=entry_original&name=c3e63cfc-077a-4539-965e-ced64bd0c91b_1772679258.jpg", "Tenhinh": "60"}}, {"type": "Feature", "geometry": {"coordinates": [103.98915799305995, 10.393223969306291, 0.0], "type": "Point"}, "properties": {"ID": 61, "TT": 61, "MaMKA": 61, "Vitri": "Chân núi", "HuongPhoi": "Nam", "Tinh": "An Giang", "Xa": "Đặc Khu Phú Quốc", "TK": "55", "NgayDT": "5/3/2026", "NguoiDT": "Hà Văn Long", "X_NB": 443869.38, "Y_NB": 1149390.32, "Docao": 9.95, "G1": 25.0, "G2": 24.5, "G3": 26.0, "G4": 25.5, "G5": 25.0, "G": 25.2, "H1": 7.0, "H2": 6.5, "H3": 7.0, "H4": 10.0, "H5": 10.5, "H": 8.2, "M": 92.99, "Dotanche": 0.65, "LoaiUT": "Tràm nước", "HuongChup": "Bắc", "KCChup": 2.0, "ten_hinh": 61, "TrangThai": "RNP", "TTThucDia": "RNP", "Note": "NULL", "MaVQG": 56, "KH": "MKA", "Check": "NULL", "TenldlrTT1": "Rừng ngập phèn", "Hinh1": "https://five.epicollect.net/api/media/vqgpq2025?type=photo&format=entry_original&name=5e5572d9-7f62-4c21-9b86-7a6c72bb8f69_1772677421.jpg", "Hinh2": "https://five.epicollect.net/api/media/vqgpq2025?type=photo&format=entry_original&name=5e5572d9-7f62-4c21-9b86-7a6c72bb8f69_1772677437.jpg", "Tenhinh": "61"}}, {"type": "Feature", "geometry": {"coordinates": [103.98910400827292, 10.396498965259118, 0.0], "type": "Point"}, "properties": {"ID": 62, "TT": 62, "MaMKA": 62, "Vitri": "Chân núi", "HuongPhoi": "Đông", "Tinh": "An Giang", "Xa": "Đặc Khu Phú Quốc", "TK": "55", "NgayDT": "5/3/2026", "NguoiDT": "Hà Văn Long", "X_NB": 443864.05, "Y_NB": 1149752.55, "Docao": 9.1, "G1": 24.0, "G2": 25.5, "G3": 24.0, "G4": 24.0, "G5": 24.5, "G": 24.4, "H1": 8.2, "H2": 7.5, "H3": 4.1, "H4": 5.3, "H5": 5.2, "H": 6.1, "M": 66.54, "Dotanche": 0.5, "LoaiUT": "Tràm nước", "HuongChup": "Nam", "KCChup": 2.0, "ten_hinh": 62, "TrangThai": "RNP", "TTThucDia": "RNP", "Note": "NULL", "MaVQG": 75, "KH": "MKA", "Check": "NULL", "TenldlrTT1": "Rừng ngập phèn", "Hinh1": "https://five.epicollect.net/api/media/vqgpq2025?type=photo&format=entry_original&name=7f741b28-5c9f-4d0b-abb9-8d51fa303b4e_1772675314.jpg", "Hinh2": "https://five.epicollect.net/api/media/vqgpq2025?type=photo&format=entry_original&name=7f741b28-5c9f-4d0b-abb9-8d51fa303b4e_1772675335.jpg", "Tenhinh": "62"}}, {"type": "Feature", "geometry": {"coordinates": [103.98198299633326, 10.350041948168235, 0.0], "type": "Point"}, "properties": {"ID": 63, "TT": 63, "MaMKA": 63, "Vitri": "Chân núi", "HuongPhoi": "Tây", "Tinh": "An Giang", "Xa": "Đặc Khu Phú Quốc", "TK": "58", "NgayDT": "4/3/2026", "NguoiDT": "Hà Văn Long", "X_NB": 443075.96, "Y_NB": 1144615.52, "Docao": 40.06, "G1": 15.0, "G2": 16.0, "G3": 16.0, "G4": 17.0, "G5": 15.0, "G": 15.8, "H1": 7.0, "H2": 7.2, "H3": 7.1, "H4": 7.0, "H5": 7.5, "H": 7.2, "M": 56.56, "Dotanche": 0.65, "LoaiUT": "Hoàng đan giả", "HuongChup": "Nam", "KCChup": 2.0, "ten_hinh": 63, "TrangThai": "TG", "TTThucDia": "TG", "Note": "Rừng trồng cây Hoàngđan giả", "MaVQG": 29, "KH": "MKA", "Check": "NULL", "TenldlrTT1": "Rừng gỗ trồng núi đất", "Hinh1": "https://five.epicollect.net/api/media/vqgpq2025?type=photo&format=entry_original&name=6f893585-a63a-44a5-a291-9598cd8646f0_1772607501.jpg", "Hinh2": "https://five.epicollect.net/api/media/vqgpq2025?type=photo&format=entry_original&name=6f893585-a63a-44a5-a291-9598cd8646f0_1772607512.jpg", "Tenhinh": "63"}}, {"type": "Feature", "geometry": {"coordinates": [103.99915291745761, 10.354644022715606, 0.0], "type": "Point"}, "properties": {"ID": 64, "TT": 64, "MaMKA": 64, "Vitri": "Sườn núi", "HuongPhoi": "Đông Nam", "Tinh": "An Giang", "Xa": "Đặc Khu Phú Quốc", "TK": "62", "NgayDT": "4/3/2026", "NguoiDT": "Hà Văn Long", "X_NB": 444957.09, "Y_NB": 1145121.51, "Docao": 203.0, "G1": 21.5, "G2": 23.5, "G3": 23.5, "G4": 22.0, "G5": 22.5, "G": 22.6, "H1": 19.0, "H2": 17.0, "H3": 12.0, "H4": 8.0, "H5": 7.5, "H": 12.7, "M": 129.16, "Dotanche": 0.85, "LoaiUT": "Bô bô, Kiền kiền", "HuongChup": "Tây Bắc", "KCChup": 2.0, "ten_hinh": 64, "TrangThai": "TXB", "TTThucDia": "TXB", "Note": "NULL", "MaVQG": 43, "KH": "MKA", "Check": "NULL", "TenldlrTT1": "Rừng lá rộng thường xanh và nửa rụng lá trung bình", "Hinh1": "https://five.epicollect.net/api/media/vqgpq2025?type=photo&format=entry_original&name=2f2801ce-d942-4f38-b698-44a4390ea1d3_1772599429.jpg", "Hinh2": "https://five.epicollect.net/api/media/vqgpq2025?type=photo&format=entry_original&name=2f2801ce-d942-4f38-b698-44a4390ea1d3_1772599442.jpg", "Tenhinh": "64"}}, {"type": "Feature", "geometry": {"coordinates": [103.9923160037955, 10.353535045526776, 0.0], "type": "Point"}, "properties": {"ID": 65, "TT": 65, "MaMKA": 65, "Vitri": "Đỉnh núi", "HuongPhoi": "Tây", "Tinh": "An Giang", "Xa": "Đặc Khu Phú Quốc", "TK": "62", "NgayDT": "4/3/2026", "NguoiDT": "Hà Văn Long", "X_NB": 444208.17, "Y_NB": 1145000.04, "Docao": 244.25, "G1": 24.6, "G2": 24.9, "G3": 13.6, "G4": 22.1, "G5": 21.8, "G": 21.4, "H1": 11.5, "H2": 11.0, "H3": 14.2, "H4": 12.7, "H5": 5.4, "H": 11.0, "M": 105.54, "Dotanche": 0.82, "LoaiUT": "Xương cá, Trâm, Thị", "HuongChup": "Nam", "KCChup": 2.0, "ten_hinh": 65, "TrangThai": "TXB", "TTThucDia": "TXB", "Note": "NULL", "MaVQG": 3400, "KH": "OTC", "Check": "OK", "TenldlrTT1": "Rừng lá rộng thường xanh và nửa rụng lá trung bình", "Hinh1": "https://five.epicollect.net/api/media/vqgpq2025?type=photo&format=entry_original&name=7b2e0359-c1b8-491a-bb36-69fbd12c626f_1772595821.jpg", "Hinh2": "https://five.epicollect.net/api/media/vqgpq2025?type=photo&format=entry_original&name=7b2e0359-c1b8-491a-bb36-69fbd12c626f_1772595838.jpg", "Tenhinh": "65"}}, {"type": "Feature", "geometry": {"coordinates": [104.0091600069173, 10.32773397314217, 0.0], "type": "Point"}, "properties": {"ID": 66, "TT": 66, "MaMKA": 66, "Vitri": "Sườn núi", "HuongPhoi": "Nam", "Tinh": "An Giang", "Xa": "Đặc Khu Phú Quốc", "TK": "62", "NgayDT": "2/3/2026", "NguoiDT": "Hà Văn Long", "X_NB": 446048.4, "Y_NB": 1142143.49, "Docao": 29.44, "G1": 30.5, "G2": 37.0, "G3": 32.0, "G4": 34.0, "G5": 35.5, "G": 33.8, "H1": 7.5, "H2": 8.0, "H3": 11.0, "H4": 18.0, "H5": 30.0, "H": 14.9, "M": 226.63, "Dotanche": 0.85, "LoaiUT": "Dầu song nàng, Gội", "HuongChup": "Bắc", "KCChup": 2.0, "ten_hinh": 66, "TrangThai": "TXG", "TTThucDia": "TXG", "Note": "NULL", "MaVQG": 62, "KH": "MKA", "Check": "NULL", "TenldlrTT1": "Rừng lá rộng thường xanh và nửa rụng lá giàu", "Hinh1": "https://five.epicollect.net/api/media/vqgpq2025?type=photo&format=entry_original&name=aa4b3a59-b47c-4ff2-84a6-75991ce25346_1772435080.jpg", "Hinh2": "https://five.epicollect.net/api/media/vqgpq2025?type=photo&format=entry_original&name=aa4b3a59-b47c-4ff2-84a6-75991ce25346_1772435099.jpg", "Tenhinh": "66"}}, {"type": "Feature", "geometry": {"coordinates": [104.03386604042419, 10.332092001053073, 0.0], "type": "Point"}, "properties": {"ID": 67, "TT": 67, "MaMKA": 67, "Vitri": "Sườn núi", "HuongPhoi": "Đông Nam", "Tinh": "An Giang", "Xa": "Đặc Khu Phú Quốc", "TK": "63", "NgayDT": "2/3/2026", "NguoiDT": "Hà Văn Long", "X_NB": 448754.91, "Y_NB": 1142621.44, "Docao": 60.48, "G1": 16.0, "G2": 16.0, "G3": 16.0, "G4": 15.0, "G5": 15.5, "G": 15.7, "H1": 12.0, "H2": 9.0, "H3": 8.0, "H4": 5.5, "H5": 5.0, "H": 7.9, "M": 55.81, "Dotanche": 0.75, "LoaiUT": "Thị, Trâm", "HuongChup": "Tây Bắc", "KCChup": 2.0, "ten_hinh": 67, "TrangThai": "TXN", "TTThucDia": "TXN", "Note": "NULL", "MaVQG": 40, "KH": "MKA", "Check": "NULL", "TenldlrTT1": "Rừng lá rộng thường xanh và nửa rụng lá nghèo", "Hinh1": "https://five.epicollect.net/api/media/vqgpq2025?type=photo&format=entry_original&name=730c35e0-59e9-4652-a411-2afd4bf13c1d_1772432657.jpg", "Hinh2": "https://five.epicollect.net/api/media/vqgpq2025?type=photo&format=entry_original&name=730c35e0-59e9-4652-a411-2afd4bf13c1d_1772432673.jpg", "Tenhinh": "67"}}, {"type": "Feature", "geometry": {"coordinates": [104.04990103774149, 10.331073008092115, 0.0], "type": "Point"}, "properties": {"ID": 68, "TT": 68, "MaMKA": 68, "Vitri": "Sườn núi", "HuongPhoi": "Tây", "Tinh": "An Giang", "Xa": "Đặc Khu Phú Quốc", "TK": "67", "NgayDT": "2/3/2026", "NguoiDT": "Hà Văn Long", "X_NB": 450510.88, "Y_NB": 1142506.22, "Docao": 120.51, "G1": 16.0, "G2": 17.0, "G3": 17.0, "G4": 17.0, "G5": 18.0, "G": 17.0, "H1": 8.0, "H2": 4.5, "H3": 7.5, "H4": 10.0, "H5": 10.5, "H": 8.1, "M": 61.97, "Dotanche": 0.75, "LoaiUT": "Kiền kiền", "HuongChup": "Đông Bắc", "KCChup": 1.0, "ten_hinh": 68, "TrangThai": "TXN", "TTThucDia": "TXN", "Note": "NULL", "MaVQG": 79, "KH": "MKA", "Check": "NULL", "TenldlrTT1": "Rừng lá rộng thường xanh và nửa rụng lá nghèo", "Hinh1": "https://five.epicollect.net/api/media/vqgpq2025?type=photo&format=entry_original&name=2a204458-77b7-42ef-be50-fdf306428669_1772423308.jpg", "Hinh2": "https://five.epicollect.net/api/media/vqgpq2025?type=photo&format=entry_original&name=2a204458-77b7-42ef-be50-fdf306428669_1772423323.jpg", "Tenhinh": "68"}}, {"type": "Feature", "geometry": {"coordinates": [104.05194104758854, 10.333113983134497, 0.0], "type": "Point"}, "properties": {"ID": 69, "TT": 69, "MaMKA": 69, "Vitri": "Sườn núi", "HuongPhoi": "Tây", "Tinh": "An Giang", "Xa": "Đặc Khu Phú Quốc", "TK": "67", "NgayDT": "2/3/2026", "NguoiDT": "Hà Văn Long", "X_NB": 450734.61, "Y_NB": 1142731.64, "Docao": 150.64, "G1": 26.0, "G2": 24.5, "G3": 25.0, "G4": 25.5, "G5": 26.0, "G": 25.4, "H1": 13.0, "H2": 12.5, "H3": 12.5, "H4": 8.0, "H5": 8.0, "H": 10.8, "M": 123.44, "Dotanche": 0.85, "LoaiUT": "Kiền kiền", "HuongChup": "Đông", "KCChup": 2.0, "ten_hinh": 69, "TrangThai": "TXB", "TTThucDia": "TXB", "Note": "NULL", "MaVQG": 5900, "KH": "OTC", "Check": "OK", "TenldlrTT1": "Rừng lá rộng thường xanh và nửa rụng lá trung bình", "Hinh1": "https://five.epicollect.net/api/media/vqgpq2025?type=photo&format=entry_original&name=4fb35a8f-a3a9-4a04-91c5-dc88823fed8b_1772421527.jpg", "Hinh2": "https://five.epicollect.net/api/media/vqgpq2025?type=photo&format=entry_original&name=4fb35a8f-a3a9-4a04-91c5-dc88823fed8b_1772421585.jpg", "Tenhinh": "69"}}, {"type": "Feature", "geometry": {"coordinates": [104.06919199552357, 10.289677032922746, 0.0], "type": "Point"}, "properties": {"ID": 70, "TT": 70, "MaMKA": 70, "Vitri": "Tâm OTC", "HuongPhoi": "Đông", "Tinh": "An Giang", "Xa": "Đặc Khu Phú Quốc", "TK": "68", "NgayDT": "27/02/2026", "NguoiDT": "Nguyễn Hồng Quân", "X_NB": 452617.43, "Y_NB": 1137924.85, "Docao": 27.45, "G1": 19.5, "G2": 22.6, "G3": 20.4, "G4": 19.7, "G5": 22.5, "G": 20.94, "H1": 8.8, "H2": 10.0, "H3": 14.1, "H4": 18.5, "H5": 17.8, "H": 13.8, "M": 130.41, "Dotanche": 0.85, "LoaiUT": "Làu táu, Mô ca, Bứa, Trâm, Kiền kiền", "HuongChup": "Bắc", "KCChup": 1.0, "ten_hinh": 70, "TrangThai": "TXB", "TTThucDia": "TXB", "Note": "NULL", "MaVQG": 3900, "KH": "OTC", "Check": "OK", "TenldlrTT1": "Rừng lá rộng thường xanh và nửa rụng lá trung bình", "Hinh1": "https://five.epicollect.net/api/media/vqgpq2025?type=photo&format=entry_original&name=6acd059b-4ce9-42c5-ba93-9261b2e7899c_1772177340.jpg", "Hinh2": "https://five.epicollect.net/api/media/vqgpq2025?type=photo&format=entry_original&name=6acd059b-4ce9-42c5-ba93-9261b2e7899c_1772177357.jpg", "Tenhinh": "70"}}, {"type": "Feature", "geometry": {"coordinates": [103.88533902301768, 10.343483058324708, 0.0], "type": "Point"}, "properties": {"ID": 71, "TT": 71, "MaMKA": 71, "Vitri": "Chân núi", "HuongPhoi": "Tây", "Tinh": "An Giang", "Xa": "Đặc Khu Phú Quốc", "TK": "61", "NgayDT": "27/02/2026", "NguoiDT": "Hà Văn Long", "X_NB": 432490.7, "Y_NB": 1143908.87, "Docao": 33.38, "G1": 15.0, "G2": 14.5, "G3": 15.5, "G4": 14.5, "G5": 14.5, "G": 14.8, "H1": 7.0, "H2": 10.0, "H3": 6.0, "H4": 5.0, "H5": 4.0, "H": 6.4, "M": 42.62, "Dotanche": 0.6, "LoaiUT": "Trâm, Bứa", "HuongChup": "Bắc", "KCChup": 2.0, "ten_hinh": 71, "TrangThai": "TXN", "TTThucDia": "TXN", "Note": "NULL", "MaVQG": 37, "KH": "MKA", "Check": "NULL", "TenldlrTT1": "Rừng lá rộng thường xanh và nửa rụng lá nghèo", "Hinh1": "https://five.epicollect.net/api/media/vqgpq2025?type=photo&format=entry_original&name=6d72a0b5-ac65-4ab2-aeee-9903f47d29c5_1772167951.jpg", "Hinh2": "https://five.epicollect.net/api/media/vqgpq2025?type=photo&format=entry_original&name=6d72a0b5-ac65-4ab2-aeee-9903f47d29c5_1772167962.jpg", "Tenhinh": "71"}}, {"type": "Feature", "geometry": {"coordinates": [103.88124096083024, 10.363233014254522, 0.0], "type": "Point"}, "properties": {"ID": 72, "TT": 72, "MaMKA": 72, "Vitri": "Chân núi", "HuongPhoi": "Nam", "Tinh": "An Giang", "Xa": "Đặc Khu Phú Quốc", "TK": "59", "NgayDT": "27/02/2026", "NguoiDT": "Hà Văn Long", "X_NB": 432046.13, "Y_NB": 1146094.18, "Docao": 78.67, "G1": 15.5, "G2": 17.5, "G3": 16.5, "G4": 16.5, "G5": 17.0, "G": 16.6, "H1": 9.0, "H2": 9.5, "H3": 9.2, "H4": 8.0, "H5": 6.0, "H": 8.3, "M": 62.3, "Dotanche": 0.75, "LoaiUT": "ổi rừng, Làu táu", "HuongChup": "Tây Bắc", "KCChup": 2.0, "ten_hinh": 72, "TrangThai": "TXN", "TTThucDia": "TXN", "Note": "NULL", "MaVQG": 39, "KH": "MKA", "Check": "NULL", "TenldlrTT1": "Rừng lá rộng thường xanh và nửa rụng lá nghèo", "Hinh1": "https://five.epicollect.net/api/media/vqgpq2025?type=photo&format=entry_original&name=dcb8df41-eaca-49b8-bb2d-a3e3e7744fce_1772158318.jpg", "Hinh2": "https://five.epicollect.net/api/media/vqgpq2025?type=photo&format=entry_original&name=dcb8df41-eaca-49b8-bb2d-a3e3e7744fce_1772158343.jpg", "Tenhinh": "72"}}, {"type": "Feature", "geometry": {"coordinates": [103.99326397724445, 10.404916976335288, 0.0], "type": "Point"}, "properties": {"ID": 73, "TT": 73, "MaMKA": 73, "Vitri": "Chân núi", "HuongPhoi": "Đông", "Tinh": "An Giang", "Xa": "Đặc Khu Phú Quốc", "TK": "53", "NgayDT": "26/02/2026", "NguoiDT": "Hà Văn Long", "X_NB": 444321.04, "Y_NB": 1150682.88, "Docao": 8.58, "G1": 23.5, "G2": 25.0, "G3": 24.5, "G4": 24.0, "G5": 23.5, "G": 24.1, "H1": 6.0, "H2": 12.0, "H3": 4.1, "H4": 4.0, "H5": 6.5, "H": 6.5, "M": 70.71, "Dotanche": 0.5, "LoaiUT": "Tràm nước", "HuongChup": "Tây", "KCChup": 2.0, "ten_hinh": 73, "TrangThai": "RNP", "TTThucDia": "RNP", "Note": "NULL", "MaVQG": 51, "KH": "MKA", "Check": "NULL", "TenldlrTT1": "Rừng ngập phèn", "Hinh1": "https://five.epicollect.net/api/media/vqgpq2025?type=photo&format=entry_original&name=7781bc46-4a2c-480c-a1c4-e7a669522811_1772085097.jpg", "Hinh2": "https://five.epicollect.net/api/media/vqgpq2025?type=photo&format=entry_original&name=7781bc46-4a2c-480c-a1c4-e7a669522811_1772085116.jpg", "Tenhinh": "73"}}, {"type": "Feature", "geometry": {"coordinates": [104.06576601599903, 10.2184230622404, 0.0], "type": "Point"}, "properties": {"ID": 74, "TT": 74, "MaMKA": 74, "Vitri": "Tâm OTC", "HuongPhoi": "Đông", "Tinh": "An Giang", "Xa": "Đặc Khu Phú Quốc", "TK": "78", "NgayDT": "27/02/2026", "NguoiDT": "Nguyễn Hồng Quân", "X_NB": 452231.54, "Y_NB": 1130044.58, "Docao": 69.18, "G1": 21.4, "G2": 23.1, "G3": 19.8, "G4": 23.4, "G5": 22.6, "G": 22.06, "H1": 6.8, "H2": 7.9, "H3": 8.7, "H4": 8.6, "H5": 10.0, "H": 8.4, "M": 83.39, "Dotanche": 0.8, "LoaiUT": "Xương cá, kiền kiền, bứa", "HuongChup": "Bắc", "KCChup": 2.0, "ten_hinh": 74, "TrangThai": "TXN", "TTThucDia": "TXN", "Note": "NULL", "MaVQG": 4000, "KH": "OTC", "Check": "OK", "TenldlrTT1": "Rừng lá rộng thường xanh và nửa rụng lá nghèo", "Hinh1": "https://five.epicollect.net/api/media/vqgpq2025?type=photo&format=entry_original&name=21260584-5e05-4e31-82fc-0e143724fcc6_1772169297.jpg", "Hinh2": "https://five.epicollect.net/api/media/vqgpq2025?type=photo&format=entry_original&name=21260584-5e05-4e31-82fc-0e143724fcc6_1772169320.jpg", "Tenhinh": "74"}}, {"type": "Feature", "geometry": {"coordinates": [104.01099793298224, 10.4224969960079, 0.0], "type": "Point"}, "properties": {"ID": 75, "TT": 75, "MaMKA": 75, "Vitri": "Chân núi", "HuongPhoi": "Nam", "Tinh": "An Giang", "Xa": "Đặc Khu Phú Quốc", "TK": "53", "NgayDT": "26/02/2026", "NguoiDT": "Hà Văn Long", "X_NB": 446265.8, "Y_NB": 1152624.24, "Docao": 15.52, "G1": 40.0, "G2": 40.0, "G3": 41.0, "G4": 41.5, "G5": 42.0, "G": 40.9, "H1": 8.0, "H2": 7.0, "H3": 5.5, "H4": 3.0, "H5": 2.8, "H": 5.3, "M": 96.81, "Dotanche": 0.5, "LoaiUT": "Tràm nước", "HuongChup": "Đông", "KCChup": 2.0, "ten_hinh": 75, "TrangThai": "RNP", "TTThucDia": "RNP", "Note": "NULL", "MaVQG": 52, "KH": "MKA", "Check": "NULL", "TenldlrTT1": "Rừng ngập phèn", "Hinh1": "https://five.epicollect.net/api/media/vqgpq2025?type=photo&format=entry_original&name=c474e555-46cb-49ee-abd3-b2302eebdcb9_1772082313.jpg", "Hinh2": "https://five.epicollect.net/api/media/vqgpq2025?type=photo&format=entry_original&name=c474e555-46cb-49ee-abd3-b2302eebdcb9_1772082330.jpg", "Tenhinh": "75"}}, {"type": "Feature", "geometry": {"coordinates": [104.0059181760671, 10.41394801883733, 0.0], "type": "Point"}, "properties": {"ID": 76, "TT": 76, "MaMKA": 76, "Vitri": "Chân núi", "HuongPhoi": "Tây", "Tinh": "An Giang", "Xa": "Đặc Khu Phú Quốc", "TK": "53", "NgayDT": "26/02/2026", "NguoiDT": "Hà Văn Long", "X_NB": 445708.15, "Y_NB": 1151679.56, "Docao": 8.97, "G1": 30.0, "G2": 29.5, "G3": 28.0, "G4": 33.0, "G5": 30.0, "G": 30.1, "H1": 7.5, "H2": 7.8, "H3": 7.5, "H4": 7.0, "H5": 7.0, "H": 7.4, "M": 99.69, "Dotanche": 0.6, "LoaiUT": "Tràm nước", "HuongChup": "Bắc", "KCChup": 2.0, "ten_hinh": 76, "TrangThai": "RNP", "TTThucDia": "RNP", "Note": "NULL", "MaVQG": 53, "KH": "MKA", "Check": "NULL", "TenldlrTT1": "Rừng ngập phèn", "Hinh1": "https://five.epicollect.net/api/media/vqgpq2025?type=photo&format=entry_original&name=83e0003b-3ecf-4b94-8f02-be4235f6c823_1772080470.jpg", "Hinh2": "https://five.epicollect.net/api/media/vqgpq2025?type=photo&format=entry_original&name=83e0003b-3ecf-4b94-8f02-be4235f6c823_1772080483.jpg", "Tenhinh": "76"}}, {"type": "Feature", "geometry": {"coordinates": [103.98210602409804, 10.419360013280839, 0.0], "type": "Point"}, "properties": {"ID": 77, "TT": 77, "MaMKA": 77, "Vitri": "Chân núi", "HuongPhoi": "Tây Nam", "Tinh": "An Giang", "Xa": "Đặc Khu Phú Quốc", "TK": "53", "NgayDT": "26/02/2026", "NguoiDT": "Hà Văn Long", "X_NB": 443101.92, "Y_NB": 1152282.31, "Docao": 13.51, "G1": 30.0, "G2": 29.5, "G3": 30.0, "G4": 29.0, "G5": 30.0, "G": 29.7, "H1": 3.5, "H2": 3.1, "H3": 10.2, "H4": 11.0, "H5": 8.1, "H": 7.2, "M": 95.96, "Dotanche": 0.5, "LoaiUT": "Tràm nước", "HuongChup": "Tây Nam", "KCChup": 2.0, "ten_hinh": 77, "TrangThai": "RNP", "TTThucDia": "RNP", "Note": "NULL", "MaVQG": 4900, "KH": "OTC", "Check": "OK", "TenldlrTT1": "Rừng ngập phèn", "Hinh1": "https://five.epicollect.net/api/media/vqgpq2025?type=photo&format=entry_original&name=2a2da280-f00d-4540-abdd-d4d738460cae_1772078192.jpg", "Hinh2": "https://five.epicollect.net/api/media/vqgpq2025?type=photo&format=entry_original&name=2a2da280-f00d-4540-abdd-d4d738460cae_1772078211.jpg", "Tenhinh": "77"}}, {"type": "Feature", "geometry": {"coordinates": [103.97246404006238, 10.434382085810382, 0.0], "type": "Point"}, "properties": {"ID": 78, "TT": 78, "MaMKA": 78, "Vitri": "Chân núi", "HuongPhoi": "Tây", "Tinh": "An Giang", "Xa": "Đặc Khu Phú Quốc", "TK": "52", "NgayDT": "26/02/2026", "NguoiDT": "Hà Văn Long", "X_NB": 442049.0, "Y_NB": 1153945.55, "Docao": 10.92, "G1": 24.0, "G2": 23.0, "G3": 24.0, "G4": 22.5, "G5": 24.0, "G": 23.5, "H1": 8.5, "H2": 10.0, "H3": 8.2, "H4": 7.5, "H5": 6.0, "H": 8.0, "M": 85.02, "Dotanche": 0.75, "LoaiUT": "Trâm, Thị, Sầm", "HuongChup": "Tây", "KCChup": 2.0, "ten_hinh": 78, "TrangThai": "TXN", "TTThucDia": "TXN", "Note": "NULL", "MaVQG": 49, "KH": "MKA", "Check": "NULL", "TenldlrTT1": "Rừng lá rộng thường xanh và nửa rụng lá nghèo", "Hinh1": "https://five.epicollect.net/api/media/vqgpq2025?type=photo&format=entry_original&name=5c1fc020-d5a1-412e-9e51-9162fdd192d3_1772076154.jpg", "Hinh2": "https://five.epicollect.net/api/media/vqgpq2025?type=photo&format=entry_original&name=5c1fc020-d5a1-412e-9e51-9162fdd192d3_1772076173.jpg", "Tenhinh": "78"}}, {"type": "Feature", "geometry": {"coordinates": [104.0678180139034, 10.334558002993603, 0.0], "type": "Point"}, "properties": {"ID": 79, "TT": 79, "MaMKA": 79, "Vitri": "Tâm OTC", "HuongPhoi": "Đông", "Tinh": "An Giang", "Xa": "Đặc Khu Phú Quốc", "TK": "68", "NgayDT": "26/02/2026", "NguoiDT": "Nguyễn Hồng Quân", "X_NB": 452473.64, "Y_NB": 1142888.96, "Docao": 35.4, "G1": 21.8, "G2": 22.5, "G3": 22.8, "G4": 23.0, "G5": 24.0, "G": 22.82, "H1": 7.7, "H2": 6.0, "H3": 9.8, "H4": 14.5, "H5": 13.6, "H": 10.3, "M": 105.98, "Dotanche": 0.85, "LoaiUT": "Dẻ, săngđen, làu táu, bứa, dầu mít", "HuongChup": "Bắc", "KCChup": 2.0, "ten_hinh": 79, "TrangThai": "TXB", "TTThucDia": "TXB", "Note": "NULL", "MaVQG": 2700, "KH": "OTC", "Check": "OK", "TenldlrTT1": "Rừng lá rộng thường xanh và nửa rụng lá trung bình", "Hinh1": "https://five.epicollect.net/api/media/vqgpq2025?type=photo&format=entry_original&name=38f5639b-8679-48ea-8560-f822b3da9d2d_1772091151.jpg", "Hinh2": "https://five.epicollect.net/api/media/vqgpq2025?type=photo&format=entry_original&name=38f5639b-8679-48ea-8560-f822b3da9d2d_1772091164.jpg", "Tenhinh": "79"}}, {"type": "Feature", "geometry": {"coordinates": [104.05615091925809, 10.211165997162432, 0.0], "type": "Point"}, "properties": {"ID": 80, "TT": 80, "MaMKA": 80, "Vitri": "Tâm OTC", "HuongPhoi": "Bắc", "Tinh": "An Giang", "Xa": "Đặc Khu Phú Quốc", "TK": "78", "NgayDT": "26/02/2026", "NguoiDT": "Nguyễn Hồng Quân", "X_NB": 451177.04, "Y_NB": 1129243.37, "Docao": 18.6, "G1": 0.0, "G2": 0.0, "G3": 0.0, "G4": 0.0, "G5": 0.0, "G": 0.0, "H1": 0.0, "H2": 0.0, "H3": 0.0, "H4": 0.0, "H5": 0.0, "H": 0.0, "M": 0.0, "Dotanche": 0.0, "LoaiUT": "NULL", "HuongChup": "Đông", "KCChup": 1.0, "ten_hinh": 80, "TrangThai": "DTK", "TTThucDia": "DTK", "Note": "Trồng tràm bông vàng, tre của người dân", "MaVQG": 4500, "KH": "OTC", "Check": "OK", "TenldlrTT1": "Diện tích khác", "Hinh1": "https://five.epicollect.net/api/media/vqgpq2025?type=photo&format=entry_original&name=1ba73e84-b6c8-4cfe-96d6-d8fb113afab9_1772078368.jpg", "Hinh2": "https://five.epicollect.net/api/media/vqgpq2025?type=photo&format=entry_original&name=1ba73e84-b6c8-4cfe-96d6-d8fb113afab9_1772078376.jpg", "Tenhinh": "80"}}, {"type": "Feature", "geometry": {"coordinates": [104.04463296647862, 10.202504990382408, 0.0], "type": "Point"}, "properties": {"ID": 81, "TT": 81, "MaMKA": 81, "Vitri": "Khác", "HuongPhoi": "Đông Bắc", "Tinh": "An Giang", "Xa": "Đặc Khu Phú Quốc", "TK": "78", "NgayDT": "26/02/2026", "NguoiDT": "Nguyễn Hồng Quân", "X_NB": 449913.78, "Y_NB": 1128287.21, "Docao": 15.02, "G1": 9.0, "G2": 8.5, "G3": 9.0, "G4": 8.5, "G5": 9.0, "G": 8.8, "H1": 6.5, "H2": 6.0, "H3": 7.0, "H4": 6.0, "H5": 6.5, "H": 6.4, "M": 28.16, "Dotanche": 0.0, "LoaiUT": "NULL", "HuongChup": "Tây Nam", "KCChup": 1.0, "ten_hinh": 81, "TrangThai": "TG", "TTThucDia": "TG", "Note": "Đất trồng dừa,đào, mít của ngừoi dân", "MaVQG": 4, "KH": "MKA", "Check": "NULL", "TenldlrTT1": "Rừng gỗ trồng núi đất", "Hinh1": "https://five.epicollect.net/api/media/vqgpq2025?type=photo&format=entry_original&name=5b6f94bc-4b04-4174-b759-88781abc2639_1772076829.jpg", "Hinh2": "https://five.epicollect.net/api/media/vqgpq2025?type=photo&format=entry_original&name=5b6f94bc-4b04-4174-b759-88781abc2639_1772076840.jpg", "Tenhinh": "81"}}, {"type": "Feature", "geometry": {"coordinates": [104.03798104154816, 10.208766973154281, 0.0], "type": "Point"}, "properties": {"ID": 82, "TT": 82, "MaMKA": 82, "Vitri": "Khác", "HuongPhoi": "Bắc", "Tinh": "An Giang", "Xa": "Đặc Khu Phú Quốc", "TK": "78", "NgayDT": "26/02/2026", "NguoiDT": "Nguyễn Hồng Quân", "X_NB": 449185.97, "Y_NB": 1128980.83, "Docao": 15.46, "G1": 10.0, "G2": 10.5, "G3": 11.0, "G4": 10.0, "G5": 9.0, "G": 10.1, "H1": 7.5, "H2": 8.0, "H3": 6.5, "H4": 8.5, "H5": 7.5, "H": 7.6, "M": 38.38, "Dotanche": 0.0, "LoaiUT": "NULL", "HuongChup": "Đông", "KCChup": 2.0, "ten_hinh": 82, "TrangThai": "TG", "TTThucDia": "TG", "Note": "Đất trồng cây tràm bông vàng,điều, cây bụi tái sinh sim, mua", "MaVQG": 5, "KH": "MKA", "Check": "NULL", "TenldlrTT1": "Rừng gỗ trồng núi đất", "Hinh1": "https://five.epicollect.net/api/media/vqgpq2025?type=photo&format=entry_original&name=8fa69607-50ac-4404-aff0-5fab5d07a238_1772075907.jpg", "Hinh2": "https://five.epicollect.net/api/media/vqgpq2025?type=photo&format=entry_original&name=8fa69607-50ac-4404-aff0-5fab5d07a238_1772075923.jpg", "Tenhinh": "82"}}, {"type": "Feature", "geometry": {"coordinates": [104.03214492499903, 10.206813015751084, 0.0], "type": "Point"}, "properties": {"ID": 83, "TT": 83, "MaMKA": 83, "Vitri": "Tâm OTC", "HuongPhoi": "Bắc", "Tinh": "An Giang", "Xa": "Đặc Khu Phú Quốc", "TK": "77", "NgayDT": "26/02/2026", "NguoiDT": "Nguyễn Hồng Quân", "X_NB": 448546.24, "Y_NB": 1128765.64, "Docao": 17.16, "G1": 8.0, "G2": 8.0, "G3": 8.5, "G4": 7.5, "G5": 7.5, "G": 7.9, "H1": 5.4, "H2": 6.9, "H3": 7.8, "H4": 8.7, "H5": 9.6, "H": 7.7, "M": 27.3, "Dotanche": 0.35, "LoaiUT": "Chò xót, bứa", "HuongChup": "Nam", "KCChup": 1.0, "ten_hinh": 83, "TrangThai": "TXK", "TTThucDia": "TXK", "Note": "Trảng tranh, sim, mua", "MaVQG": 200, "KH": "OTC", "Check": "OK", "TenldlrTT1": "Rừng lá rộng thường xanh và nửa rụng lá nghèo kiệt", "Hinh1": "https://five.epicollect.net/api/media/vqgpq2025?type=photo&format=entry_original&name=93338e3f-9170-451f-90ab-6832d249df7a_1772073224.jpg", "Hinh2": "https://five.epicollect.net/api/media/vqgpq2025?type=photo&format=entry_original&name=93338e3f-9170-451f-90ab-6832d249df7a_1772073239.jpg", "Tenhinh": "83"}}, {"type": "Feature", "geometry": {"coordinates": [103.95285206618021, 10.380454004993283, 0.0], "type": "Point"}, "properties": {"ID": 84, "TT": 84, "MaMKA": 84, "Vitri": "Sườn núi", "HuongPhoi": "Tây", "Tinh": "An Giang", "Xa": "Đặc Khu Phú Quốc", "TK": "57", "NgayDT": "25/02/2026", "NguoiDT": "Hà Văn Long", "X_NB": 439891.51, "Y_NB": 1147984.53, "Docao": 48.15, "G1": 16.5, "G2": 16.0, "G3": 15.5, "G4": 16.0, "G5": 17.5, "G": 16.3, "H1": 10.0, "H2": 10.0, "H3": 9.2, "H4": 7.5, "H5": 6.7, "H": 8.7, "M": 63.67, "Dotanche": 0.6, "LoaiUT": "Săng ớt, Làu táu, Kiền kiền", "HuongChup": "Bắc", "KCChup": 2.0, "ten_hinh": 84, "TrangThai": "TXN", "TTThucDia": "TXN", "Note": "NULL", "MaVQG": 4100, "KH": "OTC", "Check": "OK", "TenldlrTT1": "Rừng lá rộng thường xanh và nửa rụng lá nghèo", "Hinh1": "https://five.epicollect.net/api/media/vqgpq2025?type=photo&format=entry_original&name=cd3495b3-0538-4d23-9076-bff149f6b1f3_1771997471.jpg", "Hinh2": "https://five.epicollect.net/api/media/vqgpq2025?type=photo&format=entry_original&name=cd3495b3-0538-4d23-9076-bff149f6b1f3_1771997482.jpg", "Tenhinh": "84"}}, {"type": "Feature", "geometry": {"coordinates": [103.94745405600193, 10.358626962953005, 0.0], "type": "Point"}, "properties": {"ID": 85, "TT": 85, "MaMKA": 85, "Vitri": "Sườn núi", "HuongPhoi": "Tây", "Tinh": "An Giang", "Xa": "Đặc Khu Phú Quốc", "TK": "57", "NgayDT": "25/02/2026", "NguoiDT": "Hà Văn Long", "X_NB": 439296.22, "Y_NB": 1145571.4, "Docao": 68.92, "G1": 25.0, "G2": 24.0, "G3": 25.0, "G4": 24.5, "G5": 25.0, "G": 24.7, "H1": 18.0, "H2": 18.5, "H3": 12.0, "H4": 9.0, "H5": 7.0, "H": 12.9, "M": 143.38, "Dotanche": 0.85, "LoaiUT": "Săng trắng, Bô bô, Gội", "HuongChup": "Tây", "KCChup": 2.0, "ten_hinh": 85, "TrangThai": "TXB", "TTThucDia": "TXB", "Note": "NULL", "MaVQG": 42, "KH": "MKA", "Check": "NULL", "TenldlrTT1": "Rừng lá rộng thường xanh và nửa rụng lá trung bình", "Hinh1": "https://five.epicollect.net/api/media/vqgpq2025?type=photo&format=entry_original&name=14d4fa1e-e5ef-4c3b-a4ac-3f59aea6a177_1771987765.jpg", "Hinh2": "https://five.epicollect.net/api/media/vqgpq2025?type=photo&format=entry_original&name=14d4fa1e-e5ef-4c3b-a4ac-3f59aea6a177_1771987795.jpg", "Tenhinh": "85"}}, {"type": "Feature", "geometry": {"coordinates": [103.95111205264185, 10.336473044383753, 0.0], "type": "Point"}, "properties": {"ID": 86, "TT": 86, "MaMKA": 86, "Vitri": "Sườn núi", "HuongPhoi": "Đông Nam", "Tinh": "An Giang", "Xa": "Đặc Khu Phú Quốc", "TK": "58", "NgayDT": "25/02/2026", "NguoiDT": "Hà Văn Long", "X_NB": 439692.6, "Y_NB": 1143120.4, "Docao": 50.51, "G1": 27.5, "G2": 26.5, "G3": 27.5, "G4": 27.5, "G5": 27.0, "G": 27.2, "H1": 18.0, "H2": 15.5, "H3": 8.5, "H4": 7.5, "H5": 8.5, "H": 11.6, "M": 141.98, "Dotanche": 0.83, "LoaiUT": "Chay", "HuongChup": "Tây Bắc", "KCChup": 1.0, "ten_hinh": 86, "TrangThai": "TXB", "TTThucDia": "TXB", "Note": "NULL", "MaVQG": 50, "KH": "MKA", "Check": "NULL", "TenldlrTT1": "Rừng lá rộng thường xanh và nửa rụng lá trung bình", "Hinh1": "https://five.epicollect.net/api/media/vqgpq2025?type=photo&format=entry_original&name=063d0af8-c246-4e58-b284-da5c74b2f418_1771983939.jpg", "Hinh2": "https://five.epicollect.net/api/media/vqgpq2025?type=photo&format=entry_original&name=063d0af8-c246-4e58-b284-da5c74b2f418_1771983954.jpg", "Tenhinh": "86"}}, {"type": "Feature", "geometry": {"coordinates": [103.98696301187702, 10.427917934711942, 0.0], "type": "Point"}, "properties": {"ID": 87, "TT": 87, "MaMKA": 87, "Vitri": "Sườn núi", "HuongPhoi": "Tây Nam", "Tinh": "An Giang", "Xa": "Đặc Khu Phú Quốc", "TK": "52", "NgayDT": "24/02/2026", "NguoiDT": "Hà Văn Long", "X_NB": 443635.24, "Y_NB": 1153227.98, "Docao": 68.75, "G1": 17.0, "G2": 17.0, "G3": 17.0, "G4": 18.0, "G5": 17.0, "G": 17.2, "H1": 7.3, "H2": 8.0, "H3": 7.7, "H4": 7.0, "H5": 6.5, "H": 7.3, "M": 56.5, "Dotanche": 0.7, "LoaiUT": "Làu táu, Bứa", "HuongChup": "Tây Nam", "KCChup": 2.0, "ten_hinh": 87, "TrangThai": "TXN", "TTThucDia": "TXN", "Note": "NULL", "MaVQG": 11, "KH": "MKA", "Check": "NULL", "TenldlrTT1": "Rừng lá rộng thường xanh và nửa rụng lá nghèo", "Hinh1": "https://five.epicollect.net/api/media/vqgpq2025?type=photo&format=entry_original&name=0a1b7c85-95a7-42d5-b5a8-e882913f045b_1771914251.jpg", "Hinh2": "https://five.epicollect.net/api/media/vqgpq2025?type=photo&format=entry_original&name=0a1b7c85-95a7-42d5-b5a8-e882913f045b_1771914265.jpg", "Tenhinh": "87"}}, {"type": "Feature", "geometry": {"coordinates": [103.98850005788117, 10.432056015109772, 0.0], "type": "Point"}, "properties": {"ID": 88, "TT": 88, "MaMKA": 88, "Vitri": "Sườn núi", "HuongPhoi": "Tây Nam", "Tinh": "An Giang", "Xa": "Đặc Khu Phú Quốc", "TK": "52", "NgayDT": "24/02/2026", "NguoiDT": "Hà Văn Long", "X_NB": 443804.27, "Y_NB": 1153685.39, "Docao": 224.23, "G1": 22.0, "G2": 22.5, "G3": 20.0, "G4": 23.0, "G5": 24.0, "G": 22.3, "H1": 7.5, "H2": 7.9, "H3": 14.2, "H4": 12.8, "H5": 18.0, "H": 12.1, "M": 121.22, "Dotanche": 0.82, "LoaiUT": "Kiền kiền, Thị, Trâm", "HuongChup": "Đông Bắc", "KCChup": 1.0, "ten_hinh": 88, "TrangThai": "TXB", "TTThucDia": "TXB", "Note": "NULL", "MaVQG": 3300, "KH": "OTC", "Check": "OK", "TenldlrTT1": "Rừng lá rộng thường xanh và nửa rụng lá trung bình", "Hinh1": "https://five.epicollect.net/api/media/vqgpq2025?type=photo&format=entry_original&name=50ae2813-f255-481b-899f-afaf95c344a1_1771911544.jpg", "Hinh2": "https://five.epicollect.net/api/media/vqgpq2025?type=photo&format=entry_original&name=50ae2813-f255-481b-899f-afaf95c344a1_1771911561.jpg", "Tenhinh": "88"}}, {"type": "Feature", "geometry": {"coordinates": [104.01964194045726, 10.410953050466457, 0.0], "type": "Point"}, "properties": {"ID": 89, "TT": 89, "MaMKA": 89, "Vitri": "Chân núi", "HuongPhoi": "Tây", "Tinh": "An Giang", "Xa": "Đặc Khu Phú Quốc", "TK": "53", "NgayDT": "11/2/2026", "NguoiDT": "Hà Văn Long", "X_NB": 447210.27, "Y_NB": 1151346.0, "Docao": 14.92, "G1": 29.0, "G2": 28.5, "G3": 27.0, "G4": 30.0, "G5": 29.0, "G": 28.7, "H1": 3.7, "H2": 3.9, "H3": 8.0, "H4": 9.5, "H5": 10.8, "H": 7.2, "M": 92.73, "Dotanche": 0.5, "LoaiUT": "Tràm nước", "HuongChup": "Tây", "KCChup": 2.0, "ten_hinh": 89, "TrangThai": "RNP", "TTThucDia": "RNP", "Note": "NULL", "MaVQG": 7800, "KH": "OTC", "Check": "OK", "TenldlrTT1": "Rừng ngập phèn", "Hinh1": "https://five.epicollect.net/api/media/vqgpq2025?type=photo&format=entry_original&name=9895296a-68fb-4ff7-bcc0-43e5ba541840_1770781694.jpg", "Hinh2": "https://five.epicollect.net/api/media/vqgpq2025?type=photo&format=entry_original&name=9895296a-68fb-4ff7-bcc0-43e5ba541840_1770781713.jpg", "Tenhinh": "89"}}, {"type": "Feature", "geometry": {"coordinates": [104.00935300230744, 10.411354931883489, 0.0], "type": "Point"}, "properties": {"ID": 90, "TT": 90, "MaMKA": 90, "Vitri": "Chân núi", "HuongPhoi": "Tây", "Tinh": "An Giang", "Xa": "Đặc Khu Phú Quốc", "TK": "53", "NgayDT": "11/2/2026", "NguoiDT": "Hà Văn Long", "X_NB": 446083.79, "Y_NB": 1151392.17, "Docao": 9.96, "G1": 9.0, "G2": 8.5, "G3": 10.0, "G4": 9.0, "G5": 8.0, "G": 8.9, "H1": 6.9, "H2": 3.6, "H3": 3.7, "H4": 3.2, "H5": 2.8, "H": 4.0, "M": 16.18, "Dotanche": 0.45, "LoaiUT": "Tràm nước", "HuongChup": "Bắc", "KCChup": 2.0, "ten_hinh": 90, "TrangThai": "RNP", "TTThucDia": "RNP", "Note": "NULL", "MaVQG": 5000, "KH": "OTC", "Check": "OK", "TenldlrTT1": "Rừng ngập phèn", "Hinh1": "https://five.epicollect.net/api/media/vqgpq2025?type=photo&format=entry_original&name=223dcc31-fe9c-4b9d-b35d-8dc57ff64e0d_1770779511.jpg", "Hinh2": "https://five.epicollect.net/api/media/vqgpq2025?type=photo&format=entry_original&name=223dcc31-fe9c-4b9d-b35d-8dc57ff64e0d_1770779524.jpg", "Tenhinh": "90"}}, {"type": "Feature", "geometry": {"coordinates": [104.01681900825285, 10.404181967773669, 0.0], "type": "Point"}, "properties": {"ID": 91, "TT": 91, "MaMKA": 91, "Vitri": "Chân núi", "HuongPhoi": "Tây", "Tinh": "An Giang", "Xa": "Đặc Khu Phú Quốc", "TK": "53", "NgayDT": "11/2/2026", "NguoiDT": "Hà Văn Long", "X_NB": 446900.04, "Y_NB": 1150597.56, "Docao": 11.65, "G1": 26.0, "G2": 22.0, "G3": 25.0, "G4": 25.5, "G5": 24.0, "G": 24.5, "H1": 8.0, "H2": 9.0, "H3": 7.2, "H4": 4.2, "H5": 3.3, "H": 6.3, "M": 69.9, "Dotanche": 0.5, "LoaiUT": "Tràm nước", "HuongChup": "Bắc", "KCChup": 2.0, "ten_hinh": 91, "TrangThai": "RNP", "TTThucDia": "RNP", "Note": "NULL", "MaVQG": 55, "KH": "MKA", "Check": "NULL", "TenldlrTT1": "Rừng ngập phèn", "Hinh1": "https://five.epicollect.net/api/media/vqgpq2025?type=photo&format=entry_original&name=e59833f5-01c6-4d84-bda4-f9cbf8ebb6c2_1770777854.jpg", "Hinh2": "https://five.epicollect.net/api/media/vqgpq2025?type=photo&format=entry_original&name=e59833f5-01c6-4d84-bda4-f9cbf8ebb6c2_1770777877.jpg", "Tenhinh": "91"}}, {"type": "Feature", "geometry": {"coordinates": [103.94376704936651, 10.322826952779737, 0.0], "type": "Point"}, "properties": {"ID": 92, "TT": 92, "MaMKA": 92, "Vitri": "Chân núi", "HuongPhoi": "Nam", "Tinh": "An Giang", "Xa": "Đặc Khu Phú Quốc", "TK": "65", "NgayDT": "10/2/2026", "NguoiDT": "Hà Văn Long", "X_NB": 438885.56, "Y_NB": 1141612.49, "Docao": 9.45, "G1": 10.0, "G2": 11.0, "G3": 12.0, "G4": 12.5, "G5": 13.0, "G": 11.7, "H1": 10.5, "H2": 11.0, "H3": 9.0, "H4": 7.5, "H5": 7.6, "H": 9.1, "M": 48.02, "Dotanche": 0.55, "LoaiUT": "Tràm nước", "HuongChup": "Đông", "KCChup": 2.0, "ten_hinh": 92, "TrangThai": "RNP", "TTThucDia": "RNP", "Note": "NULL", "MaVQG": 1, "KH": "MKA", "Check": "NULL", "TenldlrTT1": "Rừng ngập phèn", "Hinh1": "https://five.epicollect.net/api/media/vqgpq2025?type=photo&format=entry_original&name=db03b52f-ebd6-4ef8-9141-7919fc71a2ae_1770701561.jpg", "Hinh2": "https://five.epicollect.net/api/media/vqgpq2025?type=photo&format=entry_original&name=db03b52f-ebd6-4ef8-9141-7919fc71a2ae_1770701572.jpg", "Tenhinh": "92"}}, {"type": "Feature", "geometry": {"coordinates": [103.9320249873927, 10.329207991086935, 0.0], "type": "Point"}, "properties": {"ID": 93, "TT": 93, "MaMKA": 93, "Vitri": "Chân núi", "HuongPhoi": "Nam", "Tinh": "An Giang", "Xa": "Đặc Khu Phú Quốc", "TK": "65", "NgayDT": "10/2/2026", "NguoiDT": "Hà Văn Long", "X_NB": 437600.78, "Y_NB": 1142320.51, "Docao": 14.96, "G1": 14.0, "G2": 15.0, "G3": 15.5, "G4": 16.0, "G5": 13.0, "G": 14.7, "H1": 6.9, "H2": 7.8, "H3": 7.0, "H4": 7.5, "H5": 4.4, "H": 6.7, "M": 44.45, "Dotanche": 0.5, "LoaiUT": "Tràm nước", "HuongChup": "Đông Nam", "KCChup": 2.0, "ten_hinh": 93, "TrangThai": "RNP", "TTThucDia": "RNP", "Note": "NULL", "MaVQG": 1200, "KH": "OTC", "Check": "OK", "TenldlrTT1": "Rừng ngập phèn", "Hinh1": "https://five.epicollect.net/api/media/vqgpq2025?type=photo&format=entry_original&name=f28e5803-0512-43c3-a781-817da35c90b0_1770700740.jpg", "Hinh2": "https://five.epicollect.net/api/media/vqgpq2025?type=photo&format=entry_original&name=f28e5803-0512-43c3-a781-817da35c90b0_1770700753.jpg", "Tenhinh": "93"}}, {"type": "Feature", "geometry": {"coordinates": [103.93869298243308, 10.331263910028254, 0.0], "type": "Point"}, "properties": {"ID": 94, "TT": 94, "MaMKA": 94, "Vitri": "Chân núi", "HuongPhoi": "Nam", "Tinh": "An Giang", "Xa": "Đặc Khu Phú Quốc", "TK": "65", "NgayDT": "10/2/2026", "NguoiDT": "Hà Văn Long", "X_NB": 438331.47, "Y_NB": 1142546.62, "Docao": 11.47, "G1": 24.0, "G2": 25.0, "G3": 24.0, "G4": 22.0, "G5": 22.5, "G": 23.5, "H1": 15.0, "H2": 11.7, "H3": 14.0, "H4": 10.0, "H5": 7.5, "H": 11.6, "M": 123.09, "Dotanche": 0.83, "LoaiUT": "Mã rạng, Kiền kiền, Ba gạc", "HuongChup": "Bắc", "KCChup": 1.0, "ten_hinh": 94, "TrangThai": "TXB", "TTThucDia": "TXB", "Note": "NULL", "MaVQG": 1100, "KH": "OTC", "Check": "OK", "TenldlrTT1": "Rừng lá rộng thường xanh và nửa rụng lá trung bình", "Hinh1": "https://five.epicollect.net/api/media/vqgpq2025?type=photo&format=entry_original&name=89cd9f66-2056-45aa-ba6a-b970c3394c56_1770698921.jpg", "Hinh2": "https://five.epicollect.net/api/media/vqgpq2025?type=photo&format=entry_original&name=89cd9f66-2056-45aa-ba6a-b970c3394c56_1770698936.jpg", "Tenhinh": "94"}}, {"type": "Feature", "geometry": {"coordinates": [103.93740306041089, 10.329462002949203, 0.0], "type": "Point"}, "properties": {"ID": 95, "TT": 95, "MaMKA": 95, "Vitri": "Chân núi", "HuongPhoi": "Nam", "Tinh": "An Giang", "Xa": "Đặc Khu Phú Quốc", "TK": "65", "NgayDT": "10/2/2026", "NguoiDT": "Hà Văn Long", "X_NB": 438189.84, "Y_NB": 1142347.57, "Docao": 9.48, "G1": 11.0, "G2": 12.0, "G3": 12.5, "G4": 13.0, "G5": 11.0, "G": 11.9, "H1": 7.2, "H2": 7.4, "H3": 7.3, "H4": 6.4, "H5": 5.1, "H": 6.7, "M": 35.77, "Dotanche": 0.5, "LoaiUT": "Tràm nước", "HuongChup": "Đông", "KCChup": 3.0, "ten_hinh": 95, "TrangThai": "RNP", "TTThucDia": "RNP", "Note": "NULL", "MaVQG": 7400, "KH": "OTC", "Check": "OK", "TenldlrTT1": "Rừng ngập phèn", "Hinh1": "https://five.epicollect.net/api/media/vqgpq2025?type=photo&format=entry_original&name=44de553f-624f-44ac-ab17-e489ad56812f_1770690506.jpg", "Hinh2": "https://five.epicollect.net/api/media/vqgpq2025?type=photo&format=entry_original&name=44de553f-624f-44ac-ab17-e489ad56812f_1770690519.jpg", "Tenhinh": "95"}}, {"type": "Feature", "geometry": {"coordinates": [103.94871802624428, 10.328611042774286, 0.0], "type": "Point"}, "properties": {"ID": 96, "TT": 96, "MaMKA": 96, "Vitri": "Chân núi", "HuongPhoi": "Nam", "Tinh": "An Giang", "Xa": "Đặc Khu Phú Quốc", "TK": "58", "NgayDT": "10/2/2026", "NguoiDT": "Hà Văn Long", "X_NB": 439428.91, "Y_NB": 1142251.29, "Docao": 17.92, "G1": 0.0, "G2": 0.0, "G3": 0.0, "G4": 0.0, "G5": 0.0, "G": 0.0, "H1": 0.0, "H2": 0.0, "H3": 0.0, "H4": 0.0, "H5": 0.0, "H": 0.0, "M": 0.0, "Dotanche": 0.0, "LoaiUT": "NULL", "HuongChup": "Đông", "KCChup": 2.0, "ten_hinh": 96, "TrangThai": "DTK", "TTThucDia": "DTK", "Note": "Đất trồng Xoài của người dân", "MaVQG": 30, "KH": "MKA", "Check": "NULL", "TenldlrTT1": "Diện tích khác", "Hinh1": "https://five.epicollect.net/api/media/vqgpq2025?type=photo&format=entry_original&name=68cb43c5-4b5a-46ca-ad1e-7c6e7eeb60dc_1770687693.jpg", "Hinh2": "https://five.epicollect.net/api/media/vqgpq2025?type=photo&format=entry_original&name=68cb43c5-4b5a-46ca-ad1e-7c6e7eeb60dc_1770687711.jpg", "Tenhinh": "96"}}, {"type": "Feature", "geometry": {"coordinates": [104.0342849592775, 10.33371506301491, 0.0], "type": "Point"}, "properties": {"ID": 97, "TT": 97, "MaMKA": 97, "Vitri": "Sườn núi", "HuongPhoi": "Đông", "Tinh": "An Giang", "Xa": "Đặc Khu Phú Quốc", "TK": "63", "NgayDT": "25/02/2026", "NguoiDT": "Nguyễn Hồng Quân", "X_NB": 448801.05, "Y_NB": 1142800.89, "Docao": 73.38, "G1": 31.0, "G2": 34.0, "G3": 33.5, "G4": 35.0, "G5": 37.0, "G": 34.1, "H1": 7.6, "H2": 13.9, "H3": 14.1, "H4": 18.8, "H5": 24.6, "H": 15.8, "M": 242.45, "Dotanche": 0.85, "LoaiUT": "Kiền kiền, dầu mít, bô bô", "HuongChup": "Bắc", "KCChup": 2.0, "ten_hinh": 97, "TrangThai": "TXG", "TTThucDia": "TXG", "Note": "NULL", "MaVQG": 63, "KH": "MKA", "Check": "NULL", "TenldlrTT1": "Rừng lá rộng thường xanh và nửa rụng lá giàu", "Hinh1": "https://five.epicollect.net/api/media/vqgpq2025?type=photo&format=entry_original&name=f2a151b1-65b2-48fb-9120-6f6ba90bba86_1772005294.jpg", "Hinh2": "https://five.epicollect.net/api/media/vqgpq2025?type=photo&format=entry_original&name=f2a151b1-65b2-48fb-9120-6f6ba90bba86_1772005330.jpg", "Tenhinh": "97"}}, {"type": "Feature", "geometry": {"coordinates": [104.07041190038376, 10.33437194116723, 0.0], "type": "Point"}, "properties": {"ID": 98, "TT": 98, "MaMKA": 98, "Vitri": "Chân núi", "HuongPhoi": "Đông", "Tinh": "An Giang", "Xa": "Đặc Khu Phú Quốc", "TK": "68", "NgayDT": "25/02/2026", "NguoiDT": "Nguyễn Hồng Quân", "X_NB": 452757.69, "Y_NB": 1142868.0, "Docao": 19.04, "G1": 13.0, "G2": 14.0, "G3": 13.0, "G4": 13.5, "G5": 14.0, "G": 13.5, "H1": 7.3, "H2": 7.2, "H3": 9.7, "H4": 12.6, "H5": 11.9, "H": 9.7, "M": 59.17, "Dotanche": 0.8, "LoaiUT": "Kiền kiền, côm, chò xót, trâm", "HuongChup": "Bắc", "KCChup": 1.0, "ten_hinh": 98, "TrangThai": "TXN", "TTThucDia": "TXN", "Note": "NULL", "MaVQG": 58, "KH": "MKA", "Check": "NULL", "TenldlrTT1": "Rừng lá rộng thường xanh và nửa rụng lá nghèo", "Hinh1": "https://five.epicollect.net/api/media/vqgpq2025?type=photo&format=entry_original&name=8b9066ba-bab5-4c36-ab89-2b6bae85e0f7_1771999813.jpg", "Hinh2": "https://five.epicollect.net/api/media/vqgpq2025?type=photo&format=entry_original&name=8b9066ba-bab5-4c36-ab89-2b6bae85e0f7_1771999832.jpg", "Tenhinh": "98"}}, {"type": "Feature", "geometry": {"coordinates": [104.07260495884294, 10.313600004528617, 0.0], "type": "Point"}, "properties": {"ID": 99, "TT": 99, "MaMKA": 99, "Vitri": "Tâm OTC", "HuongPhoi": "Bắc", "Tinh": "An Giang", "Xa": "Đặc Khu Phú Quốc", "TK": "68", "NgayDT": "25/02/2026", "NguoiDT": "Nguyễn Hồng Quân", "X_NB": 452994.79, "Y_NB": 1140570.27, "Docao": 12.85, "G1": 13.0, "G2": 11.0, "G3": 12.5, "G4": 11.5, "G5": 11.0, "G": 11.8, "H1": 6.4, "H2": 7.3, "H3": 9.9, "H4": 12.7, "H5": 13.5, "H": 10.0, "M": 52.89, "Dotanche": 0.75, "LoaiUT": "Tràm nước, bời lời, cám, bứa", "HuongChup": "Đông", "KCChup": 2.0, "ten_hinh": 99, "TrangThai": "RNP", "TTThucDia": "RNP", "Note": "NULL", "MaVQG": 4700, "KH": "OTC", "Check": "OK", "TenldlrTT1": "Rừng ngập phèn", "Hinh1": "https://five.epicollect.net/api/media/vqgpq2025?type=photo&format=entry_original&name=763bf611-e9c5-43c2-b59a-50db04e30057_1771993866.jpg", "Hinh2": "https://five.epicollect.net/api/media/vqgpq2025?type=photo&format=entry_original&name=763bf611-e9c5-43c2-b59a-50db04e30057_1771993882.jpg", "Tenhinh": "99"}}, {"type": "Feature", "geometry": {"coordinates": [104.06458002419855, 10.360315010775933, 0.0], "type": "Point"}, "properties": {"ID": 100, "TT": 100, "MaMKA": 100, "Vitri": "Sườn núi", "HuongPhoi": "Đông Bắc", "Tinh": "An Giang", "Xa": "Đặc Khu Phú Quốc", "TK": "56", "NgayDT": "25/02/2026", "NguoiDT": "Nguyễn Hồng Quân", "X_NB": 452122.91, "Y_NB": 1145738.21, "Docao": 41.45, "G1": 30.0, "G2": 32.5, "G3": 33.5, "G4": 30.5, "G5": 35.0, "G": 32.3, "H1": 7.3, "H2": 9.1, "H3": 16.8, "H4": 21.4, "H5": 21.3, "H": 15.2, "M": 220.64, "Dotanche": 0.85, "LoaiUT": "Kiền kiền, cồng, trâm, chò xót", "HuongChup": "Đông", "KCChup": 2.0, "ten_hinh": 100, "TrangThai": "TXG", "TTThucDia": "TXG", "Note": "NULL", "MaVQG": 64, "KH": "MKA", "Check": "NULL", "TenldlrTT1": "Rừng lá rộng thường xanh và nửa rụng lá giàu", "Hinh1": "https://five.epicollect.net/api/media/vqgpq2025?type=photo&format=entry_original&name=71378a63-9736-49a1-97e4-9b46d371248e_1771987462.jpg", "Hinh2": "https://five.epicollect.net/api/media/vqgpq2025?type=photo&format=entry_original&name=71378a63-9736-49a1-97e4-9b46d371248e_1771987488.jpg", "Tenhinh": "100"}}, {"type": "Feature", "geometry": {"coordinates": [104.06855099068791, 10.3708129605139, 0.0], "type": "Point"}, "properties": {"ID": 101, "TT": 101, "MaMKA": 101, "Vitri": "Khác", "HuongPhoi": "Đông", "Tinh": "An Giang", "Xa": "Đặc Khu Phú Quốc", "TK": "56", "NgayDT": "24/02/2026", "NguoiDT": "Nguyễn Hồng Quân", "X_NB": 452559.34, "Y_NB": 1146898.72, "Docao": 15.68, "G1": 10.5, "G2": 11.5, "G3": 12.0, "G4": 11.0, "G5": 11.0, "G": 11.2, "H1": 6.2, "H2": 6.1, "H3": 6.3, "H4": 7.4, "H5": 7.3, "H": 6.7, "M": 33.57, "Dotanche": 0.6, "LoaiUT": "Tràm nước, bùi", "HuongChup": "Nam", "KCChup": 2.0, "ten_hinh": 101, "TrangThai": "TXK", "TTThucDia": "TXK", "Note": "NULL", "MaVQG": 57, "KH": "MKA", "Check": "NULL", "TenldlrTT1": "Rừng lá rộng thường xanh và nửa rụng lá nghèo kiệt", "Hinh1": "https://five.epicollect.net/api/media/vqgpq2025?type=photo&format=entry_original&name=9e8bbc7f-71ce-4fd1-9272-04c5f903e76a_1771917246.jpg", "Hinh2": "https://five.epicollect.net/api/media/vqgpq2025?type=photo&format=entry_original&name=9e8bbc7f-71ce-4fd1-9272-04c5f903e76a_1771917264.jpg", "Tenhinh": "101"}}, {"type": "Feature", "geometry": {"coordinates": [104.05721805117243, 10.391808019432313, 0.0], "type": "Point"}, "properties": {"ID": 102, "TT": 102, "MaMKA": 102, "Vitri": "Sườn núi", "HuongPhoi": "Đông Bắc", "Tinh": "An Giang", "Xa": "Đặc Khu Phú Quốc", "TK": "56", "NgayDT": "24/02/2026", "NguoiDT": "Nguyễn Hồng Quân", "X_NB": 451321.56, "Y_NB": 1149222.52, "Docao": 60.79, "G1": 21.0, "G2": 21.5, "G3": 21.0, "G4": 21.0, "G5": 20.0, "G": 20.9, "H1": 8.0, "H2": 8.7, "H3": 12.3, "H4": 12.2, "H5": 13.1, "H": 10.9, "M": 102.14, "Dotanche": 0.75, "LoaiUT": "Kiền kiền, cồng, hà nu, bứa", "HuongChup": "Nam", "KCChup": 2.0, "ten_hinh": 102, "TrangThai": "TXB", "TTThucDia": "TXB", "Note": "NULL", "MaVQG": 14, "KH": "MKA", "Check": "NULL", "TenldlrTT1": "Rừng lá rộng thường xanh và nửa rụng lá trung bình", "Hinh1": "https://five.epicollect.net/api/media/vqgpq2025?type=photo&format=entry_original&name=249852da-4181-4cf4-974e-452817f83609_1771914203.jpg", "Hinh2": "https://five.epicollect.net/api/media/vqgpq2025?type=photo&format=entry_original&name=249852da-4181-4cf4-974e-452817f83609_1771914216.jpg", "Tenhinh": "102"}}, {"type": "Feature", "geometry": {"coordinates": [104.03382401183401, 10.403241986804726, 0.0], "type": "Point"}, "properties": {"ID": 103, "TT": 103, "MaMKA": 103, "Vitri": "Chân núi", "HuongPhoi": "Bắc", "Tinh": "An Giang", "Xa": "Đặc Khu Phú Quốc", "TK": "56", "NgayDT": "24/02/2026", "NguoiDT": "Nguyễn Hồng Quân", "X_NB": 448761.83, "Y_NB": 1150490.81, "Docao": 28.42, "G1": 18.0, "G2": 17.5, "G3": 18.0, "G4": 17.0, "G5": 18.0, "G": 17.7, "H1": 7.0, "H2": 7.0, "H3": 8.0, "H4": 10.0, "H5": 10.2, "H": 8.4, "M": 67.22, "Dotanche": 7.5, "LoaiUT": "Kiền kiền, bứa, cồng", "HuongChup": "Bắc", "KCChup": 2.0, "ten_hinh": 103, "TrangThai": "TXN", "TTThucDia": "TXN", "Note": "NULL", "MaVQG": 13, "KH": "MKA", "Check": "NULL", "TenldlrTT1": "Rừng lá rộng thường xanh và nửa rụng lá nghèo", "Hinh1": "https://five.epicollect.net/api/media/vqgpq2025?type=photo&format=entry_original&name=898cba3e-f65c-4f71-87b4-cbcc61d00ecb_1771907366.jpg", "Hinh2": "https://five.epicollect.net/api/media/vqgpq2025?type=photo&format=entry_original&name=898cba3e-f65c-4f71-87b4-cbcc61d00ecb_1771907381.jpg", "Tenhinh": "103"}}, {"type": "Feature", "geometry": {"coordinates": [104.01402804723949, 10.394055070664859, 0.0], "type": "Point"}, "properties": {"ID": 104, "TT": 104, "MaMKA": 104, "Vitri": "Chân núi", "HuongPhoi": "Bắc", "Tinh": "An Giang", "Xa": "Đặc Khu Phú Quốc", "TK": "56", "NgayDT": "24/02/2026", "NguoiDT": "Nguyễn Hồng Quân", "X_NB": 446592.74, "Y_NB": 1149477.97, "Docao": 42.55, "G1": 19.0, "G2": 20.5, "G3": 18.5, "G4": 19.0, "G5": 19.0, "G": 19.2, "H1": 7.5, "H2": 8.0, "H3": 12.0, "H4": 22.0, "H5": 16.0, "H": 13.1, "M": 113.18, "Dotanche": 0.85, "LoaiUT": "Kiền kiền", "HuongChup": "Nam", "KCChup": 2.0, "ten_hinh": 104, "TrangThai": "TXB", "TTThucDia": "TXB", "Note": "NULL", "MaVQG": 61, "KH": "MKA", "Check": "NULL", "TenldlrTT1": "Rừng lá rộng thường xanh và nửa rụng lá trung bình", "Hinh1": "https://five.epicollect.net/api/media/vqgpq2025?type=photo&format=entry_original&name=48c90e76-faca-4076-9f71-4aa37646c37d_1771904111.jpg", "Hinh2": "https://five.epicollect.net/api/media/vqgpq2025?type=photo&format=entry_original&name=48c90e76-faca-4076-9f71-4aa37646c37d_1771904122.jpg", "Tenhinh": "104"}}, {"type": "Feature", "geometry": {"coordinates": [104.01357395394967, 10.384125022700376, 0.0], "type": "Point"}, "properties": {"ID": 105, "TT": 105, "MaMKA": 105, "Vitri": "Sườn núi", "HuongPhoi": "Tây", "Tinh": "An Giang", "Xa": "Đặc Khu Phú Quốc", "TK": "55", "NgayDT": "24/02/2026", "NguoiDT": "Nguyễn Hồng Quân", "X_NB": 446541.33, "Y_NB": 1148379.75, "Docao": 72.79, "G1": 14.0, "G2": 13.5, "G3": 13.0, "G4": 13.0, "G5": 13.5, "G": 13.4, "H1": 7.0, "H2": 8.0, "H3": 13.0, "H4": 18.0, "H5": 27.0, "H": 14.6, "M": 88.04, "Dotanche": 0.85, "LoaiUT": "Dầu somg nàng", "HuongChup": "Đông", "KCChup": 2.0, "ten_hinh": 105, "TrangThai": "TXN", "TTThucDia": "TXN", "Note": "NULL", "MaVQG": 70, "KH": "MKA", "Check": "NULL", "TenldlrTT1": "Rừng lá rộng thường xanh và nửa rụng lá nghèo", "Hinh1": "https://five.epicollect.net/api/media/vqgpq2025?type=photo&format=entry_original&name=994f0f1d-dee7-4741-a349-015a7c9a877c_1771900046.jpg", "Hinh2": "https://five.epicollect.net/api/media/vqgpq2025?type=photo&format=entry_original&name=994f0f1d-dee7-4741-a349-015a7c9a877c_1771900116.jpg", "Tenhinh": "105"}}, {"type": "Feature", "geometry": {"coordinates": [104.00614302107236, 10.402087974291819, 0.0], "type": "Point"}, "properties": {"ID": 106, "TT": 106, "MaMKA": 106, "Vitri": "Tâm OTC", "HuongPhoi": "Bắc", "Tinh": "An Giang", "Xa": "Đặc Khu Phú Quốc", "TK": "53", "NgayDT": "11/2/2026", "NguoiDT": "Nguyễn Hồng Quân", "X_NB": 445730.73, "Y_NB": 1150367.76, "Docao": 16.32, "G1": 8.0, "G2": 7.5, "G3": 9.0, "G4": 8.5, "G5": 8.5, "G": 8.3, "H1": 5.4, "H2": 5.1, "H3": 4.6, "H4": 5.1, "H5": 5.2, "H": 5.1, "M": 18.97, "Dotanche": 0.3, "LoaiUT": "Tràm nước", "HuongChup": "Nam", "KCChup": 2.0, "ten_hinh": 106, "TrangThai": "RNP", "TTThucDia": "RNP", "Note": "NULL", "MaVQG": 4600, "KH": "OTC", "Check": "OK", "TenldlrTT1": "Rừng ngập phèn", "Hinh1": "https://five.epicollect.net/api/media/vqgpq2025?type=photo&format=entry_original&name=68b0d55b-67ec-483a-9587-149929951ec7_1770782580.jpg", "Hinh2": "https://five.epicollect.net/api/media/vqgpq2025?type=photo&format=entry_original&name=68b0d55b-67ec-483a-9587-149929951ec7_1770782611.jpg", "Tenhinh": "106"}}, {"type": "Feature", "geometry": {"coordinates": [103.99669803266765, 10.410275006112728, 0.0], "type": "Point"}, "properties": {"ID": 107, "TT": 107, "MaMKA": 107, "Vitri": "Tâm OTC", "HuongPhoi": "Bắc", "Tinh": "An Giang", "Xa": "Đặc Khu Phú Quốc", "TK": "53", "NgayDT": "11/2/2026", "NguoiDT": "Nguyễn Hồng Quân", "X_NB": 444697.99, "Y_NB": 1151274.9, "Docao": 12.65, "G1": 7.0, "G2": 6.5, "G3": 7.0, "G4": 6.5, "G5": 6.0, "G": 6.6, "H1": 3.8, "H2": 5.0, "H3": 8.0, "H4": 8.3, "H5": 9.5, "H": 6.9, "M": 20.55, "Dotanche": 0.55, "LoaiUT": "Tràm nước", "HuongChup": "Tây", "KCChup": 2.0, "ten_hinh": 107, "TrangThai": "RNP", "TTThucDia": "RNP", "Note": "NULL", "MaVQG": 4400, "KH": "OTC", "Check": "OK", "TenldlrTT1": "Rừng ngập phèn", "Hinh1": "https://five.epicollect.net/api/media/vqgpq2025?type=photo&format=entry_original&name=90bb5bd3-793e-48bb-940c-726eb32ca3a6_1770779177.jpg", "Hinh2": "https://five.epicollect.net/api/media/vqgpq2025?type=photo&format=entry_original&name=90bb5bd3-793e-48bb-940c-726eb32ca3a6_1770779201.jpg", "Tenhinh": "107"}}, {"type": "Feature", "geometry": {"coordinates": [103.87285197012359, 10.326055034722877, 0.0], "type": "Point"}, "properties": {"ID": 108, "TT": 108, "MaMKA": 108, "Vitri": "Tâm OTC", "HuongPhoi": "Bắc", "Tinh": "An Giang", "Xa": "Đặc Khu Phú Quốc", "TK": "64", "NgayDT": "10/2/2026", "NguoiDT": "Nguyễn Hồng Quân", "X_NB": 431119.37, "Y_NB": 1141983.9, "Docao": 7.0, "G1": 11.0, "G2": 10.5, "G3": 10.5, "G4": 10.0, "G5": 9.5, "G": 10.3, "H1": 3.8, "H2": 3.7, "H3": 4.0, "H4": 4.2, "H5": 3.8, "H": 3.9, "M": 18.08, "Dotanche": 0.4, "LoaiUT": "Tràm nước", "HuongChup": "Tây", "KCChup": 2.0, "ten_hinh": 108, "TrangThai": "RNP", "TTThucDia": "RNP", "Note": "NULL", "MaVQG": 4300, "KH": "OTC", "Check": "OK", "TenldlrTT1": "Rừng ngập phèn", "Hinh1": "https://five.epicollect.net/api/media/vqgpq2025?type=photo&format=entry_original&name=196ec646-adeb-4bda-8b5c-0a8921dc4128_1770709929.jpg", "Hinh2": "https://five.epicollect.net/api/media/vqgpq2025?type=photo&format=entry_original&name=196ec646-adeb-4bda-8b5c-0a8921dc4128_1770709954.jpg", "Tenhinh": "108"}}, {"type": "Feature", "geometry": {"coordinates": [103.86664704774398, 10.329916983956686, 0.0], "type": "Point"}, "properties": {"ID": 109, "TT": 109, "MaMKA": 109, "Vitri": "Tâm OTC", "HuongPhoi": "Bắc", "Tinh": "An Giang", "Xa": "Đặc Khu Phú Quốc", "TK": "60", "NgayDT": "10/2/2026", "NguoiDT": "Nguyễn Hồng Quân", "X_NB": 430440.63, "Y_NB": 1142412.39, "Docao": 8.73, "G1": 15.0, "G2": 15.0, "G3": 14.5, "G4": 15.0, "G5": 14.5, "G": 14.8, "H1": 3.9, "H2": 4.0, "H3": 4.5, "H4": 4.6, "H5": 4.3, "H": 4.3, "M": 28.37, "Dotanche": 0.45, "LoaiUT": "Tràm nước", "HuongChup": "Tây", "KCChup": 3.0, "ten_hinh": 109, "TrangThai": "RNP", "TTThucDia": "RNP", "Note": "NULL", "MaVQG": 4200, "KH": "OTC", "Check": "OK", "TenldlrTT1": "Rừng ngập phèn", "Hinh1": "https://five.epicollect.net/api/media/vqgpq2025?type=photo&format=entry_original&name=a452ed54-8cd0-4ac1-b2d8-8c1ffafc240f_1770706887.jpg", "Hinh2": "https://five.epicollect.net/api/media/vqgpq2025?type=photo&format=entry_original&name=a452ed54-8cd0-4ac1-b2d8-8c1ffafc240f_1770706914.jpg", "Tenhinh": "109"}}, {"type": "Feature", "geometry": {"coordinates": [103.97889300664991, 10.273313057260802, 0.0], "type": "Point"}, "properties": {"ID": 110, "TT": 110, "MaMKA": 110, "Vitri": "Chân núi", "HuongPhoi": "Tây", "Tinh": "An Giang", "Xa": "Đặc Khu Phú Quốc", "TK": "69", "NgayDT": "10/2/2026", "NguoiDT": "Nguyễn Hồng Quân", "X_NB": 442723.75, "Y_NB": 1136129.63, "Docao": 41.14, "G1": 0.0, "G2": 0.0, "G3": 0.0, "G4": 0.0, "G5": 0.0, "G": 0.0, "H1": 0.0, "H2": 0.0, "H3": 0.0, "H4": 0.0, "H5": 0.0, "H": 0.0, "M": 0.0, "Dotanche": 0.0, "LoaiUT": "NULL", "HuongChup": "Tây", "KCChup": 2.0, "ten_hinh": 110, "TrangThai": "DTK", "TTThucDia": "DTK", "Note": "Đất trồng tràm bông vàng", "MaVQG": 22, "KH": "MKA", "Check": "NULL", "TenldlrTT1": "Diện tích khác", "Hinh1": "https://five.epicollect.net/api/media/vqgpq2025?type=photo&format=entry_original&name=70fdcb64-d747-4ff3-9b14-52228fb1f370_1770688845.jpg", "Hinh2": "https://five.epicollect.net/api/media/vqgpq2025?type=photo&format=entry_original&name=70fdcb64-d747-4ff3-9b14-52228fb1f370_1770688864.jpg", "Tenhinh": "110"}}, {"type": "Feature", "geometry": {"coordinates": [103.98303999264708, 10.286236995696873, 0.0], "type": "Point"}, "properties": {"ID": 111, "TT": 111, "MaMKA": 111, "Vitri": "Chân núi", "HuongPhoi": "Tây", "Tinh": "An Giang", "Xa": "Đặc Khu Phú Quốc", "TK": "69", "NgayDT": "10/2/2026", "NguoiDT": "Nguyễn Hồng Quân", "X_NB": 443180.31, "Y_NB": 1137558.31, "Docao": 56.45, "G1": 0.0, "G2": 0.0, "G3": 0.0, "G4": 0.0, "G5": 0.0, "G": 0.0, "H1": 0.0, "H2": 0.0, "H3": 0.0, "H4": 0.0, "H5": 0.0, "H": 0.0, "M": 0.0, "Dotanche": 0.0, "LoaiUT": "NULL", "HuongChup": "Tây", "KCChup": 2.0, "ten_hinh": 111, "TrangThai": "DTK", "TTThucDia": "DTK", "Note": "Đất trồng cây lâu năm: Dó bầu, Dừa, tre, mít, trai.", "MaVQG": 27, "KH": "MKA", "Check": "NULL", "TenldlrTT1": "Diện tích khác", "Hinh1": "https://five.epicollect.net/api/media/vqgpq2025?type=photo&format=entry_original&name=f897a551-527b-4522-a195-960c1427da35_1770687237.jpg", "Hinh2": "https://five.epicollect.net/api/media/vqgpq2025?type=photo&format=entry_original&name=f897a551-527b-4522-a195-960c1427da35_1770687269.jpg", "Tenhinh": "111"}}, {"type": "Feature", "geometry": {"coordinates": [103.99504200107388, 10.191038936293365, 0.0], "type": "Point"}, "properties": {"ID": 112, "TT": 112, "MaMKA": 112, "Vitri": "Sườn núi", "HuongPhoi": "Tây", "Tinh": "An Giang", "Xa": "Đặc Khu Phú Quốc", "TK": "77", "NgayDT": "6/2/2026", "NguoiDT": "Hà Văn Long", "X_NB": 444478.45, "Y_NB": 1127027.11, "Docao": 38.63, "G1": 0.0, "G2": 0.0, "G3": 0.0, "G4": 0.0, "G5": 0.0, "G": 0.0, "H1": 0.0, "H2": 0.0, "H3": 0.0, "H4": 0.0, "H5": 0.0, "H": 0.0, "M": 0.0, "Dotanche": 0.0, "LoaiUT": "NULL", "HuongChup": "Đông", "KCChup": 3.0, "ten_hinh": 112, "TrangThai": "DTK", "TTThucDia": "DTK", "Note": "Đất trống xen một số cây Tràm bông vàng phát tán", "MaVQG": 24, "KH": "MKA", "Check": "NULL", "TenldlrTT1": "Diện tích khác", "Hinh1": "https://five.epicollect.net/api/media/vqgpq2025?type=photo&format=entry_original&name=3e9f07ef-945d-42c0-974b-666d4e36f54b_1770355343.jpg", "Hinh2": "https://five.epicollect.net/api/media/vqgpq2025?type=photo&format=entry_original&name=3e9f07ef-945d-42c0-974b-666d4e36f54b_1770355353.jpg", "Tenhinh": "112"}}, {"type": "Feature", "geometry": {"coordinates": [103.99719794435968, 10.188024929480973, 0.0], "type": "Point"}, "properties": {"ID": 113, "TT": 113, "MaMKA": 113, "Vitri": "Sườn núi", "HuongPhoi": "Tây", "Tinh": "An Giang", "Xa": "Đặc Khu Phú Quốc", "TK": "77", "NgayDT": "6/2/2026", "NguoiDT": "Hà Văn Long", "X_NB": 444714.16, "Y_NB": 1126693.39, "Docao": 48.4, "G1": 4.5, "G2": 4.0, "G3": 4.5, "G4": 5.0, "G5": 4.0, "G": 4.4, "H1": 11.0, "H2": 10.0, "H3": 7.4, "H4": 5.5, "H5": 6.0, "H": 8.0, "M": 15.8, "Dotanche": 0.6, "LoaiUT": "Vảy ốc, Xăng mã", "HuongChup": "Tây Nam", "KCChup": 2.0, "ten_hinh": 113, "TrangThai": "TXK", "TTThucDia": "TXK", "Note": "NULL", "MaVQG": 1500, "KH": "OTC", "Check": "OK", "TenldlrTT1": "Rừng lá rộng thường xanh và nửa rụng lá nghèo kiệt", "Hinh1": "https://five.epicollect.net/api/media/vqgpq2025?type=photo&format=entry_original&name=af956905-c17c-491d-810b-aa52391cc597_1770354199.jpg", "Hinh2": "https://five.epicollect.net/api/media/vqgpq2025?type=photo&format=entry_original&name=af956905-c17c-491d-810b-aa52391cc597_1770354218.jpg", "Tenhinh": "113"}}, {"type": "Feature", "geometry": {"coordinates": [103.99624896041615, 10.197614016695027, 0.0], "type": "Point"}, "properties": {"ID": 114, "TT": 114, "MaMKA": 114, "Vitri": "Sườn núi", "HuongPhoi": "Nam", "Tinh": "An Giang", "Xa": "Đặc Khu Phú Quốc", "TK": "77", "NgayDT": "6/2/2026", "NguoiDT": "Hà Văn Long", "X_NB": 444611.83, "Y_NB": 1127754.12, "Docao": 47.73, "G1": 8.0, "G2": 8.5, "G3": 7.0, "G4": 9.0, "G5": 8.0, "G": 8.1, "H1": 4.2, "H2": 4.4, "H3": 7.2, "H4": 4.0, "H5": 3.7, "H": 4.7, "M": 17.13, "Dotanche": 0.6, "LoaiUT": "Bứa, Viết, Làu táu", "HuongChup": "Tây", "KCChup": 2.0, "ten_hinh": 114, "TrangThai": "TXK", "TTThucDia": "TXK", "Note": "NULL", "MaVQG": 1400, "KH": "OTC", "Check": "OK", "TenldlrTT1": "Rừng lá rộng thường xanh và nửa rụng lá nghèo kiệt", "Hinh1": "https://five.epicollect.net/api/media/vqgpq2025?type=photo&format=entry_original&name=786985f4-8080-441c-b326-d332faea359b_1770349476.jpg", "Hinh2": "https://five.epicollect.net/api/media/vqgpq2025?type=photo&format=entry_original&name=786985f4-8080-441c-b326-d332faea359b_1770349492.jpg", "Tenhinh": "114"}}, {"type": "Feature", "geometry": {"coordinates": [104.0075179812018, 10.204605995746846, 0.0], "type": "Point"}, "properties": {"ID": 115, "TT": 115, "MaMKA": 115, "Vitri": "Sườn núi", "HuongPhoi": "Bắc", "Tinh": "An Giang", "Xa": "Đặc Khu Phú Quốc", "TK": "77", "NgayDT": "6/2/2026", "NguoiDT": "Hà Văn Long", "X_NB": 445847.7, "Y_NB": 1128525.54, "Docao": 51.0, "G1": 17.0, "G2": 16.5, "G3": 15.0, "G4": 16.5, "G5": 16.5, "G": 16.3, "H1": 11.5, "H2": 10.8, "H3": 10.1, "H4": 7.5, "H5": 7.6, "H": 9.5, "M": 69.68, "Dotanche": 0.79, "LoaiUT": "Thị, Trâm", "HuongChup": "Tây", "KCChup": 3.0, "ten_hinh": 115, "TrangThai": "TXN", "TTThucDia": "TXN", "Note": "NULL", "MaVQG": 1300, "KH": "OTC", "Check": "OK", "TenldlrTT1": "Rừng lá rộng thường xanh và nửa rụng lá nghèo", "Hinh1": "https://five.epicollect.net/api/media/vqgpq2025?type=photo&format=entry_original&name=db7b6067-5285-4717-be08-8704f5d000bb_1770344784.jpg", "Hinh2": "https://five.epicollect.net/api/media/vqgpq2025?type=photo&format=entry_original&name=db7b6067-5285-4717-be08-8704f5d000bb_1770344804.jpg", "Tenhinh": "115"}}, {"type": "Feature", "geometry": {"coordinates": [104.00055204541981, 10.21700200230379, 0.0], "type": "Point"}, "properties": {"ID": 116, "TT": 116, "MaMKA": 116, "Vitri": "Chân núi", "HuongPhoi": "Tây", "Tinh": "An Giang", "Xa": "Đặc Khu Phú Quốc", "TK": "74", "NgayDT": "6/2/2026", "NguoiDT": "Hà Văn Long", "X_NB": 445086.61, "Y_NB": 1129897.73, "Docao": 28.3, "G1": 0.0, "G2": 0.0, "G3": 0.0, "G4": 0.0, "G5": 0.0, "G": 0.0, "H1": 0.0, "H2": 0.0, "H3": 0.0, "H4": 0.0, "H5": 0.0, "H": 0.0, "M": 0.0, "Dotanche": 0.0, "LoaiUT": "NULL", "HuongChup": "Đông Nam", "KCChup": 2.0, "ten_hinh": 116, "TrangThai": "DTK", "TTThucDia": "DTK", "Note": "Hiện trạng đất trồng cây Tràm bông vàng của người dân", "MaVQG": 3100, "KH": "OTC", "Check": "OK", "TenldlrTT1": "Diện tích khác", "Hinh1": "https://five.epicollect.net/api/media/vqgpq2025?type=photo&format=entry_original&name=e774d84f-a86a-49cb-8178-a49fcf217fbf_1770339906.jpg", "Hinh2": "https://five.epicollect.net/api/media/vqgpq2025?type=photo&format=entry_original&name=e774d84f-a86a-49cb-8178-a49fcf217fbf_1770339928.jpg", "Tenhinh": "116"}}, {"type": "Feature", "geometry": {"coordinates": [104.02103291143416, 10.231649018230453, 0.0], "type": "Point"}, "properties": {"ID": 117, "TT": 117, "MaMKA": 117, "Vitri": "Sườn núi", "HuongPhoi": "Đông", "Tinh": "An Giang", "Xa": "Đặc Khu Phú Quốc", "TK": "71", "NgayDT": "5/2/2026", "NguoiDT": "Hà Văn Long", "X_NB": 447332.87, "Y_NB": 1131514.32, "Docao": 30.36, "G1": 7.0, "G2": 8.0, "G3": 6.0, "G4": 7.5, "G5": 6.5, "G": 7.0, "H1": 7.2, "H2": 8.2, "H3": 7.5, "H4": 7.5, "H5": 8.0, "H": 7.7, "M": 24.19, "Dotanche": 0.75, "LoaiUT": "Làu táu, Thị", "HuongChup": "Nam", "KCChup": 2.0, "ten_hinh": 117, "TrangThai": "TXK", "TTThucDia": "TXK", "Note": "NULL", "MaVQG": 71, "KH": "MKA", "Check": "NULL", "TenldlrTT1": "Rừng lá rộng thường xanh và nửa rụng lá nghèo kiệt", "Hinh1": "https://five.epicollect.net/api/media/vqgpq2025?type=photo&format=entry_original&name=310ca1b4-5a7e-4df2-9847-d62f05b399f5_1770266035.jpg", "Hinh2": "https://five.epicollect.net/api/media/vqgpq2025?type=photo&format=entry_original&name=310ca1b4-5a7e-4df2-9847-d62f05b399f5_1770266048.jpg", "Tenhinh": "117"}}, {"type": "Feature", "geometry": {"coordinates": [104.0247580394566, 10.235254949813426, 0.0], "type": "Point"}, "properties": {"ID": 118, "TT": 118, "MaMKA": 118, "Vitri": "Chân núi", "HuongPhoi": "Bắc", "Tinh": "An Giang", "Xa": "Đặc Khu Phú Quốc", "TK": "71", "NgayDT": "5/2/2026", "NguoiDT": "Hà Văn Long", "X_NB": 447741.55, "Y_NB": 1131912.54, "Docao": 19.56, "G1": 12.5, "G2": 13.0, "G3": 13.0, "G4": 12.0, "G5": 12.5, "G": 12.6, "H1": 7.6, "H2": 8.7, "H3": 6.2, "H4": 4.8, "H5": 4.2, "H": 6.3, "M": 35.72, "Dotanche": 0.6, "LoaiUT": "Giền trắng, Tràm bông vàng", "HuongChup": "Đông Bắc", "KCChup": 2.0, "ten_hinh": 118, "TrangThai": "TXK", "TTThucDia": "TXK", "Note": "Rừng TXK xen lẫn Tràm bông vàng phát tán", "MaVQG": 3000, "KH": "OTC", "Check": "OK", "TenldlrTT1": "Rừng lá rộng thường xanh và nửa rụng lá nghèo kiệt", "Hinh1": "https://five.epicollect.net/api/media/vqgpq2025?type=photo&format=entry_original&name=74332e27-f03e-4b21-a782-9f2a4116d845_1770263472.jpg", "Hinh2": "https://five.epicollect.net/api/media/vqgpq2025?type=photo&format=entry_original&name=74332e27-f03e-4b21-a782-9f2a4116d845_1770263496.jpg", "Tenhinh": "118"}}, {"type": "Feature", "geometry": {"coordinates": [104.0126300194928, 10.25626697686877, 0.0], "type": "Point"}, "properties": {"ID": 119, "TT": 119, "MaMKA": 119, "Vitri": "Chân núi", "HuongPhoi": "Tây", "Tinh": "An Giang", "Xa": "Đặc Khu Phú Quốc", "TK": "69", "NgayDT": "5/2/2026", "NguoiDT": "Hà Văn Long", "X_NB": 446416.42, "Y_NB": 1134238.49, "Docao": 36.36, "G1": 6.5, "G2": 7.0, "G3": 6.5, "G4": 7.0, "G5": 6.0, "G": 6.6, "H1": 9.5, "H2": 9.0, "H3": 5.6, "H4": 7.1, "H5": 7.0, "H": 7.6, "M": 22.69, "Dotanche": 0.6, "LoaiUT": "Tràm bông vàng", "HuongChup": "Bắc", "KCChup": 2.0, "ten_hinh": 119, "TrangThai": "TXK", "TTThucDia": "TXK", "Note": "Rừng TXK xen lẫn Tràm bông vàng", "MaVQG": 2900, "KH": "OTC", "Check": "OK", "TenldlrTT1": "Rừng lá rộng thường xanh và nửa rụng lá nghèo kiệt", "Hinh1": "https://five.epicollect.net/api/media/vqgpq2025?type=photo&format=entry_original&name=701ba193-7c48-4d9a-a034-5fcee7e61d7c_1770258132.jpg", "Hinh2": "https://five.epicollect.net/api/media/vqgpq2025?type=photo&format=entry_original&name=701ba193-7c48-4d9a-a034-5fcee7e61d7c_1770258173.jpg", "Tenhinh": "119"}}, {"type": "Feature", "geometry": {"coordinates": [103.91247400583067, 10.31696395014959, 0.0], "type": "Point"}, "properties": {"ID": 120, "TT": 120, "MaMKA": 120, "Vitri": "Tâm OTC", "HuongPhoi": "Nam", "Tinh": "An Giang", "Xa": "Đặc Khu Phú Quốc", "TK": "65", "NgayDT": "5/2/2026", "NguoiDT": "Nguyễn Hồng Quân", "X_NB": 435457.04, "Y_NB": 1140970.14, "Docao": 160.69, "G1": 25.0, "G2": 23.0, "G3": 23.5, "G4": 24.0, "G5": 23.0, "G": 23.7, "H1": 7.3, "H2": 6.5, "H3": 9.0, "H4": 16.0, "H5": 16.6, "H": 11.1, "M": 118.17, "Dotanche": 0.85, "LoaiUT": "Trâm, trường, chò xót", "HuongChup": "Nam", "KCChup": 1.0, "ten_hinh": 120, "TrangThai": "TXB", "TTThucDia": "TXB", "Note": "NULL", "MaVQG": 3700, "KH": "OTC", "Check": "OK", "TenldlrTT1": "Rừng lá rộng thường xanh và nửa rụng lá trung bình", "Hinh1": "https://five.epicollect.net/api/media/vqgpq2025?type=photo&format=entry_original&name=68dc6f57-1409-4306-859c-be8ce9b32b6e_1770272925.jpg", "Hinh2": "https://five.epicollect.net/api/media/vqgpq2025?type=photo&format=entry_original&name=68dc6f57-1409-4306-859c-be8ce9b32b6e_1770272945.jpg", "Tenhinh": "120"}}, {"type": "Feature", "geometry": {"coordinates": [103.94934599045014, 10.251986927360743, 0.0], "type": "Point"}, "properties": {"ID": 121, "TT": 121, "MaMKA": 121, "Vitri": "Gần OTC", "HuongPhoi": "Tây", "Tinh": "An Giang", "Xa": "Đặc Khu Phú Quốc", "TK": "75", "NgayDT": "5/2/2026", "NguoiDT": "Nguyễn Hồng Quân", "X_NB": 439483.13, "Y_NB": 1133776.29, "Docao": 86.82, "G1": 5.0, "G2": 4.5, "G3": 6.0, "G4": 4.0, "G5": 4.5, "G": 4.8, "H1": 6.0, "H2": 6.6, "H3": 8.6, "H4": 7.3, "H5": 13.5, "H": 8.4, "M": 18.14, "Dotanche": 0.4, "LoaiUT": "Chay", "HuongChup": "Nam", "KCChup": 1.0, "ten_hinh": 121, "TrangThai": "TXK", "TTThucDia": "TXK", "Note": "Khu vực đã bị phát dọn trừ lại 1 số cây rừng tự nhiên rãi rác", "MaVQG": 900, "KH": "OTC", "Check": "OK", "TenldlrTT1": "Rừng lá rộng thường xanh và nửa rụng lá nghèo kiệt", "Hinh1": "https://five.epicollect.net/api/media/vqgpq2025?type=photo&format=entry_original&name=dc616117-7a2e-4654-b545-d78b795cc11c_1770261901.jpg", "Hinh2": "https://five.epicollect.net/api/media/vqgpq2025?type=photo&format=entry_original&name=dc616117-7a2e-4654-b545-d78b795cc11c_1770261914.jpg", "Tenhinh": "121"}}, {"type": "Feature", "geometry": {"coordinates": [103.84077505560381, 10.37654995014989, 0.0], "type": "Point"}, "properties": {"ID": 122, "TT": 122, "MaMKA": 122, "Vitri": "Tâm OTC", "HuongPhoi": "Bắc", "Tinh": "An Giang", "Xa": "Đặc Khu Phú Quốc", "TK": "59,60", "NgayDT": "3/2/2026", "NguoiDT": "Nguyễn Hồng Quân", "X_NB": 427617.73, "Y_NB": 1147576.0, "Docao": 55.64, "G1": 23.6, "G2": 24.5, "G3": 21.4, "G4": 25.5, "G5": 26.0, "G": 24.2, "H1": 5.5, "H2": 7.5, "H3": 8.6, "H4": 14.0, "H5": 13.0, "H": 9.7, "M": 105.85, "Dotanche": 0.8, "LoaiUT": "Trâm, mướp lá lớn", "HuongChup": "Bắc", "KCChup": 1.0, "ten_hinh": 122, "TrangThai": "TXB", "TTThucDia": "TXB", "Note": "NULL", "MaVQG": 2200, "KH": "OTC", "Check": "OK", "TenldlrTT1": "Rừng lá rộng thường xanh và nửa rụng lá trung bình", "Hinh1": "https://five.epicollect.net/api/media/vqgpq2025?type=photo&format=entry_original&name=59853f06-cf7e-4af0-8290-0ec60bf10f19_1770089186.jpg", "Hinh2": "https://five.epicollect.net/api/media/vqgpq2025?type=photo&format=entry_original&name=59853f06-cf7e-4af0-8290-0ec60bf10f19_1770089205.jpg", "Tenhinh": "122"}}, {"type": "Feature", "geometry": {"coordinates": [103.84178599828896, 10.375450981165915, 0.0], "type": "Point"}, "properties": {"ID": 123, "TT": 123, "MaMKA": 123, "Vitri": "Tâm OTC", "HuongPhoi": "Tây Nam", "Tinh": "An Giang", "Xa": "Đặc Khu Phú Quốc", "TK": "59,60", "NgayDT": "3/2/2026", "NguoiDT": "Nguyễn Hồng Quân", "X_NB": 427728.19, "Y_NB": 1147454.22, "Docao": 70.06, "G1": 0.0, "G2": 0.0, "G3": 0.0, "G4": 0.0, "G5": 0.0, "G": 0.0, "H1": 0.0, "H2": 0.0, "H3": 0.0, "H4": 0.0, "H5": 0.0, "H": 0.0, "M": 0.0, "Dotanche": 0.0, "LoaiUT": "Tràm bông vàng", "HuongChup": "Nam", "KCChup": 2.0, "ten_hinh": 123, "TrangThai": "DTK", "TTThucDia": "DTK", "Note": "Tràm bông vàng, khoai mì, chuối của người dân trồng", "MaVQG": 2300, "KH": "OTC", "Check": "OK", "TenldlrTT1": "Diện tích khác", "Hinh1": "https://five.epicollect.net/api/media/vqgpq2025?type=photo&format=entry_original&name=c697f91a-3849-498f-9cf8-5e8551aee447_1770085435.jpg", "Hinh2": "https://five.epicollect.net/api/media/vqgpq2025?type=photo&format=entry_original&name=c697f91a-3849-498f-9cf8-5e8551aee447_1770085450.jpg", "Tenhinh": "123"}}, {"type": "Feature", "geometry": {"coordinates": [103.88034892681723, 10.34663306866693, 0.0], "type": "Point"}, "properties": {"ID": 124, "TT": 124, "MaMKA": 124, "Vitri": "Chân núi", "HuongPhoi": "Nam", "Tinh": "An Giang", "Xa": "Đặc Khu Phú Quốc", "TK": "61", "NgayDT": "2/2/2026", "NguoiDT": "Hà Văn Long", "X_NB": 431944.88, "Y_NB": 1144258.33, "Docao": 31.95, "G1": 35.8, "G2": 32.0, "G3": 32.8, "G4": 33.7, "G5": 35.0, "G": 33.86, "H1": 7.5, "H2": 10.5, "H3": 13.0, "H4": 17.0, "H5": 18.0, "H": 13.2, "M": 201.13, "Dotanche": 0.85, "LoaiUT": "Kiền kiền, Vên vên", "HuongChup": "Tây Nam", "KCChup": 2.0, "ten_hinh": 124, "TrangThai": "TXG", "TTThucDia": "TXG", "Note": "NULL", "MaVQG": 66, "KH": "MKA", "Check": "NULL", "TenldlrTT1": "Rừng lá rộng thường xanh và nửa rụng lá giàu", "Hinh1": "https://five.epicollect.net/api/media/vqgpq2025?type=photo&format=entry_original&name=f9c7e703-cb44-4395-9303-0debd3544bf9_1770014391.jpg", "Hinh2": "https://five.epicollect.net/api/media/vqgpq2025?type=photo&format=entry_original&name=f9c7e703-cb44-4395-9303-0debd3544bf9_1770014421.jpg", "Tenhinh": "124"}}, {"type": "Feature", "geometry": {"coordinates": [103.87575801071293, 10.341386957948483, 0.0], "type": "Point"}, "properties": {"ID": 125, "TT": 125, "MaMKA": 125, "Vitri": "Chân núi", "HuongPhoi": "Tây", "Tinh": "An Giang", "Xa": "Đặc Khu Phú Quốc", "TK": "61", "NgayDT": "2/2/2026", "NguoiDT": "Hà Văn Long", "X_NB": 431440.96, "Y_NB": 1143679.07, "Docao": 25.38, "G1": 24.0, "G2": 23.0, "G3": 22.3, "G4": 23.5, "G5": 24.0, "G": 23.36, "H1": 7.5, "H2": 5.5, "H3": 6.9, "H4": 7.6, "H5": 8.9, "H": 7.3, "M": 76.53, "Dotanche": 0.74, "LoaiUT": "Trâm, Kiền kiền", "HuongChup": "Đông", "KCChup": 2.0, "ten_hinh": 125, "TrangThai": "TXN", "TTThucDia": "TXN", "Note": "NULL", "MaVQG": 17, "KH": "MKA", "Check": "NULL", "TenldlrTT1": "Rừng lá rộng thường xanh và nửa rụng lá nghèo", "Hinh1": "https://five.epicollect.net/api/media/vqgpq2025?type=photo&format=entry_original&name=94c67275-fd7f-467e-ab03-6b093fc08059_1770011909.jpg", "Hinh2": "https://five.epicollect.net/api/media/vqgpq2025?type=photo&format=entry_original&name=94c67275-fd7f-467e-ab03-6b093fc08059_1770011924.jpg", "Tenhinh": "125"}}, {"type": "Feature", "geometry": {"coordinates": [103.86775213667433, 10.35774801952037, 0.0], "type": "Point"}, "properties": {"ID": 126, "TT": 126, "MaMKA": 126, "Vitri": "Sườn núi", "HuongPhoi": "Đông Bắc", "Tinh": "An Giang", "Xa": "Đặc Khu Phú Quốc", "TK": "60", "NgayDT": "2/2/2026", "NguoiDT": "Hà Văn Long", "X_NB": 430567.76, "Y_NB": 1145490.41, "Docao": 55.6, "G1": 24.0, "G2": 25.0, "G3": 24.5, "G4": 22.0, "G5": 23.0, "G": 23.7, "H1": 17.2, "H2": 12.6, "H3": 13.5, "H4": 4.2, "H5": 7.5, "H": 11.0, "M": 117.32, "Dotanche": 0.82, "LoaiUT": "Kiền kiền", "HuongChup": "Tây Bắc", "KCChup": 2.0, "ten_hinh": 126, "TrangThai": "TXB", "TTThucDia": "TXB", "Note": "NULL", "MaVQG": 2500, "KH": "OTC", "Check": "OK", "TenldlrTT1": "Rừng lá rộng thường xanh và nửa rụng lá trung bình", "Hinh1": "https://five.epicollect.net/api/media/vqgpq2025?type=photo&format=entry_original&name=ea140ca0-9394-4457-abde-7c342aaa3d1e_1770008148.jpg", "Hinh2": "https://five.epicollect.net/api/media/vqgpq2025?type=photo&format=entry_original&name=ea140ca0-9394-4457-abde-7c342aaa3d1e_1770008161.jpg", "Tenhinh": "126"}}, {"type": "Feature", "geometry": {"coordinates": [103.87158301215719, 10.36140398498993, 0.0], "type": "Point"}, "properties": {"ID": 127, "TT": 127, "MaMKA": 127, "Vitri": "Sườn núi", "HuongPhoi": "Nam", "Tinh": "An Giang", "Xa": "Đặc Khu Phú Quốc", "TK": "59", "NgayDT": "2/2/2026", "NguoiDT": "Hà Văn Long", "X_NB": 430988.09, "Y_NB": 1145893.95, "Docao": 109.63, "G1": 22.0, "G2": 23.0, "G3": 25.5, "G4": 24.0, "G5": 23.0, "G": 23.5, "H1": 14.5, "H2": 13.3, "H3": 7.4, "H4": 7.5, "H5": 5.2, "H": 9.6, "M": 101.31, "Dotanche": 0.8, "LoaiUT": "Thị, Săng đá, Trâm", "HuongChup": "Đông Bắc", "KCChup": 2.0, "ten_hinh": 127, "TrangThai": "TXB", "TTThucDia": "TXB", "Note": "NULL", "MaVQG": 3600, "KH": "OTC", "Check": "OK", "TenldlrTT1": "Rừng lá rộng thường xanh và nửa rụng lá trung bình", "Hinh1": "https://five.epicollect.net/api/media/vqgpq2025?type=photo&format=entry_original&name=f0485cc4-1f8f-4bcd-afdf-bc6623efb229_1770001418.jpg", "Hinh2": "https://five.epicollect.net/api/media/vqgpq2025?type=photo&format=entry_original&name=f0485cc4-1f8f-4bcd-afdf-bc6623efb229_1770001440.jpg", "Tenhinh": "127"}}, {"type": "Feature", "geometry": {"coordinates": [104.00250400607662, 10.375899986820555, 0.0], "type": "Point"}, "properties": {"ID": 128, "TT": 128, "MaMKA": 128, "Vitri": "Sườn núi", "HuongPhoi": "Tây", "Tinh": "An Giang", "Xa": "Đặc Khu Phú Quốc", "TK": "56", "NgayDT": "30/01/2026", "NguoiDT": "Hà Văn Long", "X_NB": 445327.74, "Y_NB": 1147471.91, "Docao": 65.33, "G1": 22.0, "G2": 24.5, "G3": 23.0, "G4": 23.0, "G5": 22.0, "G": 22.9, "H1": 14.0, "H2": 19.0, "H3": 9.5, "H4": 7.0, "H5": 7.5, "H": 11.4, "M": 117.48, "Dotanche": 0.86, "LoaiUT": "Dầu mít, Còng, Thị", "HuongChup": "Bắc", "KCChup": 2.0, "ten_hinh": 128, "TrangThai": "TXB", "TTThucDia": "TXB", "Note": "NULL", "MaVQG": 46, "KH": "MKA", "Check": "NULL", "TenldlrTT1": "Rừng lá rộng thường xanh và nửa rụng lá trung bình", "Hinh1": "https://five.epicollect.net/api/media/vqgpq2025?type=photo&format=entry_original&name=b0b29e32-9ebb-4330-9230-f70fb56aabbc_1769755349.jpg", "Hinh2": "https://five.epicollect.net/api/media/vqgpq2025?type=photo&format=entry_original&name=b0b29e32-9ebb-4330-9230-f70fb56aabbc_1769755369.jpg", "Tenhinh": "128"}}, {"type": "Feature", "geometry": {"coordinates": [104.00055488108181, 10.384890982873497, 0.0], "type": "Point"}, "properties": {"ID": 129, "TT": 129, "MaMKA": 129, "Vitri": "Chân núi", "HuongPhoi": "Tây", "Tinh": "An Giang", "Xa": "Đặc Khu Phú Quốc", "TK": "55", "NgayDT": "30/01/2026", "NguoiDT": "Hà Văn Long", "X_NB": 445115.87, "Y_NB": 1148466.68, "Docao": 34.97, "G1": 38.5, "G2": 39.0, "G3": 37.5, "G4": 35.5, "G5": 35.0, "G": 37.1, "H1": 14.5, "H2": 15.2, "H3": 8.8, "H4": 8.5, "H5": 8.4, "H": 11.1, "M": 184.98, "Dotanche": 0.89, "LoaiUT": "Dầu mít, Thị", "HuongChup": "Bắc", "KCChup": 2.0, "ten_hinh": 129, "TrangThai": "TXB", "TTThucDia": "TXB", "Note": "NULL", "MaVQG": 5200, "KH": "OTC", "Check": "OK", "TenldlrTT1": "Rừng lá rộng thường xanh và nửa rụng lá trung bình", "Hinh1": "https://five.epicollect.net/api/media/vqgpq2025?type=photo&format=entry_original&name=cbea786c-0abd-4aa0-8130-6a56feee133d_1769749748.jpg", "Hinh2": "https://five.epicollect.net/api/media/vqgpq2025?type=photo&format=entry_original&name=cbea786c-0abd-4aa0-8130-6a56feee133d_1769749765.jpg", "Tenhinh": "129"}}, {"type": "Feature", "geometry": {"coordinates": [103.97472196567801, 10.242775992500228, 0.0], "type": "Point"}, "properties": {"ID": 130, "TT": 130, "MaMKA": 130, "Vitri": "Sườn núi", "HuongPhoi": "Đông", "Tinh": "An Giang", "Xa": "Đặc Khu Phú Quốc", "TK": "75", "NgayDT": "26/01/2026", "NguoiDT": "Hà Văn Long", "X_NB": 442261.34, "Y_NB": 1132752.89, "Docao": 27.83, "G1": 19.0, "G2": 20.5, "G3": 20.0, "G4": 20.5, "G5": 18.0, "G": 19.6, "H1": 11.8, "H2": 10.5, "H3": 8.1, "H4": 7.0, "H5": 6.9, "H": 8.9, "M": 78.15, "Dotanche": 0.82, "LoaiUT": "Chò xót, Bứa", "HuongChup": "Tây", "KCChup": 2.0, "ten_hinh": 130, "TrangThai": "TXN", "TTThucDia": "TXN", "Note": "NULL", "MaVQG": 800, "KH": "OTC", "Check": "OK", "TenldlrTT1": "Rừng lá rộng thường xanh và nửa rụng lá nghèo", "Hinh1": "https://five.epicollect.net/api/media/vqgpq2025?type=photo&format=entry_original&name=3d681819-6a03-45eb-8883-7d8e706b95b5_1769412760.jpg", "Hinh2": "https://five.epicollect.net/api/media/vqgpq2025?type=photo&format=entry_original&name=3d681819-6a03-45eb-8883-7d8e706b95b5_1769412776.jpg", "Tenhinh": "130"}}, {"type": "Feature", "geometry": {"coordinates": [103.95441200600514, 10.280210981097358, 0.0], "type": "Point"}, "properties": {"ID": 131, "TT": 131, "MaMKA": 131, "Vitri": "Sườn núi", "HuongPhoi": "Tây Bắc", "Tinh": "An Giang", "Xa": "Đặc Khu Phú Quốc", "TK": "75", "NgayDT": "26/01/2026", "NguoiDT": "Hà Văn Long", "X_NB": 440043.4, "Y_NB": 1136897.01, "Docao": 65.34, "G1": 25.0, "G2": 23.0, "G3": 23.5, "G4": 24.0, "G5": 23.0, "G": 23.7, "H1": 8.9, "H2": 9.0, "H3": 13.8, "H4": 14.0, "H5": 14.6, "H": 12.1, "M": 128.62, "Dotanche": 0.85, "LoaiUT": "Thị, Huỷnh, cám", "HuongChup": "Tây", "KCChup": 2.0, "ten_hinh": 131, "TrangThai": "TXB", "TTThucDia": "TXB", "Note": "NULL", "MaVQG": 7600, "KH": "OTC", "Check": "OK", "TenldlrTT1": "Rừng lá rộng thường xanh và nửa rụng lá trung bình", "Hinh1": "https://five.epicollect.net/api/media/vqgpq2025?type=photo&format=entry_original&name=bd606c0d-8517-4cef-8d6c-ec7a563d23e5_1769394232.jpg", "Hinh2": "https://five.epicollect.net/api/media/vqgpq2025?type=photo&format=entry_original&name=bd606c0d-8517-4cef-8d6c-ec7a563d23e5_1769394259.jpg", "Tenhinh": "131"}}, {"type": "Feature", "geometry": {"coordinates": [103.96255203822417, 10.255209984679434, 0.0], "type": "Point"}, "properties": {"ID": 132, "TT": 132, "MaMKA": 132, "Vitri": "Sườn núi", "HuongPhoi": "Bắc", "Tinh": "An Giang", "Xa": "Đặc Khu Phú Quốc", "TK": "75", "NgayDT": "26/01/2026", "NguoiDT": "Hà Văn Long", "X_NB": 440930.41, "Y_NB": 1134130.32, "Docao": 82.34, "G1": 18.5, "G2": 17.5, "G3": 18.0, "G4": 18.0, "G5": 18.0, "G": 18.0, "H1": 5.5, "H2": 5.8, "H3": 6.0, "H4": 8.5, "H5": 11.0, "H": 7.4, "M": 59.62, "Dotanche": 0.79, "LoaiUT": "Trâm, Thị", "HuongChup": "Tây Bắc", "KCChup": 2.0, "ten_hinh": 132, "TrangThai": "TXN", "TTThucDia": "TXN", "Note": "NULL", "MaVQG": 32, "KH": "MKA", "Check": "NULL", "TenldlrTT1": "Rừng lá rộng thường xanh và nửa rụng lá nghèo", "Hinh1": "https://five.epicollect.net/api/media/vqgpq2025?type=photo&format=entry_original&name=87172baa-ee83-4283-8d49-cbd9e3871dbb_1769396695.jpg", "Hinh2": "https://five.epicollect.net/api/media/vqgpq2025?type=photo&format=entry_original&name=87172baa-ee83-4283-8d49-cbd9e3871dbb_1769396716.jpg", "Tenhinh": "132"}}, {"type": "Feature", "geometry": {"coordinates": [103.96728096650956, 10.285080012570031, 0.0], "type": "Point"}, "properties": {"ID": 133, "TT": 133, "MaMKA": 133, "Vitri": "Sườn núi", "HuongPhoi": "Đông", "Tinh": "An Giang", "Xa": "Đặc Khu Phú Quốc", "TK": "75", "NgayDT": "23/01/2026", "NguoiDT": "Hà Văn Long", "X_NB": 441453.93, "Y_NB": 1137433.17, "Docao": 90.71, "G1": 25.0, "G2": 23.0, "G3": 24.5, "G4": 23.5, "G5": 23.0, "G": 23.8, "H1": 8.4, "H2": 9.4, "H3": 10.8, "H4": 18.5, "H5": 14.1, "H": 12.2, "M": 131.09, "Dotanche": 0.85, "LoaiUT": "Chay, Bô bô", "HuongChup": "Bắc", "KCChup": 2.0, "ten_hinh": 133, "TrangThai": "TXB", "TTThucDia": "TXB", "Note": "NULL", "MaVQG": 700, "KH": "OTC", "Check": "OK", "TenldlrTT1": "Rừng lá rộng thường xanh và nửa rụng lá trung bình", "Hinh1": "https://five.epicollect.net/api/media/vqgpq2025?type=photo&format=entry_original&name=7a677059-e1e6-4528-a7c5-be2d8ebff787_1769135652.jpg", "Hinh2": "https://five.epicollect.net/api/media/vqgpq2025?type=photo&format=entry_original&name=7a677059-e1e6-4528-a7c5-be2d8ebff787_1769135675.jpg", "Tenhinh": "133"}}, {"type": "Feature", "geometry": {"coordinates": [103.97467591495236, 10.384314019960435, 0.0], "type": "Point"}, "properties": {"ID": 134, "TT": 134, "MaMKA": 134, "Vitri": "Chân núi", "HuongPhoi": "Đông", "Tinh": "An Giang", "Xa": "Đặc Khu Phú Quốc", "TK": "54", "NgayDT": "22/01/2026", "NguoiDT": "Hà Văn Long", "X_NB": 442281.99, "Y_NB": 1148407.43, "Docao": 20.48, "G1": 20.0, "G2": 23.0, "G3": 21.0, "G4": 21.5, "G5": 22.0, "G": 21.5, "H1": 4.7, "H2": 4.9, "H3": 5.4, "H4": 4.9, "H5": 4.8, "H": 4.9, "M": 53.11, "Dotanche": 0.4, "LoaiUT": "Xăng mã, Sổ", "HuongChup": "Bắc", "KCChup": 2.0, "ten_hinh": 134, "TrangThai": "TG", "TTThucDia": "TG", "Note": "Rừng trồng cây Sao đen", "MaVQG": 31, "KH": "MKA", "Check": "NULL", "TenldlrTT1": "Rừng gỗ trồng núi đất", "Hinh1": "https://five.epicollect.net/api/media/vqgpq2025?type=photo&format=entry_original&name=4f0427be-c325-424f-a26b-c810a00f82ec_1769063126.jpg", "Hinh2": "https://five.epicollect.net/api/media/vqgpq2025?type=photo&format=entry_original&name=4f0427be-c325-424f-a26b-c810a00f82ec_1769063145.jpg", "Tenhinh": "134"}}, {"type": "Feature", "geometry": {"coordinates": [103.96648696988332, 10.353886073337762, 0.0], "type": "Point"}, "properties": {"ID": 135, "TT": 135, "MaMKA": 135, "Vitri": "Chân núi", "HuongPhoi": "Đông", "Tinh": "An Giang", "Xa": "Đặc Khu Phú Quốc", "TK": "58", "NgayDT": "22/01/2026", "NguoiDT": "Hà Văn Long", "X_NB": 441379.65, "Y_NB": 1145043.49, "Docao": 46.94, "G1": 21.0, "G2": 22.0, "G3": 20.0, "G4": 20.0, "G5": 19.5, "G": 20.5, "H1": 4.5, "H2": 7.2, "H3": 8.2, "H4": 10.4, "H5": 10.0, "H": 8.1, "M": 74.35, "Dotanche": 0.78, "LoaiUT": "Dâu rừng, Xương cá", "HuongChup": "Đông", "KCChup": 2.0, "ten_hinh": 135, "TrangThai": "TXN", "TTThucDia": "TXN", "Note": "NULL", "MaVQG": 7700, "KH": "OTC", "Check": "OK", "TenldlrTT1": "Rừng lá rộng thường xanh và nửa rụng lá nghèo", "Hinh1": "https://five.epicollect.net/api/media/vqgpq2025?type=photo&format=entry_original&name=04a87a5d-c218-4260-9422-a28842a47353_1769055404.jpg", "Hinh2": "https://five.epicollect.net/api/media/vqgpq2025?type=photo&format=entry_original&name=04a87a5d-c218-4260-9422-a28842a47353_1769055424.jpg", "Tenhinh": "135"}}, {"type": "Feature", "geometry": {"coordinates": [103.96693208519211, 10.371586967936901, 0.0], "type": "Point"}, "properties": {"ID": 136, "TT": 136, "MaMKA": 136, "Vitri": "Chân núi", "HuongPhoi": "Đông", "Tinh": "An Giang", "Xa": "Đặc Khu Phú Quốc", "TK": "54", "NgayDT": "22/01/2026", "NguoiDT": "Hà Văn Long", "X_NB": 441431.67, "Y_NB": 1147001.19, "Docao": 43.68, "G1": 24.5, "G2": 23.5, "G3": 22.4, "G4": 23.6, "G5": 24.1, "G": 23.62, "H1": 14.0, "H2": 9.2, "H3": 9.6, "H4": 7.5, "H5": 8.0, "H": 9.7, "M": 102.68, "Dotanche": 0.83, "LoaiUT": "Kiền kiền", "HuongChup": "Bắc", "KCChup": 2.0, "ten_hinh": 136, "TrangThai": "TXB", "TTThucDia": "TXB", "Note": "NULL", "MaVQG": 45, "KH": "MKA", "Check": "NULL", "TenldlrTT1": "Rừng lá rộng thường xanh và nửa rụng lá trung bình", "Hinh1": "https://five.epicollect.net/api/media/vqgpq2025?type=photo&format=entry_original&name=6af60e84-5eb7-41ca-8348-b1744343bb3f_1769061650.jpg", "Hinh2": "https://five.epicollect.net/api/media/vqgpq2025?type=photo&format=entry_original&name=6af60e84-5eb7-41ca-8348-b1744343bb3f_1769061673.jpg", "Tenhinh": "136"}}, {"type": "Feature", "geometry": {"coordinates": [103.88355198532302, 10.35545793660764, 0.0], "type": "Point"}, "properties": {"ID": 137, "TT": 137, "MaMKA": 137, "Vitri": "Sườn núi", "HuongPhoi": "Đông", "Tinh": "An Giang", "Xa": "Đặc Khu Phú Quốc", "TK": "59", "NgayDT": "21/01/2026", "NguoiDT": "Hà Văn Long", "X_NB": 432297.55, "Y_NB": 1145233.73, "Docao": 75.55, "G1": 23.0, "G2": 24.0, "G3": 23.5, "G4": 23.0, "G5": 24.5, "G": 23.6, "H1": 6.4, "H2": 6.1, "H3": 10.1, "H4": 16.0, "H5": 12.5, "H": 10.2, "M": 108.54, "Dotanche": 0.82, "LoaiUT": "Kiền kiền", "HuongChup": "Tây Nam", "KCChup": 2.0, "ten_hinh": 137, "TrangThai": "TXB", "TTThucDia": "TXB", "Note": "NULL", "MaVQG": 5100, "KH": "OTC", "Check": "OK", "TenldlrTT1": "Rừng lá rộng thường xanh và nửa rụng lá trung bình", "Hinh1": "https://five.epicollect.net/api/media/vqgpq2025?type=photo&format=entry_original&name=bccfa54f-312f-4203-bf82-b86ecf5e8f4b_1768976062.jpg", "Hinh2": "https://five.epicollect.net/api/media/vqgpq2025?type=photo&format=entry_original&name=bccfa54f-312f-4203-bf82-b86ecf5e8f4b_1768976077.jpg", "Tenhinh": "137"}}, {"type": "Feature", "geometry": {"coordinates": [103.90125105682269, 10.358147005551118, 0.0], "type": "Point"}, "properties": {"ID": 138, "TT": 138, "MaMKA": 138, "Vitri": "Sườn núi", "HuongPhoi": "Nam", "Tinh": "An Giang", "Xa": "Đặc Khu Phú Quốc", "TK": "59", "NgayDT": "21/01/2026", "NguoiDT": "Hà Văn Long", "X_NB": 434236.38, "Y_NB": 1145527.45, "Docao": 106.31, "G1": 24.0, "G2": 23.5, "G3": 25.0, "G4": 23.0, "G5": 23.0, "G": 23.7, "H1": 8.0, "H2": 7.0, "H3": 7.4, "H4": 13.0, "H5": 14.0, "H": 9.9, "M": 105.37, "Dotanche": 0.82, "LoaiUT": "Bô bô, Kiền kiền", "HuongChup": "Nam", "KCChup": 2.0, "ten_hinh": 138, "TrangThai": "TXB", "TTThucDia": "TXB", "Note": "NULL", "MaVQG": 65, "KH": "MKA", "Check": "NULL", "TenldlrTT1": "Rừng lá rộng thường xanh và nửa rụng lá trung bình", "Hinh1": "https://five.epicollect.net/api/media/vqgpq2025?type=photo&format=entry_original&name=c089bf14-4b18-46e0-bcff-45c520853c0b_1768969202.jpg", "Hinh2": "https://five.epicollect.net/api/media/vqgpq2025?type=photo&format=entry_original&name=c089bf14-4b18-46e0-bcff-45c520853c0b_1768969230.jpg", "Tenhinh": "138"}}, {"type": "Feature", "geometry": {"coordinates": [103.9126529588733, 10.354579025016344, 0.0], "type": "Point"}, "properties": {"ID": 139, "TT": 139, "MaMKA": 139, "Vitri": "Sườn núi", "HuongPhoi": "Nam", "Tinh": "An Giang", "Xa": "Đặc Khu Phú Quốc", "TK": "59", "NgayDT": "21/01/2026", "NguoiDT": "Hà Văn Long", "X_NB": 435484.3, "Y_NB": 1145130.5, "Docao": 77.86, "G1": 23.4, "G2": 24.6, "G3": 22.7, "G4": 25.1, "G5": 20.0, "G": 23.16, "H1": 11.2, "H2": 10.8, "H3": 8.4, "H4": 11.2, "H5": 12.7, "H": 10.9, "M": 113.18, "Dotanche": 0.84, "LoaiUT": "Kiền kiền, Sầm", "HuongChup": "Nam", "KCChup": 1.0, "ten_hinh": 139, "TrangThai": "TXB", "TTThucDia": "TXB", "Note": "NULL", "MaVQG": 6000, "KH": "OTC", "Check": "OK", "TenldlrTT1": "Rừng lá rộng thường xanh và nửa rụng lá trung bình", "Hinh1": "https://five.epicollect.net/api/media/vqgpq2025?type=photo&format=entry_original&name=46fb3c1e-b56c-43e9-9659-da3899ca38f9_1768965976.jpg", "Hinh2": "https://five.epicollect.net/api/media/vqgpq2025?type=photo&format=entry_original&name=46fb3c1e-b56c-43e9-9659-da3899ca38f9_1768965994.jpg", "Tenhinh": "139"}}, {"type": "Feature", "geometry": {"coordinates": [103.83835602916822, 10.377034961829178, 0.0], "type": "Point"}, "properties": {"ID": 140, "TT": 140, "MaMKA": 140, "Vitri": "Tâm OTC", "HuongPhoi": "Tây Bắc", "Tinh": "An Giang", "Xa": "Đặc Khu Phú Quốc", "TK": "59,60", "NgayDT": "2/2/2026", "NguoiDT": "Nguyễn Hồng Quân", "X_NB": 427352.95, "Y_NB": 1147630.2, "Docao": 44.77, "G1": 0.0, "G2": 0.0, "G3": 0.0, "G4": 0.0, "G5": 0.0, "G": 0.0, "H1": 0.0, "H2": 0.0, "H3": 0.0, "H4": 0.0, "H5": 0.0, "H": 0.0, "M": 0.0, "Dotanche": 0.0, "LoaiUT": "Tràm bông vàng", "HuongChup": "Nam", "KCChup": 1.0, "ten_hinh": 140, "TrangThai": "DTK", "TTThucDia": "DTK", "Note": "Tre, chuối, mít, khoai mì, tràm bông vàng của dân trồng", "MaVQG": 2100, "KH": "OTC", "Check": "OK", "TenldlrTT1": "Diện tích khác", "Hinh1": "https://five.epicollect.net/api/media/vqgpq2025?type=photo&format=entry_original&name=4b7a8cdb-ba84-4f78-9756-c01b80883713_1770002895.jpg", "Hinh2": "https://five.epicollect.net/api/media/vqgpq2025?type=photo&format=entry_original&name=4b7a8cdb-ba84-4f78-9756-c01b80883713_1770002915.jpg", "Tenhinh": "140"}}, {"type": "Feature", "geometry": {"coordinates": [103.83810297661573, 10.375442962938335, 0.0], "type": "Point"}, "properties": {"ID": 141, "TT": 141, "MaMKA": 141, "Vitri": "Tâm OTC", "HuongPhoi": "Tây", "Tinh": "An Giang", "Xa": "Đặc Khu Phú Quốc", "TK": "59,60", "NgayDT": "2/2/2026", "NguoiDT": "Nguyễn Hồng Quân", "X_NB": 427324.87, "Y_NB": 1147454.17, "Docao": 32.31, "G1": 0.0, "G2": 0.0, "G3": 0.0, "G4": 0.0, "G5": 0.0, "G": 0.0, "H1": 0.0, "H2": 0.0, "H3": 0.0, "H4": 0.0, "H5": 0.0, "H": 0.0, "M": 0.0, "Dotanche": 0.0, "LoaiUT": "Tràm bông vàng của dân", "HuongChup": "Nam", "KCChup": 2.0, "ten_hinh": 141, "TrangThai": "DTK", "TTThucDia": "DTK", "Note": "Rừng trồng tràm của người dân", "MaVQG": 2400, "KH": "OTC", "Check": "OK", "TenldlrTT1": "Diện tích khác", "Hinh1": "https://five.epicollect.net/api/media/vqgpq2025?type=photo&format=entry_original&name=d3925da1-d97a-4037-bff3-44bef112aafb_1770000088.jpg", "Hinh2": "https://five.epicollect.net/api/media/vqgpq2025?type=photo&format=entry_original&name=d3925da1-d97a-4037-bff3-44bef112aafb_1770000107.jpg", "Tenhinh": "141"}}, {"type": "Feature", "geometry": {"coordinates": [103.98913196007824, 10.292538980425249, 0.0], "type": "Point"}, "properties": {"ID": 142, "TT": 142, "MaMKA": 142, "Vitri": "Chân núi", "HuongPhoi": "Bắc", "Tinh": "An Giang", "Xa": "Đặc Khu Phú Quốc", "TK": "69", "NgayDT": "30/01/2026", "NguoiDT": "Nguyễn Hồng Quân", "X_NB": 443848.7, "Y_NB": 1138254.26, "Docao": 69.59, "G1": 13.5, "G2": 13.0, "G3": 13.0, "G4": 12.5, "G5": 13.0, "G": 13.0, "H1": 6.7, "H2": 7.3, "H3": 8.0, "H4": 9.5, "H5": 8.5, "H": 8.0, "M": 46.8, "Dotanche": 0.7, "LoaiUT": "Xương cá, bứa", "HuongChup": "Bắc", "KCChup": 1.0, "ten_hinh": 142, "TrangThai": "TXN", "TTThucDia": "TXN", "Note": "NULL", "MaVQG": 23, "KH": "MKA", "Check": "NULL", "TenldlrTT1": "Rừng lá rộng thường xanh và nửa rụng lá nghèo", "Hinh1": "https://five.epicollect.net/api/media/vqgpq2025?type=photo&format=entry_original&name=cd7da2f3-f02e-4bab-8918-818ec127974a_1769759339.jpg", "Hinh2": "https://five.epicollect.net/api/media/vqgpq2025?type=photo&format=entry_original&name=cd7da2f3-f02e-4bab-8918-818ec127974a_1769759365.jpg", "Tenhinh": "142"}}, {"type": "Feature", "geometry": {"coordinates": [103.99179202571453, 10.36114695119797, 0.0], "type": "Point"}, "properties": {"ID": 143, "TT": 143, "MaMKA": 143, "Vitri": "Tâm OTC", "HuongPhoi": "Bắc", "Tinh": "An Giang", "Xa": "Đặc Khu Phú Quốc", "TK": "58", "NgayDT": "30/01/2026", "NguoiDT": "Nguyễn Hồng Quân", "X_NB": 444152.13, "Y_NB": 1145842.03, "Docao": 99.99, "G1": 14.0, "G2": 13.5, "G3": 12.4, "G4": 11.3, "G5": 13.5, "G": 12.94, "H1": 6.0, "H2": 6.8, "H3": 9.5, "H4": 14.0, "H5": 18.0, "H": 10.9, "M": 63.24, "Dotanche": 0.9, "LoaiUT": "Cồng, trâm trắng, cọc rào, sầm", "HuongChup": "Bắc", "KCChup": 2.0, "ten_hinh": 143, "TrangThai": "TXN", "TTThucDia": "TXN", "Note": "NULL", "MaVQG": 7900, "KH": "OTC", "Check": "OK", "TenldlrTT1": "Rừng lá rộng thường xanh và nửa rụng lá nghèo", "Hinh1": "https://five.epicollect.net/api/media/vqgpq2025?type=photo&format=entry_original&name=fb3763ca-8149-4321-8b57-25e0c9ee6c84_1769755942.jpg", "Hinh2": "https://five.epicollect.net/api/media/vqgpq2025?type=photo&format=entry_original&name=fb3763ca-8149-4321-8b57-25e0c9ee6c84_1769755971.jpg", "Tenhinh": "143"}}, {"type": "Feature", "geometry": {"coordinates": [103.97534202948647, 10.393930017359262, 0.0], "type": "Point"}, "properties": {"ID": 144, "TT": 144, "MaMKA": 144, "Vitri": "Tâm OTC", "HuongPhoi": "Bắc", "Tinh": "An Giang", "Xa": "Đặc Khu Phú Quốc", "TK": "54", "NgayDT": "30/01/2026", "NguoiDT": "Nguyễn Hồng Quân", "X_NB": 442356.69, "Y_NB": 1149470.87, "Docao": 28.27, "G1": 22.8, "G2": 26.1, "G3": 23.5, "G4": 23.7, "G5": 24.5, "G": 24.12, "H1": 6.0, "H2": 7.0, "H3": 10.5, "H4": 15.0, "H5": 12.5, "H": 10.2, "M": 110.71, "Dotanche": 0.85, "LoaiUT": "Kiền kiền, cồng", "HuongChup": "Bắc", "KCChup": 2.0, "ten_hinh": 144, "TrangThai": "TXB", "TTThucDia": "TXB", "Note": "NULL", "MaVQG": 3200, "KH": "OTC", "Check": "OK", "TenldlrTT1": "Rừng lá rộng thường xanh và nửa rụng lá trung bình", "Hinh1": "https://five.epicollect.net/api/media/vqgpq2025?type=photo&format=entry_original&name=967e2c56-8563-4b00-9bf0-7073cfb2bc4f_1769746952.jpg", "Hinh2": "https://five.epicollect.net/api/media/vqgpq2025?type=photo&format=entry_original&name=967e2c56-8563-4b00-9bf0-7073cfb2bc4f_1769746990.jpg", "Tenhinh": "144"}}, {"type": "Feature", "geometry": {"coordinates": [103.95487798182394, 10.275196051311191, 0.0], "type": "Point"}, "properties": {"ID": 145, "TT": 145, "MaMKA": 145, "Vitri": "Sườn núi", "HuongPhoi": "Nam", "Tinh": "An Giang", "Xa": "Đặc Khu Phú Quốc", "TK": "75", "NgayDT": "23/01/2026", "NguoiDT": "Nguyễn Hồng Quân", "X_NB": 440093.5, "Y_NB": 1136342.26, "Docao": 60.88, "G1": 21.8, "G2": 22.4, "G3": 23.1, "G4": 20.8, "G5": 20.1, "G": 21.64, "H1": 6.0, "H2": 6.5, "H3": 7.5, "H4": 9.5, "H5": 7.0, "H": 7.3, "M": 71.09, "Dotanche": 0.75, "LoaiUT": "Xương cá, trường vải, găng nam bộ", "HuongChup": "Tây Nam", "KCChup": 2.0, "ten_hinh": 145, "TrangThai": "TXN", "TTThucDia": "TXN", "Note": "NULL", "MaVQG": 7500, "KH": "OTC", "Check": "OK", "TenldlrTT1": "Rừng lá rộng thường xanh và nửa rụng lá nghèo", "Hinh1": "https://five.epicollect.net/api/media/vqgpq2025?type=photo&format=entry_original&name=9b13cce0-be2d-4700-9eeb-fc95d8ad00d4_1769141206.jpg", "Hinh2": "https://five.epicollect.net/api/media/vqgpq2025?type=photo&format=entry_original&name=9b13cce0-be2d-4700-9eeb-fc95d8ad00d4_1769141241.jpg", "Tenhinh": "145"}}, {"type": "Feature", "geometry": {"coordinates": [103.93075094973038, 10.348390005018418, 0.0], "type": "Point"}, "properties": {"ID": 146, "TT": 146, "MaMKA": 146, "Vitri": "Chân núi", "HuongPhoi": "Đông Nam", "Tinh": "An Giang", "Xa": "Đặc Khu Phú Quốc", "TK": "61", "NgayDT": "21/01/2026", "NguoiDT": "Nguyễn Hồng Quân", "X_NB": 437465.03, "Y_NB": 1144442.37, "Docao": 41.55, "G1": 12.5, "G2": 13.0, "G3": 13.0, "G4": 14.0, "G5": 13.5, "G": 13.2, "H1": 7.0, "H2": 9.0, "H3": 12.0, "H4": 15.0, "H5": 15.0, "H": 11.6, "M": 68.9, "Dotanche": 0.9, "LoaiUT": "Kiền kiền, bô bô", "HuongChup": "Đông", "KCChup": 2.0, "ten_hinh": 146, "TrangThai": "TXN", "TTThucDia": "TXN", "Note": "NULL", "MaVQG": 67, "KH": "MKA", "Check": "NULL", "TenldlrTT1": "Rừng lá rộng thường xanh và nửa rụng lá nghèo", "Hinh1": "https://five.epicollect.net/api/media/vqgpq2025?type=photo&format=entry_original&name=b24d189b-e010-4862-ab5c-cc3cd3131400_1768962406.jpg", "Hinh2": "https://five.epicollect.net/api/media/vqgpq2025?type=photo&format=entry_original&name=b24d189b-e010-4862-ab5c-cc3cd3131400_1768962430.jpg", "Tenhinh": "146"}}, {"type": "Feature", "geometry": {"coordinates": [103.98515110054046, 10.322292026848324, 0.0], "type": "Point"}, "properties": {"ID": 147, "TT": 147, "MaMKA": 147, "Vitri": "Chân núi", "HuongPhoi": "Bắc", "Tinh": "An Giang", "Xa": "Đặc Khu Phú Quốc", "TK": "66", "NgayDT": "20/01/2026", "NguoiDT": "Hà Văn Long", "X_NB": 443417.96, "Y_NB": 1141545.73, "Docao": 31.29, "G1": 26.0, "G2": 26.5, "G3": 27.0, "G4": 28.5, "G5": 26.0, "G": 26.8, "H1": 7.3, "H2": 7.4, "H3": 13.5, "H4": 24.0, "H5": 35.0, "H": 17.4, "M": 210.33, "Dotanche": 0.9, "LoaiUT": "Dầu song nàng", "HuongChup": "Đông", "KCChup": 2.0, "ten_hinh": 147, "TrangThai": "TXG", "TTThucDia": "TXG", "Note": "NULL", "MaVQG": 5800, "KH": "OTC", "Check": "OK", "TenldlrTT1": "Rừng lá rộng thường xanh và nửa rụng lá giàu", "Hinh1": "https://five.epicollect.net/api/media/vqgpq2025?type=photo&format=entry_original&name=28ba7ac9-f1a2-40d3-828c-37d33abfd43b_1768893582.jpg", "Hinh2": "https://five.epicollect.net/api/media/vqgpq2025?type=photo&format=entry_original&name=28ba7ac9-f1a2-40d3-828c-37d33abfd43b_1768893619.jpg", "Tenhinh": "147"}}, {"type": "Feature", "geometry": {"coordinates": [104.00217893960999, 10.31158702209619, 0.0], "type": "Point"}, "properties": {"ID": 148, "TT": 148, "MaMKA": 148, "Vitri": "Chân núi", "HuongPhoi": "Bắc", "Tinh": "An Giang", "Xa": "Đặc Khu Phú Quốc", "TK": "66", "NgayDT": "20/01/2026", "NguoiDT": "Hà Văn Long", "X_NB": 445281.05, "Y_NB": 1140358.77, "Docao": 49.47, "G1": 15.0, "G2": 15.0, "G3": 14.5, "G4": 14.5, "G5": 15.0, "G": 14.8, "H1": 9.0, "H2": 6.5, "H3": 6.5, "H4": 12.0, "H5": 10.5, "H": 8.9, "M": 59.27, "Dotanche": 0.8, "LoaiUT": "Chò xót", "HuongChup": "Nam", "KCChup": 2.0, "ten_hinh": 148, "TrangThai": "TXN", "TTThucDia": "TXN", "Note": "NULL", "MaVQG": 36, "KH": "MKA", "Check": "NULL", "TenldlrTT1": "Rừng lá rộng thường xanh và nửa rụng lá nghèo", "Hinh1": "https://five.epicollect.net/api/media/vqgpq2025?type=photo&format=entry_original&name=1fbe7d10-302e-4699-bedd-2daddaf598de_1768887682.jpg", "Hinh2": "https://five.epicollect.net/api/media/vqgpq2025?type=photo&format=entry_original&name=1fbe7d10-302e-4699-bedd-2daddaf598de_1768887701.jpg", "Tenhinh": "148"}}, {"type": "Feature", "geometry": {"coordinates": [103.97681492121364, 10.32103098226477, 0.0], "type": "Point"}, "properties": {"ID": 149, "TT": 149, "MaMKA": 149, "Vitri": "Chân núi", "HuongPhoi": "Tây", "Tinh": "An Giang", "Xa": "Đặc Khu Phú Quốc", "TK": "66", "NgayDT": "20/01/2026", "NguoiDT": "Hà Văn Long", "X_NB": 442504.73, "Y_NB": 1141407.74, "Docao": 21.35, "G1": 19.5, "G2": 19.5, "G3": 20.0, "G4": 21.0, "G5": 19.0, "G": 19.8, "H1": 8.0, "H2": 7.8, "H3": 7.6, "H4": 6.5, "H5": 6.0, "H": 7.2, "M": 71.08, "Dotanche": 0.7, "LoaiUT": "Dó bầu", "HuongChup": "Tây", "KCChup": 2.0, "ten_hinh": 149, "TrangThai": "TG", "TTThucDia": "TG", "Note": "Rừng trồng cây Dó bầu", "MaVQG": 28, "KH": "MKA", "Check": "NULL", "TenldlrTT1": "Rừng gỗ trồng núi đất", "Hinh1": "https://five.epicollect.net/api/media/vqgpq2025?type=photo&format=entry_original&name=9700ef49-3dc1-442c-9ae4-dc90cbcfe22e_1768882366.jpg", "Hinh2": "https://five.epicollect.net/api/media/vqgpq2025?type=photo&format=entry_original&name=9700ef49-3dc1-442c-9ae4-dc90cbcfe22e_1768882383.jpg", "Tenhinh": "149"}}, {"type": "Feature", "geometry": {"coordinates": [103.98848192740437, 10.329734011678099, 0.0], "type": "Point"}, "properties": {"ID": 150, "TT": 150, "MaMKA": 150, "Vitri": "Chân núi", "HuongPhoi": "Nam", "Tinh": "An Giang", "Xa": "Đặc Khu Phú Quốc", "TK": "62", "NgayDT": "20/01/2026", "NguoiDT": "Hà Văn Long", "X_NB": 443784.08, "Y_NB": 1142368.25, "Docao": 18.7, "G1": 16.0, "G2": 14.3, "G3": 13.5, "G4": 15.5, "G5": 15.0, "G": 14.86, "H1": 7.0, "H2": 6.5, "H3": 7.5, "H4": 7.8, "H5": 7.5, "H": 7.3, "M": 48.55, "Dotanche": 0.7, "LoaiUT": "Cám, Bình linh, xăng mã", "HuongChup": "Nam", "KCChup": 2.0, "ten_hinh": 150, "TrangThai": "TXK", "TTThucDia": "TXK", "Note": "Có một số cây trồng", "MaVQG": 2800, "KH": "OTC", "Check": "OK", "TenldlrTT1": "Rừng lá rộng thường xanh và nửa rụng lá nghèo kiệt", "Hinh1": "https://five.epicollect.net/api/media/vqgpq2025?type=photo&format=entry_original&name=38d22cef-2415-4c14-8dbd-c32a4ca43493_1768874793.jpg", "Hinh2": "https://five.epicollect.net/api/media/vqgpq2025?type=photo&format=entry_original&name=38d22cef-2415-4c14-8dbd-c32a4ca43493_1768874821.jpg", "Tenhinh": "150"}}, {"type": "Feature", "geometry": {"coordinates": [103.95518802001635, 10.331346982675853, 0.0], "type": "Point"}, "properties": {"ID": 151, "TT": 151, "MaMKA": 151, "Vitri": "Chân núi", "HuongPhoi": "Nam", "Tinh": "An Giang", "Xa": "Đặc Khu Phú Quốc", "TK": "67", "NgayDT": "19/01/2026", "NguoiDT": "Hà Văn Long", "X_NB": 440138.02, "Y_NB": 1142552.68, "Docao": 35.98, "G1": 25.0, "G2": 27.0, "G3": 28.0, "G4": 26.0, "G5": 28.0, "G": 26.8, "H1": 6.1, "H2": 12.5, "H3": 10.2, "H4": 11.3, "H5": 28.5, "H": 13.7, "M": 165.46, "Dotanche": 0.85, "LoaiUT": "Dầu song nàng, Săng mây, Kiền kiền", "HuongChup": "Nam", "KCChup": 2.0, "ten_hinh": 151, "TrangThai": "TXB", "TTThucDia": "TXB", "Note": "NULL", "MaVQG": 5700, "KH": "OTC", "Check": "OK", "TenldlrTT1": "Rừng lá rộng thường xanh và nửa rụng lá trung bình", "Hinh1": "https://five.epicollect.net/api/media/vqgpq2025?type=photo&format=entry_original&name=d6e53315-b99a-4b53-a245-9ab44fea8a85_1768810405.jpg", "Hinh2": "https://five.epicollect.net/api/media/vqgpq2025?type=photo&format=entry_original&name=d6e53315-b99a-4b53-a245-9ab44fea8a85_1768810423.jpg", "Tenhinh": "151"}}, {"type": "Feature", "geometry": {"coordinates": [104.03606301344932, 10.324299992161482, 0.0], "type": "Point"}, "properties": {"ID": 152, "TT": 152, "MaMKA": 152, "Vitri": "Chân núi", "HuongPhoi": "Nam", "Tinh": "An Giang", "Xa": "Đặc Khu Phú Quốc", "TK": "67", "NgayDT": "19/01/2026", "NguoiDT": "Hà Văn Long", "X_NB": 448994.27, "Y_NB": 1141759.28, "Docao": 49.54, "G1": 21.0, "G2": 28.0, "G3": 27.0, "G4": 26.4, "G5": 26.0, "G": 25.68, "H1": 7.0, "H2": 7.2, "H3": 12.0, "H4": 20.0, "H5": 29.0, "H": 15.0, "M": 173.8, "Dotanche": 0.85, "LoaiUT": "Dầu song nàng", "HuongChup": "Bắc", "KCChup": 2.0, "ten_hinh": 152, "TrangThai": "TXB", "TTThucDia": "TXB", "Note": "NULL", "MaVQG": 69, "KH": "MKA", "Check": "NULL", "TenldlrTT1": "Rừng lá rộng thường xanh và nửa rụng lá trung bình", "Hinh1": "https://five.epicollect.net/api/media/vqgpq2025?type=photo&format=entry_original&name=147b44f7-fb44-414b-8700-c03a6cb8665c_1768806631.jpg", "Hinh2": "https://five.epicollect.net/api/media/vqgpq2025?type=photo&format=entry_original&name=147b44f7-fb44-414b-8700-c03a6cb8665c_1768806646.jpg", "Tenhinh": "152"}}, {"type": "Feature", "geometry": {"coordinates": [104.04426600348775, 10.334641054161827, 0.0], "type": "Point"}, "properties": {"ID": 153, "TT": 153, "MaMKA": 153, "Vitri": "Chân núi", "HuongPhoi": "Đông", "Tinh": "An Giang", "Xa": "Đặc Khu Phú Quốc", "TK": "67", "NgayDT": "19/01/2026", "NguoiDT": "Hà Văn Long", "X_NB": 449894.3, "Y_NB": 1142901.73, "Docao": 46.0, "G1": 23.0, "G2": 25.0, "G3": 24.5, "G4": 23.0, "G5": 23.0, "G": 23.7, "H1": 6.5, "H2": 9.0, "H3": 10.6, "H4": 12.0, "H5": 14.5, "H": 10.5, "M": 112.2, "Dotanche": 0.8, "LoaiUT": "Kiền kiền, Hà nụ", "HuongChup": "Tây", "KCChup": 2.0, "ten_hinh": 153, "TrangThai": "TXB", "TTThucDia": "TXB", "Note": "NULL", "MaVQG": 19, "KH": "MKA", "Check": "NULL", "TenldlrTT1": "Rừng lá rộng thường xanh và nửa rụng lá trung bình", "Hinh1": "https://five.epicollect.net/api/media/vqgpq2025?type=photo&format=entry_original&name=2cea866e-f891-4976-b8b4-59537db5c5d3_1768805249.jpg", "Hinh2": "https://five.epicollect.net/api/media/vqgpq2025?type=photo&format=entry_original&name=2cea866e-f891-4976-b8b4-59537db5c5d3_1768805271.jpg", "Tenhinh": "153"}}, {"type": "Feature", "geometry": {"coordinates": [103.98916102088229, 10.333749022490906, 0.0], "type": "Point"}, "properties": {"ID": 154, "TT": 154, "MaMKA": 154, "Vitri": "Chân núi", "HuongPhoi": "Tây", "Tinh": "An Giang", "Xa": "Đặc Khu Phú Quốc", "TK": "62", "NgayDT": "20/01/2026", "NguoiDT": "Nguyễn Hồng Quân", "X_NB": 443859.16, "Y_NB": 1142812.2, "Docao": 43.63, "G1": 23.0, "G2": 25.4, "G3": 23.5, "G4": 24.3, "G5": 24.5, "G": 24.14, "H1": 8.5, "H2": 8.5, "H3": 9.4, "H4": 12.0, "H5": 16.5, "H": 11.0, "M": 119.28, "Dotanche": 0.85, "LoaiUT": "Kiền kiền", "HuongChup": "Bắc", "KCChup": 2.0, "ten_hinh": 154, "TrangThai": "TXB", "TTThucDia": "TXB", "Note": "NULL", "MaVQG": 5500, "KH": "OTC", "Check": "OK", "TenldlrTT1": "Rừng lá rộng thường xanh và nửa rụng lá trung bình", "Hinh1": "https://five.epicollect.net/api/media/vqgpq2025?type=photo&format=entry_original&name=d53ecbd7-d7c2-4b70-b1c4-a62312fa3dee_1768879306.jpg", "Hinh2": "https://five.epicollect.net/api/media/vqgpq2025?type=photo&format=entry_original&name=d53ecbd7-d7c2-4b70-b1c4-a62312fa3dee_1768879348.jpg", "Tenhinh": "154"}}, {"type": "Feature", "geometry": {"coordinates": [104.03887113105701, 10.370460971771797, 0.0], "type": "Point"}, "properties": {"ID": 155, "TT": 155, "MaMKA": 155, "Vitri": "Sườn núi", "HuongPhoi": "Tây", "Tinh": "An Giang", "Xa": "Đặc Khu Phú Quốc", "TK": "63", "NgayDT": "19/01/2026", "NguoiDT": "Hà Văn Long", "X_NB": 449309.2, "Y_NB": 1146864.34, "Docao": 424.55, "G1": 18.0, "G2": 18.0, "G3": 17.5, "G4": 17.5, "G5": 18.0, "G": 17.8, "H1": 7.5, "H2": 6.5, "H3": 8.6, "H4": 10.0, "H5": 9.5, "H": 8.4, "M": 67.44, "Dotanche": 7.5, "LoaiUT": "ổi rừng, Chò xót, Viết", "HuongChup": "Bắc", "KCChup": 2.0, "ten_hinh": 155, "TrangThai": "TXN", "TTThucDia": "TXN", "Note": "NULL", "MaVQG": 80, "KH": "MKA", "Check": "NULL", "TenldlrTT1": "Rừng lá rộng thường xanh và nửa rụng lá nghèo", "Hinh1": "https://five.epicollect.net/api/media/vqgpq2025?type=photo&format=entry_original&name=9f699442-dc92-464f-acb7-8cdc438b3fe2_1768791610.jpg", "Hinh2": "https://five.epicollect.net/api/media/vqgpq2025?type=photo&format=entry_original&name=9f699442-dc92-464f-acb7-8cdc438b3fe2_1768791652.jpg", "Tenhinh": "155"}}, {"type": "Feature", "geometry": {"coordinates": [104.05541199287, 10.356298003251974, 0.0], "type": "Point"}, "properties": {"ID": 156, "TT": 156, "MaMKA": 156, "Vitri": "Sườn núi", "HuongPhoi": "Tây Nam", "Tinh": "An Giang", "Xa": "Đặc Khu Phú Quốc", "TK": "63", "NgayDT": "19/01/2026", "NguoiDT": "Hà Văn Long", "X_NB": 451118.32, "Y_NB": 1145295.31, "Docao": 257.51, "G1": 22.5, "G2": 21.9, "G3": 23.4, "G4": 22.1, "G5": 20.6, "G": 22.1, "H1": 10.5, "H2": 11.5, "H3": 8.8, "H4": 10.5, "H5": 12.8, "H": 10.8, "M": 107.6, "Dotanche": 0.85, "LoaiUT": "Kiền kiền, Thị, Viết", "HuongChup": "Tây", "KCChup": 1.0, "ten_hinh": 156, "TrangThai": "TXB", "TTThucDia": "TXB", "Note": "NULL", "MaVQG": 5600, "KH": "OTC", "Check": "OK", "TenldlrTT1": "Rừng lá rộng thường xanh và nửa rụng lá trung bình", "Hinh1": "https://five.epicollect.net/api/media/vqgpq2025?type=photo&format=entry_original&name=f01f6fb0-c736-4b3a-8dc2-e1bf91de73d6_1768799506.jpg", "Hinh2": "https://five.epicollect.net/api/media/vqgpq2025?type=photo&format=entry_original&name=f01f6fb0-c736-4b3a-8dc2-e1bf91de73d6_1768799538.jpg", "Tenhinh": "156"}}, {"type": "Feature", "geometry": {"coordinates": [104.03189196291588, 10.37460996185805, 0.0], "type": "Point"}, "properties": {"ID": 157, "TT": 157, "MaMKA": 157, "Vitri": "Sườn núi", "HuongPhoi": "Tây", "Tinh": "An Giang", "Xa": "Đặc Khu Phú Quốc", "TK": "63", "NgayDT": "15/01/2026", "NguoiDT": "Hà Văn Long", "X_NB": 448545.62, "Y_NB": 1147324.35, "Docao": 479.81, "G1": 8.0, "G2": 7.5, "G3": 9.0, "G4": 7.0, "G5": 8.0, "G": 7.9, "H1": 3.5, "H2": 4.8, "H3": 6.2, "H4": 8.0, "H5": 7.7, "H": 6.0, "M": 21.47, "Dotanche": 0.65, "LoaiUT": "Trâm vỏ đỏ,ổi rừng, sầm", "HuongChup": "Tây", "KCChup": 1.0, "ten_hinh": 157, "TrangThai": "TXK", "TTThucDia": "TXK", "Note": "NULL", "MaVQG": 3500, "KH": "OTC", "Check": "OK", "TenldlrTT1": "Rừng lá rộng thường xanh và nửa rụng lá nghèo kiệt", "Hinh1": "https://five.epicollect.net/api/media/vqgpq2025?type=photo&format=entry_original&name=39e1fa87-87cc-42f9-b09a-a0f84695456d_1768459809.jpg", "Hinh2": "https://five.epicollect.net/api/media/vqgpq2025?type=photo&format=entry_original&name=39e1fa87-87cc-42f9-b09a-a0f84695456d_1768459830.jpg", "Tenhinh": "157"}}, {"type": "Feature", "geometry": {"coordinates": [104.03212803390059, 10.379373042994793, 0.0], "type": "Point"}, "properties": {"ID": 158, "TT": 158, "MaMKA": 158, "Vitri": "Đỉnh núi", "HuongPhoi": "Đông", "Tinh": "An Giang", "Xa": "Đặc Khu Phú Quốc", "TK": "56", "NgayDT": "15/01/2026", "NguoiDT": "Hà Văn Long", "X_NB": 448572.24, "Y_NB": 1147851.12, "Docao": 533.87, "G1": 22.5, "G2": 23.5, "G3": 24.0, "G4": 23.0, "G5": 22.0, "G": 23.0, "H1": 10.5, "H2": 12.6, "H3": 9.2, "H4": 12.5, "H5": 13.5, "H": 11.7, "M": 120.68, "Dotanche": 0.8, "LoaiUT": "Kiền kiền, còng, Chò xót, Thông nàng", "HuongChup": "Đông", "KCChup": 1.0, "ten_hinh": 158, "TrangThai": "TXB", "TTThucDia": "TXB", "Note": "NULL", "MaVQG": 5300, "KH": "OTC", "Check": "OK", "TenldlrTT1": "Rừng lá rộng thường xanh và nửa rụng lá trung bình", "Hinh1": "https://five.epicollect.net/api/media/vqgpq2025?type=photo&format=entry_original&name=68e8d95f-2e75-480c-8f60-2a4d76a0a672_1768452669.jpg", "Hinh2": "https://five.epicollect.net/api/media/vqgpq2025?type=photo&format=entry_original&name=68e8d95f-2e75-480c-8f60-2a4d76a0a672_1768452715.jpg", "Tenhinh": "158"}}, {"type": "Feature", "geometry": {"coordinates": [104.00370999104318, 10.426422021634389, 0.0], "type": "Point"}, "properties": {"ID": 159, "TT": 159, "MaMKA": 159, "Vitri": "Chân núi", "HuongPhoi": "Đông Nam", "Tinh": "An Giang", "Xa": "Đặc Khu Phú Quốc", "TK": "53", "NgayDT": "14/01/2026", "NguoiDT": "Hà Văn Long", "X_NB": 445468.54, "Y_NB": 1153059.6, "Docao": 21.58, "G1": 20.0, "G2": 19.0, "G3": 19.5, "G4": 19.0, "G5": 18.0, "G": 19.1, "H1": 8.5, "H2": 5.5, "H3": 11.5, "H4": 13.0, "H5": 11.0, "H": 9.9, "M": 85.09, "Dotanche": 0.8, "LoaiUT": "Kiền kiền, Chò xót", "HuongChup": "Bắc", "KCChup": 1.0, "ten_hinh": 159, "TrangThai": "TXN", "TTThucDia": "TXN", "Note": "NULL", "MaVQG": 12, "KH": "MKA", "Check": "NULL", "TenldlrTT1": "Rừng lá rộng thường xanh và nửa rụng lá nghèo", "Hinh1": "https://five.epicollect.net/api/media/vqgpq2025?type=photo&format=entry_original&name=c9822fbe-f3c1-484d-9141-e7d8d46cc642_1768377568.jpg", "Hinh2": "https://five.epicollect.net/api/media/vqgpq2025?type=photo&format=entry_original&name=c9822fbe-f3c1-484d-9141-e7d8d46cc642_1768377585.jpg", "Tenhinh": "159"}}, {"type": "Feature", "geometry": {"coordinates": [103.99770400841308, 10.44412501121889, 0.0], "type": "Point"}, "properties": {"ID": 160, "TT": 160, "MaMKA": 160, "Vitri": "Sườn núi", "HuongPhoi": "Bắc", "Tinh": "An Giang", "Xa": "Đặc Khu Phú Quốc", "TK": "52", "NgayDT": "14/01/2026", "NguoiDT": "Hà Văn Long", "X_NB": 444814.08, "Y_NB": 1155018.65, "Docao": 114.43, "G1": 20.4, "G2": 22.8, "G3": 19.7, "G4": 24.8, "G5": 25.3, "G": 22.6, "H1": 10.5, "H2": 8.9, "H3": 8.2, "H4": 11.2, "H5": 11.6, "H": 10.1, "M": 102.51, "Dotanche": 0.8, "LoaiUT": "Thanh trà, chòi mòi, Trường", "HuongChup": "Bắc", "KCChup": 1.0, "ten_hinh": 160, "TrangThai": "TXB", "TTThucDia": "TXB", "Note": "Rừng thường xanh", "MaVQG": 5400, "KH": "OTC", "Check": "OK", "TenldlrTT1": "Rừng lá rộng thường xanh và nửa rụng lá trung bình", "Hinh1": "https://five.epicollect.net/api/media/vqgpq2025?type=photo&format=entry_original&name=98431ad0-dd7e-41b8-bd33-a10e230fef8a_1768368479.jpg", "Hinh2": "https://five.epicollect.net/api/media/vqgpq2025?type=photo&format=entry_original&name=98431ad0-dd7e-41b8-bd33-a10e230fef8a_1768368500.jpg", "Tenhinh": "160"}}]}