{"type": "FeatureCollection", "name": "RanhVQG", "features": [{"type": "Feature", "geometry": {"coordinates": [[[103.93648817961568, 10.260048650468192], [103.93634277079644, 10.259939269397888], [103.93614299514881, 10.259858906929404], [103.9348827614463, 10.261002974696488], [103.93453238081656, 10.260706352046077], [103.9340092931743, 10.261433357110707], [103.93361629650049, 10.261179876702048], [103.93312497913467, 10.261544921370419], [103.93264364832584, 10.261837742584905], [103.93220839212303, 10.262041948331264], [103.93181306426747, 10.262123442320132], [103.93118742858205, 10.262403712516697], [103.93022600678964, 10.26356817486234], [103.93263844222697, 10.264401397689147], [103.93272270568075, 10.264450006380251], [103.93231347549133, 10.265159214762031], [103.93231267753825, 10.26524836069324], [103.93234699883243, 10.26535248620469], [103.93245651475003, 10.265420487538858], [103.93285860316527, 10.26508205071655], [103.93364976358284, 10.264485168339025], [103.93445848705274, 10.263815079802772], [103.9345793003939, 10.263638532528436], [103.93511341014003, 10.26292637369842], [103.93551168240263, 10.262110906689436], [103.9357602613666, 10.261799684522543], [103.93581632692344, 10.261739566763852], [103.93600423671708, 10.261458798613809], [103.93637356434567, 10.260747888057832], [103.93648817961568, 10.260048650468192]]], "type": "Polygon"}, "properties": {"id": 5.0, "area": 160568.08, "perimeter": 2077.42}}, {"type": "Feature", "geometry": {"coordinates": [[[103.9822470996035, 9.919337467845269], [103.98223433855169, 9.919217647371761], [103.98220838460232, 9.919078819240339], [103.98216855826449, 9.918947202947203], [103.98213048975413, 9.91885763265542], [103.98205219362623, 9.918717819548183], [103.98198057454363, 9.91862331499141], [103.98190585685415, 9.918527630231544], [103.98182897179154, 9.918418470172643], [103.98172255285222, 9.918301669555072], [103.98154681128187, 9.91819597332556], [103.9813124289809, 9.918093441313903], [103.9811446199955, 9.918046527335747], [103.98107708242928, 9.918024271036352], [103.98091628980436, 9.917980803595317], [103.98082248461525, 9.917961490319177], [103.9807221067241, 9.917946597211612], [103.98064580207894, 9.917932464667519], [103.98062565460474, 9.917928816850736], [103.980509691795, 9.917908384197286], [103.98038460949464, 9.917888208626971], [103.98028659591627, 9.917877568589093], [103.98018820618226, 9.917874161192886], [103.98010394061933, 9.917877375999101], [103.98002888860422, 9.917878525504094], [103.97989999795105, 9.91790246669274], [103.97985429881514, 9.917910352420792], [103.97973854560584, 9.917930516456988], [103.97957588906637, 9.917970408724443], [103.97948072411302, 9.918003805291724], [103.97939209405229, 9.918056741752068], [103.97931025945326, 9.91813744633815], [103.97925397353403, 9.918208516086835], [103.97920223571218, 9.918286826136727], [103.97914394697061, 9.918355722779214], [103.97901309957109, 9.918463656706733], [103.97894223454966, 9.918527380087026], [103.97892666508638, 9.918569760838631], [103.97893574018252, 9.91859762295165], [103.97900212469798, 9.918657038717434], [103.97905130027488, 9.918699881684978], [103.9792407919953, 9.918759940638962], [103.97929940041206, 9.918777391419638], [103.97932596652214, 9.918816492212626], [103.97934478265759, 9.918912542830597], [103.97935987181593, 9.919001083164677], [103.9793683714062, 9.91904693708741], [103.97941151661148, 9.91915505074121], [103.97945992325198, 9.919222937593739], [103.97953425959983, 9.919270973231367], [103.97960571195378, 9.919297395040234], [103.97969348796968, 9.919323570907663], [103.97977016677535, 9.919331917660038], [103.97983901983008, 9.919329673629157], [103.979907340283, 9.919318206362135], [103.97998188540085, 9.919291739732905], [103.98001555775757, 9.919277325427576], [103.98011958697018, 9.919232278845623], [103.98020133872055, 9.919204195852846], [103.98032954451249, 9.919152224660186], [103.98050574460964, 9.919140562714187], [103.98055698620007, 9.919145614927345], [103.98060868574187, 9.919149402022596], [103.98067524332012, 9.919157099986222], [103.98074807458377, 9.919176561684072], [103.98082432286459, 9.919226679564439], [103.98088231371632, 9.919288975288913], [103.98094073193964, 9.919369445213693], [103.98102936833627, 9.919486399394863], [103.98106765569759, 9.919552642894637], [103.98109353579457, 9.91962221257652], [103.9810943274792, 9.919698615036484], [103.98108205277923, 9.919733586908825], [103.98106652419871, 9.919808065390786], [103.9810697235619, 9.91986114433392], [103.9810876146959, 9.919907916909702], [103.98114973777939, 9.919952135854125], [103.98118582552326, 9.919967471921947], [103.98120267572874, 9.919980337008822], [103.98122034594681, 9.919993655441495], [103.98124891987418, 9.92003194545992], [103.98129043546933, 9.920133003960526], [103.9812992767911, 9.920193686543199], [103.98129233404467, 9.920317364432833], [103.98128043848601, 9.92040116135474], [103.98123108980941, 9.9205259490587], [103.98119385321434, 9.920603196851504], [103.98116967819618, 9.920666992911178], [103.98113326355964, 9.920801384662244], [103.98112302674608, 9.920874153429343], [103.98111182851166, 9.920920428920814], [103.98109500269331, 9.921007925243929], [103.9811025245007, 9.921037864463559], [103.98112172894821, 9.921061402246032], [103.98119353222442, 9.921096956263526], [103.9812159298142, 9.921119594823915], [103.98122821081803, 9.92113860110841], [103.98122999595569, 9.921163196928351], [103.98122207749644, 9.921211466640596], [103.98120485491597, 9.921261349441851], [103.98114409869848, 9.92139145399589], [103.98112336769061, 9.9214687273066], [103.98111980521008, 9.921530475686229], [103.98114687706452, 9.921596159334904], [103.98119346227806, 9.921662958157023], [103.98123588213461, 9.921711034489704], [103.9812645153844, 9.921769668124323], [103.98127000425373, 9.92181660233888], [103.98125050468259, 9.921980586171692], [103.98124127564373, 9.922108329212247], [103.98124940352463, 9.922216750151806], [103.9812766019264, 9.922317967338202], [103.98131914963118, 9.92240076347123], [103.98137936158075, 9.922442809459683], [103.98146312656127, 9.922468707457119], [103.98154520028635, 9.922468291864096], [103.98162510815067, 9.922453406398093], [103.98167556836124, 9.922433773783613], [103.98172950793739, 9.922405195388553], [103.98177379933962, 9.922365028870308], [103.9818134500276, 9.922318435662852], [103.98183685942743, 9.922277603957221], [103.98187467009487, 9.922183268429698], [103.98189724372132, 9.922093972633181], [103.98192686102466, 9.921932716848618], [103.98193959486548, 9.92177966280304], [103.9819356682636, 9.92166699882064], [103.9819347397915, 9.921503435449896], [103.98194121359995, 9.921387894230426], [103.98199981133816, 9.92100624979574], [103.98203293962905, 9.920873842005308], [103.98205957965129, 9.920750104094056], [103.98208215011618, 9.920604660133568], [103.98209128572037, 9.920478092299922], [103.98211316994784, 9.920363117355642], [103.98218597428924, 9.920109613793807], [103.98221105270774, 9.91999301628676], [103.9822336402663, 9.919720447887231], [103.98224486015164, 9.919486017350714], [103.9822470996035, 9.919337467845269]]], "type": "Polygon"}, "properties": {"id": 9.0, "area": 75222.01, "perimeter": 1522.42}}, {"type": "Feature", "geometry": {"coordinates": [[[103.98334894585864, 10.234344597094347], [103.98300437497183, 10.234337630670897], [103.98300502312856, 10.234162771036445], [103.98302623123367, 10.233861545283442], [103.98303715928087, 10.233708130084217], [103.98304799588803, 10.233554805151508], [103.98322107865191, 10.233544772738352], [103.98328907769847, 10.233547502673098], [103.9832669439672, 10.2333490088103], [103.9832748519754, 10.232974616973845], [103.98330152004401, 10.232965708310214], [103.98325350278625, 10.232798999093921], [103.9829940335321, 10.23288791621924], [103.98280393338587, 10.232076781543293], [103.9829325068264, 10.232044617527325], [103.98290960004286, 10.231985540806047], [103.9827951578171, 10.23168997649596], [103.98268035243237, 10.23139332660543], [103.98249377920214, 10.231505143514125], [103.98242961540868, 10.2313327124491], [103.98237846042693, 10.231074860819042], [103.98175017521619, 10.231757029657574], [103.9812293789064, 10.231617957378132], [103.98060258514698, 10.231380616067318], [103.97964718548691, 10.231424840236008], [103.97886071942547, 10.231315899514064], [103.97846132259843, 10.231402871200372], [103.97826969833325, 10.231364952034502], [103.97818420869427, 10.231788223548294], [103.97765590157223, 10.231833578015975], [103.97767914564176, 10.231964896335288], [103.97771189547086, 10.232200115510228], [103.97690467899824, 10.232276123609177], [103.97687321759885, 10.232146329086026], [103.97631916154013, 10.232196251086226], [103.9763320880786, 10.232106310030497], [103.97620933081318, 10.232042461186545], [103.97563141364681, 10.232059523387754], [103.97558336273211, 10.232305100581588], [103.97445785689924, 10.231880329732395], [103.97450590859033, 10.231634752738234], [103.9741242678158, 10.231858182235797], [103.974172154431, 10.23143575546941], [103.97157252831526, 10.233807442316044], [103.96904389902205, 10.23534406978245], [103.96911618903478, 10.235456210385655], [103.96899254277854, 10.236091888920814], [103.96873550332097, 10.23636262043436], [103.96869519081666, 10.236452245108858], [103.96871106105606, 10.236514656527648], [103.9689646583159, 10.236776999133914], [103.96954112279536, 10.237034985605352], [103.9697812000664, 10.237634096974668], [103.97017090751565, 10.237891235611913], [103.97054178785008, 10.239263597400438], [103.97034724613742, 10.239991654307103], [103.97006081290465, 10.240646597436863], [103.9696997562125, 10.24110883726132], [103.96979854774287, 10.241148961165859], [103.96929898261263, 10.242564116621656], [103.96991049551922, 10.24277586819968], [103.96941523868068, 10.244178734346153], [103.96831690555722, 10.244026492269612], [103.96760372642002, 10.243800557120105], [103.96784507990415, 10.243087497294336], [103.96848705360519, 10.24200032703091], [103.9688522819611, 10.241172191027621], [103.96917590365389, 10.24126530291455], [103.96941484196785, 10.241232962902199], [103.96965587923448, 10.241091044638978], [103.97002114376822, 10.240623477306043], [103.9703040945681, 10.23997684661262], [103.97049450397682, 10.239263701287465], [103.97013133618735, 10.237919380290045], [103.96974409061154, 10.237663873065255], [103.9695055586995, 10.237068651984016], [103.96893648233363, 10.236814022813926], [103.96865629664774, 10.236567187952225], [103.96814764933924, 10.23697032593758], [103.9677581343976, 10.237037499510283], [103.96744251945833, 10.237291136312027], [103.96680797981321, 10.237921004538359], [103.96714497244203, 10.238313590540871], [103.9667477957055, 10.238649459923286], [103.9666466720399, 10.238530761774214], [103.96635367515056, 10.238849351518812], [103.96626336827407, 10.238976415540046], [103.96607519366326, 10.239111998680146], [103.96620124000478, 10.239228929612366], [103.96596367629986, 10.239804475284352], [103.9659299588443, 10.239879734579686], [103.96517825045258, 10.241190945354008], [103.96491008053214, 10.241127033971782], [103.96477072393789, 10.241435386716883], [103.96448024541594, 10.24139277590594], [103.9642049112823, 10.241409591580727], [103.96383889126437, 10.241615041365582], [103.96417014362551, 10.242001291954756], [103.9640558853282, 10.242528938861913], [103.96367881381056, 10.242465751122198], [103.96359242596252, 10.24335546012705], [103.96281318647335, 10.243604077507394], [103.96275714896181, 10.243923506843469], [103.96389376091658, 10.244163351090451], [103.96389332115253, 10.244370759341738], [103.9639433350362, 10.244702117489926], [103.96403449313242, 10.244721977910109], [103.9640440512458, 10.245118186389789], [103.96394250193288, 10.245360960559147], [103.96391950742309, 10.245573033128078], [103.96396899438619, 10.246000771361658], [103.96415371922758, 10.246346003957992], [103.96418585969748, 10.246558167388187], [103.96425320705421, 10.246732957564966], [103.9643535064341, 10.24685418670798], [103.96445987395079, 10.247058335152925], [103.96457479103678, 10.247226693832356], [103.96469195387324, 10.247307987806854], [103.96488274886195, 10.247681439096892], [103.96493565602881, 10.247758106549343], [103.96491188840811, 10.248322429569312], [103.96491287593378, 10.248441144342213], [103.96483065540735, 10.248751941609969], [103.96479104889157, 10.249071940782082], [103.96472702864871, 10.249198685746707], [103.96465976082507, 10.2494111374972], [103.96466558885146, 10.24963709082958], [103.96461802516366, 10.24985735058233], [103.96443160742922, 10.250029552756505], [103.96417464673, 10.250407148760498], [103.96380017925912, 10.250852722586536], [103.9631278665776, 10.251450512698536], [103.96317859249774, 10.251521571181563], [103.96327852602889, 10.251426892324394], [103.96346797707093, 10.251622860214864], [103.96307226515745, 10.251997965765888], [103.96288290544413, 10.251801997801095], [103.96222350525959, 10.252427202488544], [103.96159057049196, 10.25154163825554], [103.96149123660464, 10.251983596207955], [103.9612762623102, 10.25219887637394], [103.96113036172957, 10.252377110931292], [103.96108673841472, 10.252424686560994], [103.96117870512161, 10.25250738666189], [103.96094974152375, 10.252735753353269], [103.96062708290792, 10.253093436621441], [103.9604090804642, 10.253748663578556], [103.9601829858862, 10.254653779981659], [103.96034999437732, 10.254733711755312], [103.96020896349852, 10.255053993590959], [103.96094492716966, 10.255366780626357], [103.96065046888546, 10.255834815071513], [103.96081680071745, 10.255937439318725], [103.96067039525896, 10.256304908290057], [103.96061720775532, 10.25655553680469], [103.96092007315613, 10.25667637997472], [103.96088221856635, 10.256982909561204], [103.96100312844204, 10.25760280477666], [103.9607234892669, 10.257673857780318], [103.96116164900897, 10.258330535308126], [103.96061256268241, 10.258544717802994], [103.96082095853693, 10.258983117480948], [103.96086198280547, 10.259069440112075], [103.96100887972405, 10.25900576153599], [103.96132113508116, 10.259405455436266], [103.96175829855429, 10.259357085650224], [103.9618574714776, 10.25928211631392], [103.96180440104752, 10.25919342308122], [103.96206147436057, 10.259079656627542], [103.96216125812812, 10.259291660878244], [103.96190753818077, 10.25936565098911], [103.96187622368572, 10.259313430478437], [103.96177238917986, 10.259391918223983], [103.96134727779294, 10.259438951812017], [103.96162118506322, 10.259789577699825], [103.96111792152413, 10.259950402471631], [103.96119003548247, 10.260221943608705], [103.96093363168099, 10.260424858173442], [103.96119485862756, 10.260770581038118], [103.96163523733551, 10.261197520906135], [103.96143878604188, 10.261359939540798], [103.9616319632484, 10.261784389841669], [103.96214332447325, 10.262289835329806], [103.96264211052465, 10.26278287260707], [103.96248868681894, 10.262980714749467], [103.96291620608127, 10.263294976472881], [103.96312900389937, 10.26318348685199], [103.96348103989912, 10.263057670620073], [103.9642405484704, 10.262845096702133], [103.9651025370568, 10.262381792075908], [103.96552740315371, 10.261721477872273], [103.96581844808715, 10.260838615818669], [103.96458959141933, 10.260371956596405], [103.9655241650363, 10.25946194599538], [103.96616589226741, 10.259909915968784], [103.96710491418011, 10.25868382172409], [103.96709221285474, 10.25754504101276], [103.96759136821898, 10.256615593375678], [103.96803354987145, 10.256128626416839], [103.96821828696906, 10.255925317264268], [103.9687252644646, 10.256104623303052], [103.96890818434707, 10.255731604279637], [103.96761484790524, 10.255183298566557], [103.96794878664265, 10.254627258987819], [103.96826328403435, 10.253467042926792], [103.9686291894353, 10.252515675654525], [103.96881530814099, 10.252084254485597], [103.96923216678957, 10.252272543974025], [103.96972817379516, 10.251580422922206], [103.97092051285354, 10.252419416380468], [103.97131306592456, 10.252898343860435], [103.97198239752812, 10.253046444804749], [103.97203145554997, 10.253078711802313], [103.97236369716893, 10.252659641206428], [103.97276345475368, 10.252095565674466], [103.9728360133382, 10.251716940137175], [103.97309764647741, 10.251268550462434], [103.97323807481332, 10.251027915799385], [103.97394149507642, 10.249822392678656], [103.9742974692207, 10.250065006264414], [103.9743950840889, 10.24987954460139], [103.97415306768423, 10.249726534721802], [103.97401707974083, 10.249655611135747], [103.97427956675375, 10.249185522362911], [103.9743910606008, 10.249052975193113], [103.97458745256495, 10.24913963783372], [103.97470776968808, 10.24874888299117], [103.97423877842763, 10.248511511971323], [103.97488600032004, 10.247779482838746], [103.97517872602573, 10.247404105249739], [103.97540489298864, 10.24709172882631], [103.97558593692037, 10.246519068459046], [103.97558253340853, 10.246479371300378], [103.97554215010604, 10.246001559508091], [103.97550492580474, 10.245989836087608], [103.97539915822487, 10.245416622636164], [103.97551538495058, 10.245069259333103], [103.97561531278755, 10.245030180869163], [103.97522442895546, 10.244536794992651], [103.97482931041995, 10.244065824481728], [103.97524850558939, 10.243828622275423], [103.97556204967786, 10.243669185897096], [103.97603554926744, 10.24326986772512], [103.97606625383627, 10.243082579684765], [103.97645267571804, 10.242901470022321], [103.97710022147788, 10.242630004214243], [103.97744728040725, 10.24251636919774], [103.97795675440982, 10.241885736663566], [103.97776966588951, 10.24174981555978], [103.978353779489, 10.241359170145316], [103.97863386929582, 10.240833771904203], [103.97878052841142, 10.24085263215535], [103.978801114016, 10.24082373268552], [103.97897869744632, 10.240463536885315], [103.97912980074106, 10.240108271336197], [103.97939848895128, 10.240191791744179], [103.97968979295003, 10.240232943977052], [103.97984680686208, 10.23972298928014], [103.97944629356591, 10.239648571016938], [103.9786963303476, 10.239365640611565], [103.97895834038577, 10.238674665075308], [103.97959014059066, 10.238928382999275], [103.97965085449822, 10.238977122782106], [103.97965345770356, 10.238332023594012], [103.98022383042128, 10.2384145788955], [103.98027614100461, 10.237849846587899], [103.98123699742489, 10.23726802884254], [103.98137660508938, 10.237019070479445], [103.98157023868987, 10.236383949658622], [103.98168639941478, 10.236239562730036], [103.9818491371699, 10.235799053741395], [103.9821451601157, 10.235742473617403], [103.98226249404783, 10.235662372657664], [103.98246689731967, 10.235195438263139], [103.98267752725035, 10.235392242656696], [103.98295123838948, 10.235528841002585], [103.9829934448311, 10.234999805384442], [103.9830113640825, 10.234643964376643], [103.98334894585864, 10.234344597094347]]], "type": "Polygon"}, "properties": {"id": 10.0, "area": 3641310.94, "perimeter": 15218.52}}, {"type": "Feature", "geometry": {"coordinates": [[[103.99013980984945, 10.196886125988474], [103.98748432824026, 10.19682745100962], [103.98738203027311, 10.192022133731758], [103.9904563649023, 10.192040774505779], [103.99041310868218, 10.192037723393236], [103.99042606793718, 10.1916935362667], [103.99044347955572, 10.191591576052753], [103.98914632938985, 10.191336572000939], [103.98843144262914, 10.191327587865024], [103.98827320332627, 10.190514606017365], [103.98863532402973, 10.190475661653215], [103.98909145392219, 10.190491745317807], [103.98955077730086, 10.19056578891369], [103.9899775604191, 10.190613380120737], [103.98967669531781, 10.190413366144139], [103.9897271114007, 10.190275743833825], [103.98953781707786, 10.190164419506706], [103.98955055407417, 10.18978831581333], [103.98940676014428, 10.189760966957394], [103.98943595768637, 10.189708662666714], [103.98937257736883, 10.189676918660908], [103.98940034711507, 10.189546855825206], [103.98948461815804, 10.189355128238457], [103.98949190982762, 10.189303874702448], [103.98937898067854, 10.189323679902554], [103.98934194521674, 10.189254364682377], [103.98905530607719, 10.189349303929562], [103.98894038254565, 10.188959528993683], [103.98862756333206, 10.188244314661544], [103.98854813450279, 10.188318239748064], [103.98821139427524, 10.188010213725324], [103.98812363112393, 10.188159531199899], [103.98753473057324, 10.188931379752114], [103.98728857391002, 10.188480188112205], [103.98714693949229, 10.188529784251555], [103.98695999174349, 10.18826493871492], [103.9867632388219, 10.18791092919403], [103.98685068392547, 10.187846691465039], [103.98667371031185, 10.187680051364133], [103.98589683329567, 10.188372489179088], [103.98607216295814, 10.188938667825767], [103.98635013276807, 10.188786304524402], [103.98659718758711, 10.188675483001466], [103.98663032552037, 10.188784574671697], [103.986873167704, 10.189823996931816], [103.98665673936053, 10.189958916913064], [103.98625685399342, 10.19009960623265], [103.98613537765415, 10.191238725560936], [103.98538326228936, 10.191395405579884], [103.98514175750297, 10.190491877225131], [103.98548931790063, 10.190369641890866], [103.98522105563998, 10.189419508100496], [103.98503848761351, 10.189497248080608], [103.98475863840696, 10.18888687251887], [103.9846275948466, 10.188479168881864], [103.98459702417256, 10.188135908138303], [103.98481495741672, 10.188029743597978], [103.9847071920876, 10.187505261423405], [103.98544706726598, 10.18678030947025], [103.98542288077337, 10.186325487549816], [103.98531602898355, 10.185800102796636], [103.98520345517122, 10.18542832288033], [103.98514310440474, 10.18532940505814], [103.98512072772684, 10.185112104292317], [103.9851001927408, 10.185055291788968], [103.98528896221514, 10.184978827192738], [103.98525650288278, 10.184674712837982], [103.98513945267139, 10.1843059095233], [103.98539796702785, 10.18416111099497], [103.98525611755231, 10.183890549037802], [103.98500252420891, 10.183584911190755], [103.98501688710117, 10.183563596029982], [103.98483019734272, 10.183311407824572], [103.98476606744134, 10.183349732893138], [103.98444955922167, 10.183122023081175], [103.9841685403136, 10.182789036298503], [103.98441181792091, 10.182243046244706], [103.98388547179239, 10.181971425470497], [103.98349041475095, 10.181839520436261], [103.98349880726362, 10.181785194700245], [103.98308620537394, 10.181610495539895], [103.98316008625525, 10.180900588885326], [103.98258948187507, 10.180854389458213], [103.98146990127054, 10.180819887048255], [103.98146646681242, 10.1808555952396], [103.98106095217847, 10.18087122687254], [103.98104770110247, 10.181051582299588], [103.98074690212188, 10.18110191785478], [103.98074436533406, 10.180921085321271], [103.98043453415491, 10.181026016464983], [103.98010739796834, 10.18088354643215], [103.97992961829706, 10.18082467545954], [103.97996865064208, 10.180448071755327], [103.97932149417095, 10.180728863717826], [103.97905202134665, 10.180821742256986], [103.97878164782088, 10.180738492214822], [103.97825759302484, 10.180971106470373], [103.97770029433512, 10.181273828204906], [103.97704755679224, 10.181336889172389], [103.97639347913244, 10.181270202313039], [103.97607407512082, 10.18136806161211], [103.97590408769378, 10.181623751906178], [103.97559566728967, 10.181590075674821], [103.97489899806484, 10.181672952998063], [103.97465990139082, 10.181160282466601], [103.97468209271706, 10.181430656466457], [103.97420084503038, 10.181324189225785], [103.9741500819622, 10.181057657099917], [103.97332989006438, 10.180999467315294], [103.97338337022597, 10.18072180111813], [103.97290751716695, 10.180665791820665], [103.97295190161758, 10.18048078555532], [103.9724346484807, 10.180293246733983], [103.97204065362749, 10.179963865414553], [103.97198736754373, 10.18001187975384], [103.97183009159156, 10.179584599941107], [103.97172629107787, 10.179438232715343], [103.97160170992231, 10.179774372155036], [103.9712370817502, 10.179680023679381], [103.97105274136001, 10.17956101199159], [103.97074309119374, 10.179444509974974], [103.97067517955158, 10.179395847741064], [103.97045178395449, 10.179605608714063], [103.97034613827658, 10.180025049650524], [103.97082476509341, 10.180169130449977], [103.9704246707727, 10.180661782558664], [103.9702181811086, 10.180580979713739], [103.9701824121232, 10.180742853468548], [103.97016448131195, 10.180824197131725], [103.97012402244354, 10.181339311200327], [103.97014473560824, 10.181341695513526], [103.97015938733612, 10.181477702059441], [103.97049722576337, 10.181547506228325], [103.9708289390878, 10.182011324857639], [103.97100460156221, 10.182080414094814], [103.9712772754261, 10.182151558741623], [103.9720632483349, 10.182096861739966], [103.97206326554486, 10.182197402279577], [103.97211371445549, 10.1822099608402], [103.97248309525477, 10.182302055787414], [103.97288826170364, 10.182499540463011], [103.97282875822455, 10.182665444934466], [103.97281771111919, 10.182723473007268], [103.97327762974757, 10.183148165788394], [103.97372269575153, 10.183559181538628], [103.97399480266662, 10.183810428073038], [103.97445308176, 10.184012064976583], [103.97447053185476, 10.183945096127534], [103.97460217295297, 10.183978760846868], [103.9745874784538, 10.184034974846266], [103.97468582399914, 10.184114426023912], [103.9749663550062, 10.184237930126505], [103.97489139195167, 10.184314480989231], [103.97553318774067, 10.184863510992711], [103.97552329441855, 10.184885917839797], [103.97584802022435, 10.185275942642177], [103.97619856426431, 10.185560766414318], [103.97614944444356, 10.185628136705203], [103.9764146234328, 10.185820601064355], [103.9773463122717, 10.186465930787152], [103.97742551240276, 10.186365516795156], [103.97816432378593, 10.186807917847014], [103.9782540768428, 10.186672168540643], [103.97994967995953, 10.18821444269259], [103.98024876645236, 10.188774763045574], [103.98037806455545, 10.189017007402063], [103.97961866569912, 10.189727268814833], [103.97957734249536, 10.189826929884465], [103.97941333155242, 10.190222863708309], [103.97910533911326, 10.190313691397998], [103.97901735538045, 10.190539677046942], [103.97892089307196, 10.190647477819034], [103.97883637050889, 10.190709095952117], [103.97870210531511, 10.190771810120475], [103.97841351110148, 10.190887893608998], [103.97825853865365, 10.190944064723679], [103.97822749377998, 10.190952604514907], [103.97840261344948, 10.191078921355922], [103.97843469865916, 10.191216402088685], [103.97842015391127, 10.19123681248131], [103.97828292624409, 10.1913251089421], [103.97827354181688, 10.191371295600742], [103.97842376257036, 10.19154332226177], [103.97848092828488, 10.191804258345542], [103.97753676208623, 10.192084661770755], [103.97723074394928, 10.191634723716025], [103.9770687864989, 10.1918883475577], [103.97669695922468, 10.1923930770575], [103.97642269007574, 10.192733951140022], [103.97633329597235, 10.192648276145746], [103.97609522104594, 10.192901054141034], [103.9759614459628, 10.19288637340057], [103.9757820835299, 10.19384818238618], [103.97634012184368, 10.194895801390201], [103.97643784492894, 10.195079227410035], [103.97604554743766, 10.195596852259834], [103.9758944760752, 10.195498239409615], [103.97558823098588, 10.195298294503848], [103.97506575946365, 10.194714917469943], [103.97498734843974, 10.194666058291812], [103.97485650658061, 10.19475472509568], [103.97484669042531, 10.194841235611754], [103.97487335937214, 10.194885671795438], [103.97483683724423, 10.194950349591732], [103.97483412249109, 10.194991845299178], [103.97459951650312, 10.195186672169632], [103.97280714582269, 10.193986702791962], [103.97195262922367, 10.193414629492574], [103.97160207528681, 10.192967055737357], [103.97162746457781, 10.192956879997713], [103.97094722088497, 10.19241736378558], [103.97076047443753, 10.192590746832758], [103.97016644115443, 10.192075418817227], [103.96989781042309, 10.191761969799403], [103.96940192928336, 10.190893461595001], [103.96933825605734, 10.19092961426199], [103.96916529702104, 10.190603029143613], [103.9692274209009, 10.19056551778098], [103.96916070911143, 10.19039723932904], [103.96894377684802, 10.190666772886557], [103.96860718484464, 10.190830779418661], [103.9679528817328, 10.191110088962287], [103.9679481055722, 10.191238378687329], [103.96851060933018, 10.191280251383725], [103.96851116524329, 10.191385403805082], [103.96872332424044, 10.1912982279364], [103.96908241839476, 10.191214364699686], [103.96915301482463, 10.191517095150214], [103.96918835653901, 10.191890381695504], [103.96954893008457, 10.19284384065192], [103.96915996207625, 10.192944291968178], [103.96998627281974, 10.194067038440243], [103.97002463621439, 10.194048475370375], [103.97047875349249, 10.194677137075702], [103.97110386492064, 10.194447864917713], [103.971448552486, 10.195575614618695], [103.97159120164991, 10.196076467939102], [103.97081918021945, 10.19628389399026], [103.97113971276764, 10.19700573620809], [103.9711951890895, 10.197181048414581], [103.97151340645802, 10.197315195319167], [103.97194256970066, 10.197416972230894], [103.97219845407368, 10.197493604805265], [103.97212027649665, 10.197857123775036], [103.97199278828208, 10.1985127811826], [103.97193934938635, 10.198706994562292], [103.97297004796665, 10.198657846555559], [103.97301993504131, 10.19829202137093], [103.97418968938696, 10.198488477537438], [103.97395771717213, 10.200190872058437], [103.97371631557463, 10.201019670402417], [103.97319268643791, 10.20185904377595], [103.97251387242368, 10.202766970536583], [103.97208497995932, 10.202551815310239], [103.97200997005702, 10.202764438205643], [103.97162448524402, 10.203125561070337], [103.97174299289433, 10.203213273594425], [103.97194521104389, 10.203347323039731], [103.9715730587229, 10.203593099086374], [103.97128030827167, 10.203287929935026], [103.97105760827863, 10.203121297871052], [103.9708934004793, 10.202962355234622], [103.97074373756142, 10.202728392480035], [103.97073722001093, 10.202750985415033], [103.97029193752729, 10.202954870180838], [103.96940557268272, 10.203360655518125], [103.96936319549275, 10.203487437454713], [103.96893362985291, 10.203679230338823], [103.96868811148339, 10.203788774256276], [103.96874016002465, 10.203994460313668], [103.96875061922624, 10.204126843377548], [103.96865491715961, 10.204156885893244], [103.96841345766728, 10.204295278237325], [103.96822232042139, 10.204359432096114], [103.9679400754983, 10.204489891617888], [103.96812468819918, 10.204672376565558], [103.96829490352576, 10.204840823804346], [103.96854448636303, 10.20508769867089], [103.96870549917624, 10.205246818092757], [103.96878003689285, 10.205320626776718], [103.9688589487717, 10.205398601604507], [103.96892091194782, 10.20545982225785], [103.96918679750246, 10.205673270029456], [103.96964346148502, 10.20603991765062], [103.97165779113463, 10.206284770574639], [103.97169441998496, 10.206156622821354], [103.97213304059801, 10.20617595774743], [103.97425660124061, 10.206269256661], [103.97213035479916, 10.207417880053008], [103.97183432669645, 10.207326806299417], [103.97182519310577, 10.20805010341391], [103.9713495890836, 10.207929625216343], [103.97126249173027, 10.209215261246406], [103.96964922723248, 10.20889646561529], [103.96965125027099, 10.209162918813124], [103.96963970994096, 10.209407469786438], [103.96952255246126, 10.209385308753683], [103.96946273995803, 10.20967815269006], [103.96841786638198, 10.209447704871032], [103.96841082551654, 10.209675355675664], [103.96827709234759, 10.210016269518844], [103.96898735867224, 10.210413168004907], [103.96921531724108, 10.209887601055202], [103.96942132602456, 10.209939110402289], [103.96982691499237, 10.210121230472875], [103.97024149720984, 10.210329494293514], [103.97078421264513, 10.210215368468877], [103.97165373908548, 10.209902498693074], [103.97240124812463, 10.209579935772963], [103.97266231313534, 10.211615214881467], [103.97184373822925, 10.211359827441052], [103.9713880966638, 10.212081497017326], [103.97113854045051, 10.212476924823646], [103.97149580529717, 10.212907150951454], [103.97132265178541, 10.213464091536391], [103.97140708833491, 10.213514408123576], [103.97087481662051, 10.2142644328809], [103.97031305443211, 10.213970489493628], [103.97007173274544, 10.21451755382924], [103.96933726549379, 10.21423255034811], [103.96883851821856, 10.214632905009227], [103.96871300407769, 10.21475014823516], [103.9696127861377, 10.215465792274069], [103.96896454032738, 10.216024580237777], [103.96907478512786, 10.216088591961656], [103.96925041103765, 10.216190503082078], [103.96922479210866, 10.216227892740621], [103.96924777076953, 10.216241492227208], [103.96930343118066, 10.21630686165512], [103.96936236999832, 10.216376757104536], [103.96941317344903, 10.216398810350762], [103.96959267318853, 10.21647658708818], [103.96969950092655, 10.216454699840456], [103.96976376357094, 10.216451549440336], [103.96978291923065, 10.216458813700724], [103.96985415982826, 10.216485963289323], [103.96985249987218, 10.21638605321772], [103.97005514353853, 10.216432855358772], [103.9700547320902, 10.216405730515607], [103.97054598520315, 10.216398210425343], [103.9704894572306, 10.216084743985737], [103.97065587306642, 10.216071361661475], [103.97107914864955, 10.215884529977785], [103.97097399079848, 10.215669445487823], [103.97173014682899, 10.215425468649762], [103.97170161911723, 10.215345225269827], [103.97254771024132, 10.215082405209639], [103.97258366853939, 10.215195480809072], [103.9726619405818, 10.215442166242342], [103.97277028123185, 10.215388093037493], [103.97309321585465, 10.21516303211829], [103.97323038207945, 10.215008374577739], [103.97334011505247, 10.214884594249689], [103.97334834311371, 10.214876470279453], [103.97329257443171, 10.214821046869975], [103.97371150361, 10.214500211069337], [103.97377566119972, 10.214560711126984], [103.97383458393232, 10.21452979419702], [103.9738582444152, 10.214517355238128], [103.9739438124537, 10.214490549899624], [103.97424700406154, 10.214503606330393], [103.97444770432251, 10.214733129250831], [103.97475795084105, 10.215452962720578], [103.97483754202423, 10.215453090899047], [103.97531736428698, 10.216348600066619], [103.97540079912454, 10.216398371582448], [103.97556970692797, 10.215978399035924], [103.97585685082589, 10.216093686462001], [103.97628238011816, 10.21625702493029], [103.97653761452595, 10.216294414072008], [103.97692457150191, 10.21570969469689], [103.97727105783714, 10.215704915841847], [103.97735751036086, 10.215751346383843], [103.97769828056002, 10.21572567227626], [103.97788517051963, 10.215638631597724], [103.97806201253267, 10.215556276255011], [103.97830070700633, 10.215381345380276], [103.9786931617954, 10.215117059821646], [103.97900364199037, 10.214746496723482], [103.97879060097435, 10.214582416496668], [103.97813687177937, 10.214260310883374], [103.97839730100605, 10.213741660461025], [103.9787009980514, 10.213332118270147], [103.97923783717933, 10.213633783355668], [103.97939697314558, 10.21321315994497], [103.97949366790732, 10.21291060797754], [103.97942169044094, 10.212157886447626], [103.9792424383391, 10.212096028372608], [103.97902139556038, 10.211577783691402], [103.979090221444, 10.211125552021935], [103.97927290657077, 10.210984345635197], [103.979492306488, 10.210997353708953], [103.97958416423475, 10.210637833052933], [103.97977496756693, 10.210443294998628], [103.9799516867383, 10.210041143633804], [103.97982294984627, 10.210010740117768], [103.97980438757956, 10.209919211472368], [103.97984188642089, 10.209478593002668], [103.98016151141519, 10.208867993509728], [103.98021054959422, 10.208684078941522], [103.98023364922223, 10.208229513653952], [103.98038019312365, 10.207579036729392], [103.98040797452485, 10.207388940098165], [103.98036568746039, 10.207237429145865], [103.98044498873595, 10.207189997576268], [103.98050971570365, 10.207180787956187], [103.98065438090312, 10.20723788866411], [103.98080236183826, 10.207107656545343], [103.9805065276804, 10.207064239096264], [103.98017167721343, 10.206878718684543], [103.97994079528944, 10.206575101976616], [103.97966469585643, 10.206351248691211], [103.97984127809448, 10.206088153860998], [103.97999968034283, 10.205947721900401], [103.98017582628597, 10.206009393649575], [103.98028509795282, 10.205885067420985], [103.98057818103172, 10.205766910617012], [103.98093515608058, 10.2055349333503], [103.9812369283059, 10.205236051900716], [103.98188764192025, 10.20493067184693], [103.98288187447758, 10.205659087684404], [103.9830766705063, 10.205588963601302], [103.98304299996744, 10.205413868481894], [103.98305518890935, 10.205326457300023], [103.98308105120617, 10.205249827053754], [103.98311226159625, 10.205196080053828], [103.98314098065703, 10.2051590557242], [103.98316930180297, 10.205142373946508], [103.98321159112771, 10.205123453925985], [103.98330650106146, 10.205131289369758], [103.98348609716867, 10.204808162140774], [103.98390584203709, 10.204249885619443], [103.98362009257646, 10.204123306000419], [103.98384942369948, 10.203634527994023], [103.98456007837659, 10.20402144803885], [103.98524547461264, 10.20439467424045], [103.98534250461938, 10.204446272894476], [103.98560652721214, 10.204519291613709], [103.98585130198835, 10.204472119346804], [103.9859996299774, 10.204237276008515], [103.9867416188501, 10.203697766420664], [103.9868765228935, 10.203466698918493], [103.98714388066382, 10.20333755542864], [103.9871720973017, 10.203328919985548], [103.98715904182471, 10.202761007764803], [103.98686481534054, 10.202456392065955], [103.98678066786177, 10.202396676844394], [103.98689005663131, 10.201740893585507], [103.98685628227037, 10.201686501564238], [103.98676406298976, 10.20153789648016], [103.98658984032454, 10.201358783277048], [103.9863918019327, 10.20117610637718], [103.9863130490612, 10.20093982056458], [103.98623277577323, 10.200968807662852], [103.9854503372253, 10.201294965594597], [103.9850934284278, 10.200752189042241], [103.98525488900026, 10.200522972320863], [103.98531783358834, 10.200315570916413], [103.98489470744967, 10.199632095726901], [103.98489439748383, 10.199257057098775], [103.98475231247387, 10.199129529779848], [103.98565791117112, 10.197867237506635], [103.98589463828982, 10.19788370389445], [103.98609824806314, 10.19794867045618], [103.98623752252033, 10.19795060740652], [103.98630667494214, 10.19791238052565], [103.98608845728874, 10.197622621324857], [103.9857515782219, 10.19756757139082], [103.98605572178077, 10.197034425217494], [103.9862543994798, 10.19710128260094], [103.98621616485542, 10.196811987315472], [103.98606358690418, 10.196796738557927], [103.98593928189514, 10.195598915949926], [103.98610390291134, 10.195445741940235], [103.98659903643117, 10.195503210065139], [103.98658428654169, 10.196848822162936], [103.98624974654061, 10.196815385454352], [103.9862862682329, 10.197091477564555], [103.9861202349743, 10.197612725750167], [103.98632169456683, 10.197880307090843], [103.98635037229117, 10.19809626138281], [103.98720329359057, 10.197750501164611], [103.9874917725337, 10.198336657414607], [103.98687935807486, 10.198731981571235], [103.98668132145065, 10.198663046000568], [103.98667652330174, 10.198695587585387], [103.98665478914306, 10.198760018778742], [103.98665773472509, 10.19880143312832], [103.9866898365236, 10.198874176625079], [103.98673203207078, 10.19897017243953], [103.98681587120491, 10.199107914644898], [103.9868589895816, 10.199254634281466], [103.98687083491109, 10.19932400061054], [103.9868383614385, 10.199483349887984], [103.98683823129953, 10.199564632080435], [103.98709044423484, 10.199657793266196], [103.98713674253834, 10.199699637349251], [103.98714801719231, 10.199726417668005], [103.98714796163691, 10.199761136647988], [103.98713212259096, 10.199791943030828], [103.9870796373837, 10.199851986074725], [103.98703511296983, 10.200013395969963], [103.98706727804549, 10.200274834040023], [103.98714205316061, 10.200601618099357], [103.98716022661897, 10.200652007366477], [103.98730244346251, 10.200812263862893], [103.98738247306639, 10.200878482301613], [103.9876102486638, 10.200900810426004], [103.98791829788493, 10.200893879650359], [103.98814491086254, 10.200901287230588], [103.98821566921497, 10.200943621581384], [103.98828504192821, 10.200996351384639], [103.9884522028827, 10.201140010275582], [103.98855451599472, 10.200912055380407], [103.98858921564917, 10.200729925007481], [103.98864803604019, 10.20064629351743], [103.98882462595068, 10.200314568828663], [103.98899297616117, 10.199769543885743], [103.9902439108482, 10.198401993601337], [103.99006389664311, 10.198248731653845], [103.99054432147831, 10.19757191659398], [103.99003272025321, 10.197479076578517], [103.99013980984945, 10.196886125988474]]], "type": "Polygon"}, "properties": {"id": 11.0, "area": 4741334.82, "perimeter": 24219.7}}, {"type": "Feature", "geometry": {"coordinates": [[[103.99267649017595, 10.048493736585794], [103.99269000140609, 10.04848760904614], [103.99271346684463, 10.048474806027945], [103.99267649017595, 10.048493736585794]]], "type": "Polygon"}, "properties": {"id": 12.0, "area": 0.177, "perimeter": 9.127}}, {"type": "Feature", "geometry": {"coordinates": [[[103.99435320255077, 9.902690207779893], [103.9943247564747, 9.90256828429416], [103.9942484721303, 9.902423594402379], [103.9941625797437, 9.902300770685647], [103.99404830455221, 9.902193455750998], [103.99390733118831, 9.902132936018607], [103.99360887706464, 9.902073173501723], [103.99344871676527, 9.902096801888767], [103.99316232118794, 9.902201162049792], [103.9930098253578, 9.902281040483281], [103.99285072057926, 9.902329805794324], [103.99268572167024, 9.902357043141583], [103.99254483206882, 9.902420211935373], [103.9924254124657, 9.902515962828392], [103.99230805131856, 9.902636942822598], [103.9922277127544, 9.90275743623016], [103.9921617649669, 9.902888801275216], [103.99213037875109, 9.90301904314361], [103.9920836310843, 9.903295193042114], [103.99208107095293, 9.903536870862474], [103.99210365303556, 9.903676507145562], [103.99217276528903, 9.903800119737276], [103.9922653912182, 9.903931995701665], [103.99240371048893, 9.904117738146688], [103.99245937822894, 9.904208147736894], [103.99251355796662, 9.904317451993501], [103.99259585341706, 9.904407268877375], [103.99269070115015, 9.904458316278786], [103.99287471357788, 9.904460854518675], [103.99300691596065, 9.904473531464914], [103.99324144518721, 9.90447677865421], [103.99338694825437, 9.904438300112375], [103.99358174495471, 9.90436562819041], [103.99367966346688, 9.9042576383585], [103.99374901787697, 9.904104759156054], [103.99376376872488, 9.903821327489386], [103.9937747869731, 9.903652899239189], [103.99386058189947, 9.90354190734312], [103.99399705263657, 9.903446724120952], [103.99409367361804, 9.903352113745225], [103.99417000180796, 9.903230076760964], [103.99423257926782, 9.9030959033216], [103.99429498675907, 9.902953592177708], [103.9943383949451, 9.902832409751747], [103.99435320255077, 9.902690207779893]]], "type": "Polygon"}, "properties": {"id": 13.0, "area": 47376.36, "perimeter": 817.322}}, {"type": "Feature", "geometry": {"coordinates": [[[103.99457750613409, 9.928532393954933], [103.99457314346803, 9.928463400123228], [103.99453790130363, 9.928371394108808], [103.99445451239987, 9.928276964659087], [103.9943748062926, 9.928219159143403], [103.99423693492353, 9.928150596777744], [103.99408560036592, 9.928119627005119], [103.99394066685552, 9.928136677614944], [103.99379359475452, 9.928180488004429], [103.99365362712183, 9.92822991483949], [103.99348031808738, 9.928315457539407], [103.99320756738402, 9.92848629270011], [103.99308113262414, 9.928571363564105], [103.99276517883442, 9.928845478217319], [103.99258235773598, 9.929067172171306], [103.99239210878139, 9.929374568903052], [103.99236246281296, 9.929438809603244], [103.99234011208836, 9.929503242183136], [103.99232781863427, 9.929550872665677], [103.99232263191463, 9.929602673038936], [103.992328954616, 9.929642194304858], [103.99234102882558, 9.929677655574546], [103.99236888800122, 9.929707715810261], [103.99242940238524, 9.92973285264018], [103.99250579962339, 9.929748248611222], [103.99259681998338, 9.92974287108176], [103.99267811333087, 9.929717496917682], [103.9927411853619, 9.929680702765205], [103.99281469876468, 9.929614539279017], [103.99298551139567, 9.929433242893804], [103.99311322915322, 9.92928506381873], [103.99324023235559, 9.92918634103656], [103.99331877457348, 9.92911150511748], [103.99335843999424, 9.929054874393751], [103.99343011368109, 9.928998834543338], [103.99351302895477, 9.928926717657157], [103.99361021092537, 9.928887624066041], [103.99371303578705, 9.928855772232936], [103.99381557412829, 9.928832328602454], [103.99393369538228, 9.928816232149664], [103.99420132970127, 9.928770343296488], [103.99433797149152, 9.928748940118682], [103.99445502861813, 9.92871313123083], [103.99451810887079, 9.928670730956036], [103.99455769199704, 9.928608132509796], [103.99457750613409, 9.928532393954933]]], "type": "Polygon"}, "properties": {"id": 14.0, "area": 17310.17, "perimeter": 650.683}}, {"type": "Feature", "geometry": {"coordinates": [[[103.99918769327702, 10.136078054762754], [103.99906313472005, 10.13554866739597], [103.9986440908803, 10.135675060984603], [103.99830410115504, 10.135195434362407], [103.99825585465541, 10.135237493962409], [103.99732085438539, 10.134672238708216], [103.99732474302603, 10.134636259595872], [103.99697167375196, 10.134470802862587], [103.99702561237461, 10.13434810223085], [103.9968394127386, 10.134260566980076], [103.99674815921769, 10.134261693052851], [103.99671829287651, 10.13433750526393], [103.99646979548996, 10.134232605182426], [103.99635917729346, 10.13494752563826], [103.99609795055731, 10.134929855946325], [103.99608613461213, 10.135016726360815], [103.9959112790245, 10.135027488762372], [103.99566816033516, 10.135042486212663], [103.99548656143334, 10.135047270666938], [103.99530870654036, 10.135050342891775], [103.99512265512286, 10.135043095151389], [103.99504394609255, 10.134666849078046], [103.99490634672807, 10.134778028509897], [103.9945622359728, 10.13547685700627], [103.99408185125651, 10.13590567784472], [103.99372245276366, 10.136226548416424], [103.99359455767608, 10.136607539555344], [103.99367790453167, 10.136644376365755], [103.99334096127922, 10.13736654131466], [103.99394965281485, 10.137866568443524], [103.99444190843073, 10.138016781817281], [103.99475444208468, 10.138196102871943], [103.99589269540546, 10.13903563405854], [103.99776663615164, 10.138471061932876], [103.99807679231205, 10.138361953353153], [103.99821720403908, 10.138437664154322], [103.99830800646627, 10.138375326275389], [103.9987321644611, 10.137779055778605], [103.99913463814292, 10.137277506224171], [103.99918769327702, 10.136078054762754]]], "type": "Polygon"}, "properties": {"id": 15.0, "area": 218870.03, "perimeter": 1973.97}}, {"type": "Feature", "geometry": {"coordinates": [[[103.99267649017595, 10.048493736585794], [103.99266562651147, 10.048498602367314], [103.992640342302, 10.04850769557639], [103.99261460519674, 10.048514708541902], [103.99259106149394, 10.048519193241052], [103.99256369145847, 10.048520326718275], [103.99253623992384, 10.048515221424577], [103.99251170132024, 10.048514189271373], [103.99248534536119, 10.048508543160928], [103.99243609881573, 10.048498069979017], [103.99243263302314, 10.048497522178623], [103.9924291668075, 10.048497245622928], [103.99242570016878, 10.048497240311935], [103.99242223310702, 10.048497506245635], [103.9924187656222, 10.048498043424024], [103.99241538894167, 10.048498851986874], [103.99241210306535, 10.048499931934186], [103.99239795436688, 10.048505335164544], [103.99238608719756, 10.04851019939919], [103.99237833259184, 10.048510368348063], [103.99232925002796, 10.048511739783056], [103.99231137158574, 10.048510356160044], [103.99227115866879, 10.048498540569831], [103.99222630797404, 10.048477224278875], [103.99211082313892, 10.048412852525624], [103.99208556883872, 10.048402777731877], [103.99205291553265, 10.048398839820896], [103.99202089672585, 10.048397524918103], [103.99197755260809, 10.048404601252741], [103.99191851372247, 10.048414004306327], [103.99188856730969, 10.048429238535734], [103.99188482416669, 10.048431041097444], [103.99188445841045, 10.048431583027215], [103.99188345406304, 10.0484321239776], [103.99185522402472, 10.048458210650455], [103.99184571125392, 10.048474289951256], [103.99183848509492, 10.048486575323963], [103.99182887643595, 10.048505638176003], [103.99182128028349, 10.048521177924998], [103.99181414139646, 10.048535995054214], [103.99179658649575, 10.048561103529265], [103.99175572103137, 10.048616646138385], [103.9917243609929, 10.048660811020133], [103.99170809173485, 10.048680496555095], [103.99170013984228, 10.048690158772366], [103.99169977267319, 10.048691604850895], [103.99169127157985, 10.048702441621804], [103.9916818508682, 10.048717978567492], [103.99167360340083, 10.048741654673368], [103.99167002265281, 10.048756296427902], [103.99162872160898, 10.04885704590722], [103.99162679509831, 10.048863914499647], [103.99162432164678, 10.048870511007436], [103.99162130111306, 10.048876925845464], [103.99161773363836, 10.048883068598808], [103.99161371059137, 10.048888848992561], [103.99155840582951, 10.048960553719775], [103.99155538769514, 10.04896543150383], [103.99155191398849, 10.048969946928223], [103.99154798456829, 10.048974190407824], [103.9915436909445, 10.04897798125285], [103.99153903297587, 10.048981409878165], [103.99152786479902, 10.049005985647675], [103.99152521397532, 10.049009326938261], [103.99152274532395, 10.049012849338654], [103.99152073238604, 10.049016643683803], [103.99151899298916, 10.049020528863895], [103.99151761821958, 10.049024595433847], [103.99151660821859, 10.049028752978776], [103.99151587189992, 10.049032910943758], [103.99151568280485, 10.04903716016377], [103.99151576739216, 10.04904140980384], [103.99151621688937, 10.04904566000399], [103.9915170312965, 10.049049910764232], [103.99151811966861, 10.049053981114746], [103.99151966431944, 10.049057961750464], [103.9915215740215, 10.049061852531365], [103.99152375782992, 10.049065472487626], [103.99152621560334, 10.04906891203415], [103.99160605772263, 10.049407819992199], [103.99161186040789, 10.049430794335315], [103.99161620274614, 10.049454218512826], [103.99161899393329, 10.049477821140083], [103.99165446292724, 10.049606536271831], [103.99165708494004, 10.049621639618783], [103.99166301570683, 10.049679423974997], [103.99166948748511, 10.049741277841127], [103.99168072371012, 10.049848346572704], [103.99168117349257, 10.049852415942809], [103.99168217064127, 10.049856486152825], [103.99168344175558, 10.04986037595303], [103.99168516914973, 10.04986417603826], [103.9916871705095, 10.049867795713654], [103.99168953706264, 10.049871235119197], [103.99172733752636, 10.049909086636175], [103.99172888557291, 10.04991089731361], [103.99173052498848, 10.049912617716119], [103.99173243836967, 10.04991415770876], [103.99173435217457, 10.049915426456712], [103.99173644857616, 10.049916605069704], [103.99173872785691, 10.049917512717949], [103.99174100727892, 10.049918329951284], [103.99177583833412, 10.049929866110118], [103.99179133673884, 10.04993649019057], [103.99179534129748, 10.049942554146583], [103.99179552135227, 10.049944091479688], [103.99179256026488, 10.049970849809547], [103.99177944253472, 10.050017031805677], [103.99177836785391, 10.050062599372115], [103.99178137949875, 10.050120288832384], [103.99177479259183, 10.050248939426318], [103.99177457821921, 10.0502693729119], [103.9917759147196, 10.050289808776906], [103.99177889346228, 10.0503101567464], [103.99179112194453, 10.050366052044605], [103.99180615815877, 10.050434971425497], [103.99181032540854, 10.050453693746144], [103.99184802202785, 10.0506164987715], [103.99186133862946, 10.050676645246527], [103.99187678524927, 10.050716451589425], [103.99189328310567, 10.050725699237974], [103.99194362568696, 10.05073554128979], [103.99194672757861, 10.050735455632411], [103.99194973795994, 10.050735550664854], [103.99195274791771, 10.050735916941946], [103.99195566622399, 10.050736554323764], [103.99195858410674, 10.050737462950229], [103.99196131911006, 10.050738642541502], [103.99196405383104, 10.050740002962536], [103.99196660581379, 10.050741543933492], [103.99196897491709, 10.05074335586926], [103.99197125236894, 10.050745438909768], [103.99197334722369, 10.050747612085324], [103.99197516811228, 10.050749965670889], [103.9919768062626, 10.050752499806391], [103.99197826181587, 10.050755124076948], [103.99197944354408, 10.050757838342632], [103.99198044253403, 10.050760733158262], [103.99198107661216, 10.050763627414218], [103.99198152809318, 10.050766611805242], [103.99198170589034, 10.0507695957765], [103.99198170123155, 10.05077257946793], [103.99198133166091, 10.050775562599695], [103.99198068854749, 10.050778454896806], [103.9919886374101, 10.050829189963716], [103.99199017416841, 10.05083823383144], [103.99199253226098, 10.05084709812862], [103.99199580305714, 10.050855692580246], [103.9919998041009, 10.050864016906488], [103.99199989532887, 10.050864017046399], [103.99200690026163, 10.05087659548959], [103.99203264508539, 10.050923198752885], [103.99203410035744, 10.050926003853007], [103.99203528166322, 10.050928989363198], [103.9920361891438, 10.050932064868558], [103.99203682279918, 10.0509352303691], [103.99203718277056, 10.050938395449927], [103.99203717782989, 10.050941559971132], [103.99203689906399, 10.050944814487522], [103.99203394461782, 10.050967323318565], [103.9920397268874, 10.051003407814154], [103.99204363589634, 10.051070682649014], [103.99205254744858, 10.051089140997295], [103.992070773298, 10.05110182706198], [103.99207095547179, 10.051102008171558], [103.99207104627641, 10.05110227955613], [103.9920712284502, 10.051102460665707], [103.992071410624, 10.051102641775282], [103.99207159293897, 10.05110273246997], [103.99207177511276, 10.051102913579548], [103.99207195742773, 10.051103004274228], [103.99207223097076, 10.051103095108813], [103.99207241328573, 10.051103185803496], [103.99207268682875, 10.051103276638074], [103.99207286914371, 10.051103367332757], [103.99207314282789, 10.051103367752455], [103.99207341651206, 10.051103368172143], [103.99210023826743, 10.051102957226158], [103.99210151574256, 10.051102778354819], [103.99210270170732, 10.05110278017337], [103.99210397890015, 10.051102782131803], [103.99210516458264, 10.05110296478013], [103.99210635012402, 10.051103237843343], [103.99210753552423, 10.051103601321444], [103.99210872078326, 10.051104055214436], [103.99210972330394, 10.05110468965743], [103.99211081705268, 10.051105324240307], [103.99211181943218, 10.05110604909819], [103.99211263907328, 10.05110695450608], [103.99213987349934, 10.0511343920431], [103.99215672585296, 10.051150330941253], [103.99218204590792, 10.051176861388795], [103.9922368245259, 10.051267089232798], [103.9922384621163, 10.051269985026726], [103.99223982574017, 10.051273061230876], [103.9922408243105, 10.0512762272905], [103.99224173165273, 10.051279393210276], [103.99224218257224, 10.051282739260566], [103.9922424511766, 10.051285994616265], [103.99224244595553, 10.051289339967296], [103.9922399136519, 10.051333639488602], [103.99226967710409, 10.051494262348006], [103.99227633739991, 10.05155231905726], [103.99228287549238, 10.051571768327904], [103.99228850581879, 10.05158832292344], [103.99229177606496, 10.051597279032084], [103.99230942890304, 10.051626419756362], [103.99233259135795, 10.051691011647245], [103.9923620216235, 10.051772882429097], [103.99236619879468, 10.051785275701244], [103.99237752162874, 10.05183701049728], [103.99237851893216, 10.051840990290565], [103.99237915118144, 10.051845059939442], [103.99237932728937, 10.051849128889208], [103.99237913834311, 10.051853287694572], [103.99237867585313, 10.051857355665579], [103.99237775736283, 10.051861332522577], [103.99237656532873, 10.051865218545204], [103.99237482606603, 10.051869013313995], [103.99237290462888, 10.051872626973342], [103.99237061856074, 10.051876059243586], [103.9923665881506, 10.051886541218636], [103.99236484197449, 10.05189476631702], [103.99236438061294, 10.051898110968855], [103.99236401033853, 10.051901546175408], [103.99236400497729, 10.05190498194127], [103.99236436452921, 10.051908418266441], [103.99236490667879, 10.05191176445637], [103.99236572251327, 10.051915111065782], [103.992366903402, 10.051918367819612], [103.99237270547215, 10.051941794225254], [103.99237266653307, 10.051966748735143], [103.99236516718864, 10.051978672034908], [103.99233573777501, 10.052013165496984], [103.99233753877863, 10.052028267580354], [103.99234097667178, 10.052046717531683], [103.99236105968711, 10.052097019113662], [103.99236630916904, 10.052123790031246], [103.9923656113135, 10.052161763306147], [103.99236400103281, 10.052199825597523], [103.99236156997823, 10.052237705800525], [103.99235990340048, 10.052311843632333], [103.99236577455284, 10.052349465315228], [103.99236713860525, 10.052352270274278], [103.99236841128813, 10.052355165508361], [103.99236931891632, 10.052358150598012], [103.99236986148972, 10.052361225543224], [103.99237022160634, 10.052364300208763], [103.99237030803769, 10.05236737445481], [103.99237012064269, 10.052370538696247], [103.99236799402975, 10.052388708872698], [103.99237350930002, 10.05242054344321], [103.99237248659894, 10.052432838329871], [103.99237202551859, 10.052436002151797], [103.9923722028962, 10.052439257367444], [103.99237301252381, 10.052446582231882], [103.99237472681702, 10.052458790898605], [103.99237307031376, 10.052468010700213], [103.99237279451205, 10.05246936650404], [103.99237178902385, 10.052470630774307], [103.9923639932654, 10.052497110450561], [103.99234626630214, 10.052515437544155], [103.99232357052696, 10.052560971965955], [103.9923174164514, 10.05258772540259], [103.99230366628012, 10.0526299281768], [103.99230128149804, 10.05263815229523], [103.9922962163752, 10.052668614419776], [103.99229181892086, 10.05268045205667], [103.99228000316852, 10.052710723001454], [103.99227734074823, 10.052721478316819], [103.99227466435666, 10.052741184705795], [103.99227236515651, 10.052753025559154], [103.99226684078126, 10.052785476110964], [103.99226124563955, 10.052804816364421], [103.99224878422295, 10.052839607072634], [103.99224292146215, 10.052855059065978], [103.99223624752318, 10.052864180758407], [103.99222072511934, 10.052872836807998], [103.99218500760945, 10.052902980683891], [103.99215008545907, 10.052949581323263], [103.99213627140603, 10.052974243460781], [103.99207342766725, 10.053082826026989], [103.99206106860116, 10.053110474090444], [103.99205722993963, 10.053114988957482], [103.99204124502238, 10.053127712967653], [103.99203640100991, 10.053133401688584], [103.99203493584527, 10.05313692562994], [103.99202640966222, 10.053222173987066], [103.99202649326617, 10.053227056530483], [103.99202511848243, 10.053231123100963], [103.99202301612857, 10.053233741913848], [103.99200408265749, 10.053265177323587], [103.99199357483971, 10.053275739770488], [103.99197464150444, 10.053307084763322], [103.99195983506262, 10.053324602576716], [103.99194766959076, 10.053345108139217], [103.99194197189252, 10.053371681435433], [103.99192450456091, 10.05339895999468], [103.99190257634109, 10.053420264312203], [103.99188390819991, 10.053457034611213], [103.99187394054077, 10.05347220905225], [103.99186790758051, 10.053479794662794], [103.99186260473232, 10.053487200563358], [103.99185720712387, 10.053496866695726], [103.99185116724148, 10.05350888263479], [103.99183550850745, 10.053546380869046], [103.99183257774592, 10.053553699994023], [103.9918312900905, 10.053560388734782], [103.99182363094744, 10.053616163092407], [103.99183085438136, 10.05366409417561], [103.99183418859869, 10.053690500498742], [103.9918452682232, 10.053722705273447], [103.99184396418147, 10.053739882139535], [103.99184346142283, 10.053769718347876], [103.99184541167145, 10.053806068206956], [103.99184541082388, 10.0538066106962], [103.99184540997634, 10.053807153185437], [103.99184522667119, 10.05380769539469], [103.99184513459484, 10.053808237743931], [103.9918449514309, 10.053808689538304], [103.99184467689693, 10.053809231607556], [103.99184449373301, 10.053809683401926], [103.99184421934027, 10.053810135056304], [103.99184385371873, 10.053810586570684], [103.99184348823843, 10.05381094767019], [103.99184303152933, 10.053811308629701], [103.99184257482023, 10.053811669589209], [103.99184211825236, 10.053811940133837], [103.99184166168452, 10.053812210678469], [103.99184120525791, 10.05381239080823], [103.9918406576025, 10.05381257079799], [103.99183992748945, 10.05381275050775], [103.99183928860522, 10.053812930357513], [103.99183864957972, 10.053813200622141], [103.99183801041298, 10.053813561301645], [103.99183746247503, 10.053813922121153], [103.99183691439585, 10.053814373355523], [103.99183645754546, 10.053814824729892], [103.99183600055385, 10.05381536651914], [103.9918355435622, 10.053815908308378], [103.99183517779936, 10.053816450237623], [103.99183490312409, 10.053817082721734], [103.99183471967764, 10.053817715345849], [103.9918344448611, 10.053818438244836], [103.99183435264348, 10.053819071008949], [103.99183435151339, 10.053819794327934], [103.99183274637937, 10.053854511259205], [103.9918180113555, 10.053884687286262], [103.99180959951394, 10.053896699583724], [103.99180786037401, 10.053900403933344], [103.99180667185625, 10.053902029580945], [103.99180548390353, 10.053903293569045], [103.99180391125768, 10.053917215079224], [103.99180122945587, 10.053940357226212], [103.99179939894545, 10.053944151850622], [103.99179683634378, 10.053949391992882], [103.99176621731769, 10.053986053525312], [103.99175543394476, 10.053997790935933], [103.99174337506237, 10.054008441407326], [103.99173040586854, 10.054017824669742], [103.99164858142377, 10.054071043964738], [103.9916380684802, 10.054084861333285], [103.99162455120045, 10.0540946958252], [103.99158840067399, 10.05410992047168], [103.99153737304906, 10.054129462194023], [103.99151948766124, 10.054132328012468], [103.99149922268842, 10.054140072590242], [103.99143970383818, 10.05416403159632], [103.99142627947485, 10.05417278124137], [103.9914064669661, 10.054182877300294], [103.99139358742967, 10.05419325525223], [103.99130272372932, 10.054251252571374], [103.9913000396414, 10.054334159076593], [103.99130021050321, 10.054341573375655], [103.99129782751983, 10.054348622090936], [103.99129386394623, 10.054374655544702], [103.99128146700097, 10.054426444339457], [103.99128255595043, 10.054430153030735], [103.991279890935, 10.054442535802176], [103.9912661712387, 10.054523436219043], [103.99126774434403, 10.054567561194345], [103.99126899467896, 10.054584741980282], [103.99126660080286, 10.054598752639416], [103.99125974023968, 10.054610496058745], [103.99125543635192, 10.054620796764898], [103.99124848074007, 10.054634981244998], [103.99124140235813, 10.054669328098583], [103.99123123774498, 10.054693724551239], [103.99121365698454, 10.054735107642315], [103.99120901448192, 10.054786908347499], [103.99120551467782, 10.054808060097457], [103.9912039878238, 10.054851004912418], [103.99119827970686, 10.054884178473838], [103.99118913897284, 10.054895556726896], [103.99118592445267, 10.054909294878597], [103.99118435841133, 10.054977284608686], [103.99117607493744, 10.055023835642693], [103.99117172662191, 10.055062526612273], [103.99117675567074, 10.055113528442789], [103.99117160961752, 10.055195617421646], [103.99116924301838, 10.055250495734343], [103.99118125981094, 10.055266788914999], [103.99122672420467, 10.05530456186672], [103.99123391702724, 10.055313704841987], [103.99125074153456, 10.055347545932365], [103.99127127702508, 10.055400199059447], [103.9912823672504, 10.055425622735575], [103.99128300373368, 10.055426979939643], [103.99128327445132, 10.055428879072156], [103.9912804425254, 10.055431315927889], [103.99126200827259, 10.055493402758533], [103.99126173359463, 10.055494035241992], [103.99126155028742, 10.055494577450759], [103.99126127575089, 10.055495119519357], [103.99126081875588, 10.05549566130759], [103.99126045313152, 10.055496112821146], [103.9912599962779, 10.05549656419452], [103.99125953942426, 10.055497015567894], [103.99125908271209, 10.05549737652641], [103.99125853477065, 10.055497737344748], [103.99125789574134, 10.055498007608042], [103.99125734794133, 10.055498278011521], [103.99125680028273, 10.05549845800014], [103.99125607030705, 10.055498547293539], [103.99125552278991, 10.055498636867306], [103.99125488404351, 10.055498726300886], [103.99119978070931, 10.05549918411519], [103.9911994157922, 10.055499183554398], [103.99119886841652, 10.05549918271321], [103.99113354047088, 10.055504055142006], [103.99111648087839, 10.055503848091462], [103.9910658654662, 10.05549301089754], [103.99098467891115, 10.055488094091693], [103.99096790008402, 10.055483366711707], [103.99093934956777, 10.055480610363118], [103.99092277414783, 10.055462501863419], [103.99091967730661, 10.055459332574307], [103.99091621512379, 10.055456433968612], [103.99091247868706, 10.055453896601474], [103.99090865059651, 10.055451630338565], [103.99090454825208, 10.055449725314185], [103.990900262883, 10.055448181668606], [103.99087126641606, 10.055438914743656], [103.9908657022806, 10.055438363696972], [103.99075922735085, 10.055386572943334], [103.99073518049332, 10.055362485548713], [103.99071649676556, 10.055350793266262], [103.99070737893982, 10.055347524298686], [103.99066709116317, 10.05532476814281], [103.99059650863602, 10.055306214881577], [103.99052376182944, 10.055271564393816], [103.99051601315443, 10.05526784545263], [103.99050014564698, 10.055263752357531], [103.99043723418866, 10.05524023803929], [103.99040203898709, 10.05522788742241], [103.99039748007768, 10.055226252934473], [103.99039310334332, 10.055224799557001], [103.99038590218787, 10.055220991040542], [103.99034532347673, 10.055209265037023], [103.99029044375189, 10.055183502678426], [103.99028132891156, 10.055178334987811], [103.99027686038244, 10.055177243127776], [103.99027412549111, 10.055175973106527], [103.99026382368, 10.055171436493513], [103.99025771841119, 10.055166906341054], [103.99025024357115, 10.055163097400419], [103.99024313279769, 10.055159831510506], [103.9902320960521, 10.055158548707263], [103.99021439362454, 10.055161053073228], [103.99019751070024, 10.05516455326572], [103.9901907597415, 10.055164542870921], [103.99017525276663, 10.055163253182675], [103.99016777551817, 10.05516098129255], [103.99016294490792, 10.055158080572259], [103.99015683609721, 10.055155810789067], [103.99015126856642, 10.055157429686876], [103.99014934524125, 10.055162218723387], [103.99015097375856, 10.055170901076918], [103.99015478015298, 10.055187000819052], [103.99015996703379, 10.05519541740677], [103.99016324476406, 10.05519958154677], [103.99016287077569, 10.055205367534748], [103.99016103995523, 10.05520934297821], [103.99016103967175, 10.055209523807896], [103.99016103938827, 10.055209704637578], [103.99016094787558, 10.055209885326784], [103.99012925307508, 10.05523424858594], [103.99012779142346, 10.055235512145893], [103.9901263296301, 10.055236866120676], [103.99012514124075, 10.055238401346614], [103.99012404393886, 10.055240027127876], [103.99012303786611, 10.05524165304962], [103.99012221396826, 10.055243460082028], [103.99012157252878, 10.055245267395419], [103.99012102217672, 10.055247165264136], [103.99012065428306, 10.055249063413834], [103.99011363963619, 10.055300860440326], [103.99011950460948, 10.05534227956952], [103.99012192683034, 10.055368413251804], [103.9901302987977, 10.055381897988314], [103.99021096901356, 10.05548337749069], [103.99025776731732, 10.055543123484519], [103.99025884378642, 10.05555478868458], [103.99026190930114, 10.055577939659571], [103.9902653186168, 10.055614563007717], [103.99027512858187, 10.055641883459009], [103.99030635391343, 10.055684245779313], [103.99031227007332, 10.055693025147919], [103.99031736446108, 10.055702255326647], [103.99032172844763, 10.055711846041127], [103.99032527080367, 10.055721797150952], [103.99034024641502, 10.055771096412222], [103.99035140796842, 10.055809178334266], [103.99035195180204, 10.055811439547918], [103.99035231317697, 10.0558137004807], [103.99035240086378, 10.055815960992172], [103.99035230595021, 10.055818311637614], [103.99035202871964, 10.055820571587347], [103.99035147780094, 10.055822831115766], [103.99035074456525, 10.055824999948474], [103.99034982901252, 10.05582707808546], [103.99034543611636, 10.055835931998933], [103.9903449782691, 10.055837016274836], [103.99034452028015, 10.055838190965583], [103.9903443359793, 10.055839366077638], [103.99034406044906, 10.055840541049264], [103.99034396737753, 10.055841716301762], [103.99034405662306, 10.055842982249976], [103.99034423723963, 10.05584415792379], [103.99034441785622, 10.055845333597603], [103.99034487216092, 10.055846509692731], [103.99034523523623, 10.055847685647418], [103.99034587214135, 10.055848771608574], [103.99034587228306, 10.055848681193735], [103.9903524228014, 10.055860173990036], [103.99035660234834, 10.055871030231032], [103.99035921767641, 10.055890383079666], [103.9903744206759, 10.055911021115746], [103.99037977727947, 10.055927575317076], [103.9903995893407, 10.055976068285132], [103.9904073126686, 10.055995971486245], [103.99041814955736, 10.05600837502967], [103.99042170155366, 10.056012177929375], [103.9904553071204, 10.05604929982748], [103.99048991650186, 10.056086242437194], [103.99049946966805, 10.056102803095303], [103.99050055932142, 10.056106059714407], [103.99051385643747, 10.05612036575742], [103.99051376506637, 10.056120456031865], [103.99051576630612, 10.056124166129083], [103.99060542463029, 10.056253688046187], [103.99061434684887, 10.056265365317227], [103.99061553056605, 10.056266813779516], [103.99061689702549, 10.05626808169285], [103.99061826362657, 10.056269259191339], [103.9906198129699, 10.056270256140873], [103.99062136245487, 10.05627116267556], [103.99062300331099, 10.05627197893576], [103.9906247358215, 10.056272524091792], [103.99062655970312, 10.056272978973336], [103.990628383868, 10.056273253025186], [103.99065155233448, 10.056275729878069], [103.99065310295256, 10.056275913093865], [103.99065474451689, 10.056276277279693], [103.99065620333901, 10.056276822014489], [103.99065766201953, 10.056277457164125], [103.99065902932888, 10.056278182588235], [103.99066039649665, 10.056278998427185], [103.99066158092222, 10.056279994815098], [103.99066285643565, 10.05628108175821], [103.9906638582606, 10.05628216828025], [103.99066485980234, 10.056283435631977], [103.99067632951052, 10.056299547158767], [103.99071329420093, 10.056347162347869], [103.9907177542513, 10.056353679093418], [103.99072851182885, 10.05635848764036], [103.99076540342803, 10.056394529583798], [103.99077558672813, 10.056416516107731], [103.99077676903066, 10.05641886871793], [103.99077822516341, 10.056421131334268], [103.99077977280886, 10.056423213261231], [103.99078150305505, 10.056425205054], [103.99078341604348, 10.05642701629772], [103.99078542040304, 10.05642873726691], [103.99078760764647, 10.056430187272206], [103.99078988626104, 10.056431547002962], [103.99091349300976, 10.056495931799148], [103.99091349286822, 10.056496022213986], [103.99091476894955, 10.05649674749682], [103.99091604488936, 10.05649756319449], [103.99091713808696, 10.056498559441268], [103.99091814005497, 10.056499555547749], [103.99091905051036, 10.056500732343636], [103.9909198697362, 10.056501908999236], [103.99092059759091, 10.056503175929384], [103.990921142845, 10.056504532993797], [103.99092159672793, 10.056505980332771], [103.99092195952288, 10.056507337116612], [103.99092395015319, 10.056517828325054], [103.99092057770132, 10.056574151723462], [103.99091936085803, 10.056593860335978], [103.99091422361597, 10.056670253164011], [103.99091125047667, 10.056704606315607], [103.99090663548644, 10.056738776112065], [103.99090047001597, 10.056772672278754], [103.99089008221557, 10.056823017492922], [103.99088751178844, 10.056833230441798], [103.99088402948932, 10.056843170743079], [103.99087981791898, 10.056852748262493], [103.99087469447653, 10.056862053134248], [103.99085402334111, 10.056896017405322], [103.99085182774127, 10.056899901876058], [103.99085008800655, 10.056903967878025], [103.99084871290735, 10.056908215270923], [103.99084761135552, 10.056912553499597], [103.99084696581045, 10.056916982844683], [103.99084668518404, 10.056921412751024], [103.99084628317155, 10.056945100878469], [103.99085830085515, 10.05696085158243], [103.99086631023809, 10.056972889103838], [103.9908912767957, 10.057050594037927], [103.99089154892759, 10.057051589022105], [103.99089172982977, 10.057052583865984], [103.99089181950221, 10.057053578569553], [103.99089181780339, 10.05705466354766], [103.99089172501641, 10.057055657970627], [103.99089154099974, 10.057056652253282], [103.99089126575333, 10.057057646395638], [103.99089099050694, 10.057058640537987], [103.9908905329427, 10.057059543984888], [103.99088998414872, 10.057060447291486], [103.99088934426659, 10.057061260042936], [103.99088879561418, 10.057062072934684], [103.99087974829958, 10.057072004677003], [103.99086666436614, 10.057096306205228], [103.99086569775747, 10.05718925139953], [103.99086002466505, 10.05720000206617], [103.9908509258599, 10.057301072107157], [103.99085370726078, 10.057330913354374], [103.99085570553802, 10.057336522161469], [103.99085934963274, 10.057339782708421], [103.9908830553627, 10.057348770259198], [103.99088414941237, 10.057349224017129], [103.99088533455026, 10.057349768330202], [103.99088633708696, 10.057350402777491], [103.99088743071194, 10.057351127779935], [103.99088834173573, 10.05735194291659], [103.99088925275952, 10.057352758053245], [103.99089007227037, 10.057353753879276], [103.99089070932165, 10.057354749424684], [103.99089134623135, 10.057355835384929], [103.99089189191123, 10.05735692120487], [103.99089234621978, 10.057358097299339], [103.99090895619008, 10.057412462294643], [103.9909119446893, 10.057426571639812], [103.9909270392914, 10.05745824012415], [103.9909534271441, 10.057502222422759], [103.99096208024793, 10.057511005990076], [103.99096717666227, 10.057518970352332], [103.99098556234283, 10.057546303972352], [103.99101449615388, 10.057595715085064], [103.99103404532651, 10.057637426486048], [103.99105599563659, 10.05766051607566], [103.99109068473534, 10.057704963202942], [103.99110887750423, 10.057738987234607], [103.9911271060334, 10.05780845402359], [103.99114674971688, 10.057848086017621], [103.99116937031549, 10.057909241370858], [103.99120002099924, 10.05796923367029], [103.99121109884506, 10.058002613855013], [103.9912312197512, 10.058087092447506], [103.9912421779349, 10.058138645874223], [103.9912412544572, 10.058145787244467], [103.99124523080145, 10.058169934176904], [103.99124254749502, 10.058193980458215], [103.99124245385967, 10.058195517370292], [103.9912424513129, 10.058197144837433], [103.99124272259775, 10.058198682310406], [103.99124299388257, 10.05820021978337], [103.99124335653894, 10.058201666981722], [103.99124399288542, 10.058203114600742], [103.99124462923193, 10.058204562219753], [103.99124544832145, 10.058205829289534], [103.99124635864104, 10.058207096499535], [103.99124736033217, 10.058208273434909], [103.9912474515622, 10.058208273575133], [103.99124999355266, 10.05821623400736], [103.99125034800288, 10.058222925266488], [103.99124786498358, 10.058235579558254], [103.99124804079382, 10.058239829336223], [103.99128196759729, 10.058305070737925], [103.99129235636563, 10.058312410324266], [103.99134180248562, 10.058371165687426], [103.9913530912514, 10.058386372765217], [103.99137311406032, 10.058416963824126], [103.9914035246583, 10.05845552736898], [103.99141909106146, 10.058477250901909], [103.99142499456978, 10.058494167588927], [103.99142525751064, 10.058501039537457], [103.99141291046543, 10.058579139176736], [103.99141609489246, 10.058584659388401], [103.99143414856123, 10.058591016182595], [103.99143588080258, 10.058591742164666], [103.99143761290253, 10.058592558561568], [103.9914391622593, 10.058593555507791], [103.99144071133315, 10.058594733283696], [103.99144198657518, 10.058596001053916], [103.99144326167574, 10.058597359238973], [103.9914445366349, 10.058598807838866], [103.99144544639059, 10.058600436707748], [103.99144635614626, 10.058602065576627], [103.99146172227809, 10.058635181097577], [103.99146463273313, 10.058640881718], [103.99146809099354, 10.058646311934883], [103.99147200582924, 10.058651471608036], [103.99147637752304, 10.058656179907768], [103.99148120593351, 10.058660527248888], [103.99151783266333, 10.058691143809423], [103.99151919941902, 10.058692230889843], [103.99152084000667, 10.058693227975867], [103.99152248087718, 10.058694044232201], [103.99152421311928, 10.05869477021384], [103.99152603687442, 10.058695315505936], [103.99152776968222, 10.058695679828189], [103.99152968523322, 10.058695863601049], [103.99153150969545, 10.058695956818902], [103.9915333345819, 10.05869577879222], [103.99157850144057, 10.058690784932098], [103.99173910741342, 10.058664901644494], [103.9917485949277, 10.058665187458532], [103.9917835489476, 10.05865701336019], [103.99178811384857, 10.058654850407862], [103.99181012604369, 10.058638428664086], [103.99182646627862, 10.058632034282574], [103.99184307497435, 10.058628985669754], [103.99188466985437, 10.05863293737458], [103.99222834041146, 10.058746121958547], [103.99226527833659, 10.058752778924106], [103.9922684702642, 10.058753507141118], [103.99227166176821, 10.058754506602664], [103.99227467038816, 10.058755777028841], [103.99227767858457, 10.058757318699554], [103.99228041266672, 10.05875913119496], [103.99228305523629, 10.058761124380108], [103.99228551506305, 10.058763298115055], [103.99233215278205, 10.058809571752837], [103.99234581458434, 10.058824149533626], [103.99235819747035, 10.058839810333197], [103.99236921063331, 10.058856282767204], [103.99239186922128, 10.058893297282065], [103.99238893517072, 10.058902695949504], [103.99238956022934, 10.058911376754853], [103.992291691652, 10.059014299820554], [103.99224370805585, 10.05907037396812], [103.99220984975231, 10.059077916888926], [103.992187855906, 10.05908258472794], [103.99212222699572, 10.05910445488782], [103.99273704153465, 10.059622933624041], [103.9935918059322, 10.060017367407037], [103.99375014855096, 10.060097807841741], [103.99414618715274, 10.060152843318336], [103.99426071718676, 10.06024741171374], [103.99438113640272, 10.060309620468288], [103.99441521078619, 10.060397827238843], [103.99438092139722, 10.060565133178482], [103.99468746655909, 10.060617951741602], [103.99503803704562, 10.06063738362196], [103.99524916626761, 10.060624053039929], [103.99554196396356, 10.060482366965923], [103.99591929422753, 10.06042417212113], [103.99594160822325, 10.060566067414278], [103.99730460849348, 10.059380266730056], [103.99748633539453, 10.059560287988333], [103.99730223264314, 10.059677728903175], [103.99790489604567, 10.06021381095489], [103.99786805688551, 10.060261132591512], [103.99822180195424, 10.060647108876939], [103.99766723893485, 10.060863535087602], [103.99673050876851, 10.06208099794636], [103.99657429356184, 10.061862859893179], [103.99610448958349, 10.06195635731374], [103.99579828504048, 10.062035817805247], [103.99590951177223, 10.062437430312993], [103.99583477025317, 10.062511004736072], [103.99587632492894, 10.062717666547808], [103.9957162399697, 10.06270060538299], [103.99557223645118, 10.062667655603468], [103.99513821260956, 10.06251419211228], [103.9951063939411, 10.062618030493041], [103.99512244179544, 10.062741200328317], [103.9951277345322, 10.06291652325453], [103.99512293479192, 10.063011090108246], [103.9949522005801, 10.063330175588694], [103.99463790731545, 10.063212788956728], [103.99416252440814, 10.063606633830206], [103.99385521670955, 10.063573071902738], [103.99379109791515, 10.06432332839411], [103.99376405555267, 10.064640282205952], [103.9935476522816, 10.065050435304812], [103.99329070072386, 10.065779058318915], [103.99387449232984, 10.065782031686636], [103.99424588261797, 10.065851496045896], [103.99413346063653, 10.066745438586985], [103.9938709722534, 10.067045847856729], [103.9936206574609, 10.067262008711644], [103.99353516414526, 10.067618293880708], [103.99230849932904, 10.067059004380319], [103.99174511122372, 10.068183263483176], [103.99163472261073, 10.068647374870947], [103.99176789516865, 10.068665210506678], [103.99178975696148, 10.068745351805154], [103.99177145444119, 10.068839355284108], [103.99194370948382, 10.068893416924123], [103.99216359380331, 10.069002343127933], [103.99202709289982, 10.069245801910787], [103.99199301895325, 10.069332186310612], [103.99182122350915, 10.07015026852383], [103.991432559983, 10.0700973206256], [103.99089118288937, 10.070968178333517], [103.9906228609326, 10.071144707137504], [103.9903183342933, 10.071195141414892], [103.99027243168983, 10.071202755915376], [103.99016867193893, 10.071161728346892], [103.9903208383643, 10.071401653080354], [103.99078723763063, 10.071627143464724], [103.99108979734237, 10.071493071883527], [103.99110024996995, 10.071518132925389], [103.99123298394822, 10.07135079825927], [103.99160186556112, 10.071044949343328], [103.99157904250839, 10.070995999732972], [103.99175233888158, 10.070851783032294], [103.99182440921787, 10.070796288596966], [103.99198727518828, 10.070670952463793], [103.99194009488264, 10.070562291546919], [103.99220802713283, 10.070400860317994], [103.99214822348104, 10.070313337150541], [103.99277331122828, 10.069875151006377], [103.99291030849899, 10.069781058282695], [103.99314104031654, 10.069604289043045], [103.99360501331137, 10.069220736092314], [103.99414946548394, 10.068770579256633], [103.99478241767648, 10.068551567116721], [103.9952605581083, 10.068266314467847], [103.99609831613773, 10.069171471533323], [103.99618560598263, 10.06906708473186], [103.99626733756199, 10.068958168683261], [103.99639324800019, 10.068717404312517], [103.99645529312956, 10.068595528870024], [103.99649683936215, 10.068514037738348], [103.99655897564398, 10.068392162410053], [103.99660043058971, 10.06831067112295], [103.99663920851008, 10.06824933831625], [103.99698338927004, 10.067864060890324], [103.99707404974349, 10.067762481810757], [103.99716754299519, 10.067657923312462], [103.99723096868844, 10.067586863071556], [103.99733533742322, 10.06747011501654], [103.99739702668316, 10.067400950817136], [103.99745889838205, 10.067331786881924], [103.99765118966226, 10.067113726572474], [103.99769328083244, 10.067033501899315], [103.9977275024908, 10.06696845500436], [103.99781168459197, 10.066808096041699], [103.99789623251546, 10.066647104701834], [103.99792203610522, 10.06659795805939], [103.99800074839234, 10.066434787864416], [103.99804556237797, 10.066186485588048], [103.9979350058033, 10.066116246080455], [103.9977117440565, 10.065477305233266], [103.99766860875002, 10.065288905065334], [103.99776682320415, 10.0649624748357], [103.99776613419697, 10.06487703151226], [103.99781138239206, 10.064760916793109], [103.99783221798445, 10.064620443342033], [103.99786271966525, 10.064482877843828], [103.99821071296432, 10.06404733377922], [103.99832794383853, 10.063930604825433], [103.998383641546, 10.063900671462962], [103.9984490328351, 10.063855834291608], [103.99852094283372, 10.063843375602197], [103.99917128280312, 10.063403948665826], [103.99919025396167, 10.063407232329096], [103.9994812870853, 10.06316798222214], [103.99986126221788, 10.062993513127877], [104.00001813396368, 10.062668165278868], [104.00016087506748, 10.062039362730383], [104.0000856631179, 10.06200425843945], [104.00030784592172, 10.061744650472395], [104.0002356078958, 10.061614795622788], [104.00020871812912, 10.061362225470791], [104.00020843502901, 10.06113103347929], [104.00029370998547, 10.060910730098614], [104.00031463694341, 10.06076926196827], [104.00037750846903, 10.060582559166187], [104.00033588945084, 10.060475354357383], [104.00035143320572, 10.06021552463734], [104.00024158670018, 10.060040405426374], [104.00015593247551, 10.059676897513626], [103.99964123089836, 10.059247371055974], [104.00020026522553, 10.058612325826816], [104.0002927402669, 10.057683901578361], [104.00036187219878, 10.05769729696496], [104.00035854204015, 10.057608413815261], [104.0003667053308, 10.057520542580122], [104.00036702325684, 10.057432388257268], [104.00031417469913, 10.057330772236668], [104.00031344192537, 10.057213954714532], [103.99980976245996, 10.052111336102527], [103.99942981082263, 10.050855979878792], [103.99928103314635, 10.050312269209185], [103.9989664036367, 10.049709176128754], [103.99936301089174, 10.049505799029331], [103.99920152099399, 10.049220114119702], [103.99837842655641, 10.047350076948113], [103.99822998531218, 10.046886022161566], [103.99819252861344, 10.04668406827233], [103.99788829420986, 10.046324026124395], [103.99774011738356, 10.046103188460036], [103.9977130816392, 10.046065173094526], [103.9976208737455, 10.046050566886764], [103.99746826484211, 10.0460416556368], [103.99731210550898, 10.046027946925392], [103.99718300923968, 10.046034532210628], [103.99676865510746, 10.04609448142599], [103.99642903638362, 10.0461410718294], [103.99616407226036, 10.046167612807492], [103.9959739141696, 10.046194176944162], [103.99569536756505, 10.046214006160923], [103.99536932320365, 10.046213509814928], [103.99524716023087, 10.04622001448338], [103.99518589492962, 10.046253555604222], [103.99513140893689, 10.046327522624454], [103.99504968241209, 10.046495660735204], [103.99494073863019, 10.046684100750413], [103.99481829621094, 10.046811761150126], [103.99459390084866, 10.04697299086548], [103.99440355673254, 10.047060222360116], [103.9941861390415, 10.047133940554321], [103.99392119213488, 10.047207495596123], [103.99364935350137, 10.047254277004242], [103.99342526860464, 10.047274097068243], [103.9933165260152, 10.047273930800335], [103.9932326318036, 10.047251560375956], [103.99300721077137, 10.047426349662999], [103.99289874767726, 10.04748097525701], [103.99290722573603, 10.047484876083173], [103.99301751027026, 10.048427803483232], [103.99292946223899, 10.048436439004893], [103.99284452072392, 10.048442005143794], [103.99276914553401, 10.048455632853557], [103.99264289173395, 10.048510864010078], [103.99267649017595, 10.048493736585794]]], "type": "Polygon"}, "properties": {"id": 16.0, "area": 1748201.82, "perimeter": 9291.86}}, {"type": "Feature", "geometry": {"coordinates": [[[104.00329376018814, 9.918182402713057], [104.00328723845226, 9.918092610003741], [104.00328150003698, 9.917967104147284], [104.00323039336307, 9.917690626867543], [104.00321754773415, 9.917621891712075], [104.00315926920983, 9.917324065633222], [104.00316457072472, 9.917134199950608], [104.003164546114, 9.916968919522434], [104.0031852673844, 9.916833959162096], [104.00323190551839, 9.916626071481417], [104.00325386119322, 9.916519141891092], [104.00328578739179, 9.916149568650994], [104.0032609460556, 9.915992750575247], [104.00321911034527, 9.91585778800438], [104.00319288168478, 9.915774476058523], [104.00319406638627, 9.915714441604088], [104.00318997446986, 9.91558559277867], [104.00315816406223, 9.915454442514173], [104.00311042049648, 9.915367120403804], [104.00305117988268, 9.915284482892533], [104.00297985585425, 9.915232568907415], [104.00285870389357, 9.915205807151219], [104.00278647566647, 9.915209316779679], [104.00270208749842, 9.915233784878382], [104.00265698165643, 9.915272054404129], [104.0026264535906, 9.9153187542155], [104.00259676857549, 9.915411115338365], [104.00257808786684, 9.915523203450947], [104.00254368804438, 9.915597564799684], [104.00250341018396, 9.915639186848791], [104.0024353372122, 9.915668832771853], [104.00230159397081, 9.915707061218457], [104.00222829868811, 9.915752883809716], [104.00212758765039, 9.915777056292734], [104.00205776985284, 9.91581474656774], [104.00192459850169, 9.915896917863755], [104.00180464930929, 9.915979379982513], [104.00168122252265, 9.916069974326605], [104.00155166253509, 9.916176020638819], [104.00151094137166, 9.91620914280005], [104.00143396968556, 9.916273856677911], [104.00132048315652, 9.916364013567652], [104.00126671839871, 9.916399286293666], [104.00121870411195, 9.91643095092078], [104.00110068665369, 9.916502113646086], [104.00100276762572, 9.916549165160783], [104.0008404424653, 9.916612938201764], [104.00073095446241, 9.916651834987814], [104.00061809155605, 9.916691269209444], [104.0004564188355, 9.916745639770975], [104.0002807677125, 9.916817258876428], [104.00008463112619, 9.916927545382025], [103.99976367993769, 9.91714090068407], [103.99960995471746, 9.91724600600067], [103.99956194276263, 9.91727595247663], [103.99961575631318, 9.917389052641342], [103.9996816290513, 9.917487704234494], [103.99982207165075, 9.91760256103079], [103.99992920026004, 9.91767659053618], [104.00004158423536, 9.917712743568416], [104.0004176061505, 9.91786664912604], [104.00060854674604, 9.91805653561123], [104.00079662775984, 9.918629600456892], [104.00080758933044, 9.919039020095662], [104.00055449200036, 9.91960772118244], [104.00020991289647, 9.919945905965568], [103.9999805940562, 9.920107408677671], [103.99985438475885, 9.92010722050901], [103.99969405997177, 9.91999323819574], [103.99948817676095, 9.919674395803202], [103.99931636217954, 9.919560396178086], [103.99899545933391, 9.91955982661659], [103.99870885696212, 9.919491134423035], [103.9984683882189, 9.919308767772815], [103.99835423261678, 9.919058235461849], [103.99832021233337, 9.918762343772428], [103.9983287393367, 9.918612085302648], [103.99829290984006, 9.918606335518101], [103.99818614786197, 9.91859107637832], [103.99804798954884, 9.91859322049645], [103.99771343452498, 9.91863575770498], [103.99760460658682, 9.918659735783137], [103.99750313963942, 9.918700451790484], [103.99737836046408, 9.918779469173092], [103.99723858918964, 9.918882514661941], [103.99714182465021, 9.918949096543546], [103.99679494469095, 9.919120095295444], [103.99647860363403, 9.919237884564204], [103.99616360523105, 9.919372040811282], [103.99604250535151, 9.919429996296406], [103.99594090741229, 9.919496480132565], [103.99582905631213, 9.91958889787684], [103.99574666678325, 9.919676929494107], [103.99567585328026, 9.919768414296156], [103.99562463029487, 9.919870145531215], [103.99559166495833, 9.919959245993072], [103.99556263983055, 9.92009554945182], [103.99555206222686, 9.920214339975184], [103.99555276471762, 9.920351230632637], [103.99556825230104, 9.920480277346256], [103.99560053591568, 9.920598409000203], [103.99564442096425, 9.920703447798756], [103.99570142950269, 9.92081384086024], [103.99576231058717, 9.920896482068695], [103.99616494568687, 9.921240034504466], [103.99638140938536, 9.921436471619387], [103.9964754223218, 9.921500265546252], [103.99657493912494, 9.921542910399094], [103.99669436508515, 9.921566416940296], [103.99681939103905, 9.921565519559048], [103.99692984889317, 9.921549772076963], [103.99745379954472, 9.921576054891739], [103.99758798837631, 9.921606364430275], [103.99782383134082, 9.92165328183678], [103.99792868447932, 9.921665102474716], [103.99804142893896, 9.921704782981989], [103.99808668795757, 9.921746532440272], [103.99817777060532, 9.921878495095728], [103.99826811723716, 9.922134597629311], [103.99832840486802, 9.922248250166389], [103.99837647073214, 9.922303294922703], [103.9984380387114, 9.92235465281654], [103.99850174319644, 9.922380335784963], [103.99858197041492, 9.922394922294203], [103.99879862243549, 9.922408989384987], [103.99895801986138, 9.92241365795999], [103.99916983914154, 9.92242744634383], [103.99929283451101, 9.922442819883164], [103.99938136015386, 9.922457509009853], [103.99949903921218, 9.922490776884695], [103.99960637664097, 9.922548351163092], [103.99978521917768, 9.922659377457531], [103.99992654377701, 9.922735266345853], [104.00028425147079, 9.922942761593946], [104.00041466774553, 9.922995849222893], [104.00055387553377, 9.923024537603641], [104.00087751938396, 9.92302393450725], [104.00091235834486, 9.923021725964928], [104.00100814004357, 9.923002338674198], [104.00138370016411, 9.923043765324433], [104.00147610034112, 9.923029255330212], [104.00159168241285, 9.923002211954888], [104.00176181835945, 9.92296150638167], [104.00221015789214, 9.922816783432312], [104.00237104159638, 9.922743242824422], [104.00245429276808, 9.922687941392779], [104.00254643405732, 9.922603177533395], [104.0026050689466, 9.922544042074009], [104.00269831134253, 9.922394270744649], [104.00273687926288, 9.922277691380247], [104.00276351700326, 9.922029539131572], [104.00278178256774, 9.921830199069648], [104.00278386178658, 9.921721341361568], [104.00278081065136, 9.921628118004087], [104.00281683683964, 9.921382782550761], [104.00281609883615, 9.92108603633345], [104.00283974570384, 9.920885980902954], [104.00287225286375, 9.920736661945611], [104.00290581980587, 9.920610219787694], [104.00292663022246, 9.920476887107208], [104.00296245657815, 9.920242943724082], [104.0029785496394, 9.920093238757836], [104.00300642576163, 9.919930712182701], [104.00302983607901, 9.919826949355292], [104.00316099163568, 9.919086275303668], [104.00318772647621, 9.918894271402397], [104.00320973131619, 9.918694303886129], [104.00324889991302, 9.918541739745029], [104.0032759918674, 9.918415287928482], [104.00329168557542, 9.918288367151902], [104.00329376018814, 9.918182402713057]]], "type": "Polygon"}, "properties": {"id": 18.0, "area": 373913.66, "perimeter": 3289.42}}, {"type": "Feature", "geometry": {"coordinates": [[[104.00540641277429, 10.115430477797243], [104.00537479981607, 10.115159547155807], [104.0051985066297, 10.115162808422285], [104.00509428869914, 10.115112652311913], [104.00486806728546, 10.114947937817726], [104.00458395959862, 10.114925991660966], [104.00436964012152, 10.114021338987529], [104.00342026110722, 10.114294227350442], [104.0033011741552, 10.114182385297532], [104.00262060539215, 10.1135063201946], [104.00250374109086, 10.113254971027525], [104.00292893543231, 10.113084457737614], [104.00320736213578, 10.112229914427207], [104.0035657533428, 10.11230341974775], [104.00355315282572, 10.112249603869872], [104.00354823622277, 10.112183231900545], [104.00349773604884, 10.112031891590087], [104.00348349116175, 10.111919936431299], [104.0034872524588, 10.111847338914126], [104.00350652364747, 10.111775940174079], [104.00352222335103, 10.111712944636515], [104.0035391211744, 10.111642175219783], [104.00354750083973, 10.111592459639821], [104.00353419481756, 10.111522729668852], [104.00351269963816, 10.111438068888004], [104.00349617752006, 10.111323578675622], [104.0034546160675, 10.111233914817642], [104.00341800242168, 10.111130877005381], [104.00340303611914, 10.111072808052272], [104.00335138944178, 10.111014593372087], [104.00326307990966, 10.110944840693547], [104.00316959000796, 10.110861698768426], [104.0030295829897, 10.11076691351977], [104.00288105705523, 10.110693724524518], [104.00280764822213, 10.110665404258038], [104.00272432943306, 10.110613832377442], [104.00261742358894, 10.11059206178289], [104.0020247877223, 10.110591166276874], [104.0018393856816, 10.110585913084693], [104.0016240859709, 10.11056072326879], [104.00151889089359, 10.110553873370742], [104.00145549351888, 10.110542204305075], [104.00136696295331, 10.110556988746428], [104.00129847042957, 10.110595040136293], [104.00125333910317, 10.11063149941954], [104.00121662531105, 10.110653052984295], [104.00115813479493, 10.110654591868276], [104.00099280915276, 10.110647741137177], [104.00087101516816, 10.110635893062533], [104.00080250557896, 10.110625843592349], [104.00065716422195, 10.110677069348034], [104.00050499788438, 10.110716349920265], [104.00063304486316, 10.110933268600267], [104.00014553572603, 10.111160284171824], [104.00003268854188, 10.111086243915448], [104.00000316909784, 10.111175800255436], [103.99994256842007, 10.111302741163012], [103.99981916412446, 10.111387995831025], [103.99974247728157, 10.111473321417067], [103.99966552928454, 10.111609459749415], [103.99961639508456, 10.1118148981198], [103.99956280377125, 10.111893387215733], [103.999497692296, 10.111927917162646], [103.99941638925736, 10.111930053958377], [103.99934430899094, 10.111927684011626], [103.99925838278192, 10.111969144209871], [103.99908169269742, 10.111994191659567], [103.99896324366625, 10.111943288724], [103.99884713496047, 10.11191309431386], [103.99871464333795, 10.111915153033737], [103.99854510070845, 10.111861821386883], [103.99842207539217, 10.11182004319533], [103.99829372898836, 10.111796882314417], [103.99829681014292, 10.111810539652607], [103.99830270026014, 10.111836859350747], [103.9983029717513, 10.111838306402145], [103.99831602016337, 10.111896915110963], [103.99831737944335, 10.11190297497745], [103.99834030303599, 10.112007077404606], [103.99846124119793, 10.112570907861238], [103.99849583943745, 10.112619332505062], [103.998594918511, 10.11292237316788], [103.99865985383268, 10.113178165263541], [103.99870610308803, 10.113421542063687], [103.99873982790419, 10.113680270316234], [103.99874883413237, 10.113874314310983], [103.99875172689251, 10.114068348996671], [103.99873866276276, 10.114431706408768], [103.99871988622834, 10.114536378221205], [103.99866981319776, 10.114758089609357], [103.99855089040396, 10.115306093722575], [103.99843505999927, 10.115860250676926], [103.99826277821161, 10.116688459297084], [103.99817821432661, 10.117085703580596], [103.99813123343066, 10.117313477325123], [103.99807810019539, 10.117507426529027], [103.99804372955816, 10.117605926276385], [103.99796886498204, 10.117809155038719], [103.9978846258918, 10.117996908540755], [103.9978098426111, 10.118147696780879], [103.99767892829864, 10.1183661200326], [103.99759166787454, 10.118501518648435], [103.99747955468824, 10.118658398015219], [103.99737058683232, 10.118787615208504], [103.99726776128995, 10.1188983067076], [103.99710060319521, 10.119069568204372], [103.99695024582883, 10.11923353168931], [103.99677898477901, 10.119461115152365], [103.99664500497413, 10.119655030820056], [103.9965483693121, 10.1198335426292], [103.99643612563548, 10.120073512578067], [103.9963641795374, 10.120335153292412], [103.99626093517865, 10.120772422000346], [103.99618577112943, 10.121107926603079], [103.99607935173013, 10.121591392301811], [103.99603042246257, 10.121779832172281], [103.9959701565364, 10.121923770593014], [103.9957735595022, 10.122363879711177], [103.99571166132012, 10.122501124874324], [103.9956053260352, 10.122637759405812], [103.99544963678845, 10.122825402550111], [103.99533752099367, 10.122982281023367], [103.99511936907787, 10.123317565878928], [103.99482649298838, 10.123763765131365], [103.99452730986592, 10.12421637382806], [103.9942843992219, 10.124569883755022], [103.9940165285024, 10.12495436732759], [103.99377974911357, 10.1252959515018], [103.99356931665393, 10.125652584890021], [103.99403826857873, 10.125638659472964], [103.99426607071187, 10.126251479244306], [103.99441866309654, 10.126236614603974], [103.99470021415988, 10.126615071330416], [103.9954279173561, 10.12738191111318], [103.99600656288263, 10.127362364758499], [103.99951825271214, 10.125870368768858], [104.00418853378329, 10.121028040829982], [104.00426512180752, 10.118807566390627], [104.0042323280485, 10.117760421986068], [104.00419581914515, 10.117112725003741], [104.00423190187227, 10.117027066017576], [104.00449131520163, 10.116730714884948], [104.0045024987157, 10.11645912530978], [104.00464282695242, 10.11640572046427], [104.00470424691409, 10.116220010222952], [104.00540641277429, 10.115430477797243]]], "type": "Polygon"}, "properties": {"id": 19.0, "area": 1190252.33, "perimeter": 5401.83}}, {"type": "Feature", "geometry": {"coordinates": [[[104.01214098064186, 10.01279014060804], [104.01180785794867, 10.013031061150015], [104.01199975120494, 10.013111631924582], [104.01180794916637, 10.013031061283977], [104.01214098064186, 10.01279014060804]]], "type": "Polygon"}, "properties": {"id": 20.0, "area": 0.1779, "perimeter": 136.09}}, {"type": "Feature", "geometry": {"coordinates": [[[104.01282860909699, 10.012709865387464], [104.01268314488502, 10.012874389376249], [104.01228542058111, 10.012517568749713], [104.01268314475013, 10.012874479791634], [104.01282860909699, 10.012709865387464]]], "type": "Polygon"}, "properties": {"id": 21.0, "area": 0.2979, "perimeter": 166.024}}, {"type": "Feature", "geometry": {"coordinates": [[[104.01399784004417, 10.094829172926739], [104.01399371797781, 10.094657558886922], [104.01392114059719, 10.093833589025715], [104.01378996148917, 10.093452295811348], [104.01370914609012, 10.092767914751839], [104.01350938119332, 10.092126124664038], [104.01351763046385, 10.091797206456693], [104.01351946717737, 10.0916677346465], [104.01343408658843, 10.091411372168533], [104.01344723270586, 10.09140632830452], [104.01336104695437, 10.09120014504002], [104.0130177675976, 10.09079855691919], [104.01298920413768, 10.09074146279489], [104.01298350871531, 10.090645704729104], [104.01277302751043, 10.090457872967182], [104.01273824286457, 10.090472740107884], [104.01265199415705, 10.090369539456175], [104.0126016445799, 10.090299122097223], [104.01253183712923, 10.090183920483518], [104.01257227804587, 10.090169423378718], [104.01253050800211, 10.090097029549021], [104.0125008157852, 10.090123206083952], [104.01246338243425, 10.090018630855226], [104.01242445340402, 10.089877254441763], [104.01236703042373, 10.089596249685831], [104.0122788502638, 10.089624780984884], [104.01209782499586, 10.089689612316958], [104.0120684717774, 10.089551233724933], [104.01205321813734, 10.08938050734983], [104.01199676834544, 10.089301762693257], [104.01180623541562, 10.089379147520058], [104.01172468976647, 10.08930380147127], [104.01166826731641, 10.089206973771526], [104.0116002398815, 10.089061304705123], [104.01149245807453, 10.089140620107237], [104.01142387759988, 10.089180301255428], [104.01124558030087, 10.088767292083968], [104.01129983780031, 10.088666017040588], [104.01118915240023, 10.088311244893761], [104.01152063903287, 10.088240488511536], [104.0116402826161, 10.088221045470009], [104.01166380145531, 10.087023621822027], [104.01177719297878, 10.087035633938479], [104.01178640600389, 10.086855269300042], [104.01168253751908, 10.086820577069435], [104.01150204722528, 10.086228633157026], [104.01096781884922, 10.085521066848179], [104.0108440037972, 10.085282368211503], [104.01063308944256, 10.085384586446626], [104.01026374269338, 10.084729885078687], [104.0102975490047, 10.08469792825385], [104.01018480509816, 10.084559787476412], [104.00997498594728, 10.084360110711787], [104.0094791760134, 10.083893103539447], [104.00935116009468, 10.083778718998119], [104.00919551605541, 10.08359295578835], [104.00916142961437, 10.083448331288187], [104.00859354332724, 10.082861777321869], [104.00808114098643, 10.082329011701686], [104.00803423722873, 10.082153717275679], [104.00809144882119, 10.082089698157128], [104.0079056982234, 10.08178354698418], [104.00771286765945, 10.081633893784312], [104.00752137295962, 10.081565977761812], [104.00734077301723, 10.081473394549413], [104.00728012447829, 10.081517607494858], [104.00711415235318, 10.081585532858497], [104.00710284324867, 10.081702784416096], [104.00677133841953, 10.081789449688033], [104.00677362103367, 10.081608351582496], [104.006140928908, 10.08152431459716], [104.00612934999657, 10.081459017560718], [104.00579086199201, 10.081518094794124], [104.00564488326066, 10.081517785906083], [104.00562050098694, 10.081532215828398], [104.00572227460697, 10.081742583315334], [104.00523676709948, 10.08206463829092], [104.0049562557165, 10.082574520794347], [104.0051044285704, 10.082751594832825], [104.00518605100167, 10.082894120940695], [104.00532422919268, 10.082984381408748], [104.00520967062745, 10.083499214223627], [104.00493125980896, 10.0835287243259], [104.00451703423134, 10.083951336084866], [104.00453308368542, 10.084195661749202], [104.00447932220304, 10.084508869360898], [104.00449552099991, 10.084655456531788], [104.0044127950056, 10.08499610683389], [104.0045032116202, 10.084996242541894], [104.0045029792095, 10.085148320369658], [104.00477076215178, 10.085148722150858], [104.00477018667092, 10.085525480964145], [104.00449547458777, 10.08552163299514], [104.00449539527014, 10.085573531134576], [104.0042658406741, 10.08557318651904], [104.00425566182763, 10.085666479598089], [104.00415287992764, 10.086234584006444], [104.00428679296023, 10.086429810441585], [104.00469967131454, 10.086533051296998], [104.00460115415065, 10.086758579506022], [104.00460087172549, 10.086943387503247], [104.00530734460341, 10.087472923173538], [104.00425572443241, 10.088190958971252], [104.00382554569994, 10.087646375548706], [104.00329047015407, 10.088037429637481], [104.00307871994296, 10.0883251732643], [104.00263473945002, 10.088868170180106], [104.0024967455234, 10.089013439994865], [104.0024316599171, 10.08909381126074], [104.00261622681234, 10.089159640374865], [104.00253679896424, 10.08942986162653], [104.00286525660677, 10.089551060652537], [104.00303564813137, 10.089757825244742], [104.00340764088193, 10.089929812151599], [104.00335780504759, 10.090061381461252], [104.0032373205867, 10.090331089016887], [104.00251145251877, 10.090012457912987], [104.00241727260355, 10.090263760126524], [104.0022528611626, 10.090915856605983], [104.00175971229265, 10.090737085173275], [104.0016705066289, 10.091016423292483], [104.00157038514277, 10.090977664858878], [104.0014507387449, 10.09135379139991], [104.00177519178432, 10.091469470202036], [104.00174998328875, 10.091545923241132], [104.00161091221854, 10.091500686528613], [104.00138478995024, 10.091638860696863], [104.0012271568285, 10.0915605942938], [104.00102751379808, 10.09174510071705], [104.00090349985958, 10.091935146318486], [104.00076271605566, 10.092113231709616], [104.00068579638125, 10.092412117712206], [104.00069412366834, 10.09251466092236], [104.0008147427097, 10.092514843445212], [104.00081451953558, 10.092659687935672], [104.00071629781941, 10.092927258110523], [104.00099658579225, 10.092928405497137], [104.00087711839582, 10.093779572373592], [104.00058347188832, 10.093743052366914], [104.00054752807955, 10.094035761681383], [104.0004800795644, 10.094404914354623], [104.00045605347204, 10.094542579991137], [104.00037656806775, 10.094611355824377], [104.00027981132364, 10.09493408115005], [104.00024968509412, 10.09506323851154], [104.00059629142825, 10.095074432445474], [104.00061835059684, 10.095679884557951], [104.00063269894672, 10.095901332566237], [104.00063229786679, 10.096161455850272], [104.00083420689228, 10.096166282250259], [104.00083123692309, 10.096554067598712], [104.00043782530906, 10.096540904228918], [104.00042511443604, 10.096736723803915], [103.99992418234167, 10.09733912281984], [103.99964104950793, 10.097818525522365], [103.99975880809271, 10.098135970263595], [103.99995480812173, 10.098777399998747], [104.00018341209127, 10.098749356310513], [104.000197196815, 10.09898111074025], [104.00023525718193, 10.099386769922472], [103.9998252586828, 10.099359023715518], [103.9998587499861, 10.099591712185036], [103.99991952581692, 10.099763321531432], [104.00037688609014, 10.099668536742115], [104.00047872173812, 10.099662362000192], [104.0002149200496, 10.100148756312802], [104.00038450915415, 10.100109140363818], [104.000566070609, 10.100648198165551], [104.00021740943453, 10.100782116800909], [104.00030106311813, 10.101028624343304], [104.00055327155825, 10.101314989032204], [104.00068652246993, 10.101409403270267], [104.00081287184456, 10.101364206322026], [104.0010443479338, 10.101486616955555], [104.00108610420394, 10.10168550263959], [104.00117789868335, 10.101978676424986], [104.00169064374465, 10.102596624460977], [104.00220322693701, 10.102787180004077], [104.00244269926324, 10.10299151775076], [104.0025700581674, 10.103061510340192], [104.00270512122644, 10.103165058459444], [104.0029232667842, 10.103354083570599], [104.0031703287887, 10.10331051441909], [104.00360162172086, 10.103557093019399], [104.00386869205396, 10.103675125050158], [104.00457575990559, 10.103659371502543], [104.00501899787342, 10.103673509323505], [104.00501858631299, 10.103942583723338], [104.00538725850589, 10.10397008090165], [104.00538719175879, 10.104013751244707], [104.00569850819653, 10.10401756367949], [104.00568136751134, 10.10412847717493], [104.00597976854722, 10.10416518103781], [104.0062969567946, 10.104207789754142], [104.00664443003794, 10.104195742425947], [104.00665438820143, 10.10436700336433], [104.00709862759601, 10.104383400310581], [104.00706985536863, 10.10356483011714], [104.00737707461884, 10.103562667427646], [104.00737414288619, 10.103390693668668], [104.00791174652363, 10.103391496782033], [104.00868858933363, 10.103392655739972], [104.00866805199692, 10.103758263548748], [104.00969150931745, 10.103710511543886], [104.00984951065617, 10.102526761377828], [104.00990377817291, 10.102119522212506], [104.01046840595542, 10.101927325059366], [104.01078502721388, 10.101559353679228], [104.01131755387463, 10.101838893269209], [104.01170880230205, 10.101234505695567], [104.01194188368767, 10.100779249191474], [104.01226309083778, 10.100938674318655], [104.01236034063751, 10.10082733636552], [104.01224010004975, 10.100755459308203], [104.01205661260458, 10.100633579468344], [104.0122952892031, 10.100097590247945], [104.01245464424595, 10.100127662928369], [104.01266733011839, 10.100370109046862], [104.01268379568626, 10.10040286365544], [104.01271594335033, 10.100443326727138], [104.01273110595002, 10.100493077448228], [104.01273757604407, 10.100559090040717], [104.01282657242224, 10.100596472592366], [104.01283712441352, 10.10061782615137], [104.01284745623228, 10.10066422437011], [104.0129749575813, 10.100701211704594], [104.01297535869084, 10.100495246672931], [104.01292214423731, 10.100447971367213], [104.01296269499174, 10.100361323183327], [104.01311684658161, 10.100332618040142], [104.01312866454523, 10.09999755707367], [104.01318853607033, 10.09992585588031], [104.01328975313494, 10.099845626276982], [104.0133216867799, 10.099664300685493], [104.01330910582111, 10.099414555548483], [104.01327722054648, 10.099260260281714], [104.0126680771024, 10.099328347233413], [104.01273180372891, 10.098453223079158], [104.01311588474343, 10.098423953436939], [104.01317665217007, 10.097998911231489], [104.01338696758202, 10.097996780450703], [104.01351656170193, 10.097065243699605], [104.01360346978714, 10.096730745460665], [104.01386502055539, 10.095722911808512], [104.01393817030636, 10.095375192531318], [104.01399732187124, 10.095113708655886], [104.01399784004417, 10.094829172926739]]], "type": "Polygon"}, "properties": {"id": 22.0, "area": 2611921.09, "perimeter": 8697.89}}, {"type": "Feature", "geometry": {"coordinates": [[[104.01149730204858, 9.947534437911653], [104.01168815791176, 9.948779382018694], [104.01185545662233, 9.949368052956071], [104.01262559443889, 9.949031020505343], [104.01270877308411, 9.949212787279908], [104.01281734025768, 9.949186453565789], [104.01286175050441, 9.94912774789851], [104.01288836854454, 9.948889902368006], [104.0128583592779, 9.948831359561321], [104.01287511653122, 9.948724150678578], [104.01310727146465, 9.94825866581804], [104.0130483394139, 9.947777476863832], [104.01363480380215, 9.947743610319767], [104.01367048885463, 9.948034349447108], [104.01374061199766, 9.94804078050291], [104.01369096259954, 9.948312227391362], [104.01394344505358, 9.948284384584142], [104.0141660090348, 9.9482598435225], [104.01442387300774, 9.948231465669078], [104.01467626416441, 9.948203622170256], [104.01491105081632, 9.94817774210134], [104.01557240810666, 9.94800844725283], [104.01539653239257, 9.947480344124175], [104.01523176425422, 9.947460213889634], [104.0149315047114, 9.947357066124487], [104.01450973591777, 9.947089998490556], [104.01375899832539, 9.946646683789771], [104.0137326825271, 9.94661906867808], [104.01371824443694, 9.946638396705454], [104.01366317989581, 9.946686598780254], [104.01353180294177, 9.946781887013419], [104.01344617869873, 9.946835379152727], [104.01337069186704, 9.946879211508637], [104.01328992335216, 9.946917701622175], [104.01320788284741, 9.946952934890612], [104.01313479819926, 9.94697579418802], [104.01306838434694, 9.946989712000518], [104.01288613476545, 9.947011960256779], [104.01280404586704, 9.947018260253717], [104.01273445180937, 9.947024216765472], [104.01267170922291, 9.947022407472957], [104.01259447505954, 9.947014428772821], [104.01253565190295, 9.947014071819998], [104.01246659726468, 9.947025273185716], [104.0123820002573, 9.947062401254945], [104.01225576979681, 9.947130842932046], [104.01218156329648, 9.947172145229114], [104.01210524765507, 9.947221220202238], [104.01203230824694, 9.94726903425851], [104.01195618368351, 9.947312232439101], [104.0118888392079, 9.947338626051012], [104.0118392231121, 9.947340994884206], [104.01178177098302, 9.947338560230637], [104.01174018889239, 9.947335244570839], [104.01169302349898, 9.947345483143964], [104.01165295581049, 9.947366401149601], [104.01161587325585, 9.947403779204931], [104.01157510591591, 9.947465925836728], [104.01154204484686, 9.947497432719695], [104.01149730204858, 9.947534437911653]]], "type": "Polygon"}, "properties": {"id": 24.0, "area": 64797.09, "perimeter": 1387.87}}, {"type": "Feature", "geometry": {"coordinates": [[[104.01578934107008, 10.065131932297204], [104.01452583336896, 10.063746725834367], [104.01402600216873, 10.064153945913704], [104.0138381085824, 10.064306923806], [104.0133612724562, 10.06464907755971], [104.01305798471991, 10.06503524710079], [104.01299664413243, 10.065117705969534], [104.01290804850551, 10.065184482844646], [104.0126963067398, 10.065604330867492], [104.01237719875915, 10.06571009855823], [104.01217692821136, 10.065720020181628], [104.01159708823155, 10.065939687379414], [104.01144184885575, 10.066035298309785], [104.0112789723418, 10.066173935549338], [104.01102750448706, 10.066315335029179], [104.01117214652916, 10.066411298609554], [104.01061425993038, 10.067076020361828], [104.01034874838325, 10.067636292377802], [104.01055444431238, 10.067719959741526], [104.01065106449995, 10.06777769724731], [104.01076748514733, 10.067833565298969], [104.01094619022534, 10.067907970140485], [104.01105382397913, 10.067922234079388], [104.01114978497182, 10.06781188849342], [104.01140048936043, 10.068057465203967], [104.01155117510943, 10.068381826545735], [104.01216021304039, 10.068223685123488], [104.01289529136622, 10.067668714704523], [104.01351405289147, 10.067352177411687], [104.0139591856637, 10.067043069077242], [104.01437400159155, 10.066507696473288], [104.0149619572033, 10.065862632181169], [104.01520039105081, 10.065711716898727], [104.01578934107008, 10.065131932297204]]], "type": "Polygon"}, "properties": {"id": 25.0, "area": 130145.69, "perimeter": 1660.83}}, {"type": "Feature", "geometry": {"coordinates": [[[104.02345847102279, 9.908723552179238], [104.02345724967378, 9.908558902415555], [104.02343967124925, 9.908354807942198], [104.02344145456178, 9.908193327009014], [104.02339898465362, 9.907987117631272], [104.02334191750967, 9.90784897098391], [104.02325252552366, 9.907741339140246], [104.02314097386154, 9.907634308723422], [104.02290116798083, 9.907367692204799], [104.02275297213218, 9.907251387148328], [104.02261982882384, 9.907193783585678], [104.02244652499972, 9.907162162752558], [104.0222983794024, 9.907137358837465], [104.02219115728228, 9.907063517051862], [104.02213788301894, 9.906951415502762], [104.0220812141729, 9.906790574749287], [104.02202080823055, 9.906628643673592], [104.02198909600519, 9.906487910833244], [104.02194752335527, 9.906292552531296], [104.0218825866922, 9.90611090423865], [104.02180335771908, 9.905975528714675], [104.02170888560747, 9.90585034850617], [104.02158630591471, 9.905740137339851], [104.02145375864349, 9.905649351427439], [104.02131497200152, 9.905585229370796], [104.02117840598825, 9.905561888157624], [104.0210025087437, 9.905558653629376], [104.02086634531668, 9.905572112280897], [104.02073389000067, 9.905669482450918], [104.02069381842888, 9.905759841524485], [104.02073841773773, 9.905879797115373], [104.0208281260451, 9.905957050170134], [104.02094474012729, 9.906030724928709], [104.02103663599034, 9.906108704381287], [104.02113526565786, 9.90619645836666], [104.02121456335703, 9.906284275183786], [104.0212877763507, 9.906417833936846], [104.02132809797399, 9.90653235838617], [104.021334216778, 9.906714736694546], [104.02137904294939, 9.906867151969042], [104.02145626094764, 9.90700587012389], [104.02149515668704, 9.907160537340603], [104.02150505479496, 9.907314982406184], [104.02147082396928, 9.907465024613211], [104.02137582619729, 9.907576462890313], [104.0212538432368, 9.90768325143938], [104.02113142930335, 9.907772769822111], [104.0210213025467, 9.907878309357663], [104.02096433278487, 9.907987993416638], [104.0209908362878, 9.908073203324577], [104.02106715780778, 9.90813850229546], [104.0211534887377, 9.908218553371256], [104.02120289221337, 9.908295839288842], [104.02120420607105, 9.90839593194537], [104.02114008748023, 9.908530470303175], [104.02109759225809, 9.908656992439532], [104.02109352606954, 9.908756987003647], [104.02113246990439, 9.90881563226843], [104.02121602452063, 9.908860959537352], [104.02131296274955, 9.908858023592115], [104.02141461190733, 9.908813502860507], [104.02150292413901, 9.908785057183765], [104.02159959952478, 9.908774706647767], [104.02167965521576, 9.90878042650201], [104.02177570068437, 9.908827218087502], [104.02184619273267, 9.90888816861101], [104.02191783608662, 9.908972719401305], [104.02197835128452, 9.90905942432547], [104.02202883645377, 9.909208592591622], [104.02203740763557, 9.909271986584232], [104.02203911725748, 9.909350831988073], [104.02206103052562, 9.909457554355594], [104.02209544665867, 9.909557422882813], [104.02215626541421, 9.90962351330599], [104.0222260330289, 9.909681117325551], [104.02240703230618, 9.909752080343278], [104.0225057877845, 9.909753848295317], [104.02260124777189, 9.909764381909357], [104.0226994584082, 9.909827632083974], [104.02280040998684, 9.909887269476748], [104.02291939670397, 9.909897926856177], [104.02304371786896, 9.909877126913381], [104.02311959704947, 9.909807342926296], [104.02316380650801, 9.9096931195602], [104.02316343909469, 9.909568706261089], [104.02314515759049, 9.909409547674787], [104.023164923596, 9.909235434020903], [104.02322714575861, 9.909087601366746], [104.02341660452667, 9.90885730884086], [104.02345847102279, 9.908723552179238]]], "type": "Polygon"}, "properties": {"id": 31.0, "area": 69938.26, "perimeter": 1363.3}}, {"type": "Feature", "geometry": {"coordinates": [[[104.02480979464944, 9.945088870161433], [104.02477005981557, 9.94412271773913], [104.02427792916959, 9.94357011865566], [104.02405171686843, 9.943282273838078], [104.02366430036906, 9.943348540142047], [104.02327711487719, 9.943255312345663], [104.02271159386298, 9.942814270418204], [104.02280787278299, 9.942015310357245], [104.02152509076559, 9.9427591403664], [104.02126241558055, 9.942775401292527], [104.02040177985626, 9.942522450833962], [104.02008894841188, 9.942599398555135], [104.019985909134, 9.942651692099652], [104.01959681957061, 9.942677173658744], [104.01914306104719, 9.942646594330176], [104.01880711944445, 9.942623869161888], [104.01892036865007, 9.943135877125648], [104.0192038422741, 9.943178689607405], [104.019434633734, 9.94382486283139], [104.01932533976978, 9.944911687377598], [104.01883309710739, 9.945625808957967], [104.01874433060033, 9.945708411948662], [104.01873902180749, 9.946095475270514], [104.01777218590384, 9.947236579719975], [104.01799027522317, 9.947339877837047], [104.01792459727811, 9.947473960538732], [104.01858125507955, 9.94777183231684], [104.01838511908362, 9.948308440196781], [104.01789794622137, 9.948172295267293], [104.01784914597657, 9.94830233354294], [104.01789570662056, 9.94833133376826], [104.01793984131996, 9.948459878497493], [104.0179333240993, 9.948550737175667], [104.01803903543073, 9.94860577201267], [104.01814051394291, 9.948624272659224], [104.01821556297206, 9.948692373589607], [104.01835935408532, 9.948651531804504], [104.01847755593491, 9.948709296972154], [104.01944299494882, 9.949398932022357], [104.01987346700074, 9.949331828640338], [104.02024763794478, 9.949160575111726], [104.0200302268298, 9.948778798038743], [104.0205802892369, 9.948504903005595], [104.02169475128493, 9.949008036192783], [104.02222036214802, 9.94855209595989], [104.02322693794429, 9.947985628920815], [104.02346716501799, 9.94728895378036], [104.02359474267071, 9.946918700849658], [104.02444673278976, 9.945844413698232], [104.02480979464944, 9.945088870161433]]], "type": "Polygon"}, "properties": {"id": 32.0, "area": 390836.88, "perimeter": 2953.3}}, {"type": "Feature", "geometry": {"coordinates": [[[104.03211242600976, 10.075377530374876], [104.03057102976585, 10.074158804237731], [104.03041036554039, 10.074347273086396], [104.03004554038257, 10.074645215967902], [104.02958443831682, 10.075021863659364], [104.02979025681252, 10.07521682105142], [104.02964232796116, 10.075367604347658], [104.02945471391773, 10.075579632740876], [104.02928360411201, 10.075735084453257], [104.02905974137785, 10.075903299884372], [104.02889523075756, 10.076037693983634], [104.02875878971346, 10.07619337565389], [104.02867740854464, 10.076318213721601], [104.02862177626045, 10.076428983690759], [104.02844401816843, 10.07645006810293], [104.0281074098028, 10.076477073848139], [104.02795323247551, 10.076594755346587], [104.02791695690219, 10.076820651673438], [104.02788973719558, 10.077281188956832], [104.02785173434222, 10.077941619306285], [104.02783956826863, 10.078151456106928], [104.02783195761586, 10.078302981470333], [104.02783486161944, 10.078439060823525], [104.02783754607435, 10.078475230826864], [104.02784321435212, 10.078529940254978], [104.0278507093304, 10.078583296062364], [104.02786945090196, 10.078682508558554], [104.02788722809193, 10.07875477588154], [104.02789257188608, 10.078844385195103], [104.02791356874306, 10.078835825736475], [104.02797982881954, 10.078820459381317], [104.0280176991332, 10.078815540641395], [104.02807611932144, 10.078795732710008], [104.02810232571578, 10.078780942017103], [104.02812351752921, 10.07876379335839], [104.0282059728238, 10.078716533446139], [104.02830578638985, 10.078653204352072], [104.02835647142716, 10.078619642180202], [104.02839382794107, 10.07859157631406], [104.02842615935724, 10.078568385703212], [104.02846405683802, 10.078544750956482], [104.02850852095888, 10.078522753054653], [104.02856422802213, 10.078486395137949], [104.02857601510242, 10.078474296291034], [104.02858324838338, 10.078456675604638], [104.02858491480804, 10.078440041544177], [104.02857993688362, 10.078412457735988], [104.02857778977888, 10.078383160074095], [104.02858175773389, 10.078352334075806], [104.02859620353243, 10.078331378309835], [104.02860908872417, 10.078317020642533], [104.02864580810433, 10.07828786885066], [104.02867923509469, 10.07826413728302], [104.02870436024435, 10.07823994179167], [104.02874785997525, 10.078190908265574], [104.02880195437929, 10.078134114116814], [104.02881694350019, 10.078115961993124], [104.02883484495464, 10.078102786870765], [104.02885940349506, 10.078091791211227], [104.02887108789172, 10.078087558348473], [104.02887857476921, 10.078083771576784], [104.02889181700634, 10.078074839332311], [104.0289026902539, 10.078063733738903], [104.02891274473846, 10.078050999499835], [104.02893431453333, 10.078024809780098], [104.02895331763722, 10.078006934619074], [104.0289701292347, 10.077990322148441], [104.02899781879631, 10.077959349131078], [104.02901244269124, 10.077941377307678], [104.02904077929642, 10.077904618620863], [104.0290503771964, 10.077892154972488], [104.02908438000911, 10.077848804031552], [104.02910476396994, 10.07782243177806], [104.02911829249501, 10.077804820049822], [104.02912889529779, 10.077791453676689], [104.02913547584059, 10.077783506496896], [104.02914159744743, 10.077777457387054], [104.02915338133127, 10.077767528482857], [104.0291594099958, 10.077762654640875], [104.02916461648607, 10.077758502950585], [104.029170919908, 10.07775290617643], [104.0291760366051, 10.077747759788176], [104.02918142884693, 10.07774134797638], [104.02919029829133, 10.077727888715467], [104.02920721500406, 10.077701692344746], [104.02922614402276, 10.077671972638246], [104.02925229668686, 10.077631232539407], [104.02926985387776, 10.077603771261293], [104.02928393609648, 10.077581820373045], [104.02929106811321, 10.077571071096763], [104.0292994758595, 10.077561408623062], [104.02930742362172, 10.077554367541559], [104.02932130657598, 10.077543989543873], [104.02933180920738, 10.077536771270497], [104.02934578300267, 10.077526664647426], [104.02935583155137, 10.077517999079333], [104.02936515073623, 10.077508970810204], [104.0293781248676, 10.07749615029845], [104.02939740424648, 10.077476467193586], [104.02941613646946, 10.077456602477275], [104.0294293871894, 10.077441793217515], [104.02943916635228, 10.077430143553379], [104.0294471188285, 10.077419847518982], [104.02946129016517, 10.077399343396054], [104.02947647047088, 10.077375133676139], [104.02948634768349, 10.077358782546998], [104.02949814504505, 10.077339540857682], [104.02951186058846, 10.077318764836797], [104.02952310502545, 10.077303319807687], [104.02953763683867, 10.077285890319295], [104.02955390200168, 10.07726855371366], [104.02957052961605, 10.077252935516636], [104.0295840487851, 10.077241743249823], [104.02959601340379, 10.077232989986173], [104.02961455172564, 10.077220991124841], [104.02964915608408, 10.077203138129736], [104.02968612746132, 10.077188814702541], [104.02971916822274, 10.07717963935694], [104.02974481376476, 10.077173979685126], [104.02976169738447, 10.077170567927514], [104.02980668952014, 10.077161771243853], [104.02982904873333, 10.07715737270494], [104.02986838371658, 10.077148929624306], [104.02991912960215, 10.077136072416705], [104.02996659151607, 10.07712284886762], [104.03001533230025, 10.07710854214523], [104.03005631580477, 10.077095761444971], [104.03009100245976, 10.077084056769559], [104.03014842111453, 10.07706252913236], [104.03018192549308, 10.077048200717714], [104.03021936021021, 10.077028905037784], [104.0302543408479, 10.07700318636721], [104.03027653903808, 10.07698395943375], [104.03030887827668, 10.076955162876356], [104.03033892980889, 10.076931064667377], [104.03037673664384, 10.076906796647323], [104.03041171071415, 10.076885598722267], [104.03043919572373, 10.076869724662497], [104.03049425095325, 10.076842135767837], [104.03054902108653, 10.076822412603416], [104.03062231221219, 10.076802625324756], [104.03068428799844, 10.076784268605058], [104.03074316215341, 10.076765636222154], [104.0307924547139, 10.07674825603886], [104.03084138598639, 10.076728343702014], [104.0308678678922, 10.076712106518784], [104.03088193427953, 10.076701005387946], [104.03090340474871, 10.076680240313415], [104.03092360379577, 10.076655404736508], [104.0309426231786, 10.076626137125825], [104.03096302154893, 10.076589638234118], [104.03099478110349, 10.076519972991143], [104.03102646796248, 10.076437468644784], [104.03105476066185, 10.076367708058262], [104.03108249260852, 10.076307169050473], [104.03109466235694, 10.076282683728392], [104.03111579540598, 10.07624284049501], [104.0311491706152, 10.076191531865714], [104.03118691611111, 10.076146468100282], [104.03122419523122, 10.076108456075067], [104.03127552971877, 10.076066937779334], [104.03134137587557, 10.076021823437891], [104.0313871291668, 10.075991237479961], [104.03142092040628, 10.075967686959958], [104.03145544439738, 10.075942148334793], [104.03152604493418, 10.075889988288166], [104.03156623308251, 10.07585921358295], [104.03162314042414, 10.075812459031106], [104.03167292746434, 10.075768406841885], [104.03173184991417, 10.07571613978134], [104.03178154581991, 10.075671997029586], [104.03186732615934, 10.075595717478517], [104.0319508227035, 10.075521423809018], [104.03202317414483, 10.07545706003691], [104.03208602495027, 10.075401091435426], [104.03211242600976, 10.075377530374876]]], "type": "Polygon"}, "properties": {"id": 37.0, "area": 95788.06, "perimeter": 1532.37}}, {"type": "Feature", "geometry": {"coordinates": [[[104.0396911948473, 10.01783078462589], [104.03960448442808, 10.01709133378034], [104.03955279688903, 10.01680862209347], [104.03936917434572, 10.016677987908343], [104.03923760673999, 10.016634225057302], [104.03899364187212, 10.016601246576073], [104.0388346202716, 10.016620013274059], [104.03870153744037, 10.016615759852309], [104.03857386654933, 10.016654823098378], [104.0384346175841, 10.01668907817157], [104.03813142030987, 10.01674263519233], [104.03781429420452, 10.016776552316147], [104.03755840665573, 10.016788944965963], [104.03733783471522, 10.016791621674178], [104.03722701251732, 10.016785138254441], [104.0370579128827, 10.016770436190514], [104.03677263213591, 10.01673305856413], [104.03664733399474, 10.016706934532799], [104.0363028028638, 10.016639998321384], [104.03608776483087, 10.016600005644088], [104.03593148833104, 10.017639479256161], [104.03486589626124, 10.018832201596378], [104.03238240343293, 10.017646348177843], [104.031404533206, 10.017644970614937], [104.0277509232632, 10.020481926394632], [104.02600062157879, 10.01976994150829], [104.02499677544837, 10.020188579065282], [104.02403618085644, 10.02078412850749], [104.0229861709002, 10.021577828149484], [104.02173575838337, 10.021801707548667], [104.0216798347881, 10.02224104705141], [104.02090239124315, 10.0227801599365], [104.01987456796303, 10.022683015959423], [104.0198742160119, 10.026888878233756], [104.02052812491378, 10.026806008002147], [104.0207277380591, 10.027785768463795], [104.01987415924087, 10.02798082726365], [104.01987381429194, 10.031993922234337], [104.02177126347144, 10.031990785211102], [104.02270188119327, 10.031708310511158], [104.02305598783893, 10.030975096960637], [104.024319698557, 10.02997619050743], [104.02540005179871, 10.031792198254733], [104.02520383466387, 10.032854030000708], [104.02468821873086, 10.03455681245327], [104.02597948145709, 10.034378280798672], [104.0272750775454, 10.03341259157617], [104.02872129352625, 10.031551453152652], [104.02970282257337, 10.03094226846125], [104.03030925236646, 10.029944033751907], [104.03323655642816, 10.027102327692885], [104.033468327397, 10.02680048399487], [104.03418390986627, 10.02594416640513], [104.03442049311349, 10.025529037723805], [104.0346418251658, 10.025189475061307], [104.03535437720866, 10.023958286420601], [104.03604372000483, 10.023135652575782], [104.03649750746824, 10.022712235996666], [104.03695125538808, 10.022380138668403], [104.0374252079074, 10.022208828169902], [104.03771093208233, 10.021872246136468], [104.03802981750806, 10.021179019426327], [104.03821748683062, 10.020514000525877], [104.03856903991229, 10.020133928673744], [104.03884356118978, 10.019976715011616], [104.0391235332564, 10.01977059368597], [104.03931018625423, 10.01962953256119], [104.0394970462553, 10.019341636227555], [104.03957987777103, 10.019015620955015], [104.03967940551823, 10.018428598126645], [104.0396911948473, 10.01783078462589]]], "type": "Polygon"}, "properties": {"id": 40.0, "area": 2228866.22, "perimeter": 7614.74}}, {"type": "Feature", "geometry": {"coordinates": [[[104.04191113314812, 10.060437415274334], [104.04027199187387, 10.061200510851048], [104.04037795741488, 10.061361869174673], [104.04022169084722, 10.061545828782421], [104.0398877886697, 10.061799161402108], [104.03987258426368, 10.062099229807908], [104.03944329702917, 10.062836152964893], [104.03868065977963, 10.063241147092079], [104.03818793758086, 10.063674093020671], [104.03788633423177, 10.064115442578379], [104.03781789443023, 10.064318691686834], [104.03772279689771, 10.064854994635365], [104.03750302949062, 10.065038683203483], [104.03716915549727, 10.065524380912821], [104.0367642575233, 10.066168658128563], [104.03616822208461, 10.066942232278405], [104.03553732674582, 10.067656081962065], [104.03521511851041, 10.067891252238114], [104.0347575957599, 10.068136629622327], [104.03480165761277, 10.06826679959561], [104.03489071581775, 10.06844802722856], [104.03496586881354, 10.068655636627604], [104.03498257060556, 10.068715153551453], [104.03502623865734, 10.068929318995373], [104.03504243651037, 10.069085941514187], [104.0350452843472, 10.069263431252507], [104.03503032696477, 10.069451112908817], [104.03500787146397, 10.069586885490128], [104.03496960477422, 10.069741984758592], [104.03492452295322, 10.069877906336972], [104.03486927604793, 10.070040395777548], [104.03485482254344, 10.070130971822667], [104.03485346955567, 10.070247515559164], [104.03492062763972, 10.070495529464278], [104.03496809237596, 10.07067064072697], [104.03498778568887, 10.070743633772047], [104.03530747470056, 10.07067717576356], [104.03572646385297, 10.070520803006811], [104.03612604435212, 10.070411056899088], [104.03631250904091, 10.070359872009075], [104.03668136837996, 10.07036038911867], [104.03794499191687, 10.07040411032277], [104.03857916406184, 10.070594868735418], [104.03877957722209, 10.071257352163977], [104.03881744661714, 10.071188146653258], [104.03892838017165, 10.071129260006815], [104.03912012943904, 10.071083053761713], [104.03936304313838, 10.07104957687959], [104.03950372642933, 10.07104977286889], [104.03972529112363, 10.071016356395445], [104.0399766595439, 10.071004048079644], [104.04015129402244, 10.070995791965977], [104.04028349703631, 10.07092834495184], [104.04047967299958, 10.070848419036642], [104.04070131524502, 10.0707600293128], [104.04087173905711, 10.070696975098716], [104.0409868151898, 10.070676068048956], [104.04107198028136, 10.070709911304998], [104.04117413451846, 10.070794501280755], [104.0412933537998, 10.07081157443583], [104.041374375823, 10.07080743730698], [104.04148099520182, 10.07070207016171], [104.04151959567218, 10.070566952334993], [104.04159208134814, 10.070470036879678], [104.04173703419352, 10.070353872913746], [104.04178941764202, 10.070343276472114], [104.04184181830968, 10.070320473935821], [104.04186144487267, 10.070312544557117], [104.04187860658273, 10.070305696749411], [104.04189722854822, 10.070298489301544], [104.04193931120126, 10.070281730299934], [104.04194506226669, 10.070279387461236], [104.04208995421418, 10.070206261087522], [104.04220088764598, 10.070146830805493], [104.04223489555284, 10.070098053448815], [104.0423150249354, 10.070079810005822], [104.04238742528017, 10.07004320147112], [104.04252929468129, 10.069913560936428], [104.04261104158775, 10.069848032276195], [104.04267426159578, 10.069786998751207], [104.042751974493, 10.06980021649933], [104.04283721469409, 10.069715886156272], [104.04300799831148, 10.069526158970305], [104.04314456317722, 10.069340543528051], [104.04323000718934, 10.069176014669573], [104.04331982822679, 10.068948110454675], [104.04340107316456, 10.068720194364994], [104.04349520926309, 10.06840793823315], [104.04352525029802, 10.06826024051316], [104.04355110434508, 10.068040656556983], [104.04356835496678, 10.067905508950313], [104.04353026233062, 10.067745058985096], [104.04353899024116, 10.067572015449773], [104.04357758346394, 10.067441146831316], [104.04363741610152, 10.067323056124444], [104.04363345461016, 10.067090682390356], [104.04349283941481, 10.066913364032674], [104.04338671911874, 10.066794863429308], [104.04322934729691, 10.066596183735994], [104.04305924450126, 10.06636801087842], [104.04295737847532, 10.066144000943256], [104.04284691060275, 10.065873686270026], [104.04276211125807, 10.065645540747541], [104.04273249588363, 10.065425970569109], [104.04266455909253, 10.065273797494504], [104.04257521433976, 10.065163909336283], [104.04256724094002, 10.064800788989084], [104.04260610745004, 10.064475798398837], [104.04260145328202, 10.064282302427136], [104.0425980072542, 10.06413790383406], [104.04257758612839, 10.063479197412782], [104.04260427423719, 10.06273194873102], [104.04265145277553, 10.062529301991553], [104.04275827691475, 10.062276104887875], [104.0428863955832, 10.062061002161983], [104.04293777634155, 10.0618542020454], [104.04305752003961, 10.061496050042784], [104.04308476113175, 10.061392742522084], [104.0431006626669, 10.0613084970523], [104.04309767493264, 10.061227299633806], [104.0430882877703, 10.061155496611134], [104.04306633696987, 10.061064960191349], [104.04300045751206, 10.060877527898258], [104.04295337085789, 10.060755672927733], [104.04291558876393, 10.060699472597488], [104.0428306270664, 10.060652429489885], [104.04272986467963, 10.060617932310066], [104.04264485901295, 10.060602172925353], [104.04249361490383, 10.060589486501012], [104.04232359471096, 10.0605642966762], [104.04214721471506, 10.06052038191906], [104.04193620647975, 10.06044829986279], [104.04191113314812, 10.060437415274334]]], "type": "Polygon"}, "properties": {"id": 41.0, "area": 691130.9, "perimeter": 3697.19}}, {"type": "Feature", "geometry": {"coordinates": [[[104.04210227677915, 9.990960314381411], [104.04204248056374, 9.99080209449854], [104.04196815869672, 9.990790690316215], [104.04183479374898, 9.990865100176917], [104.04166931879561, 9.99100700659895], [104.04148446838842, 9.99117628232765], [104.04128634949001, 9.991310819910987], [104.04104232383449, 9.991399453189354], [104.04080005429464, 9.99147154256793], [104.0405294991016, 9.991615563918364], [104.04035038406032, 9.991727071035935], [104.03987292129392, 9.992092506362521], [104.03966110359976, 9.992238235582828], [104.03952416070386, 9.992391391873614], [104.03935510696554, 9.992612134876634], [104.0391898451536, 9.992795631628956], [104.03897340201976, 9.99298683322731], [104.03881011019436, 9.993066625334311], [104.03856361777969, 9.9932214378017], [104.03842741526307, 9.99336636676185], [104.03834270577376, 9.993541113903538], [104.03807568516278, 9.994410093468773], [104.03797616526019, 9.994608508932762], [104.03777314476906, 9.994917359468642], [104.03757511890402, 9.995177030499567], [104.03741343220688, 9.995281778888414], [104.03726383655602, 9.995350468020336], [104.03705649041638, 9.995492404156128], [104.0369398767527, 9.99565173579077], [104.03680972665735, 9.99603030727534], [104.03657863149924, 9.996453042029547], [104.03652110063237, 9.996693016333664], [104.0365147510878, 9.996925557347621], [104.03648399830436, 9.997064031787128], [104.03642279269819, 9.99725797921933], [104.03631417125641, 9.99750538684609], [104.03628529805212, 9.997669089925376], [104.03631575032529, 9.99774273092618], [104.03637646676813, 9.997765329057408], [104.03645172015942, 9.997763987190803], [104.03659190456383, 9.997836424698736], [104.0368447940086, 9.997869507190376], [104.03709506223932, 9.997885678062396], [104.03741986260886, 9.997830071622687], [104.03767796225864, 9.99772636136135], [104.03796555210236, 9.997538062467505], [104.03825928152278, 9.997329518644156], [104.03854687069547, 9.997141219212946], [104.03907799539007, 9.996826855191951], [104.03938539513604, 9.996690481196831], [104.03966807909836, 9.996551721919914], [104.03990945497696, 9.996404496626116], [104.04007696903606, 9.99624206965814], [104.0402627784531, 9.995977136101793], [104.0403988830871, 9.995707341775205], [104.04046180927209, 9.995455439187188], [104.04045151648407, 9.994925677536942], [104.04050253360282, 9.99471019614362], [104.04056540108797, 9.994499884798772], [104.04058356627402, 9.994360126686878], [104.04054434531503, 9.994164773968475], [104.04050188173606, 9.99407014022244], [104.04089567008576, 9.993924390167804], [104.04108487441226, 9.993838846119202], [104.04137236757052, 9.993650634288441], [104.04156307964087, 9.993465272722915], [104.04175989811772, 9.99321807486449], [104.04193163615177, 9.992968491564607], [104.04208149381463, 9.992645912328422], [104.04206402024064, 9.99235709943857], [104.04197108771505, 9.992152269722627], [104.04186578312414, 9.991858905652995], [104.0418974219688, 9.991541498401686], [104.04205101231466, 9.991223445061014], [104.04210227677915, 9.990960314381411]]], "type": "Polygon"}, "properties": {"id": 42.0, "area": 206983.12, "perimeter": 2231.59}}, {"type": "Feature", "geometry": {"coordinates": [[[104.01156406629639, 10.01410637698529], [104.01139578162471, 10.013975840842223], [104.01100744610824, 10.013806373541335], [104.0108576093543, 10.013966007783717], [104.01086087409044, 10.014283280753641], [104.01036522870679, 10.014442857765236], [104.0102820759736, 10.01435647883757], [104.01019185027144, 10.014302910309496], [104.01017483869667, 10.01433290320051], [104.01003375094939, 10.014254214570455], [104.0099878207275, 10.01434664195925], [104.00985137629564, 10.014213077867948], [104.00978141248476, 10.014091184964837], [104.0097269872603, 10.013948338562791], [104.00960764224877, 10.01378722286212], [104.0096241929035, 10.013578206557238], [104.01006954189633, 10.01350228126792], [104.01022099986073, 10.013052415866998], [104.0107049373384, 10.010355128162562], [104.01009430887477, 10.010247538710018], [104.01021387022602, 10.010142019045691], [104.01047862412048, 10.009992228647478], [104.01048766217126, 10.009987178680607], [104.01069590483955, 10.009869221600031], [104.01086110440774, 10.009804546259097], [104.01094033429148, 10.00976876780872], [104.01098320278417, 10.00977109124174], [104.01103298034192, 10.009789066723123], [104.01109167698928, 10.009820527231504], [104.01113466082143, 10.009867696940947], [104.01123624012428, 10.009953017733585], [104.0114689222361, 10.010083377259166], [104.01161134267937, 10.010123911814619], [104.01182153730183, 10.010164545816679], [104.01199116382985, 10.010189478256812], [104.01213580370862, 10.010209853173691], [104.01217419765183, 10.010215515267975], [104.01222392422592, 10.01020663707212], [104.01227027577256, 10.010197753918384], [104.01232457668304, 10.010179840857607], [104.01238233532794, 10.010167629040373], [104.01242978646094, 10.01015540209948], [104.01247503003621, 10.010155468435611], [104.01270322722998, 10.010235368647852], [104.01277670464272, 10.01026459013941], [104.01281964111652, 10.010282555336842], [104.01285694209855, 10.010287130764722], [104.01289771444777, 10.010288275480947], [104.01278033874705, 10.010519024947584], [104.01272477728962, 10.010770479709299], [104.01327016499852, 10.011015581456], [104.01328720679764, 10.011332332238304], [104.01323803074345, 10.011338951002156], [104.01299338250634, 10.011341033967394], [104.01299398836782, 10.011424126783915], [104.01300621517841, 10.011544035767452], [104.01302988910982, 10.011756185419173], [104.01314752945514, 10.011654097669846], [104.01322201897058, 10.011738926148832], [104.01324212506317, 10.011958122982417], [104.01318525159905, 10.012110661227988], [104.01315379231416, 10.012287015977137], [104.0131230785237, 10.01239158183474], [104.01312227169316, 10.012443298369554], [104.01313854260235, 10.012542779344733], [104.0130670905056, 10.01262314456956], [104.0129444706304, 10.012761029543341], [104.01287455971095, 10.012725393786306], [104.01282860909699, 10.012709865387464], [104.01268314488502, 10.012874389376249], [104.01228542058111, 10.012517568749713], [104.01214098064186, 10.01279014060804], [104.01180785794867, 10.013031061150015], [104.01225317791132, 10.013218151735318], [104.01204556749622, 10.013339184753134], [104.01174549134875, 10.01362355317422], [104.01161778830168, 10.013744070353289], [104.0116151036374, 10.013770377337414], [104.01163317942476, 10.01388260960638], [104.01163778908418, 10.013911006865065], [104.01164332615681, 10.013990219031514], [104.0116026429003, 10.014051189761458], [104.01156406629639, 10.01410637698529], [104.01156406629639, 10.01410637698529]]], "type": "Polygon"}, "properties": {"id": 0.0, "area": 0.0, "perimeter": 0.0}}, {"type": "Feature", "geometry": {"coordinates": [[[103.84411227152349, 10.376722038064026], [103.8434888179975, 10.375942867612416], [103.84346298752263, 10.374841607709772], [103.84110304281825, 10.374276590147087], [103.84015120640223, 10.374682029153387], [103.83844756520442, 10.374033805206585], [103.83844876854253, 10.374330446222753], [103.83852193245234, 10.374321826973672], [103.83836561972076, 10.374788658853783], [103.83827845671635, 10.37481026841619], [103.83744542201418, 10.374780976438442], [103.83771046182511, 10.374460654198485], [103.83808810811657, 10.374004314283779], [103.83836736081503, 10.374003261977624], [103.83808687349709, 10.373896541817167], [103.83800124146707, 10.373928461327626], [103.83792309879442, 10.373959763367793], [103.83791140025969, 10.373964440637005], [103.83783780358448, 10.374048642459648], [103.8377642729064, 10.374144869062064], [103.83772736201955, 10.374197050550862], [103.83767426260623, 10.374261223330814], [103.83754360078711, 10.374341238954848], [103.83749452784923, 10.374401351506927], [103.83742087181112, 10.37451367091615], [103.83740438233838, 10.374581897215306], [103.83742462790478, 10.374638174601085], [103.83737950385566, 10.374774511740315], [103.83733865779075, 10.374830663142749], [103.83731805916598, 10.374898790548633], [103.83730166914363, 10.374963129370888], [103.8373464556253, 10.374987271061823], [103.83736269158419, 10.375039562098253], [103.83733392304289, 10.375127924716699], [103.8372931530147, 10.375147911869993], [103.83722771705027, 10.37521603719619], [103.83715019494404, 10.375256019756941], [103.83709694665377, 10.375304008546124], [103.83702754150065, 10.375392287286587], [103.83694585082085, 10.37546037900733], [103.83690895657774, 10.375504513837617], [103.83686400101776, 10.375560656685316], [103.83684741687082, 10.375717123860978], [103.8368432228396, 10.3757573480898], [103.83686349387553, 10.375801510486903], [103.83689189203986, 10.37584578006764], [103.83690811139576, 10.375905936843319], [103.83690398317783, 10.375958276279704], [103.8368794253865, 10.37599836806834], [103.8368793322953, 10.376042578844201], [103.83686687755045, 10.376102766848279], [103.83680966011809, 10.376170818620276], [103.83677292307996, 10.37622697841102], [103.83673608614136, 10.376287206484154], [103.83674000942597, 10.37637554610464], [103.83674389043838, 10.376483956873397], [103.83676408693833, 10.376520162957304], [103.83677217039526, 10.37658437143556], [103.83675981529893, 10.376640581553941], [103.83677604284826, 10.376696850679433], [103.83682483896396, 10.376725069224259], [103.83683699090084, 10.376765327191917], [103.83684899090555, 10.376877732801585], [103.83686519475118, 10.376901905979354], [103.83691403996093, 10.37695019585], [103.83692217409435, 10.376990355111124], [103.83690573499328, 10.377034532145487], [103.83686083841013, 10.377062557284033], [103.83677920665187, 10.37710244082643], [103.83674248643769, 10.377150554062174], [103.83669739699856, 10.377226767823494], [103.83667674700678, 10.377319125193683], [103.83666844215045, 10.37740337106601], [103.83666006273025, 10.37747966061848], [103.83666808675451, 10.377572077194278], [103.83669245006372, 10.37762438503997], [103.83670869459053, 10.377672607626948], [103.836737150685, 10.377732789674685], [103.8367858877277, 10.377789125921572], [103.83681118738465, 10.37778709870211], [103.83683641743012, 10.37777476448668], [103.83683284694256, 10.377735699577785], [103.83684320555878, 10.377716915481201], [103.83687169698396, 10.377716974297966], [103.83690022051464, 10.37774515098965], [103.83692048291107, 10.377793472272659], [103.83694487159957, 10.3778337554956], [103.83697332210468, 10.377853252577863], [103.83700196952859, 10.377865969241517], [103.83706707977377, 10.377866103618912], [103.83714876096074, 10.377846200941702], [103.83722629892242, 10.377842382847911], [103.83731183925053, 10.37785458398662], [103.83737709826825, 10.377870811761657], [103.83742191883007, 10.37787895079034], [103.83754024260418, 10.377891219488095], [103.83761352095594, 10.377915419920408], [103.83767464536814, 10.377943663771218], [103.83780111328403, 10.377947993000424], [103.83787853466819, 10.37795619917076], [103.83792337217895, 10.377956291588202], [103.83801724786476, 10.377956485061086], [103.83805790162982, 10.37794852226001], [103.83815175204036, 10.37796074030285], [103.83822515541625, 10.377968938111678], [103.8382700758904, 10.37797300873534], [103.8383392869698, 10.377977219798552], [103.8383842158065, 10.37797731233996], [103.83840458844182, 10.377973285805394], [103.83847403287886, 10.377953357584863], [103.83852301354766, 10.377937365293754], [103.83857602895029, 10.377913425134958], [103.83860866355133, 10.377897399172271], [103.83862302300471, 10.37788676023967], [103.83864131486035, 10.377873417072665], [103.83866179570586, 10.377861344165135], [103.83868214288624, 10.377869432633638], [103.83870656561271, 10.37789362264877], [103.83870792874822, 10.377896789839921], [103.83871874327403, 10.377921765538588], [103.83873508097844, 10.377925777255099], [103.83880036535297, 10.377929980135315], [103.83884911286944, 10.377938036639542], [103.83886547563513, 10.377930114149013], [103.83891040446994, 10.377930206616409], [103.83894302216449, 10.377922227163266], [103.83900093154995, 10.377916017560262], [103.83901645934655, 10.377914331702852], [103.83907756014237, 10.37791038892787], [103.83913480994389, 10.377870364227132], [103.83917157909565, 10.37784232204733], [103.83919607775597, 10.377830347780726], [103.83924504148996, 10.37782240192094], [103.83929000408158, 10.377806401244149], [103.8393389019111, 10.37778634015879], [103.8393878908638, 10.377766369663991], [103.83944915862568, 10.37772635316582], [103.83952258741203, 10.37772243565342], [103.83958778897954, 10.377722569705812], [103.83964895564907, 10.377730742030941], [103.83971427375398, 10.37771885163211], [103.83974699960228, 10.377702825736447], [103.8398244293473, 10.377707053369582], [103.83985700492157, 10.377719144980455], [103.83993455972792, 10.377707279682703], [103.83999167600204, 10.377687325792483], [103.84002439330717, 10.377675368345937], [103.84007311562618, 10.37769544927831], [103.84010906147695, 10.377711616283905], [103.84011800218613, 10.377715703146231], [103.84012879503807, 10.377707497913718], [103.8401547712385, 10.377687660847092], [103.84018742241689, 10.3776636785814], [103.84024048692676, 10.377659809485808], [103.84030165360893, 10.37766798168696], [103.84033837225789, 10.377663988595305], [103.84039548016963, 10.37764801269932], [103.84044858671794, 10.377624072406732], [103.84055464144484, 10.377608196973839], [103.84062798721722, 10.37760030095034], [103.84068104338594, 10.377600409849354], [103.84072594682453, 10.377612617086504], [103.84074628988611, 10.377622694460873], [103.840758514101, 10.377628686676005], [103.84080334307396, 10.377632847167721], [103.84086443529738, 10.377632972527177], [103.84092161765898, 10.377625043270822], [103.8409828012011, 10.37762516879504], [103.84102778053051, 10.377601121319614], [103.8410442373871, 10.37759184274101], [103.84108483057169, 10.377569142425253], [103.84114194676013, 10.377549188324277], [103.84121536699632, 10.377549338900499], [103.84121947633797, 10.377549347327774], [103.84128480287659, 10.377533388123892], [103.84133784336976, 10.37749733246334], [103.84138283929751, 10.37746532879723], [103.84145628466584, 10.377453454699356], [103.84150924950002, 10.377453563272862], [103.8415663898502, 10.377465705065662], [103.84163969361343, 10.377477879974785], [103.84169674265577, 10.377490021557813], [103.84171435676822, 10.37749503026105], [103.84175387451685, 10.377506231798035], [103.84179058463435, 10.377506307017999], [103.84183120463737, 10.37751443682835], [103.84186387991528, 10.37752255035708], [103.8419047246974, 10.377510518953542], [103.84195374691049, 10.377474545365926], [103.84197826226391, 10.37745452432895], [103.84198109711086, 10.377452631503571], [103.84203952985334, 10.377414416901225], [103.84209660402774, 10.37741453379411], [103.84215364458177, 10.377430743776697], [103.84216294851038, 10.377435825848737], [103.84219031276373, 10.377450890120041], [103.84224331849909, 10.377475138409615], [103.84234109571327, 10.37748736327014], [103.84241863379097, 10.377483453502785], [103.8425165944609, 10.377451558085758], [103.84257783707118, 10.377423384760984], [103.84258597236253, 10.377419604144938], [103.84269209376586, 10.377371722613365], [103.84273300549673, 10.377327595308323], [103.84274061230929, 10.377314501266532], [103.84274821968728, 10.377301135992456], [103.84276984976863, 10.377263388417926], [103.84280663534203, 10.377227299245586], [103.84288407354798, 10.37722745765565], [103.84293313674895, 10.377215533338346], [103.84298216729513, 10.377175491102038], [103.84304738558222, 10.377167577893793], [103.8430921728577, 10.377191718826873], [103.84312475682454, 10.377199832040706], [103.84314110286046, 10.377199865463954], [103.84317372869566, 10.377187907499069], [103.84320232821146, 10.37717991938637], [103.84324716565993, 10.37718001105393], [103.84330839100154, 10.377160064955465], [103.84335323674362, 10.37715617853739], [103.84337771013593, 10.377156228560995], [103.84343078303671, 10.377148290449146], [103.8435042618335, 10.377120322768956], [103.84355320861417, 10.377120422790936], [103.84358570126993, 10.37712853577172], [103.84364696777536, 10.37713263904008], [103.84369497668813, 10.377144580976907], [103.84371213573452, 10.377148865353032], [103.84374894562232, 10.377144872051534], [103.84379215779924, 10.377136100035823], [103.84381803657904, 10.377119065200498], [103.84387852511365, 10.377102101051443], [103.8439259639333, 10.377080860918866], [103.8439586251423, 10.377051905658453], [103.84396923768978, 10.37704252457683], [103.84400382750536, 10.377008329406229], [103.84401251824264, 10.37695708406206], [103.84402130048345, 10.376905748493074], [103.8440387201507, 10.376828753808846], [103.84407773747883, 10.376773321060563], [103.84411227152349, 10.376722038064026]]], "type": "Polygon"}, "properties": {"id": 2.0, "area": 261915.58, "perimeter": 2268.44}}, {"type": "Feature", "geometry": {"coordinates": [[[103.84436771211034, 10.367452797007545], [103.84462178475215, 10.36664738990161], [103.84676723391898, 10.366304757233431], [103.84698564243544, 10.36626994045992], [103.84700025779114, 10.366267619447562], [103.84701487277209, 10.366265479256173], [103.84701676998486, 10.366275337929903], [103.84784432015545, 10.365503097238884], [103.85061403704806, 10.363587371964645], [103.85135075846472, 10.363370153575943], [103.85217384910648, 10.36329306409894], [103.85263832845072, 10.363891165953389], [103.852844080876, 10.364371302432437], [103.85287832968632, 10.364591070833567], [103.85282413549541, 10.365012911372117], [103.85242693688673, 10.366023452641402], [103.85166749817088, 10.366760763442516], [103.85013194931018, 10.366616622212753], [103.8491608981535, 10.367233884842078], [103.84941007150668, 10.367645941055088], [103.8503190411029, 10.369148967352201], [103.85062586509144, 10.369769627589987], [103.85052786119405, 10.370134148560213], [103.85048849642432, 10.370270499588388], [103.85048813320927, 10.370446710361835], [103.85052897457462, 10.370568667234048], [103.85063369418921, 10.370711909383536], [103.85076972908622, 10.370858379148071], [103.85095514555202, 10.371015165048139], [103.85107918665267, 10.371132588466716], [103.85121990973512, 10.3713085415913], [103.85133645310525, 10.371475133506136], [103.85142873693546, 10.371626758576417], [103.85151947664689, 10.371774402413571], [103.85165680023155, 10.372049439243158], [103.85182167475102, 10.372293339706781], [103.85217595870434, 10.372618268788651], [103.85227203258542, 10.372703449015193], [103.8524767118627, 10.372774834309272], [103.8525952489748, 10.372816119831501], [103.8528236361221, 10.372860067645856], [103.85426460770884, 10.37287254977831], [103.85639180422191, 10.372229381346497], [103.85731486153192, 10.371728722217044], [103.85859441130329, 10.371860204832197], [103.85939725805392, 10.371869490969189], [103.86212383021643, 10.371776365328156], [103.8633270755467, 10.37112281599814], [103.8644004885543, 10.370773330169305], [103.8654856727278, 10.370744553396758], [103.8670693846597, 10.37097596476213], [103.8692593272115, 10.371177005006547], [103.87017569414323, 10.371362970242549], [103.87157788129984, 10.371865419569135], [103.8717355599373, 10.37197078608621], [103.87176762044518, 10.371921031971834], [103.87178043736219, 10.371904782938751], [103.87179014154697, 10.371892505930797], [103.87183205738343, 10.371800458449238], [103.87187381212057, 10.371743399929635], [103.87188670400606, 10.37168953981761], [103.87195398347444, 10.371654682004754], [103.87203102741789, 10.371623098071733], [103.87208553501615, 10.371581886464758], [103.8721209633652, 10.371537563583395], [103.87214664000896, 10.371483547608404], [103.87222042798834, 10.371436135237065], [103.8722845769962, 10.371414109681636], [103.87233590372585, 10.371411045509383], [103.87239350614828, 10.371420651206414], [103.87245126940192, 10.371395358330448], [103.87248976465975, 10.37137002782744], [103.87254750899214, 10.3713542281142], [103.87260833902998, 10.371348018042992], [103.8726404827794, 10.371348080783239], [103.87269489539162, 10.37135451579414], [103.8727148072808, 10.371352203952819], [103.87274933320519, 10.37134829322066], [103.87279420176023, 10.37133246833511], [103.87282627938721, 10.371319873302994], [103.87288404277176, 10.371294489934714], [103.87292259763325, 10.371285071936073], [103.87297053929842, 10.37128516546311], [103.87304103007969, 10.371288467373423], [103.87309555937581, 10.371282154507067], [103.87316288552549, 10.37126962818658], [103.87320465555337, 10.371250632792764], [103.87324305312558, 10.37122846641079], [103.87325600459906, 10.371190428376048], [103.87326114697002, 10.371176062956568], [103.87327207362998, 10.371145977194674], [103.87333623510382, 10.371117622632715], [103.87336831286979, 10.371104937132522], [103.87344858430521, 10.371057446690438], [103.87347415642235, 10.37100994002535], [103.8735070781401, 10.370986135526312], [103.87352235025334, 10.370975044663098], [103.87357040835889, 10.370962480698303], [103.87362502243998, 10.370959422721725], [103.87366668850362, 10.37094675587443], [103.87370830098537, 10.37091510247666], [103.87376924129258, 10.370899308762318], [103.87379174956516, 10.370877111353424], [103.87382382711075, 10.370864516216347], [103.87387510662886, 10.370839210440652], [103.87391690799866, 10.370804392974724], [103.8739617228311, 10.370769581371798], [103.87401312525333, 10.370728363365407], [103.87406121491549, 10.37069988693867], [103.87411896516699, 10.370681012947125], [103.87416063746214, 10.37066518163744], [103.87419282532413, 10.370643003043247], [103.87424408592642, 10.370627190389113], [103.87430500712604, 10.37062098016409], [103.87435947010808, 10.370602009317253], [103.87439804369794, 10.370583097948758], [103.87445251295068, 10.370560962690389], [103.87450376724726, 10.37054831438827], [103.87453897784751, 10.370567459757075], [103.87457495308638, 10.370569428398886], [103.87459988019128, 10.370570742660412], [103.87469925851055, 10.370558278363866], [103.87475053163627, 10.370536136836197], [103.87480924864249, 10.370536251041491], [103.87484020519817, 10.370536311248053], [103.87486903006739, 10.370552189343453], [103.87488183011197, 10.37059036794896], [103.87489772867, 10.370631716987097], [103.87491372500614, 10.370669811395599], [103.87496487833671, 10.370708064578627], [103.87504180845355, 10.370733619829503], [103.87510891096844, 10.37078772603739], [103.87515379500002, 10.370810054555095], [103.87522415048811, 10.37083550657228], [103.87528819236248, 10.370867365531238], [103.87537793225341, 10.370880197558098], [103.87540037733218, 10.370889824807678], [103.8754130863155, 10.37092791280704], [103.87547393839225, 10.370956601125037], [103.87551873743024, 10.370975765021456], [103.87556690578401, 10.370953617332752], [103.8756021731156, 10.370944192619046], [103.87565986063528, 10.37095696230481], [103.87569180900996, 10.370963443585513], [103.87572705753125, 10.370963512045067], [103.87577507168358, 10.370973098515499], [103.87580708003681, 10.370995401941055], [103.87585185403005, 10.371027223375576], [103.87588714982228, 10.371049533177134], [103.87591587703109, 10.371068665813773], [103.87596076761167, 10.371087739416936], [103.87601195265694, 10.371110080053171], [103.87608242449369, 10.371122964894992], [103.87618181909407, 10.371148473075806], [103.87624253268606, 10.371154919716847], [103.87628102463424, 10.371177235679706], [103.87636109754229, 10.37118371986411], [103.87640286094863, 10.371167978849984], [103.87646376971084, 10.371168097011813], [103.87661433346379, 10.371177882278102], [103.87665918287242, 10.371171640440043], [103.87675526782904, 10.371162243124243], [103.87680977811122, 10.371165513222318], [103.87686428821625, 10.371168873722533], [103.87693795014567, 10.37118483856068], [103.87699876759986, 10.371184956444312], [103.87704358554419, 10.371194626945844], [103.8771045354112, 10.371220150746781], [103.87714293611674, 10.371242466433372], [103.87716852396628, 10.371232932378522], [103.87721667331637, 10.371220368039447], [103.87725181179604, 10.371229929346267], [103.87737371442928, 10.371233329911567], [103.87747296407005, 10.371239850967022], [103.8775145609202, 10.371262172800936], [103.8776396121241, 10.371243428501487], [103.87769406254897, 10.371230785878554], [103.87774215545899, 10.37124679144269], [103.87779969540692, 10.371288130559043], [103.87783490006038, 10.371310439979295], [103.87788940414217, 10.371316874293314], [103.87794710416267, 10.37132340519501], [103.8779982609135, 10.371313920555528], [103.87804323305396, 10.371291766304081], [103.87808488010225, 10.371288682479], [103.87813288797226, 10.371301523412487], [103.87817780371823, 10.371307939126986], [103.87823546274163, 10.371288973800572], [103.87828685831178, 10.37125100989285], [103.87835422212952, 10.371219315266249], [103.8784280441518, 10.37120047157436], [103.87848237808167, 10.371200576639632], [103.8785080195824, 10.371210119447513], [103.87853683829589, 10.371229252036374], [103.8786104814463, 10.3712548001004], [103.87869060815599, 10.371280360680819], [103.8787993836399, 10.37131863424929], [103.87887632032833, 10.371341114621973], [103.87892751812322, 10.371357126012825], [103.87900116133986, 10.371382673990695], [103.87906206393747, 10.371385956060204], [103.87913894711627, 10.371389268986757], [103.87919663471929, 10.371402128461783], [103.87925112015516, 10.371418055740605], [103.87930872891916, 10.371424586224148], [103.87935357227684, 10.371421417995558], [103.87939208319789, 10.371434240406668], [103.87941771228361, 10.371450111940216], [103.87944967345011, 10.371450173647494], [103.87950416514134, 10.371462936486704], [103.87952007699839, 10.371497866124685], [103.87951680574369, 10.371536013552141], [103.87950706980814, 10.371564564858085], [103.87953920739054, 10.371567791307593], [103.87956806376944, 10.371567847010299], [103.879616103087, 10.371564775326947], [103.87968988152265, 10.371568082131795], [103.87971542536944, 10.371580879480119], [103.87976661079445, 10.371603219537828], [103.87982430487516, 10.371612824094358], [103.87986273715867, 10.371619227067669], [103.87991077025596, 10.371619319738675], [103.87994293898822, 10.371606724157745], [103.87996850793664, 10.371606773482773], [103.88001012388827, 10.3716195114004], [103.88002944190971, 10.37159414296975], [103.88006144063058, 10.371575127816461], [103.88012563054637, 10.371578506439231], [103.8801447948056, 10.37158487221869], [103.88017373247294, 10.371543609866837], [103.88023143501356, 10.371502493389919], [103.8802763945949, 10.371486667615377], [103.88032769644009, 10.371496259756457], [103.88035641775788, 10.371518556412079], [103.88038843273863, 10.37153769500428], [103.88040442339368, 10.371579043988458], [103.88043962845758, 10.3716012627242], [103.88049726235784, 10.371595044992775], [103.8805325671544, 10.371566542931706], [103.88055184762594, 10.371560251269338], [103.88058067290405, 10.371576128873672], [103.88059343231676, 10.371588901516464], [103.88063834195329, 10.371598481290796], [103.88068637505445, 10.371598573845706], [103.88074719263192, 10.371598691024706], [103.8807792014274, 10.371620993978349], [103.88083050953294, 10.371627421642584], [103.88090426526941, 10.371595829197215], [103.88095562950863, 10.37157368684138], [103.88101638063372, 10.371561146198184], [103.88107743074976, 10.371535858064073], [103.88115752877928, 10.371529683468857], [103.88122165260665, 10.37152022327862], [103.8813306256558, 10.371504610994307], [103.8814011354986, 10.371498327470391], [103.8814427825672, 10.371495243209887], [103.88150042886244, 10.37148269649809], [103.88153265378472, 10.371441440338662], [103.88154428129614, 10.371426092715046], [103.8815518801821, 10.371416162044186], [103.88159352723946, 10.371413077763423], [103.88163206328592, 10.371413151903239], [103.8816737291503, 10.371400484002992], [103.88171541346304, 10.371378413310849], [103.88174430726988, 10.371359392010245], [103.88180511239594, 10.371365837784985], [103.88183726862042, 10.371359570806987], [103.88186929861307, 10.371324552646241], [103.88188862267975, 10.371296019694313], [103.88193985807015, 10.371292953806064], [103.8819718917553, 10.371302599046821], [103.88199104983507, 10.3713121291169], [103.88199232668576, 10.371312945277685], [103.88202625481507, 10.371334438095356], [103.88207118308917, 10.371334524471663], [103.88210647531167, 10.371312351026283], [103.8821577793156, 10.37127429588583], [103.88221806877313, 10.371217723596365], [103.88222529615862, 10.371210956605466], [103.88226371176702, 10.37117929590971], [103.88230224970326, 10.371131813386185], [103.88230563674689, 10.371081008486579], [103.88231539949456, 10.370992062076127], [103.88237318678786, 10.37095410976647], [103.88239883047937, 10.370916005275506], [103.88251759509335, 10.370843180739898], [103.88261379148251, 10.370776822458597], [103.88270043519928, 10.370738835096112], [103.88282545702161, 10.37068826374988], [103.88288001090545, 10.370669291605505], [103.88295066144107, 10.370637692703134], [103.88301779835108, 10.370628328336528], [103.88308843027914, 10.37060622260309], [103.88312050765684, 10.370593536103316], [103.88314294255319, 10.370561844623607], [103.88318469319984, 10.370552431503757], [103.88334498817133, 10.370489269979496], [103.88339954199392, 10.370470297742918], [103.88345410182515, 10.37044825150766], [103.8835309432698, 10.370426157582582], [103.88357911741222, 10.370400753842839], [103.88364329684721, 10.370362723134637], [103.88371697759261, 10.370369193226992], [103.88377459885932, 10.37036930369196], [103.88381313028437, 10.370324985366763], [103.88386769642909, 10.370299684245802], [103.88395110029043, 10.370283931619777], [103.8839747514864, 10.370283976944844], [103.88399274100621, 10.370284011418727], [103.8840183346102, 10.370271402812097], [103.88405690163856, 10.370255564237441], [103.88410164714139, 10.370255649971137], [103.88412736135007, 10.370274776125749], [103.88412090711023, 10.370306498299268], [103.88410799407497, 10.370325550446944], [103.8841111467119, 10.370347797788078], [103.88413356113304, 10.370373246445755], [103.88416561989735, 10.370370053040396], [103.88420407688561, 10.370363797887725], [103.88422010089177, 10.370341587282626], [103.88427475375306, 10.37027189406574], [103.8843100766256, 10.370233898356087], [103.8843678635553, 10.37019594566417], [103.88438391244611, 10.37016098703379], [103.88440191926958, 10.370152161161345], [103.88449295945226, 10.370107220003216], [103.88452176166767, 10.370088198260206], [103.88457632772045, 10.37006289701294], [103.88458279426848, 10.370024846024444], [103.88458932741237, 10.36999945281537], [103.88463099916957, 10.369983620111762], [103.88470803542498, 10.36995519744038], [103.88477519686975, 10.369933175089539], [103.88487783748373, 10.369933371507505], [103.88496393361513, 10.369941763714392], [103.88497717214993, 10.36994305480769], [103.88505074299998, 10.369959017620197], [103.88516297811681, 10.369956067887891], [103.88521753157747, 10.36993718574199], [103.88526238688154, 10.369927778281243], [103.88529109009588, 10.36995947730341], [103.88531665731212, 10.370007173217775], [103.88534226791877, 10.370032627907278], [103.88545436220144, 10.370055083525306], [103.88554412712614, 10.370055255117792], [103.88568190028784, 10.370068176087521], [103.88575877696427, 10.370074742229644], [103.8858132934101, 10.370074846393518], [103.88587101213022, 10.370071792252112], [103.88589977092256, 10.370075011606039], [103.88625543961564, 10.370082019683025], [103.88639961121198, 10.370091788149317], [103.88653104767576, 10.37007621693531], [103.88659841666748, 10.370041356113738], [103.88683882564555, 10.370010080206312], [103.88697671618773, 10.369962696149736], [103.88710173693008, 10.369912213492077], [103.88719688984736, 10.369865290322693], [103.88720438507391, 10.369861597724865], [103.88731980530054, 10.369817335094279], [103.88738086078656, 10.369788881308638], [103.88745454897564, 10.369744539096521], [103.88752190532712, 10.369716097288324], [103.8875988919237, 10.369713079541015], [103.88762517003467, 10.369724069433332], [103.88763721425, 10.369729065028018], [103.88767571939064, 10.369744960447015], [103.887746265681, 10.369719689081569], [103.88779111475128, 10.369713445664893], [103.8878743590364, 10.369732681084823], [103.88792561155593, 10.369767677648623], [103.88796079206872, 10.369802734017997], [103.88803434446635, 10.369828279775968], [103.88811130037041, 10.36984108392399], [103.8881978321363, 10.369860325520355], [103.8882874995918, 10.369863660573268], [103.88841254387538, 10.369847986003762], [103.88852150384729, 10.369838700033208], [103.88865613643166, 10.369823043605802], [103.88873624012415, 10.369813702683922], [103.88883245265689, 10.36978531546313], [103.88889971145599, 10.36976003758989], [103.88895426487048, 10.369741064383245], [103.88904719607767, 10.369709506443092], [103.88909855337117, 10.369690527136754], [103.88914666617477, 10.369649390747224], [103.88917565158697, 10.369582812269723], [103.88918622842449, 10.369543955259], [103.889188619671, 10.369535189850305], [103.88921103550057, 10.369512991117862], [103.88926877865062, 10.369497278742031], [103.88934572959617, 10.369465509526789], [103.88945483627006, 10.369427562942866], [103.88950931649597, 10.369399186661765], [103.88957665422309, 10.369380237620497], [103.88959584309228, 10.369373945223305], [103.88964392514075, 10.369348630773858], [103.88968249776337, 10.369329717507805], [103.88976590729013, 10.369310798936224], [103.88984276035187, 10.369282374650446], [103.88989085462069, 10.369250731352952], [103.88993585039765, 10.369215827339838], [103.88998393852218, 10.369187348431764], [103.89005768062933, 10.369162082604943], [103.89008658601372, 10.369136731701941], [103.89014759286778, 10.369086035950064], [103.89017014890341, 10.369038522079864], [103.89020548320174, 10.368994196861339], [103.89025996976247, 10.368962475216206], [103.89030816138123, 10.368927667618847], [103.8903498449923, 10.36890550533852], [103.89042683224471, 10.368854839830963], [103.89043645743345, 10.368835781169455], [103.89046538723865, 10.368797772608655], [103.89050398440232, 10.368766111205254], [103.89053917835083, 10.368747101011813], [103.89057125510352, 10.368734504150575], [103.89061620836544, 10.368674284619054], [103.89060991442288, 10.368623461198972], [103.89064215624633, 10.368572710818512], [103.89066451764776, 10.368531344546724], [103.89068391984412, 10.368509139988959], [103.89070951918073, 10.368493366419452], [103.89075906688979, 10.368418328017595], [103.89078728233405, 10.36837190976141], [103.890846855467, 10.368306926061617], [103.89092194039013, 10.36824821015682], [103.89097526199534, 10.3682049134462], [103.89105028101515, 10.368180282675239], [103.89110983166735, 10.368174157035243], [103.8911410260575, 10.368192840964028], [103.89117857528235, 10.36818359964139], [103.8912067487307, 10.368158880123666], [103.89124430982467, 10.368143490805094], [103.89127581414272, 10.368143550452833], [103.89129435146614, 10.36814358554847], [103.89134431977493, 10.368134367717579], [103.89136626567729, 10.368118948823424], [103.89138822955987, 10.36809421753393], [103.89141328040472, 10.368078714101701], [103.89149158083707, 10.36805716344049], [103.89155728547033, 10.368032514918475], [103.89157925526624, 10.368004709620426], [103.89159483898909, 10.367973727819304], [103.89159822853188, 10.36796812869386], [103.89161682692725, 10.367936519712373], [103.89165439984326, 10.367914982354566], [103.89168570964144, 10.367921189603793], [103.89168970960786, 10.367930509599875], [103.8916950733938, 10.367942906181632], [103.89172675282516, 10.367946853828213], [103.89175144570363, 10.3679275523898], [103.89177959518351, 10.367915219206433], [103.89181083756927, 10.367909039881999], [103.89182329555878, 10.367888901586937], [103.89184530290754, 10.367888943213599], [103.89186558709945, 10.36788283356844], [103.89188596871278, 10.3678735596887], [103.89189531599445, 10.367856489512695], [103.89190903950352, 10.367843044090083], [103.89192247336261, 10.367837735192717], [103.89193471923093, 10.367832876107721], [103.89194860130092, 10.367831907829501], [103.89197360710062, 10.367839730543613], [103.89199079558578, 10.367828913615687], [103.8920002282475, 10.367814917603308], [103.89202371758812, 10.367804112588068], [103.89203769201991, 10.367802602008968], [103.89206125471337, 10.367801109558574], [103.89209095359183, 10.367790316278962], [103.89210969742, 10.367777965282047], [103.89212542779337, 10.367765608586836], [103.89213074665926, 10.367753955503016], [103.89213322267392, 10.367748535468008], [103.8921489530449, 10.367736178771484], [103.89216294246809, 10.36772689278874], [103.89218332092513, 10.367719246297879], [103.89220525194041, 10.367711512328544], [103.89221632515248, 10.367699146824972], [103.89223351954952, 10.367685255888457], [103.89225069319971, 10.367682123932079], [103.89228201188052, 10.36768372013072], [103.89229890129535, 10.367685921938776], [103.89230693525181, 10.367686931654223], [103.89232730795102, 10.367682268736925], [103.89233207489853, 10.367672694080703], [103.89233821647746, 10.36766059048803], [103.89235705456859, 10.367646702650841], [103.89237900649034, 10.367628119276047], [103.89241811689188, 10.367614269743939], [103.89247136970705, 10.367606504528633], [103.89250726310631, 10.367603498339738], [103.89251064182528, 10.367603504723292], [103.89254945143512, 10.367603578045324], [103.89258231953379, 10.367606714144552], [103.89261355281766, 10.367605236143234], [103.89265264230193, 10.367602235975458], [103.89269024667793, 10.367611709846017], [103.8927214531364, 10.367624155222856], [103.89273714167378, 10.367633497283364], [103.89274962524252, 10.367647444299402], [103.89274959545645, 10.367662904685549], [103.89276365510067, 10.367664558653313], [103.89278239907117, 10.367652117203548], [103.89279171634037, 10.367650597796008], [103.89280886891021, 10.367658405614904], [103.89282136136573, 10.36766774163596], [103.89284015171735, 10.367678626552157], [103.89284167432061, 10.367694089869936], [103.89284163548253, 10.36771425166034], [103.89285410408145, 10.367735974071694], [103.89286814892652, 10.367745313022489], [103.89288851848863, 10.367742277478484], [103.892908891185, 10.36773761452406], [103.89292294491305, 10.36774234248008], [103.89293543145479, 10.367754752492024], [103.8929448073063, 10.367770230636701], [103.89295099003137, 10.367784165749448], [103.89295881036465, 10.367801268371984], [103.89296972658941, 10.367822987848516], [103.89299472057819, 10.367836958474635], [103.89302437190064, 10.367850847479037], [103.89305713374287, 10.367861758758249], [103.89309939845556, 10.367869613965293], [103.8931165748953, 10.367865035376855], [103.89313695055657, 10.367858835410733], [103.89316197136347, 10.36785888263483], [103.89317290553359, 10.36787128970835], [103.89319159258301, 10.36788841283476], [103.89322599222086, 10.367902401194524], [103.89324480940503, 10.367899362698745], [103.8932619889776, 10.367893156693324], [103.89327927465969, 10.36787926587135], [103.89328549307947, 10.367874666595895], [103.89330886130998, 10.367879321699778], [103.89332144214816, 10.367890194872516], [103.893327642817, 10.367894817581805], [103.89334324598696, 10.367901085446862], [103.89336978942792, 10.36791659597169], [103.89339168458717, 10.367927486715228], [103.89342763645162, 10.367941568394562], [103.89345263638754, 10.367952464991415], [103.89349171112472, 10.367957149711856], [103.89351526495643, 10.367960268148103], [103.89353397882168, 10.367963467865419], [103.89355262537728, 10.367954190604951], [103.89357767907116, 10.367937149999586], [103.89360903953842, 10.367917047280077], [103.89362942998001, 10.367903162293993], [103.89367162427126, 10.367900167859228], [103.89369509565438, 10.367898675116864], [103.89374370316594, 10.367884752918982], [103.89377645599814, 10.367900365531279], [103.89380139140674, 10.367897338538167], [103.89384835521132, 10.36788341322519], [103.89387657802413, 10.36788039242361], [103.89390780838083, 10.367880451295525], [103.89395629761918, 10.367880542695914], [103.89400634515442, 10.367877563019249], [103.89403446482923, 10.36788069002277], [103.894103268119, 10.36785912081376], [103.89413305826086, 10.36784832751396], [103.89416743787666, 10.367825246831643], [103.8941847296, 10.367808191551115], [103.89421132955431, 10.36779431822592], [103.89424740855728, 10.367789775189276], [103.89428175566749, 10.367783601470482], [103.8943270726079, 10.367771300398347], [103.89435678340524, 10.36775426850159], [103.89439757619083, 10.367720260024656], [103.89441950993992, 10.367711079314912], [103.89443505220736, 10.36770152491828], [103.89445233140351, 10.367690979260345], [103.89448056322823, 10.367683256998918], [103.89454928103713, 10.367658613522115], [103.89457753664885, 10.367638504856407], [103.8945994735134, 10.367627696724098], [103.89463391486981, 10.367619986140168], [103.89465886535828, 10.367609093265473], [103.89469020489325, 10.367599839832073], [103.89472936780568, 10.367606151982333], [103.89474179226812, 10.367603372599095], [103.8947574140324, 10.367599966349976], [103.89476207709018, 10.36759690112026], [103.8947714945222, 10.36759077083248], [103.8947904269516, 10.367575255608527], [103.89482001948379, 10.367572237300186], [103.89483161081014, 10.367575333123774], [103.89484977381905, 10.367580068730884], [103.89487943406196, 10.36758934657347], [103.89489350569589, 10.36758476204461], [103.89491390213806, 10.36756771256455], [103.89494515329649, 10.367556921935684], [103.89496861562874, 10.367560130504458], [103.89498741212965, 10.36756785089122], [103.89499204238531, 10.367581873460425], [103.89499984807684, 10.367606661030022], [103.89502007267795, 10.367631562378286], [103.89504818922265, 10.367636316702283], [103.8950810662138, 10.367634841553288], [103.89511540739649, 10.36763174173975], [103.89513112863071, 10.367624086296338], [103.89513271103198, 10.36760844800032], [103.89511238001094, 10.367591412300879], [103.89509358367867, 10.367583601509528], [103.89507954761835, 10.367569651658155], [103.89508587242013, 10.367557186703804], [103.89509367269106, 10.367537220330629], [103.89509069793175, 10.367517052862395], [103.89509531356707, 10.367491113307025], [103.89509540575138, 10.367490661420549], [103.89512821812994, 10.367475262699067], [103.89513725744581, 10.367475822175333], [103.89515323596622, 10.367476846764635], [103.8951971037374, 10.36745830441247], [103.89521639845677, 10.367444326846893], [103.89522060475095, 10.367441351162983], [103.89525041268723, 10.367421245354183], [103.8952753808338, 10.367401130440223], [103.89531457435409, 10.367343882950184], [103.8953334152529, 10.367328457931603], [103.89535382050066, 10.367306797426387], [103.89537413148064, 10.367286673746221], [103.89538821506113, 10.367275850789827], [103.89542112184226, 10.367258824797968], [103.89544770973527, 10.36725118976901], [103.89548214496561, 10.367246643498742], [103.89553064903154, 10.36723895925311], [103.8955728432298, 10.367235964562632], [103.89561195641087, 10.36722057763265], [103.89564130355886, 10.367202640806521], [103.89564477775255, 10.367200477448542], [103.89564551001936, 10.367199574704934], [103.89566363353488, 10.367177277005764], [103.89568094594489, 10.367149372237469], [103.89569652610885, 10.367120017620659], [103.89570916056476, 10.367102953498136], [103.89571074553336, 10.36708595902199], [103.8957185580583, 10.367059573401756], [103.89573111003324, 10.367037898111407], [103.89574530275908, 10.367017762907611], [103.89576249402626, 10.367005408769238], [103.89578442179763, 10.366999301957668], [103.89580625253272, 10.36699617855808], [103.89582972973912, 10.36699161165863], [103.89585632072037, 10.366982349183852], [103.89587049264215, 10.366973063374397], [103.89588449076697, 10.36695916622591], [103.8959126547451, 10.36693914767375], [103.8959378023269, 10.366920660456417], [103.89595344137292, 10.366908212979121], [103.89600524523023, 10.366846378069324], [103.8960380753435, 10.36682166684558], [103.89608497131913, 10.366795354619248], [103.89612252615254, 10.366783038703733], [103.89614911416426, 10.36677531320165], [103.89617570200163, 10.366767678108967], [103.89620392193247, 10.366766103682805], [103.89623050093613, 10.366763079581059], [103.89625872363725, 10.366760058563184], [103.89626804381268, 10.366757002053834], [103.89628686696928, 10.366750798965494], [103.89630096538687, 10.366732200561191], [103.89631499309088, 10.366702842994796], [103.89632909739149, 10.366681170591864], [103.8963557241729, 10.366653192855356], [103.89639652820732, 10.366613126519557], [103.89640906245941, 10.366600673190097], [103.89643721165906, 10.366588339580886], [103.89647488737259, 10.366560563395423], [103.89649361919737, 10.366554360122626], [103.89652019818165, 10.36655133599573], [103.89656233073791, 10.366532790188348], [103.89660308454303, 10.366518943212593], [103.89664373231899, 10.36651278105349], [103.89667973471985, 10.366500462156832], [103.89672049439935, 10.366483541168252], [103.89674390117685, 10.366468034213382], [103.89675669344167, 10.366463899258445], [103.89676581713003, 10.366468075326345], [103.8967768486029, 10.366477408457532], [103.89678460756211, 10.366478960016476], [103.89679557436249, 10.366474369575627], [103.89680346321815, 10.366455759498646], [103.89681116338485, 10.36644031348797], [103.89682525812495, 10.366423613703288], [103.8968691261797, 10.366404799872887], [103.89690833363103, 10.366387785535833], [103.89693959343417, 10.36637238370556], [103.89699277523394, 10.366353858559851], [103.89704129971668, 10.366335415084457], [103.89709450813449, 10.366302966520129], [103.89712268097212, 10.366278246445338], [103.89714153659159, 10.366255045905328], [103.89717433699332, 10.366245794956345], [103.89721662842219, 10.366239635803346], [103.89724011748544, 10.366228830389192], [103.89728864193616, 10.366210386874432], [103.8973257390405, 10.366198612425807], [103.89733240911343, 10.366196545449682], [103.8973653008209, 10.366187294651663], [103.89737939327411, 10.366171770192242], [103.89738763248957, 10.366160936188992], [103.89740282955131, 10.36614080278505], [103.89745451507363, 10.366092890846762], [103.89747966854968, 10.36607123908935], [103.89751414493098, 10.366045084195022], [103.89754850960192, 10.366029597706685], [103.8975673561911, 10.366011098547384], [103.89759706959629, 10.3659925293311], [103.89762211394404, 10.365980189796069], [103.8976550175416, 10.365964700558791], [103.89768316370392, 10.365953903833091], [103.89770345355028, 10.365944719807402], [103.89771917775157, 10.365935436817614], [103.89773170000758, 10.365929221839457], [103.89774732684565, 10.365923103086965], [103.89776303031829, 10.365924669499917], [103.89777389402552, 10.365926226848833], [103.89779426343975, 10.365923190984368], [103.89780404136825, 10.36591950240114], [103.89781455051798, 10.365915453538712], [103.89782268872428, 10.365909682407665], [103.89783649596855, 10.365900034174151], [103.8978569009553, 10.365878373493267], [103.89788814598738, 10.36587065656026], [103.89792104645356, 10.365856794705081], [103.89793822877016, 10.365849051438428], [103.89795467710218, 10.36584311503742], [103.8980617742242, 10.36580434792787], [103.89808381407914, 10.36578730130527], [103.89809953895264, 10.36577765664886], [103.89810877294596, 10.365771887560953], [103.89811516664001, 10.365771085819025], [103.89813224710204, 10.365768857485172], [103.89815414229965, 10.365779747906691], [103.89816510336199, 10.365778141003062], [103.89817763440632, 10.365767315009107], [103.89818706949829, 10.365751872206959], [103.8981974141277, 10.365738329759347], [103.89820592794327, 10.365727134598393], [103.89822934339729, 10.365707016529791], [103.89824973350369, 10.365693131229241], [103.8982731311778, 10.365682325564102], [103.89829514443856, 10.365679202330464], [103.89831851243055, 10.365683947477578], [103.89833412164614, 10.365687050690532], [103.89834106047498, 10.365687696556552], [103.89835137748827, 10.365688619978593], [103.89835440058788, 10.36568356255993], [103.8983607212532, 10.365673176999826], [103.89837335844157, 10.365654575760454], [103.8983796122898, 10.365631351564765], [103.89839523323586, 10.365628306777642], [103.89841248027633, 10.365634487060037], [103.89842653107588, 10.365640751774729], [103.89844523607262, 10.365648562199478], [103.89846011268774, 10.36565274898047], [103.8984671402448, 10.365654751190373], [103.8984859572607, 10.365651712377002], [103.89850933129192, 10.365653293100012], [103.89852347047828, 10.36566109498069], [103.89853121769895, 10.365668794494074], [103.89855309807106, 10.365687460297066], [103.89858122055193, 10.365689049895574], [103.89859839680827, 10.365684471002464], [103.89861558203268, 10.36567519069875], [103.89863596332559, 10.365665916370562], [103.89865479810439, 10.365653565139594], [103.89866575605653, 10.365653585629552], [103.89870017642647, 10.365656723998423], [103.8987267258368, 10.365669160088663], [103.8987548274536, 10.365681689490854], [103.89877195663513, 10.365701792989698], [103.89877975069385, 10.365732818893665], [103.89880630597611, 10.3657421809791], [103.89883122360106, 10.36574837557933], [103.89885004648207, 10.365742262746041], [103.89887507007819, 10.365740772516732], [103.89888603992904, 10.3657345545901], [103.89889391967883, 10.36572064586288], [103.89890325755785, 10.365708276865723], [103.8989142303376, 10.365700521938622], [103.8989361462462, 10.365700562900669], [103.89895338140897, 10.365712981564196], [103.89896277802349, 10.365717700552747], [103.89897208935496, 10.36571925495983], [103.89898148907255, 10.365722346536723], [103.8990033991227, 10.3657254614931], [103.89904249714657, 10.365717849533244], [103.89906288722082, 10.365703964179161], [103.8990737686805, 10.365696209075757], [103.89907999007937, 10.365689982269243], [103.89908630865366, 10.365680681634332], [103.8991144842163, 10.365654424372712], [103.89912857949192, 10.365637362830475], [103.89916304397975, 10.365617355746169], [103.89917867387976, 10.365609609510356], [103.89919752345371, 10.365589482837018], [103.89920533840414, 10.365561650523343], [103.89921322123688, 10.365546114375896], [103.89923516952668, 10.365529157910736], [103.89926333920577, 10.365505974633386], [103.89927422995687, 10.36549333728869], [103.89929006263668, 10.365475013214878], [103.89929472872247, 10.365470320503505], [103.89931199627475, 10.365465741741533], [103.89933229207648, 10.36545339319754], [103.89935724483153, 10.365441143761911], [103.89938392690868, 10.365431881151865], [103.89938861366186, 10.365416339030386], [103.89940894476652, 10.365385456074685], [103.89942468956158, 10.365365323588062], [103.89943568884055, 10.365343645233715], [103.89946063882758, 10.365332842377105], [103.89949980176215, 10.365339063524962], [103.89955610264487, 10.365312858734974], [103.8995905582901, 10.36529746259981], [103.89961250086114, 10.365283489694036], [103.89963912397027, 10.365257229483303], [103.8996828556356, 10.365261922132152], [103.89970478029656, 10.365257352041136], [103.89972050148258, 10.36524960594751], [103.89975011580772, 10.3652350144666], [103.89975304136773, 10.365233211685542], [103.89975889214344, 10.365229786946836], [103.89977681420976, 10.365217162706331], [103.89978055765594, 10.365217440929005], [103.89980027953689, 10.36521874350453], [103.89981275146818, 10.365238928671163], [103.89984388133145, 10.365243688192246], [103.89985495124088, 10.365232859401626], [103.89989089459813, 10.365203452138399], [103.89991283990364, 10.365188032622962], [103.89994262961982, 10.365177238757681], [103.89996766796908, 10.365167973030019], [103.899992688594, 10.365168019710575], [103.90001772401624, 10.365160290978649], [103.90004431766161, 10.365149491141104], [103.90005839789691, 10.36514029537584], [103.90007556533176, 10.365140327400118], [103.90008340097185, 10.365149564047872], [103.90008802867645, 10.365165033144565], [103.90010052419392, 10.36517283189104], [103.9001334245012, 10.365158969799358], [103.90014751350772, 10.365145163030684], [103.90017410714793, 10.365134363182078], [103.90018044047227, 10.365117287112128], [103.90019289180479, 10.365100312864282], [103.90020242996412, 10.365078631754978], [103.90022436957064, 10.365066195804717], [103.90023834970937, 10.365061610860216], [103.90026346749083, 10.365058583689855], [103.90028219623905, 10.365053917186403], [103.90030878694388, 10.36504465432575], [103.90033848531864, 10.365033860251911], [103.90036663424084, 10.365021526281003], [103.9003870123501, 10.365013879247822], [103.90041833669947, 10.365012400641808], [103.90043386353338, 10.365010802170598], [103.90046829555308, 10.365007792347784], [103.90049652099944, 10.365003233946586], [103.90051524974169, 10.364998567429176], [103.90052464051648, 10.365006360372243], [103.90055130189879, 10.365007947072305], [103.90057461105756, 10.36499560406184], [103.90058869144346, 10.364986317860255], [103.90059974945885, 10.364981727453397], [103.90062011002843, 10.364983302404628], [103.90063406970489, 10.364989476442004], [103.90065131074626, 10.36499882101673], [103.90066691686407, 10.365003551527673], [103.90068419331175, 10.36499427127769], [103.90069361365144, 10.36498651339289], [103.90072492040767, 10.364946247940198], [103.90074997040423, 10.364930834149238], [103.90077346218239, 10.36491849146383], [103.90079062376502, 10.364921597449252], [103.90080467166572, 10.364929399061173], [103.90081718197061, 10.364929422368608], [103.90082962157828, 10.364918596093615], [103.90083750723632, 10.36490152290032], [103.90083917154426, 10.364890676550598], [103.90085479535716, 10.364886094640434], [103.90087041040731, 10.364886123729566], [103.90089077973514, 10.364883087663312], [103.90089853284019, 10.364887713122132], [103.90091269267434, 10.364884665487507], [103.90094713361157, 10.364876954200472], [103.90096431271618, 10.364870838176296], [103.9009799573119, 10.36485531643596], [103.90098309126073, 10.364839952218007], [103.90099408457486, 10.36482134780275], [103.90100661274009, 10.364811968278621], [103.90102380369196, 10.364799613838917], [103.90104893329968, 10.36479034819345], [103.90106454834562, 10.364790377272888], [103.9010767126174, 10.364780273771451], [103.90109262651417, 10.364767193652938], [103.9011208608632, 10.36475793378308], [103.90114899204538, 10.364754912152845], [103.90116734657134, 10.364754946328034], [103.90117109259003, 10.3647538683577], [103.90118974252877, 10.364742601570153], [103.90120062390574, 10.364734846389522], [103.90122564742097, 10.364733355972088], [103.90124921279828, 10.36473032583256], [103.90126218225195, 10.364728993795632], [103.90127889652182, 10.364727216668966], [103.90131797377978, 10.364730453834882], [103.90133977771373, 10.364741343872334], [103.90136167004694, 10.364753771078528], [103.9013788345466, 10.364755340032234], [103.90139146860558, 10.364738275661336], [103.90140235873221, 10.364725909473025], [103.90141332249385, 10.36472285586717], [103.90143368305381, 10.364724430766206], [103.90146334892559, 10.364730724410238], [103.90149620210732, 10.364741634999795], [103.90151025310874, 10.364747809169517], [103.90151188495558, 10.364754050640821], [103.90150081803525, 10.364763342492726], [103.90151484844276, 10.364780366075587], [103.90154152148563, 10.364775804691892], [103.90155240869062, 10.364764975498506], [103.9015650367347, 10.36475107553253], [103.90158376253218, 10.364747945951322], [103.90160712760199, 10.364754227858874], [103.90163688187994, 10.364762058657387], [103.9016650013926, 10.3647651849828], [103.90169001907663, 10.36476676852978], [103.90170096825393, 10.364771399915396], [103.90171191142673, 10.364779195712986], [103.90174633466717, 10.364780796752028], [103.90177135235315, 10.364782380292766], [103.90180577250688, 10.364785608737566], [103.9018229459317, 10.364782476255094], [103.90183858156321, 10.364771655882995], [103.90185111244759, 10.364760829735893], [103.90187139627706, 10.364754719436053], [103.90189332396638, 10.364748521779818], [103.90192930540974, 10.36474705168535], [103.90194491754053, 10.364748617722263], [103.90198410087673, 10.364744079564026], [103.902006013816, 10.3647456573135], [103.90202319889775, 10.364736376818655], [103.90203420089377, 10.364713161362976], [103.90205602834521, 10.36471166493842], [103.90206541915256, 10.364719457838282], [103.90208101670885, 10.36472870887045], [103.90211388740347, 10.36473039739575], [103.90214200692046, 10.364733523679565], [103.90215758665015, 10.364752177534148], [103.90217316055288, 10.364773905388866], [103.90220919817347, 10.36479096984964], [103.90222316061944, 10.36479569723074], [103.90224827854075, 10.364792579491251], [103.90226546944666, 10.364780224982372], [103.9022748955712, 10.364769393047753], [103.90228743518298, 10.364753955881493], [103.90230780757882, 10.36474929231199], [103.90232185259974, 10.364758630859832], [103.902335791566, 10.364775744651446], [103.90236389926503, 10.364785109329805], [103.90239201296389, 10.36479130959308], [103.90242343734849, 10.364785219958234], [103.90244681734933, 10.364783635979874], [103.90246716901183, 10.364789912227224], [103.90248278114888, 10.364791478238288], [103.90249694987715, 10.364783729119523], [103.90250948656637, 10.364769828944542], [103.90253133166863, 10.364759020073008], [103.90255325917656, 10.364752912782858], [103.90257985271188, 10.36474211272857], [103.90261264408902, 10.364737472207793], [103.90264397132493, 10.364734456382303], [103.90266581367985, 10.364725094089962], [103.90268776156644, 10.36470822778649], [103.90271597822951, 10.364708280188797], [103.90272682445912, 10.364719059372897], [103.90277377256275, 10.364712998531209], [103.90278948766002, 10.364708416694503], [103.90280510270688, 10.364708445689203], [103.90281139478142, 10.364713068390367], [103.90281137423122, 10.364723917806272], [103.90281910081961, 10.364742557049077], [103.90283160529937, 10.364745654278918], [103.90283782061476, 10.36474259180711], [103.90284405665041, 10.364728589507415], [103.90285347676098, 10.3647209219676], [103.90287230259719, 10.364713181478276], [103.90288482762408, 10.36470542928995], [103.90290520274966, 10.3646993190931], [103.90292239071579, 10.364688501547928], [103.90293491865121, 10.364679212356899], [103.90295684340788, 10.364674551627283], [103.90296304981798, 10.3646761905666], [103.9029755395733, 10.364687063205764], [103.90299279539838, 10.364688632243086], [103.90300056907613, 10.364682408236444], [103.90301319996632, 10.364666971209132], [103.90302728917307, 10.364652983481983], [103.90304126052895, 10.364653009414178], [103.90306160346702, 10.364663896626137], [103.90307098847953, 10.364674763499293], [103.90308195513637, 10.364670172834876], [103.90309128118497, 10.364663951707032], [103.9031068902397, 10.364667145100114], [103.90311464046536, 10.364673307507767], [103.90313032919804, 10.364682649071932], [103.90315221869525, 10.364696613160687], [103.90316937721593, 10.364701346432332], [103.90317568692424, 10.364696656710715], [103.90318036458108, 10.364685815936074], [103.90318813226533, 10.364682756337883], [103.90321169180953, 10.364682800054673], [103.90323825588523, 10.364687550775018], [103.90326328538536, 10.364682895785034], [103.90329463023775, 10.364670567479333], [103.90331179765721, 10.364670599329427], [103.90331498191301, 10.364676843673603], [103.90332425816635, 10.364696932374859], [103.90333366372145, 10.364696949823935], [103.90335553805066, 10.364670680475264], [103.90339152530446, 10.364666136214804], [103.9034274951079, 10.364670813954845], [103.90344784387814, 10.364678627141622], [103.9034649907709, 10.364689508400788], [103.90347748345317, 10.364698844020674], [103.90349310158054, 10.364697245569362], [103.90350407114074, 10.364691117889468], [103.90351348251171, 10.364688061331705], [103.90351969799109, 10.364684908434462], [103.90353385488952, 10.36468339768325], [103.90354005856673, 10.364686483200586], [103.903557208371, 10.364695827454236], [103.90356823709168, 10.364706697362054], [103.90358376954713, 10.36470211514719], [103.90359009087963, 10.36469127741386], [103.90360262170438, 10.364680451194923], [103.90362444333759, 10.364682028665], [103.90365730241602, 10.364689865036048], [103.90369326641384, 10.364697616748403], [103.90371198620932, 10.364697651455405], [103.9037823909041, 10.364697781977824], [103.9038293126653, 10.364705644400399], [103.9038463829598, 10.36470875005456], [103.90386674644593, 10.364708787799294], [103.90389331634877, 10.364710464464403], [103.90390580631046, 10.364721246657465], [103.90391517956053, 10.364738351923062], [103.90392457041769, 10.36474614477123], [103.90393707781665, 10.364747704957797], [103.90394805044761, 10.36473994984968], [103.90395593884176, 10.364721339569133], [103.90396382125272, 10.364705893701968], [103.90397625493878, 10.364698141300396], [103.90399972009504, 10.36469981220304], [103.90401066930852, 10.364704443511805], [103.90405286605449, 10.364699910683594], [103.90408263817326, 10.36469833842964], [103.9041044656219, 10.364696841865442], [103.90412638438644, 10.364695345468938], [103.90414355180988, 10.364695377274709], [103.90415451845392, 10.364690786572888], [103.90417334135601, 10.364684583006476], [103.90418895931022, 10.364683074932948], [103.90420767910649, 10.364683109611047], [103.9042265844394, 10.364681607625378], [103.90424841786607, 10.364676946637493], [103.90426093107304, 10.364675432809412], [103.90427498777007, 10.364678623271036], [103.90428282933651, 10.364684785820964], [103.904296865706, 10.364698735288714], [103.90432343270841, 10.364701948919382], [103.90433128879575, 10.364700426463129], [103.90434063822401, 10.364681818877765], [103.90434842947029, 10.364666282419076], [103.90437504634497, 10.364643095792355], [103.90439694751359, 10.364650911795179], [103.90441572634533, 10.364668034465295], [103.90443451696336, 10.364678918718393], [103.90445952886029, 10.364683576052428], [103.90449231133455, 10.364683636753096], [103.90451577956833, 10.364683680205287], [103.90456271023078, 10.364686841106685], [103.90457674644267, 10.36470088097474], [103.90458768098195, 10.364713287681592], [103.90461105209725, 10.364716404960092], [103.90461890818398, 10.364714882496752], [103.90463297376516, 10.3647133715279], [103.9046501529711, 10.36470716489044], [103.90466268086023, 10.364697875629314], [103.90468307063867, 10.364683989900461], [103.90470187304668, 10.364688635722185], [103.90470814739722, 10.36470266121816], [103.90471742664427, 10.364721212883065], [103.9047283669939, 10.364730545583212], [103.90474871870667, 10.364736821688538], [103.90477840241472, 10.364733712200026], [103.9048018793582, 10.364729144628114], [103.9048253738805, 10.364715264635699], [103.90485341969901, 10.364709078096071], [103.90487846369014, 10.364696737973313], [103.9049020319459, 10.364692170562808], [103.90494267938199, 10.364686007331656], [103.90497090475694, 10.364681448532432], [103.90500059135933, 10.364676802021785], [103.90503657279976, 10.364675331578383], [103.90507409791292, 10.364678475006135], [103.90510995289563, 10.3646956292241], [103.90511925246697, 10.364703421870068], [103.90513812572996, 10.364718917256122], [103.90515528735814, 10.364722023010453], [103.90517402165885, 10.364714372626183], [103.90518344188678, 10.36470661460309], [103.90518656710269, 10.364695770924445], [103.90517563543901, 10.364681827235406], [103.90516790870937, 10.36466318804147], [103.90518820424933, 10.364650839111569], [103.90521643268886, 10.364644652877304], [103.90525707124634, 10.364643191021395], [103.90530559521825, 10.364624655843292], [103.90533374683237, 10.364610784423089], [103.90535560343271, 10.364593827348337], [103.9053806504662, 10.36457985977161], [103.9054057739797, 10.364573758191941], [103.90542447911068, 10.364581568217373], [103.90543230893455, 10.3645939691576], [103.90545264906173, 10.364606393224067], [103.90547138062138, 10.364600189411144], [103.90549013536581, 10.364581689586267], [103.90551053106965, 10.364564639387844], [103.90552927404728, 10.364552377977715], [103.90555905484597, 10.364546194581752], [103.90557942991889, 10.36454008421194], [103.90560757571939, 10.364529286769388], [103.90563563906483, 10.364513787739462], [103.90565921599092, 10.364504609267827], [103.9056889112615, 10.364495351687856], [103.90572334917093, 10.364489176881639], [103.90574684363803, 10.364475296818455], [103.90577653890368, 10.364466039230077], [103.90579847520092, 10.3644552302977], [103.90582040280714, 10.364449032368114], [103.9058453494642, 10.364439856412684], [103.90586097626219, 10.364433646840547], [103.90588446492708, 10.364422840769642], [103.9058969752235, 10.364422863878362], [103.9059095621852, 10.364430662574536], [103.90593138961357, 10.364429165884802], [103.90594546403696, 10.36442295344112], [103.905961158641, 10.36442922086831], [103.90597984930046, 10.364444715869302], [103.9059985515444, 10.364454062863265], [103.90601271728382, 10.364447850585284], [103.90602369854348, 10.364435484398237], [103.90602683241427, 10.36442002970494], [103.90601434255701, 10.364409157178827], [103.90599861865556, 10.364418440593026], [103.90597989307736, 10.364421480023047], [103.90596119662757, 10.364409059025116], [103.90596123171821, 10.364390434183406], [103.90598153010751, 10.36437654819902], [103.90600190822856, 10.364368810387951], [103.9060223037218, 10.364351850566397], [103.90602544934394, 10.364330157455035], [103.9060348928742, 10.364310012980917], [103.90604578877301, 10.364294482209138], [103.90605832239764, 10.364282118887132], [103.90607241707889, 10.364265147426533], [103.90608193420823, 10.364254405952309], [103.90610844513574, 10.364238904011671], [103.90612562412045, 10.364232787704019], [103.90614290327548, 10.364221970147444], [103.9061601086525, 10.36420183999997], [103.90617888104258, 10.364173937297705], [103.9062227593583, 10.364149245369111], [103.90623217954449, 10.364141487312649], [103.90624472473327, 10.364122975976104], [103.9062510635008, 10.364102825762826], [103.90626195921138, 10.364087385394388], [103.90627292018883, 10.364085778208645], [103.90628551004183, 10.364092039888412], [103.90629014672568, 10.364102897908113], [103.906297976574, 10.36411529882887], [103.9063058151051, 10.36412308874458], [103.90631668221415, 10.364122837566752], [103.90632454423826, 10.364118150645291], [103.90633862425823, 10.364108954591682], [103.90635736156091, 10.364099676721072], [103.90638395782109, 10.364087339339793], [103.90641055118573, 10.36407653895785], [103.90642627795204, 10.364065718520036], [103.9064482053506, 10.364059610957165], [103.90646372616655, 10.364061176605606], [103.90647001828646, 10.364065799237641], [103.90647620445425, 10.364078197121291], [103.90648092956742, 10.364090592308791], [103.90649497758722, 10.364098393678333], [103.90651223340844, 10.364099962526055], [103.90652629895762, 10.364098451472302], [103.9065371715116, 10.364095307107316], [103.90654503046896, 10.364092247593794], [103.90655756406662, 10.364079884250646], [103.90657329661396, 10.36406598980196], [103.90659359206413, 10.364053640777719], [103.90662173200552, 10.364045917245182], [103.9066389022938, 10.36404441191407], [103.9066592657474, 10.364044449479614], [103.90667798551421, 10.364044484011828], [103.90668191056828, 10.364045304961833], [103.90675310927102, 10.364060173476352], [103.90677803563139, 10.364061756457463], [103.90682031491295, 10.364061834432693], [103.90685630513028, 10.364055662364045], [103.90692513592992, 10.364018629880496], [103.90693768107425, 10.364000118514232], [103.906973761407, 10.363946028139729], [103.9069854814715, 10.363929233081537], [103.9069941801181, 10.363916681825133], [103.90700985941054, 10.36388253492551], [103.90703181892223, 10.363859339477347], [103.90706940211726, 10.363831561807142], [103.90710221664969, 10.363814534392507], [103.9071334407296, 10.363817756373107], [103.90715855259603, 10.36381780265853], [103.90717886262743, 10.363797678173647], [103.90720082212107, 10.363774482712804], [103.90723991975909, 10.36376686973084], [103.90726959452594, 10.363768461423419], [103.90728792403205, 10.363781785792233], [103.90729932288049, 10.363790124718566], [103.90731347089266, 10.36379331521534], [103.9073321965947, 10.363790185292885], [103.90736966804937, 10.363773256842853], [103.9073931448937, 10.363768689075446], [103.90743531549403, 10.36377798881125], [103.90745410906337, 10.363787335889382], [103.90749008751794, 10.363787402167105], [103.90751355858592, 10.363785908394865], [103.90753226967632, 10.363790553882499], [103.90754320430806, 10.363802960494258], [103.9075604366789, 10.363817006124947], [103.90758854464502, 10.363826279939216], [103.90762132993642, 10.363824803313985], [103.90763230822546, 10.36381397406885], [103.90765106568824, 10.363793937105402], [103.90766215584229, 10.363772168189268], [103.90768560250919, 10.363735051953535], [103.90771855756739, 10.363691805194803], [103.90777328480013, 10.363676445477013], [103.9077920639412, 10.363693477546073], [103.9078061062063, 10.363704352863522], [103.90782806276279, 10.363682694358877], [103.9078406195572, 10.363657944533072], [103.90786243538474, 10.363662595717141], [103.90787802119189, 10.363678175307504], [103.90789681493982, 10.36368743194833], [103.90791720451956, 10.363673546002035], [103.90793752875561, 10.363645826867131], [103.90796260158109, 10.363618026058775], [103.90797934174563, 10.363602415559109], [103.90799233167901, 10.363590143407722], [103.90801592307334, 10.363573189332499], [103.9080346370458, 10.363576297788523], [103.90803545277775, 10.363579554129114], [103.90803925918767, 10.363594931208953], [103.90805336663512, 10.363619730115278], [103.90807679712633, 10.363639844743277], [103.90810335832596, 10.363646132063423], [103.90814866846425, 10.363636902981137], [103.90818624000161, 10.36361527318191], [103.90821130991905, 10.363589009354966], [103.90822853244067, 10.363559657073534], [103.90824111244456, 10.36352252080024], [103.9082646748081, 10.363521027139853], [103.90827396289235, 10.363534967706487], [103.90828645568381, 10.363544303145595], [103.90830371148921, 10.363545871896061], [103.90832709122283, 10.363544377895234], [103.90834116268046, 10.363539702343814], [103.90837874572911, 10.363511924511558], [103.90840690882536, 10.363491814387405], [103.9084272895511, 10.363482629825386], [103.90845863122469, 10.3634718379999], [103.90850558213126, 10.363464148890348], [103.90856185301296, 10.363453402895418], [103.9085963051821, 10.363439542760103], [103.9086306399202, 10.363439605885976], [103.90865877976611, 10.363431882169104], [103.90867915759912, 10.363424234592827], [103.90871827856364, 10.36340414458387], [103.90877930073184, 10.363391870276029], [103.90882938246128, 10.363370263391136], [103.90887471542516, 10.363348828595642], [103.90892160109011, 10.363327215822165], [103.90897021005547, 10.363311844651058], [103.90900300410624, 10.363305666462352], [103.90904063772169, 10.363299587573689], [103.90908284305388, 10.363290352651335], [103.90912972005717, 10.363273350853644], [103.9091751358343, 10.36325643677712], [103.90920484834791, 10.363237866432554], [103.90923466064307, 10.363214775657074], [103.90928306679164, 10.363210163119147], [103.90931601432877, 10.363219536082276], [103.90932848986688, 10.363238093497408], [103.90933620818082, 10.363261343612372], [103.90934244800015, 10.36329390347154], [103.90936578994966, 10.36331257125092], [103.90939697354345, 10.363337401458173], [103.90942829197611, 10.363338995967933], [103.90944081679974, 10.363331243511645], [103.90945180652568, 10.363314266189358], [103.90947055538142, 10.363298749706974], [103.90951593626988, 10.363300460436559], [103.90953629968602, 10.363300497817303], [103.90953477931565, 10.363283407115228], [103.90953169489578, 10.363272551985855], [103.90949884153956, 10.363261642209226], [103.90948636886854, 10.363241547797527], [103.90949734995391, 10.36322918148107], [103.90952860025534, 10.363218389380107], [103.90957874427966, 10.363212242979712], [103.90960998865233, 10.36320461528776], [103.90963645870704, 10.363210811901608], [103.90964428579386, 10.363224749750268], [103.90967084124273, 10.363234110946214], [103.90969904325412, 10.363241938153775], [103.90971466417164, 10.363238802391757], [103.90972089970663, 10.363224890350738], [103.90970997075823, 10.363209409803623], [103.90970843582316, 10.363200094527002], [103.90970998819078, 10.363200097375744], [103.9097241392536, 10.363201660351887], [103.909739742568, 10.363207927428375], [103.90975853618025, 10.363217274374078], [103.90976627771092, 10.363228138047168], [103.909774104804, 10.363242075893], [103.90977251486693, 10.363262144491227], [103.90976306585046, 10.363285363096676], [103.90975051497327, 10.363307039001949], [103.90974583180595, 10.363320953892062], [103.90975046284785, 10.36333488587368], [103.9097612974403, 10.363351993666667], [103.90980518868896, 10.363368981289762], [103.90983795650597, 10.363376816863328], [103.9098645236493, 10.363379939621554], [103.90988324338755, 10.363379973965037], [103.90988483061146, 10.363361351956819], [103.90990679259131, 10.363336709707125], [103.90992715008969, 10.363339911480592], [103.90995052405478, 10.363341491365889], [103.90997404614014, 10.363361515617141], [103.90999904924307, 10.363370873939568], [103.91003812360765, 10.363375647044549], [103.91006624599791, 10.363377235630674], [103.91010223321793, 10.363372600193442], [103.9101396841959, 10.363366520840545], [103.91016946481496, 10.363360337005995], [103.91020081775646, 10.363343487407482], [103.91021955491142, 10.36333420930262], [103.91026329804899, 10.363332752495968], [103.91028688643611, 10.3633173352489], [103.91029935171099, 10.363292585147658], [103.91032916123196, 10.363270940857555], [103.91035420204135, 10.36326013729192], [103.91036510327542, 10.363241622765276], [103.91037300275316, 10.36321686429117], [103.91038555071106, 10.363196725361771], [103.91040586050575, 10.363176600658733], [103.91042316549955, 10.36315185942247], [103.91043571328252, 10.363131810902647], [103.91044981072663, 10.363113211818316], [103.91046546628337, 10.363091541572555], [103.91048740808641, 10.363077658299481], [103.91051244600207, 10.36306839172315], [103.91053906501483, 10.363043757960435], [103.91054043762361, 10.363042223467552], [103.9105594716826, 10.363020649819873], [103.91059228595974, 10.363003622033219], [103.91061578011818, 10.362989741595085], [103.9106408208961, 10.362978938005176], [103.91065489500302, 10.36297281575807], [103.91066120169974, 10.362969662883945], [103.91067727089576, 10.362970958095328], [103.91068611922476, 10.362975946979393], [103.91068865730918, 10.362985987388727], [103.91069237371177, 10.363000731393626], [103.91069544076697, 10.363020898943754], [103.91071422578302, 10.363034856843532], [103.91073293975933, 10.36303796514236], [103.91074400923425, 10.36302713595035], [103.91075179421513, 10.363014763733084], [103.91075959659658, 10.36299307908582], [103.91076749890856, 10.36296678359662], [103.91078944085938, 10.362952809889682], [103.91081914734426, 10.362937403806747], [103.91084273567583, 10.362921986515405], [103.91086613867118, 10.362908015478784], [103.9108926548426, 10.362889529529133], [103.91092091191996, 10.362867882336355], [103.91097097891245, 10.362854050531762], [103.91100067676736, 10.362843255440119], [103.91102736694509, 10.362829380822138], [103.91106646456727, 10.362821676951032], [103.91110566498472, 10.362807825229897], [103.91112896786574, 10.362798555427], [103.91115253878341, 10.36279245054195], [103.91116662165193, 10.362781626850115], [103.91118846347915, 10.362772354368248], [103.91121824098776, 10.362767797847209], [103.911249465198, 10.362770929013065], [103.91127446255958, 10.362783361242457], [103.91127918497935, 10.36279729337294], [103.9112791444694, 10.362818992240708], [103.91129946448297, 10.362842265379062], [103.91131352422593, 10.362843828117745], [103.91134786752342, 10.36283927994056], [103.91138068748104, 10.362819178063576], [103.91140730083896, 10.362797527818113], [103.91141672660142, 10.362786695593527], [103.91142139804336, 10.36277901909879], [103.91143247035508, 10.362766652877923], [103.911451204574, 10.36275891170028], [103.91147777742603, 10.362758960316988], [103.91150278643886, 10.362765154104334], [103.91151060769538, 10.362782256330258], [103.91151998148761, 10.36279927098396], [103.91154652532443, 10.36281487045116], [103.91157737162871, 10.36282478181397], [103.9115990990209, 10.362827895574423], [103.91162383696282, 10.362832551848447], [103.91162465863512, 10.362832643763623], [103.91165022145523, 10.362835674123673], [103.91167495939871, 10.362840330393837], [103.9116920923352, 10.362858805830058], [103.91170447399087, 10.362878809584656], [103.91170590063298, 10.362897256295607], [103.91173070695974, 10.362914208754777], [103.91175855251159, 10.362917333693447], [103.91178494274708, 10.362917381951547], [103.91182217661559, 10.36292974610312], [103.91184543345132, 10.362945158712137], [103.91185937322055, 10.36296209129319], [103.91188871651279, 10.36299451253357], [103.9119336266483, 10.363003816690137], [103.91197085193517, 10.36302079183523], [103.91199099831826, 10.363039272765445], [103.91199872593195, 10.36305764058154], [103.91200171659185, 10.36306985170444], [103.91200169079775, 10.363083684734212], [103.91199633699506, 10.363114505530838], [103.91201038225682, 10.363123843668385], [103.91202909625532, 10.363126951892768], [103.91205100613728, 10.363130156369817], [103.91206660966942, 10.363136332923839], [103.91208384525486, 10.363148750906571], [103.91209631505966, 10.363170472641864], [103.91209937360976, 10.363195251193396], [103.91210555425882, 10.363210722987372], [103.91211493955754, 10.363221589612456], [103.9121586681902, 10.363227907975318], [103.91217752845687, 10.363201542058935], [103.91218690603682, 10.363167564182165], [103.91218387056955, 10.363130399192265], [103.91218391674877, 10.363105626314665], [103.91220112742347, 10.363082421811237], [103.9122450878784, 10.363062340201889], [103.91228256474213, 10.363042337152592], [103.91231702818203, 10.36302232859327], [103.9123342245206, 10.363006809098843], [103.91235152059753, 10.362986769171934], [103.91237036634374, 10.36296817867124], [103.91239688850422, 10.362946437762274], [103.91242193208933, 10.362934097026686], [103.91243286975889, 10.3629449664784], [103.91244847312213, 10.362951233425843], [103.91246419677583, 10.362941949680934], [103.91246578670803, 10.362921790647516], [103.91247835170587, 10.362892429607353], [103.91247853804313, 10.36289044087762], [103.91248466224144, 10.362838193767452], [103.91247528839455, 10.362821179138981], [103.91244564836542, 10.362800963064656], [103.91243482509476, 10.362777707340717], [103.91244253873562, 10.36275457588733], [103.9124661269803, 10.362739158471642], [103.91248488122045, 10.362720658207959], [103.91250373553281, 10.362697456687389], [103.91250376147232, 10.362683533244066], [103.91248816671138, 10.362672655289423], [103.91247878141446, 10.362661788675062], [103.91246628565956, 10.36265399039684], [103.91247419944426, 10.362621456430965], [103.91250702200799, 10.362599907842057], [103.91255244342659, 10.36257982885364], [103.91257273283871, 10.362570553439786], [103.9125900347701, 10.362547349078353], [103.91260569588114, 10.362522604710964], [103.91262445599398, 10.362500940018695], [103.91263700075079, 10.362482428406608], [103.91265422280752, 10.362453075860143], [103.91266996074293, 10.362436107085427], [103.91267627296735, 10.362429970574846], [103.91270904666902, 10.362434641435819], [103.9127419490646, 10.362419241001755], [103.91275447950053, 10.36240841440233], [103.91277012628126, 10.362391355043572], [103.91277799659143, 10.362382147357396], [103.91277958363683, 10.362363525324062], [103.91278903240469, 10.362340306614922], [103.91281562829087, 10.362327968678372], [103.91285629249101, 10.362312582399072], [103.91289229387242, 10.362300261622279], [103.9129439275424, 10.36227865690332], [103.91303620233484, 10.362254052313915], [103.91305621541056, 10.362246042135334], [103.91309413961963, 10.362230922062373], [103.91314878095748, 10.362212396814137], [103.91318323567398, 10.362196999164134], [103.91321933692616, 10.362180067504607], [103.9132521336587, 10.36217235186743], [103.91328871486266, 10.362142853766509], [103.9133012279448, 10.362141339578507], [103.91330586787866, 10.362150570094373], [103.91329589682825, 10.36216004520035], [103.91329588236285, 10.362167820631093], [103.91331210876946, 10.362182768252168], [103.91332906486075, 10.362198169264664], [103.91338658673774, 10.36220198106457], [103.91339591235594, 10.362195850033679], [103.91340853979484, 10.362181949565858], [103.91341899079558, 10.36215990802252], [103.91343307322606, 10.362149265049176], [103.91345636439556, 10.362146233498041], [103.91348213218095, 10.362137239249043], [103.91352122378836, 10.362132699490838], [103.91356342028985, 10.36212807497555], [103.91360417574799, 10.362112688764558], [103.9136322181771, 10.362108128851949], [103.91366510335217, 10.362101950341971], [103.91370886364142, 10.362091180621109], [103.91375903601197, 10.362069663515346], [103.91380743321706, 10.362069751706581], [103.91384260345725, 10.362062401981879], [103.91385916382274, 10.362045072993435], [103.91387635415279, 10.36203271782838], [103.91389817855068, 10.36203275759044], [103.91393890525153, 10.3620328317868], [103.91398266569179, 10.362021971615608], [103.91400459585256, 10.362014236104935], [103.91403903908706, 10.362004986375492], [103.914084342981, 10.361998920853521], [103.91410637587525, 10.361985037486015], [103.9141359679636, 10.361981926947628], [103.91416727472337, 10.36198975941804], [103.91418906452297, 10.362008424032389], [103.91418436729502, 10.362030024020124], [103.91417804032736, 10.362044116818543], [103.91419051326451, 10.362064211063633], [103.91421405250753, 10.362075103403859], [103.91425621154869, 10.362090640673028], [103.9142936451927, 10.36209378284742], [103.91432032358993, 10.362086146372283], [103.91433752834526, 10.362066015749502], [103.91435007298652, 10.36204750406364], [103.9143720088498, 10.362036694519407], [103.91438918791242, 10.362030396930084], [103.91440791900176, 10.362024282989564], [103.91443305963274, 10.362008777834403], [103.91445800873343, 10.361998064180998], [103.91449551639609, 10.362010518934232], [103.91450798633164, 10.362032240584194], [103.9145298560574, 10.36205705335928], [103.9145533865853, 10.362072647099627], [103.91457052805163, 10.362086601790033], [103.91459242363189, 10.362097491112198], [103.91461280410704, 10.36208830614257], [103.9146471157447, 10.36210075506324], [103.91466258501008, 10.362130076799591], [103.91468293108566, 10.362139426287214], [103.9147001667297, 10.362151844133166], [103.9147188607388, 10.362165711228554], [103.91478506231333, 10.362167007025388], [103.9148346028583, 10.362190694757109], [103.91486580978871, 10.362203138007963], [103.91491728004961, 10.36222031955069], [103.91495168017937, 10.362234305610494], [103.91497668051294, 10.36224520055405], [103.91503302505961, 10.362243766005495], [103.91504553529026, 10.362243788753629], [103.91506590452788, 10.362240661360088], [103.91508152518877, 10.36223761574359], [103.91510181149451, 10.362229967580985], [103.91513312132595, 10.36223617254367], [103.91515648368757, 10.362243990476747], [103.91518778480336, 10.362254896859056], [103.91522219936847, 10.362261107457375], [103.91527688012285, 10.362270519320363], [103.91530343283655, 10.362281417060888], [103.91534893380216, 10.362267576260129], [103.91537385725258, 10.362270695574123], [103.9153878854907, 10.362289255594005], [103.91540238405165, 10.362300402657509], [103.91540822003606, 10.362304843466712], [103.91543633685396, 10.362309415176284], [103.91547541690497, 10.362311113609646], [103.91553020625258, 10.3623112131582], [103.91560204581262, 10.362325267169979], [103.91562395568924, 10.362328471402733], [103.9156505171329, 10.362334667690309], [103.91570675597728, 10.362341008292605], [103.91574582481275, 10.36234876429902], [103.91578965345082, 10.36235038090648], [103.9158584967017, 10.362355207362896], [103.91587412607109, 10.362347460282455], [103.9159303764785, 10.36234756241615], [103.91599136659106, 10.36235237458587], [103.91601948041082, 10.362358573661664], [103.91604614456656, 10.362358622064917], [103.91611782781679, 10.362358480943058], [103.91617005833345, 10.36235966068672], [103.91622900426279, 10.362334180969288], [103.91625094577948, 10.36232029728557], [103.91629482880722, 10.36229252991331], [103.9163151353394, 10.3622739418167], [103.91634338615701, 10.362255458544494], [103.91637936750625, 10.362253896401715], [103.91641059157783, 10.36225711747871], [103.9164355150425, 10.362260236710984], [103.91646995255951, 10.362254060728189], [103.91649508441812, 10.362243256833455], [103.91652012780325, 10.362230915766407], [103.91653577421388, 10.362213946624683], [103.91654057129986, 10.362187645333837], [103.91654061412163, 10.362164499852097], [103.9165625671549, 10.362144377714937], [103.91657190994283, 10.362128934148478], [103.91657037765016, 10.362118081888482], [103.91656419395213, 10.362104147173094], [103.91656104942606, 10.362076294468775], [103.9165689801713, 10.362034357524987], [103.91657292112296, 10.362026589210688], [103.91658621054431, 10.362000303319746], [103.91661449293186, 10.361964732145589], [103.91665835614, 10.361898268199376], [103.91667875093071, 10.361881307659145], [103.91670845136896, 10.361868975019407], [103.91672410059356, 10.361850468861887], [103.91673665947074, 10.361824181638863], [103.91674137675435, 10.361791641746606], [103.91672892372434, 10.361760698146592], [103.91672280306456, 10.361712678093559], [103.9167290927746, 10.361669291570466], [103.9167541762334, 10.361635251591105], [103.91674957064647, 10.361607396238398], [103.91672769792429, 10.361584120610454], [103.9167339702406, 10.361550136939385], [103.91676220391427, 10.361540875653308], [103.9167700998389, 10.361517744406443], [103.91677257321207, 10.361513499509924], [103.91676748897797, 10.361497577719575], [103.91675600899079, 10.361483633406047], [103.91674986258103, 10.361449536807791], [103.91674835887551, 10.36142322408825], [103.91674843896443, 10.361379916718352], [103.9167656378463, 10.361362859963812], [103.91679230760577, 10.361359834291049], [103.91682355182431, 10.361352115465834], [103.91683298020558, 10.361339746064196], [103.91682361769226, 10.361316493119194], [103.91681901778628, 10.361285563757244], [103.9168252986111, 10.361246969068473], [103.91685035912178, 10.361225315528957], [103.916884853687, 10.361188218573979], [103.9169036278103, 10.361158778173667], [103.9169427480177, 10.361138687117418], [103.91697255690518, 10.361117042172598], [103.91699131664322, 10.361095377202776], [103.91700696597819, 10.361076780615567], [103.91704451659783, 10.361065999174368], [103.91708061469333, 10.361050604066788], [103.91711497779602, 10.361035205811662], [103.91715246850306, 10.361007426725708], [103.91717751477177, 10.36099345818279], [103.91721039109298, 10.360991980726677], [103.91723549409319, 10.360996727640002], [103.91724106666078, 10.360995471960681], [103.91725577476014, 10.360992062931619], [103.91727460290213, 10.360982784560793], [103.91728869968948, 10.360964275558949], [103.91731211062685, 10.360945783425183], [103.91734978393718, 10.360918004645312], [103.91738425836985, 10.360891757078111], [103.91740457610308, 10.36086702088268], [103.91745626069643, 10.360817568493191], [103.91745828015056, 10.360811876170771], [103.91746332836807, 10.360797871394803], [103.91746562343725, 10.360791275447708], [103.9175110785413, 10.360752661252732], [103.91755327482767, 10.360748036200386], [103.91756156447248, 10.360758900690763], [103.9175626574162, 10.360760439679481], [103.91761587980015, 10.360768311485392], [103.91764557442359, 10.360759052760743], [103.91768778206043, 10.360748279670311], [103.9177378484732, 10.360734446775973], [103.91777696841204, 10.360714446024057], [103.91779736323332, 10.36069739499214], [103.91780672877915, 10.360669564929658], [103.91781927016034, 10.360652680509974], [103.91783813264306, 10.36062477721804], [103.91786007680864, 10.360609356407604], [103.91786126891132, 10.3606066461934], [103.91787419640552, 10.360578460923529], [103.91788521712589, 10.360544395399073], [103.91791330242097, 10.36051650878793], [103.91796028976822, 10.360488746780549], [103.91799013839928, 10.360445493248449], [103.91800890953895, 10.360417589779471], [103.91804493905559, 10.360389807937395], [103.91806788866135, 10.36037384645547], [103.91808718082545, 10.360360500315904], [103.91812638634109, 10.360343573692964], [103.91833606298106, 10.360235548371598], [103.91842218442265, 10.360180010022036], [103.91864142060517, 10.360087371873474], [103.91874147316081, 10.360053557576085], [103.91883999616313, 10.360007353986568], [103.9188855081607, 10.35998727422322], [103.91899486929171, 10.359956460264032], [103.91907947539413, 10.359930303018706], [103.91916855591582, 10.359904153827308], [103.91935319744935, 10.359853404073263], [103.9193828919431, 10.359844145180274], [103.91946418502621, 10.35983190536148], [103.91952839938496, 10.359821171722972], [103.91958310833736, 10.35981512237022], [103.91964731986211, 10.359805925713284], [103.91971444780624, 10.359799808324553], [103.91979581505561, 10.359796881031983], [103.91985207352798, 10.359792371437907], [103.91990687960647, 10.359783157770426], [103.9199350245529, 10.359772359020777], [103.91994753752283, 10.35977084456715], [103.9199897334928, 10.359766309597982], [103.92000855018381, 10.359763179081401], [103.92004599478467, 10.35976026296371], [103.92006790487896, 10.359763286062831], [103.92008980899, 10.3597695639964], [103.92010542101546, 10.359771129143736], [103.9201226595904, 10.359782009699698], [103.9201257586468, 10.359785089306541], [103.92013671078672, 10.35978818306555], [103.92014456387022, 10.35978819721755], [103.92015707401491, 10.359788219761619], [103.92017260602795, 10.359783636717726], [103.92018046758704, 10.359779039851233], [103.92018833778769, 10.359769741554803], [103.92019456415318, 10.359760530708503], [103.92019923268066, 10.359754300664502], [103.92019677166493, 10.359751855094903], [103.92021012441509, 10.359740577603867], [103.92022551068638, 10.359715922739502], [103.9202313017454, 10.359695138319427], [103.92027725407601, 10.35968382914909], [103.9203308698767, 10.359676331099037], [103.92037497497125, 10.35967641055068], [103.92043799271502, 10.359670828079299], [103.92045524425366, 10.359674656472857], [103.92046097267432, 10.359687957415158], [103.92046860492165, 10.359708766016668], [103.9204915284514, 10.359706908641845], [103.92050699189646, 10.359689938956992], [103.92051843765047, 10.359672871623445], [103.92054711750376, 10.35966912595029], [103.92056637448411, 10.359674856610107], [103.92059310882463, 10.359686296715385], [103.92061407654482, 10.35970523066573], [103.92062746496364, 10.359724241380254], [103.92062935119142, 10.359741332723264], [103.92063125136843, 10.359750829448386], [103.92063699042563, 10.359758344012446], [103.92065990698448, 10.35976028393473], [103.92067901255963, 10.359749016781144], [103.92069245328761, 10.35973954767592], [103.9207001551224, 10.359722473595056], [103.92070785346954, 10.359707298168455], [103.92071363403684, 10.359692209701455], [103.92073282760028, 10.359682750951087], [103.92074051548504, 10.359673271487065], [103.9207539596945, 10.359661903724431], [103.92078646431194, 10.359663860897346], [103.92079786124317, 10.359673374716422], [103.92079407898335, 10.359694253177066], [103.92077870338127, 10.359713121695433], [103.92076909091047, 10.359726395017445], [103.92077096668672, 10.359749182323583], [103.92078245510136, 10.359758605895555], [103.92083799184093, 10.359749302970535], [103.92084950449335, 10.359745526370554], [103.92086865902888, 10.359707587629465], [103.9208802272853, 10.359673522967462], [103.92093193591876, 10.359660325401366], [103.92095677705699, 10.359658471444003], [103.92098143589713, 10.359656436331827], [103.92100271542193, 10.359654756786734], [103.92104675343099, 10.359641635811611], [103.9210640363388, 10.35962837628122], [103.92108898621149, 10.359617029204582], [103.92110613947347, 10.359624654708528], [103.9211157101157, 10.359634165231165], [103.92112911598429, 10.359643682653141], [103.92115779234658, 10.35964183557967], [103.92118072632182, 10.359634282191257], [103.92119607419215, 10.359630512477324], [103.92120757605353, 10.35963261265232], [103.92121706965088, 10.359634347564905], [103.92122087717307, 10.359649453288696], [103.92121133861843, 10.359672220062693], [103.92120555442519, 10.359689297606756], [103.92119784233239, 10.359711977253141], [103.92120547446386, 10.359732876251927], [103.92121686095975, 10.359748086020936], [103.92123795122505, 10.35975002261715], [103.92124564258066, 10.359738644485684], [103.92125333393572, 10.359727266354], [103.92125526548313, 10.359719675184342], [103.92126103574054, 10.35971019225804], [103.92126105995885, 10.359696992087374], [103.92126108782644, 10.359681802849884], [103.9212630298236, 10.35966851571606], [103.92126497878743, 10.359651431272827], [103.92127459106985, 10.359638248346815], [103.92133960031275, 10.359642162584286], [103.92136642616295, 10.359653512378776], [103.92139509207804, 10.359657361248331], [103.92145188514158, 10.359660085327583], [103.92146274205001, 10.359615531520308], [103.92196701239178, 10.357557023155804], [103.92818880678676, 10.356863191056888], [103.93064523145738, 10.353284675592546], [103.93105054821454, 10.35334859050507], [103.93189895730342, 10.353746095908614], [103.93284074333978, 10.354216274620443], [103.93329492313086, 10.354428097524469], [103.93393605489462, 10.35467315880492], [103.93522279934074, 10.35444703644332], [103.93631545581165, 10.35434805094359], [103.93647729016527, 10.354333416172967], [103.93666192599117, 10.354845475096344], [103.93688690618598, 10.355469444993165], [103.93694667018896, 10.355444505222714], [103.93694784839782, 10.355449479981093], [103.9371672263599, 10.355375182754178], [103.93723666702039, 10.355351706449751], [103.93725850426625, 10.355344330785448], [103.93793429386368, 10.356128394996649], [103.93805608015886, 10.35640002654297], [103.93859810642891, 10.356922653666027], [103.93845183347216, 10.357325729524865], [103.93887142917409, 10.358658240366422], [103.94008539129904, 10.359934269888278], [103.94027105479984, 10.360129432291957], [103.94115514451427, 10.360918463771194], [103.94250339638215, 10.36212193591063], [103.94309930013058, 10.362653781191263], [103.94367149221198, 10.363272923146855], [103.94433106581772, 10.365711681069676], [103.94270962142168, 10.366288149585476], [103.94216776811096, 10.366480783690696], [103.93939781903984, 10.367465442813703], [103.94228065726193, 10.373176761753268], [103.94499612955025, 10.378619604975459], [103.94592996044828, 10.380498003508546], [103.94646458453789, 10.38157302802802], [103.94934708099314, 10.380523048129916], [103.94930308478618, 10.381868313934941], [103.9479549346635, 10.383929578331472], [103.94700637510476, 10.385379702094838], [103.9465860719789, 10.386022354232477], [103.94640019962402, 10.386869561879953], [103.94432392475842, 10.386890023819081], [103.94382870871951, 10.386924155776057], [103.9437358274635, 10.386927159259818], [103.9434482337032, 10.386936334855484], [103.94346045915411, 10.387097923373476], [103.94351661126112, 10.387259497641327], [103.94357278837845, 10.387458593173484], [103.94363985240908, 10.387698393239926], [103.94367221875584, 10.387986865540624], [103.94371564758482, 10.388216769647421], [103.94372155317858, 10.388440551064788], [103.94376511722096, 10.388645682346201], [103.94380864853909, 10.388869348147578], [103.94380842871006, 10.388993665086454], [103.94379554048146, 10.389155119643695], [103.94376992423398, 10.389490686790527], [103.94376953968084, 10.389708128407731], [103.94383178489274, 10.389987792031897], [103.94383126845455, 10.39027982380228], [103.94386860829407, 10.390441455818943], [103.94388720140512, 10.390565714941403], [103.94396212293921, 10.39075227554436], [103.9439994993851, 10.3909449191284], [103.94399913683596, 10.391149974248126], [103.94399258271586, 10.391292905189038], [103.94399860946376, 10.391448244455098], [103.94405459754779, 10.39170312414171], [103.9441171873391, 10.391839846010285], [103.94420463178074, 10.392020189794009], [103.9442419170018, 10.392212923604372], [103.94424168640504, 10.392343388563566], [103.94419749566063, 10.392492402354469], [103.94420368711602, 10.392554616937758], [103.94421606692637, 10.392629138353263], [103.94424716073928, 10.392759657577077], [103.94425947799526, 10.392921246197929], [103.94434701411353, 10.39310159010887], [103.94440949090789, 10.393250788669446], [103.94443436372256, 10.393387535570401], [103.9444028524514, 10.393493173299227], [103.94438375066741, 10.393604890161022], [103.94442741442414, 10.393754146544385], [103.94450244685625, 10.393878503376737], [103.94458384643723, 10.393965711648606], [103.9446590800265, 10.394027955354101], [103.94477665201224, 10.394059260817372], [103.94479399279317, 10.39406552930152], [103.94480338013416, 10.394076395059988], [103.9447879720237, 10.39411343754833], [103.94478392417159, 10.394130156869272], [103.944781781216, 10.394154202906547], [103.94478120899322, 10.394167944628402], [103.94478902464552, 10.394189657176543], [103.94478899159249, 10.39420837252364], [103.94477637784311, 10.394214498745002], [103.94476540220009, 10.39422388265437], [103.9447638113457, 10.394245578919893], [103.94477165158955, 10.394253367973546], [103.94478572941975, 10.3942456168603], [103.9447966884568, 10.394245635829947], [103.94480142092648, 10.394254956517395], [103.94481556261819, 10.394262756477328], [103.94484224062668, 10.394256564184667], [103.94485640419273, 10.394251977657007], [103.94486260617147, 10.394256599432744], [103.94486103991066, 10.394264372203994], [103.94484695377889, 10.394276824760462], [103.94484838209387, 10.394295452224377], [103.94486882252203, 10.39430480009771], [103.94487821242687, 10.394314219257444], [103.9448843896612, 10.394332854940185], [103.9448843594871, 10.394349942865922], [103.94488587912974, 10.394368570487776], [103.94489534136405, 10.394388748869495], [103.94489365631811, 10.394412072399302], [103.94487802052325, 10.394422894848333], [103.94486857281942, 10.394446204942804], [103.94488415385474, 10.394466393914897], [103.94490614411238, 10.39447728148254], [103.94492182733275, 10.394491322574261], [103.94492331409141, 10.394528575130773], [103.94493422380978, 10.394556531498507], [103.94494047306058, 10.394586107227255], [103.94494197355029, 10.394615584325386], [103.94494191592048, 10.394648223167396], [103.94494643286357, 10.39467616847167], [103.94495589495047, 10.394696437264209], [103.94496049507933, 10.394728993753874], [103.94496043761042, 10.394761542183453], [103.94496198808166, 10.394814436226111], [103.94496814888687, 10.39484238437474], [103.94497748389638, 10.394882905364804], [103.94498060909267, 10.394923234783574], [103.94498053502289, 10.394965186092447], [103.94498046494365, 10.39500487709362], [103.94497104069414, 10.39501489658122], [103.9449537418539, 10.395036565663705], [103.94494273617244, 10.395062947090315], [103.94493794621454, 10.395086174833372], [103.94494265124064, 10.395111046435085], [103.94495668249085, 10.395129695708775], [103.94497393200827, 10.395135964027972], [103.94498966187616, 10.395123604725296], [103.94500217076515, 10.395125163385273], [103.94500371228537, 10.395131404520741], [103.94500056331762, 10.395156262530866], [103.94500837629263, 10.39517951208354], [103.94501618639546, 10.395204389057497], [103.94503018461208, 10.395241753674972], [103.9450348704925, 10.395277474751909], [103.94505511814681, 10.39534432468285], [103.94507077699453, 10.395372198851419], [103.94508322827446, 10.395406396350005], [103.94511149661226, 10.395430585418188], [103.94512569393913, 10.39545863788089], [103.94514280842344, 10.39548967900503], [103.94513801559924, 10.395514534172342], [103.94512236586999, 10.395533222500474], [103.94510792124875, 10.395541786704001], [103.94509610767437, 10.395560210430144], [103.94508664350764, 10.395592832995542], [103.94507874001627, 10.395620847219455], [103.94508008260776, 10.395636310093257], [103.94508654470702, 10.395648798210127], [103.94511628959965, 10.395664310225987], [103.94513052396405, 10.395671387034636], [103.94514401144427, 10.395687684633472], [103.9451515536559, 10.395709125463085], [103.94514393387954, 10.395731625012155], [103.94514480723741, 10.39575422966759], [103.94515005417709, 10.395782537882074], [103.94516105783293, 10.395809047804406], [103.945179190806, 10.395832224794844], [103.94516982067691, 10.395863310511048], [103.94515882599275, 10.395883453494388], [103.9451453409321, 10.395917515705454], [103.9451374238699, 10.395953214975629], [103.94514213738024, 10.395973294722666], [103.94513265133745, 10.39601830377329], [103.94514046418085, 10.396041643735424], [103.94516710116125, 10.396058777797375], [103.94517644196998, 10.396096043939002], [103.94517792859683, 10.396133386904896], [103.94515878626956, 10.39616463653828], [103.94515409018587, 10.396186417844161], [103.9451603396415, 10.396215903156104], [103.94519444956093, 10.39624200099041], [103.9452054698319, 10.396259108032329], [103.9451975720764, 10.396283867414924], [103.94518191417039, 10.396307166770525], [103.94517402167845, 10.396328942546447], [103.94517706643144, 10.396363123767456], [103.94518341823007, 10.396386370788322], [103.94519417809279, 10.396395792311313], [103.9452052066675, 10.39640819791382], [103.94519832450504, 10.39642672058535], [103.94519115639415, 10.396452023705054], [103.94519267877178, 10.396469114315439], [103.9451973919725, 10.396489374886203], [103.94520827244838, 10.396585683101371], [103.94522425453853, 10.396637426742856], [103.94523936741898, 10.39666421500954], [103.94524564561497, 10.39667742610623], [103.94527237126685, 10.396696097328903], [103.94531024204902, 10.396712889163714], [103.94533221604131, 10.396733089176323], [103.94533784347202, 10.396752808851202], [103.94533215828046, 10.39676581842852], [103.94531167379996, 10.396781333959222], [103.94527247577372, 10.396792115663324], [103.94523791606385, 10.396813845308039], [103.94521742343643, 10.396833971859401], [103.94520960055257, 10.396868043865249], [103.94522051036714, 10.396896000224729], [103.9452298976433, 10.396906956386255], [103.94523115099302, 10.396921243741021], [103.94525158601499, 10.396933756028247], [103.94526563379695, 10.396943092824914], [103.94527499650074, 10.396967972478945], [103.94529734123759, 10.396985099108273], [103.94530406745548, 10.397003193257948], [103.9453131761318, 10.397016770899965], [103.94533597192012, 10.397037062747104], [103.94536325449917, 10.397050671822784], [103.94538388223891, 10.39705748844334], [103.94540433530459, 10.3970597841318], [103.9454316418193, 10.397059831357108], [103.94544067911848, 10.397062107300533], [103.94545435809779, 10.397073432528272], [103.94547941312483, 10.397107290159049], [103.94549077704954, 10.397136693897023], [103.94551811539911, 10.397170465060933], [103.94552717224829, 10.397213426694751], [103.94552929245614, 10.397254025607056], [103.94554061667246, 10.397305942005971], [103.94555196465859, 10.397344386971975], [103.94555185316324, 10.397407585168805], [103.9455540686882, 10.397445923931146], [103.94555401700772, 10.397475217515803], [103.9455539374131, 10.397520333252562], [103.94556073903144, 10.397547468785309], [103.94557428683339, 10.397581396925503], [103.94559020529394, 10.397617499065849], [103.9455992821, 10.397649159160386], [103.94560833498335, 10.397694381099374], [103.94563100346767, 10.39773510594967], [103.94563774959443, 10.397793704960659], [103.94563537090116, 10.397847857979567], [103.94564071762863, 10.397923180896791], [103.94564270643089, 10.398038279540016], [103.94566761833275, 10.398153327401271], [103.94567666342203, 10.39820297954069], [103.94569686591903, 10.398295596940187], [103.94570051637238, 10.398348856255573], [103.945700527959, 10.398394062561193], [103.94572591381176, 10.398447540276425], [103.94576684746713, 10.398540193509467], [103.94579634574917, 10.398592141314825], [103.94583268939026, 10.398646451676315], [103.94588499144683, 10.398714261087978], [103.94593057122341, 10.39876171604631], [103.94596178355685, 10.398825691672366], [103.946009559186, 10.39887089010073], [103.94603373445439, 10.39888584994669], [103.94605253834597, 10.39889121677773], [103.94608762436569, 10.39888187448847], [103.94611727493685, 10.398899284927248], [103.94616034814406, 10.398918074739003], [103.94621815987479, 10.398968896054404], [103.94626930732305, 10.399018259249077], [103.94628540157262, 10.399058339816282], [103.9462961123279, 10.399095698708074], [103.94628259935004, 10.39914558311199], [103.94628245958857, 10.399173068293459], [103.94629850203154, 10.399190726451991], [103.94630979867037, 10.399206568162265], [103.94632576094172, 10.399217897300819], [103.94633721251645, 10.399249471065925], [103.94634630536817, 10.399272089912412], [103.94635985746318, 10.39930366730421], [103.94638031057364, 10.399357859756217], [103.94638256984926, 10.399371425543878], [103.94639850043177, 10.399400746727057], [103.9464143076728, 10.399448240624238], [103.94643248559375, 10.399497908515949], [103.94644146339841, 10.39953399863518], [103.94644822530798, 10.399583737226996], [103.9464595895618, 10.399613050523145], [103.94647086631336, 10.39964019376606], [103.94648908677893, 10.399665721570841], [103.94650502518931, 10.399690612546758], [103.94653226425164, 10.399729084917931], [103.94655266192206, 10.399762934435161], [103.94656721228317, 10.399798130045706], [103.94659361588347, 10.399844286038938], [103.94660725266434, 10.399879660896005], [103.9466161377378, 10.399916564564155], [103.94662075162321, 10.399941435986792], [103.94662757582884, 10.39995582336591], [103.94663449279521, 10.399969397191843], [103.9466411833186, 10.400007834085086], [103.94662969992507, 10.400046149195285], [103.94661592937156, 10.400086720671137], [103.94661820434757, 10.400143232457355], [103.94663412304509, 10.400179334553057], [103.94664763953506, 10.400231164289547], [103.94666125898026, 10.400276394085308], [103.94666804497865, 10.40031248041563], [103.94666111184819, 10.40035993504988], [103.94665866186553, 10.40040278638093], [103.9466585744448, 10.400452422732895], [103.94666773081147, 10.40049086388145], [103.94669257570814, 10.40054054326808], [103.94670394383655, 10.400567686661631], [103.94672662873583, 10.400599279803096], [103.94673350591484, 10.400635456701975], [103.94674934924205, 10.40066251740534], [103.94676303632235, 10.40072121878741], [103.94675824760193, 10.400795620070491], [103.94676504142106, 10.40082727619615], [103.94677641354514, 10.400852159280056], [103.94678776592939, 10.400888253488581], [103.94678081703785, 10.400944658941478], [103.94678075335403, 10.400980823860495], [103.94678072963177, 10.400994295292804], [103.94678066196737, 10.401032720519133], [103.94680569642114, 10.401078512484917], [103.94681247257819, 10.40112020437456], [103.9468237057873, 10.401172120576298], [103.94685560079432, 10.401211685910553], [103.94689653132994, 10.401254612098091], [103.94695558222999, 10.401328128994546], [103.94699877210662, 10.401384620954243], [103.94703180873884, 10.401450136650684], [103.94707955706149, 10.40151115709312], [103.9471205174217, 10.401537176154845], [103.94715016304725, 10.401557570116992], [103.94717400938228, 10.401603902483503], [103.94721376866391, 10.401637785356659], [103.94723658860597, 10.401644605653704], [103.94725592028676, 10.401661546142297], [103.94726831298804, 10.401677389713317], [103.94729576900338, 10.401696514111096], [103.94732422930672, 10.40171582106346], [103.94734921741805, 10.401736116565148], [103.94737409941337, 10.401764820251676], [103.94739643426179, 10.40178782355278], [103.94740744386138, 10.401811168978247], [103.94743927264636, 10.401836539371017], [103.94747136301534, 10.401868962392781], [103.94748894757231, 10.401892680799984], [103.94750304864449, 10.401923807033137], [103.94752028220753, 10.401939387701821], [103.94752965619311, 10.401958028850292], [103.94754485908643, 10.401985811715608], [103.94756991677825, 10.402018493844617], [103.94759023354759, 10.402046556759604], [103.94760434020081, 10.40207451855824], [103.94762775400818, 10.402107197850084], [103.947637108927, 10.402136688472305], [103.94764964107898, 10.402177124491566], [103.9476482202908, 10.402206054068047], [103.94765438685326, 10.402230928153799], [103.9476716150352, 10.402249582833642], [103.9476826327776, 10.402268317223367], [103.94769849454514, 10.402284980470556], [103.94773427528933, 10.402296253284474], [103.94776879985992, 10.402294775756541], [103.9477812067573, 10.402302572614559], [103.94778602805228, 10.402313430430695], [103.94778279884065, 10.40233204985837], [103.94777655311206, 10.40235220110258], [103.9477843605661, 10.402378795852396], [103.94780636244066, 10.402383444800497], [103.94782044057783, 10.402375693572814], [103.94782829205984, 10.402377244113096], [103.94783457714391, 10.402386657849098], [103.94782824549324, 10.402403734918636], [103.94782975721951, 10.402426973555878], [103.94785018189337, 10.402445633733793], [103.94788620438543, 10.402475260701973], [103.94791904423762, 10.402497016289795], [103.947951983526, 10.402514161004124], [103.94797387485949, 10.402529749673143], [103.9479991276866, 10.402555379926659], [103.94803134605485, 10.402567008224207], [103.94807678360121, 10.40259194993228], [103.94810499324375, 10.402598056152014], [103.94814746336549, 10.4025965922666], [103.9481866564872, 10.402588974677895], [103.94821324923178, 10.402579707965144], [103.94823837533069, 10.402573512753097], [103.94826346315595, 10.402589106906033], [103.94827760816435, 10.402595279311418], [103.94830889532656, 10.402617122600867], [103.94835290166924, 10.402624973828937], [103.94838741817918, 10.402628107264054], [103.94842184876016, 10.402628166519666], [103.94846568610494, 10.402628241959125], [103.94850817813746, 10.402614301126608], [103.94856462681209, 10.402609787210377], [103.9486022402159, 10.40261762740525], [103.94863986457213, 10.402619229145959], [103.94867283390877, 10.402619285860803], [103.94870844715017, 10.402621969085091], [103.94873782503137, 10.402638926770223], [103.94873616034465, 10.402650767956409], [103.94874241293425, 10.402678716201308], [103.94875801364891, 10.402688055530586], [103.94876587609238, 10.402683367598554], [103.94878635795817, 10.402669479285535], [103.94879259823601, 10.40265240203788], [103.94879736806621, 10.402640566191517], [103.94881783644267, 10.402634362923381], [103.94883855341884, 10.402642626096195], [103.9488511238184, 10.40266136311949], [103.94886515022961, 10.40268308626164], [103.94889340998363, 10.402712699773424], [103.94890588382668, 10.402734420244325], [103.94891998777256, 10.402764009413234], [103.94892769607442, 10.402795124599004], [103.94893404001132, 10.402823072997974], [103.9489415845354, 10.402843428803294], [103.94893659112765, 10.402878590716247], [103.94892880113346, 10.40289403787536], [103.9489223593254, 10.40292187387748], [103.94890979283598, 10.402952954201401], [103.94891914234624, 10.4029856092233], [103.94894103106631, 10.403002734839378], [103.94897397316393, 10.403018342444282], [103.94898333362653, 10.403044759014575], [103.94897856554097, 10.403055600327939], [103.94896602093965, 10.403074203753777], [103.94895658418339, 10.403091275508512], [103.94896531661232, 10.403111271705416], [103.94898000090328, 10.403122417701214], [103.94901139043998, 10.403138022633547], [103.94903647835042, 10.403153616729707], [103.94907879458148, 10.40318786543407], [103.94909913360306, 10.403203360949654], [103.94911956110039, 10.403220484042787], [103.94913668176429, 10.403248450962048], [103.94913664894086, 10.403267166312443], [103.94912256270487, 10.403279528625477], [103.94910994041163, 10.403290356440158], [103.9491045360431, 10.403299478822285], [103.94911291554354, 10.40331242222678], [103.94912716033471, 10.403313802900934], [103.94913824939745, 10.403291942113885], [103.94915021939158, 10.403288527009535], [103.94916170135046, 10.4033030127594], [103.94916797840642, 10.40331703750008], [103.949174252926, 10.40333250883779], [103.94920708471633, 10.403358965742363], [103.94923059819907, 10.40338703405657], [103.94925082942517, 10.403411932287876], [103.9492606830246, 10.403417554801978], [103.94926185459434, 10.403426507662108], [103.94924303007761, 10.403432713781195], [103.94922729993286, 10.403445073273431], [103.94921630521064, 10.403465216386268], [103.94920519727884, 10.40349783624188], [103.94921932601754, 10.403513321077423], [103.9492412420594, 10.40351489575599], [103.94926955645681, 10.403513407400244], [103.94931193807199, 10.403510406200242], [103.94933057280296, 10.403508268317957], [103.94934937544848, 10.403514539094404], [103.9493572079472, 10.403526939077683], [103.9493443027903, 10.403542829520635], [103.94932848939979, 10.403550577832329], [103.94931594479716, 10.403569181271354], [103.94930495007571, 10.403589324387132], [103.94929395519429, 10.403609557914763], [103.94930314968823, 10.403626480869429], [103.94932687835121, 10.403636014965548], [103.9493582584196, 10.403604966951841], [103.94938815805382, 10.403584856315174], [103.94940376152736, 10.403592658606293], [103.94940218723576, 10.40360504242712], [103.94939120614926, 10.403617410086285], [103.9493770257251, 10.403631399674842], [103.94936604733132, 10.403642230323557], [103.94937076913007, 10.403657789402654], [103.94937538866427, 10.403679586774992], [103.94938951187187, 10.40369823603499], [103.94941142523365, 10.403701347712078], [103.94942405022874, 10.40368898287663], [103.94942875154783, 10.403664127489813], [103.94943189204675, 10.403643970876377], [103.94944755558966, 10.403617506894992], [103.94948053232538, 10.403613404565213], [103.94951693816937, 10.40363290580994], [103.94959691038176, 10.403650854450337], [103.94962514494112, 10.403694933875949], [103.94966147943734, 10.403703042995156], [103.94968035394467, 10.403720434626035], [103.94970500477993, 10.403724907173045], [103.949705306011, 10.4037093567233], [103.94973279229497, 10.403711392996785], [103.94975924910186, 10.403727622278511], [103.94976799680437, 10.403738938872827], [103.94979141634532, 10.403768544002025], [103.9498290136118, 10.403785696530859], [103.94985886430047, 10.403793523259433], [103.94989801700325, 10.403809051023822], [103.94991059036163, 10.40382616058791], [103.94991833156217, 10.403838560402006], [103.94992467560446, 10.40386650878517], [103.94994116626121, 10.403889230653377], [103.94995366729788, 10.403895490579673], [103.94999760439221, 10.403890864534226], [103.95001330191695, 10.403897129944202], [103.95002269241385, 10.40390645855805], [103.95002102665774, 10.403918932638435], [103.95001323652866, 10.403934470236663], [103.95001010429583, 10.403949925416034], [103.9500115383151, 10.403965478844635], [103.95004759380373, 10.403976480646397], [103.95009945192697, 10.403985882134172], [103.95013231109196, 10.403996788029323], [103.95013703024269, 10.404013884108641], [103.95013388978373, 10.404034040730663], [103.95013851206659, 10.404054301084857], [103.95016524132606, 10.404071434928694], [103.95020588239649, 10.40407150465604], [103.95023573866239, 10.404076166919594], [103.95029367782286, 10.40410727783435], [103.95033675232362, 10.40412588630368], [103.95039873415544, 10.404143171005604], [103.95045197300136, 10.40414642674881], [103.95047398865233, 10.40414330006071], [103.95048971878761, 10.40413094050708], [103.95051071511503, 10.404136220441053], [103.95052805388323, 10.404144025655363], [103.95056410688245, 10.404156473998261], [103.95060015703785, 10.404170549759325], [103.95062991376868, 10.404179913271912], [103.95066129812189, 10.404198592070745], [103.95068793878407, 10.404214188706595], [103.95071759865928, 10.404226716486692], [103.9507364955535, 10.40423135991952], [103.95075841165833, 10.404232934497204], [103.95077556762385, 10.404240829797951], [103.9507802868131, 10.40425792586952], [103.9508069383956, 10.404267284044481], [103.95083050916371, 10.404262713395493], [103.9508478027816, 10.404244118033068], [103.95088234954281, 10.404230072864584], [103.95094042897095, 10.404233246409449], [103.95098589403071, 10.404242727215964], [103.95102973983776, 10.404238100874345], [103.9510689468632, 10.404222617066804], [103.95109728313079, 10.404208651648798], [103.9511270778046, 10.404196316153179], [103.95114911241505, 10.404182339936996], [103.95117430100585, 10.404140431622004], [103.95118782343748, 10.404137109513549], [103.9512345127271, 10.40412543582841], [103.95128845851798, 10.404142254536355], [103.95131985112363, 10.404156231830381], [103.9513637313858, 10.404184154044366], [103.95139975426285, 10.404213871053969], [103.95143420024553, 10.404257508904005], [103.95147908972334, 10.404282810864805], [103.95149456627313, 10.40431104609317], [103.95149784367166, 10.404317018935865], [103.95151973263054, 10.404334144386347], [103.95157774151726, 10.404377732138203], [103.95160193469133, 10.404382836648091], [103.95164799110583, 10.404419803811907], [103.95166048146615, 10.404432211714205], [103.9516735719779, 10.404467042973423], [103.95168549195564, 10.404492288491301], [103.95172205024188, 10.404529239393318], [103.95179248522412, 10.404569774340176], [103.95186941006672, 10.404607155931558], [103.95194187577059, 10.40463539820369], [103.95199753658046, 10.404663882959875], [103.9520447753059, 10.404703745296306], [103.95205507018198, 10.404718228920494], [103.95210205812486, 10.404744800164076], [103.95216939892143, 10.404779091270496], [103.95222899037341, 10.404805593630506], [103.95228701569049, 10.404839868789105], [103.9523410179935, 10.404876759028365], [103.95239331423372, 10.404896920006882], [103.95244061594505, 10.40490070775641], [103.9524811189329, 10.40487528060234], [103.95251315758904, 10.40488546155838], [103.9525621456849, 10.404917280087421], [103.95260088450682, 10.404960834743182], [103.9526481082282, 10.405009376583088], [103.95272544014152, 10.405075329066042], [103.95275388156246, 10.40510584669824], [103.95278051973395, 10.405122980178685], [103.9528117641518, 10.405169686454625], [103.9528399142753, 10.405210148972275], [103.95286032037528, 10.405239748748459], [103.95287909075466, 10.405264644273513], [103.95288537085045, 10.405277041527574], [103.95290569098574, 10.40530356712478], [103.95294172548093, 10.405326774282543], [103.9529746924483, 10.405328367579575], [103.9530013927008, 10.405309878570035], [103.9530168346446, 10.405305655536559], [103.95302936824426, 10.405293290400412], [103.95303723605085, 10.405285528343862], [103.95309923103507, 10.405243049809169], [103.95317142946132, 10.405215145109358], [103.95324673824318, 10.40518426208268], [103.953306419273, 10.405159410022147], [103.95336930749676, 10.405128415361485], [103.95337232496038, 10.405126341018219], [103.95342270823517, 10.40509125644493], [103.95347922498986, 10.40504786436082], [103.95354849862404, 10.405021220360464], [103.95359746222464, 10.405014703733098], [103.95367004233202, 10.405029835987067], [103.95371552784782, 10.405080182967447], [103.9537466642041, 10.40518909287675], [103.9537591757109, 10.405241915191988], [103.95377551138769, 10.405301434561702], [103.9537778705211, 10.405310299022744], [103.95379652103031, 10.4053516493953], [103.95383323402494, 10.405404874612021], [103.95391547257503, 10.405485482035715], [103.95397804845774, 10.405529077160118], [103.95405643507677, 10.405566460739538], [103.95416930626727, 10.405625602083138], [103.9542445179553, 10.405650593676699], [103.95431355166473, 10.405656949725149], [103.95437629453178, 10.405657056573371], [103.9544171076549, 10.405663364542836], [103.95446072856829, 10.405683148773395], [103.95448900813574, 10.405701821927947], [103.9545171693641, 10.405736045855509], [103.95453916342841, 10.405745395801675], [103.95459249395263, 10.405748651028064], [103.95463324826835, 10.405736243450548], [103.95468344676503, 10.4057549538954], [103.95471162419106, 10.405779865330777], [103.95473040009078, 10.405801686734325], [103.95478052878201, 10.405808010511574], [103.95483086179479, 10.40580185768164], [103.95486531975769, 10.405786365331018], [103.95493436968083, 10.405783408771159], [103.95500333910194, 10.405774213585712], [103.9551070136267, 10.405764986993663], [103.95518537908484, 10.405762046221135], [103.95525434316394, 10.405755925002621], [103.95529196514696, 10.405759153406041], [103.95533905851181, 10.405777858471447], [103.9553667049576, 10.405793004381115], [103.95540278235372, 10.405791619100253], [103.95543321852948, 10.405778018517388], [103.95545057523951, 10.405775606873906], [103.95547706718347, 10.405771854564327], [103.95556799840112, 10.40579063409354], [103.95556872809127, 10.405791177809423], [103.95560247210817, 10.405818720595924], [103.95568100425335, 10.405825002078355], [103.95571619093177, 10.405810595824304], [103.95571856720542, 10.405809605321469], [103.95575629682816, 10.405803430935746], [103.95576942373596, 10.405817557609495], [103.95579376293973, 10.405843909037484], [103.95578324176492, 10.405907180038662], [103.95579988710087, 10.40594635699781], [103.9558469159762, 10.406002311903093], [103.95588448958809, 10.406033477672645], [103.95590576749503, 10.406087218934463], [103.95590941641721, 10.406142376861704], [103.95596280687761, 10.406163804913156], [103.95600971158038, 10.406186035658394], [103.95604423924965, 10.406183020248044], [103.95609759696983, 10.406170633881443], [103.9561414079311, 10.406186259230678], [103.95618535332719, 10.406229731906777], [103.95620720761278, 10.40626710943487], [103.95624159558163, 10.406292031283792], [103.95629178347204, 10.406316979941785], [103.95632946477643, 10.406338742926776], [103.9564077873386, 10.406360665275788], [103.95646107511962, 10.406388693198801], [103.9565394945109, 10.406407451237035], [103.95662419402412, 10.406438696857492], [103.95668061393523, 10.406451179076031], [103.95675262405645, 10.406479329113653], [103.95679660164494, 10.406504267165664], [103.95685299483232, 10.406532209878444], [103.95697844875993, 10.40655104754449], [103.95706318056612, 10.406563668093792], [103.95716357279433, 10.406551361252745], [103.957223140764, 10.40653907563446], [103.95728271404282, 10.406523715982374], [103.95731734385544, 10.406514462133412], [103.95735189311857, 10.406498969668455], [103.9574052830374, 10.406467958124233], [103.957430409216, 10.406408961186512], [103.9574806615888, 10.406396659742873], [103.95750882868245, 10.406427718990628], [103.95754011159093, 10.406452635448304], [103.9575840892439, 10.406477573395216], [103.95763103769131, 10.406474578842486], [103.95767821173963, 10.406446721173161], [103.95774719203109, 10.406431286942798], [103.95780369786053, 10.406446933555495], [103.95786954080242, 10.406450119005257], [103.95794408888194, 10.406436592819835], [103.95795432101372, 10.4064347114641], [103.95802639586785, 10.4064254304719], [103.9581017635575, 10.406413261826122], [103.9581959827799, 10.406379245167335], [103.95825559373922, 10.406342005519418], [103.9583215222962, 10.406295554444435], [103.95838125137817, 10.406242763985446], [103.95840331500169, 10.40621188013593], [103.95843157324232, 10.406190138438884], [103.95845037625512, 10.406196408697614], [103.95847545960771, 10.406215076111186], [103.95852873123025, 10.406199615157584], [103.95853065147774, 10.406198262212106], [103.95855049450209, 10.406184010537448], [103.9585633877914, 10.406174810229203], [103.95859797967499, 10.40613454461387], [103.95861364540964, 10.40610645273142], [103.95864191422628, 10.406078562967952], [103.95868906147913, 10.406066165670449], [103.95884167666819, 10.406010819651229], [103.95889309003425, 10.406013709277097], [103.95890557530274, 10.406029281349323], [103.95892748350137, 10.40603555682406], [103.95895579018017, 10.406038678656929], [103.95897461469343, 10.406032471966373], [103.95900585978764, 10.406026376659325], [103.95904978371769, 10.406029524852661], [103.95910940018804, 10.40604201204168], [103.95912825700479, 10.406070071817036], [103.95914071020691, 10.406104268846718], [103.95914066193023, 10.406132296708092], [103.9591845162709, 10.406175859251803], [103.95922530280735, 10.406197717559424], [103.9592754263946, 10.406207114664529], [103.95933498364984, 10.406200976693015], [103.95938210941772, 10.40620105621253], [103.95941968358031, 10.406232131173544], [103.9594259104143, 10.406275630198792], [103.95943070898296, 10.406299959317085], [103.95943215857382, 10.40630674271695], [103.9594853660516, 10.406328531536344], [103.95951041726497, 10.406365914251626], [103.95952917222525, 10.406400121898843], [103.95958247634587, 10.406418836833506], [103.95965152641645, 10.406415879261843], [103.95971737467949, 10.406415990308695], [103.95978319089981, 10.4064347263096], [103.95985231099554, 10.406444155356434], [103.95988984196217, 10.406447292659884], [103.95993695175413, 10.406456684583649], [103.9599683422157, 10.406472288483927], [103.9599995500223, 10.406487892073415], [103.96004358666312, 10.406478653780042], [103.96008428197413, 10.406500511828966], [103.9601312472875, 10.40654082463518], [103.96015634134356, 10.406553343875283], [103.96016893403696, 10.40655960357156], [103.9602159205086, 10.406587620270354], [103.9602817100688, 10.406621907116842], [103.96035376934515, 10.406674829533884], [103.96050121250126, 10.406706179827495], [103.96057017146283, 10.406703131494352], [103.9606361271222, 10.406693930024234], [103.96071151639221, 10.40666919342861], [103.96076788775886, 10.4066569017649], [103.96082126668465, 10.406632128097039], [103.96086528139155, 10.406582475158737], [103.96089046629513, 10.406542103042309], [103.96091868699634, 10.406542150526908], [103.96095636324313, 10.406567077421723], [103.96098134474478, 10.406591982955167], [103.96101273527668, 10.406607586756264], [103.96104719305924, 10.406592093730561], [103.96107859957837, 10.406598385039695], [103.96108487459891, 10.406613946586605], [103.9611130953075, 10.406613994054402], [103.96113820011863, 10.406620274758465], [103.96115382283496, 10.406617136587862], [103.96119468420305, 10.406595506249136], [103.9612260527645, 10.406570695495676], [103.9612888926446, 10.406567636715998], [103.96136103196645, 10.406573996483981], [103.96144256222165, 10.406589684534708], [103.96150839984175, 10.406596033677006], [103.96158681964927, 10.406614790497269], [103.9616275364881, 10.406624171432581], [103.961677767529, 10.40662425583548], [103.96169348684079, 10.406618043767043], [103.9617060201713, 10.40660567827783], [103.96173435886975, 10.406590174895667], [103.96176246159287, 10.406605773101449], [103.9618001112637, 10.406646250849457], [103.96181887718834, 10.406674219913386], [103.96184075357748, 10.406699120167431], [103.96191607350974, 10.406714797668593], [103.96196936188807, 10.406742824702532], [103.96201944833184, 10.40677401079788], [103.96208840188909, 10.406774126575321], [103.96212606773072, 10.406805201388046], [103.9621426414828, 10.40683334757978], [103.96215421938739, 10.406845572738721], [103.96217029333317, 10.406845599722647], [103.96218874710456, 10.406842556666925], [103.96219039149544, 10.40684228818901], [103.96223269226255, 10.406833408331282], [103.96225835686153, 10.406832818519364], [103.96227341999173, 10.406836460311848], [103.96227367803088, 10.406845773259086], [103.9622639864474, 10.406851995473026], [103.96223575502734, 10.406858186567904], [103.96222012719676, 10.406864308403598], [103.962219578447, 10.406864759546275], [103.96220439719612, 10.406876758960022], [103.9622103027802, 10.406894761011893], [103.96222005271089, 10.406907796815025], [103.96223566273571, 10.406912072416722], [103.96225447842099, 10.406911019045538], [103.96227120297863, 10.40690444698523], [103.9622858257241, 10.406898594698495], [103.96233924791952, 10.406901848802255], [103.96234541046938, 10.406929796686772], [103.96237045155168, 10.40697332724648], [103.9623829345583, 10.406990345792833], [103.96239550858594, 10.407007545317], [103.96241732049607, 10.40701680401888], [103.96241741167054, 10.407016894584622], [103.9624457130701, 10.407023180552626], [103.96247393382178, 10.407023227902409], [103.9625177878245, 10.407013988962873], [103.96254293526138, 10.40699540612168], [103.96256496155964, 10.406986130557137], [103.96258377539223, 10.40698616211682], [103.96259933420487, 10.407020364239628], [103.96264046522617, 10.407054609254445], [103.96269031509057, 10.407064005377189], [103.96273117116237, 10.407045448865842], [103.96277819523469, 10.407051675789363], [103.96282197467612, 10.407086015635716], [103.96286274567305, 10.407117185985765], [103.96289409398055, 10.407157562636058], [103.96292536148341, 10.407191791080042], [103.96295355039462, 10.407210463364748], [103.96300055841535, 10.407226093157806], [103.9630444559854, 10.407244791765024], [103.96311025127487, 10.407276004026292], [103.96314163673361, 10.40729468165216], [103.96316353445195, 10.407307195308547], [103.96319493583913, 10.407316560440954], [103.96323262303555, 10.407335248617352], [103.96325762611477, 10.407347677057752], [103.96329525382764, 10.407347740096812], [103.96332668705958, 10.407338480239286], [103.9633486538674, 10.407310579490598], [103.9633674890473, 10.407298134078497], [103.9633925673883, 10.407319965562827], [103.9634051283512, 10.40734485011404], [103.96342070844007, 10.407366665687283], [103.96343330139138, 10.407372834847315], [103.96346277514284, 10.407387892730277], [103.96345524796729, 10.407410212078672], [103.9634300144704, 10.407425720813652], [103.96344258100261, 10.407447350513126], [103.96347386976231, 10.407469192393087], [103.96351143383974, 10.407506505363099], [103.9635270947679, 10.40753446913559], [103.96356104460966, 10.407548992029232], [103.96358981678895, 10.407547051125329], [103.96361283675654, 10.407544196460117], [103.96362430750685, 10.407565733905678], [103.96360856161172, 10.407587497020545], [103.96360850862942, 10.407618508512991], [103.9636241853268, 10.40763725020479], [103.96366810956016, 10.407640397778199], [103.96368068646503, 10.407655969830778], [103.96368063348952, 10.407686981323465], [103.96370560464625, 10.407718125121573], [103.96375258637765, 10.407749215349646], [103.96378709303278, 10.407758585624657], [103.9638372765622, 10.40778660716574], [103.96386545493, 10.407811517838569], [103.96390305614787, 10.407827131762044], [103.96395005366205, 10.407848999885891], [103.9639940320592, 10.40787393698604], [103.9640096123692, 10.407895662120774], [103.96403779600865, 10.4079174987538], [103.96406601160055, 10.407920619993002], [103.96409746076793, 10.407902047572337], [103.9641224850712, 10.407902089433467], [103.96415706194452, 10.40792384633805], [103.96418835604969, 10.407942614126718], [103.96421347168615, 10.407942656133656], [103.96422601577856, 10.407923961668011], [103.96423545450956, 10.407905352421084], [103.96425110889604, 10.407883679534244], [103.96426696198469, 10.407852604049596], [103.96435162973395, 10.407849671595502], [103.9644332519893, 10.407865268648044], [103.96450217928879, 10.407880934872418], [103.96459927979227, 10.407924585719725], [103.96470284869329, 10.40797765027716], [103.96477802999438, 10.40802135485815], [103.96481239251996, 10.408061736370712], [103.96484685686397, 10.408095969980453], [103.96484057771073, 10.408136283593906], [103.96484669272736, 10.408192259324672], [103.96487483946748, 10.408235794895022], [103.96489676516256, 10.408285558553775], [103.9649155314629, 10.408313527452142], [103.96492796951127, 10.408357036778707], [103.96493364608072, 10.408402343066792], [103.96493427799214, 10.408406683936066], [103.96498120155579, 10.408472040342687], [103.96498417440849, 10.408549709892023], [103.96497791097767, 10.408580801429482], [103.96499662953605, 10.408636798207919], [103.96502784337397, 10.408649146477641], [103.96508749221286, 10.408643098020141], [103.9651440094957, 10.408652504909501], [103.96517848456749, 10.40868050002266], [103.96520345071598, 10.408714717739517], [103.96523172060768, 10.408739628452771], [103.96531000753465, 10.408783247691058], [103.96533818087578, 10.408811232269215], [103.96537894172985, 10.408848640784141], [103.9654384835697, 10.408851814188994], [103.96549821853912, 10.408848839835214], [103.96555455860235, 10.40885508191091], [103.9655828072949, 10.408892469525016], [103.9656360646873, 10.408939120962616], [103.96570187645827, 10.408961020227443], [103.96578020582234, 10.408979775908017], [103.96581157561766, 10.409007856190806], [103.96585544192709, 10.409045179414676], [103.96595321521743, 10.409069482658024], [103.96602789019812, 10.409088955489525], [103.966118823151, 10.409107732099748], [103.96617842455804, 10.409129620918641], [103.96622233843497, 10.409139006618744], [103.96688909340561, 10.409435586074633], [103.96715424459262, 10.409693251724553], [103.97108606577117, 10.408961095402587], [103.97157758387955, 10.408593926213118], [103.97190558738292, 10.408246196697949], [103.97227592977687, 10.407703425533798], [103.97266269244629, 10.408149978816123], [103.97371998293168, 10.409370754745657], [103.97471392913211, 10.410518369965663], [103.97586311999163, 10.411845254066678], [103.9768672000717, 10.413004543022977], [103.97747961672137, 10.415558713602076], [103.97787145254296, 10.41719257191258], [103.9783556283505, 10.419211739300309], [103.97879246185184, 10.42103336709451], [103.9773387214194, 10.423431638527049], [103.97655638687235, 10.424722087877687], [103.9756390673482, 10.42627640951538], [103.97539171376376, 10.427432564758087], [103.9751908606631, 10.427817845870337], [103.97490485810975, 10.42898035636038], [103.97498776713294, 10.429648823992865], [103.97497422677189, 10.42998929638425], [103.97517987097964, 10.430561585442979], [103.9747575341167, 10.431812295327086], [103.9721226500661, 10.432839745227861], [103.97214860084627, 10.433537684092194], [103.97214625463012, 10.433574930268703], [103.97216713823094, 10.433594313087386], [103.97217936842198, 10.433599667637967], [103.97218620286236, 10.433609081850717], [103.97218891798677, 10.433623914025162], [103.97218187923269, 10.433627338085053], [103.97218579758862, 10.433632769321019], [103.97218842137593, 10.433647601344614], [103.97216657365209, 10.433658324379351], [103.97214462986523, 10.433671850048972], [103.97215109758564, 10.433682077371468], [103.9721601317395, 10.43368697458055], [103.97217223204186, 10.433715203341745], [103.972169654027, 10.433727404804698], [103.97216745949552, 10.433728847784218], [103.9721717354293, 10.433738890660969], [103.9721691574142, 10.43375109212389], [103.9721477595105, 10.43376588447334], [103.97214775859612, 10.433766426948301], [103.97217906013994, 10.433782572114257], [103.97217582584858, 10.433804808308071], [103.97217865486478, 10.433806259584259], [103.97217569702308, 10.433827049630668], [103.97217666302534, 10.43385001606338], [103.97217546482123, 10.43385643338938], [103.97217625774965, 10.433873703533271], [103.97216547726217, 10.433929470391956], [103.97215838516138, 10.433964538823359], [103.97216053275599, 10.43399094289172], [103.97216232079273, 10.434013910681905], [103.97216366814494, 10.4340273844061], [103.97216129002227, 10.434029369558683], [103.97216182402542, 10.43403768841311], [103.97216326271496, 10.434051162288139], [103.97214826297397, 10.43406325282141], [103.97213032321551, 10.43408555513778], [103.97213028313203, 10.434109333623034], [103.97214791737964, 10.434159903473256], [103.97215314163948, 10.434203400631496], [103.972168963626, 10.434245378276806], [103.97216628451459, 10.434263365987682], [103.97216846701033, 10.434269065595194], [103.97216495519407, 10.434293380822664], [103.9721506888835, 10.434303845137341], [103.9721347961786, 10.434303818886839], [103.97212483384992, 10.43430769017923], [103.9721422672503, 10.434314861581699], [103.97215296835556, 10.434306199633651], [103.97217415283782, 10.434309670307607], [103.9721758442049, 10.434335802383726], [103.9721741022412, 10.434339687254559], [103.97217534743685, 10.434359580114505], [103.97216122859292, 10.434390930016459], [103.97214878323433, 10.434404833022594], [103.97214388778875, 10.434437192698097], [103.97214386797546, 10.434448946321757], [103.97214910382064, 10.434485572130292], [103.9721561929347, 10.43450646918284], [103.97217726551882, 10.434522145392464], [103.97220209467504, 10.434530866023982], [103.97220381530441, 10.43453963890169], [103.97218789911798, 10.434553536176667], [103.97215957566648, 10.434558733334546], [103.9721366324367, 10.434569092903141], [103.97210656777926, 10.434577722864223], [103.97208178895622, 10.434593323335422], [103.97207991815434, 10.434619449526675], [103.97209935840382, 10.434628161263962], [103.97210116167992, 10.434642087804752], [103.97211344819014, 10.434668237382594], [103.97212226966936, 10.434690945552196], [103.97213456502325, 10.434711851205025], [103.97212392582351, 10.43473796291255], [103.9721010118452, 10.434730963280176], [103.97207972730956, 10.434732645960992], [103.97207793900243, 10.434764016227096], [103.97208492809087, 10.434790066641797], [103.97209029048194, 10.434805807316902], [103.97209546440612, 10.434824983364653], [103.97211670505003, 10.434849339479388], [103.97213257735835, 10.43486148100544], [103.97213953109224, 10.434908507116132], [103.97214477288615, 10.434941606837056], [103.97215540070242, 10.434976433296569], [103.97215352685446, 10.435004367737559], [103.97214989427188, 10.43504613242231], [103.97213920521898, 10.435101809012247], [103.97214445280707, 10.435131473058476], [103.97214622971832, 10.435161040958857], [103.97213559629449, 10.435183716990895], [103.97212313916464, 10.435204581755112], [103.9721319344406, 10.435242840871906], [103.97214064112444, 10.435279472412864], [103.97212122464568, 10.435310813557976], [103.97211224462161, 10.435382134371977], [103.97210515277877, 10.435417021972174], [103.97211211825407, 10.435457086321014], [103.97211381281848, 10.435481319733505], [103.97211021833083, 10.435500481295234], [103.9721049620806, 10.435530127988851], [103.97208906352078, 10.43553353740737], [103.97207663274598, 10.435538760809006], [103.97206417849357, 10.435557907732418], [103.97206597292929, 10.43557707819676], [103.97208184222214, 10.435591027976143], [103.9720959760989, 10.435604974887756], [103.97209951327147, 10.435619808419844], [103.97209588661569, 10.435658047014881], [103.97209576908251, 10.435727755038494], [103.97210280547219, 10.43577993481049], [103.97211322121103, 10.435832210577898], [103.97212027513548, 10.43587399291408], [103.97212021644668, 10.43590880171935], [103.97211661905685, 10.43592968111757], [103.97212359917586, 10.435961065867353], [103.97212354048696, 10.435995874672463], [103.97212340557785, 10.436075889717673], [103.97213045920269, 10.43611785287829], [103.97214098992019, 10.43615611486097], [103.97215150875019, 10.436201429016778], [103.97215142658806, 10.436250161343402], [103.97214433472502, 10.43628504894184], [103.97213715761984, 10.436316319889915], [103.9721265212555, 10.436340713755179], [103.97210871967025, 10.436389326393723], [103.97210520171937, 10.43641725811508], [103.97210859633842, 10.436462470088472], [103.97209805130439, 10.436486864103122], [103.97209427305792, 10.43650665824839], [103.97209086229742, 10.436525187222541], [103.97209438347011, 10.436549514064444], [103.97207662851964, 10.436570460481864], [103.97205895331736, 10.436598278397291], [103.97204116923949, 10.436636493595332], [103.97203407735338, 10.43667138118947], [103.97204817620589, 10.436706122973948], [103.97204812329822, 10.436737496102952], [103.97206568705666, 10.436775769708504], [103.97209393128033, 10.436817677469438], [103.9721292146454, 10.436855980348898], [103.97215379956609, 10.436901317742937], [103.97217858470023, 10.436936258002335], [103.97221732141001, 10.43698496404165], [103.97223489678602, 10.437016366290786], [103.97225956133602, 10.437068665589193], [103.97226663282741, 10.437100050486457], [103.9722665976197, 10.437120935768531], [103.97225588163275, 10.43713836772451], [103.97222764638815, 10.437145282864105], [103.97218528313952, 10.437134725005258], [103.97217108455737, 10.437159112984713], [103.9721957785267, 10.43719396267994], [103.97223093524372, 10.437253241093325], [103.97224860349735, 10.437283739368121], [103.97226628760572, 10.437304834744612], [103.97227496432487, 10.437359277538437], [103.97227848506087, 10.437383875615643], [103.97228547665244, 10.437408479425827], [103.97231718830969, 10.437452472389563], [103.9723259859451, 10.43748937531282], [103.97234009004451, 10.437521043061889], [103.97235237637132, 10.43754737345735], [103.97238414138695, 10.437559722048746], [103.97240895585318, 10.437577303097285], [103.97241583554924, 10.437614112438437], [103.9724157822166, 10.437645756804962], [103.97242287704775, 10.437663308590286], [103.97243342491002, 10.437691444366685], [103.972440507858, 10.437716048324766], [103.97245461197834, 10.437747716069408], [103.97244919939556, 10.437761721104403], [103.97245271710088, 10.437788127429474], [103.97247216623909, 10.437791685641397], [103.97251271165537, 10.4377969965268], [103.97253925853043, 10.437816388681133], [103.97254626492816, 10.437832222476196], [103.9725496885616, 10.437860256074305], [103.97254966479595, 10.437874360420622], [103.97257620604331, 10.437897097833863], [103.972593813645, 10.437909423033151], [103.9725955193708, 10.43792705633109], [103.97258846269855, 10.43794105865426], [103.97257078699987, 10.437969147831513], [103.97258839749959, 10.437979755194187], [103.97260436680239, 10.437988642004749], [103.97260434913213, 10.437999129852022], [103.97258832925364, 10.438020259983537], [103.97259185306598, 10.438043049808329], [103.97261476714344, 10.438050139828945], [103.97264133186741, 10.438058953716089], [103.97265545978362, 10.43807651710657], [103.97266602245368, 10.438095882866032], [103.97268006786834, 10.438108202181098], [103.97270484980145, 10.43814513147911], [103.97272070417124, 10.43816803206756], [103.97272584848169, 10.43820483853876], [103.9727205919265, 10.438234666063122], [103.97272576273768, 10.438255740763278], [103.9727469237356, 10.438273315758225], [103.97275926022705, 10.438269900434955], [103.97276053972821, 10.438269450483007], [103.97277342668727, 10.438264589464005], [103.97278226581611, 10.438276900182725], [103.9727839567821, 10.438303303490176], [103.97278127232946, 10.438324455638428], [103.97278034721793, 10.438331415891774], [103.97277858818099, 10.43834542696166], [103.972780291025, 10.438364778095814], [103.97279818592472, 10.438369237851875], [103.97280859425913, 10.43837178658493], [103.97283513526223, 10.4383947048039], [103.97285974049626, 10.438428107703157], [103.9728632938704, 10.438433357504882], [103.9728614049753, 10.438470242781415], [103.97284729741263, 10.438494811764205], [103.97284965485828, 10.438505122705408], [103.97285427734552, 10.438526377324385], [103.97286664016873, 10.438561568275961], [103.97287363776705, 10.43858264598842], [103.97287714972829, 10.438612487983804], [103.972884129514, 10.43864414395586], [103.9728805199533, 10.438672256358238], [103.97286998342189, 10.438691587295649], [103.9728892614996, 10.438742521471967], [103.97290686322246, 10.43875837274288], [103.97293338964883, 10.43878997055286], [103.97294394946579, 10.438811054141357], [103.97294035772047, 10.438828588284519], [103.97293327439762, 10.43885841279768], [103.97294200439708, 10.4388813016217], [103.9729419570486, 10.438909419901847], [103.97294190361015, 10.43894115468099], [103.97294726016813, 10.438960421429826], [103.97295597829616, 10.438990362426638], [103.97297184475153, 10.439006120418796], [103.97299475586375, 10.439015018665135], [103.97300185669222, 10.439029044352633], [103.9729859518709, 10.439036070305875], [103.97296831176432, 10.439043002982585], [103.97294882402366, 10.439062319153388], [103.9729221999791, 10.439088675740583], [103.97289924744886, 10.439104369682015], [103.97288515173476, 10.439121886491268], [103.9728832865876, 10.439144667420328], [103.97289914101782, 10.43916756800162], [103.97292559075369, 10.439190486064845], [103.97293797142102, 10.439215098754374], [103.97292732587266, 10.43924491738861], [103.97292546072738, 10.439267698317854], [103.97291665961492, 10.439287032118775], [103.97290593444714, 10.439309888840773], [103.97289887181586, 10.439327417255221], [103.9728882439226, 10.439346748040705], [103.97288292281878, 10.43936066281951], [103.9728793338031, 10.439376569536403], [103.97287758054868, 10.439387144931896], [103.97289169681027, 10.439411670074469], [103.97294461429006, 10.439446837529546], [103.97298516829738, 10.439501423314198], [103.97300977667385, 10.43953301795517], [103.97301860397144, 10.439552380841555], [103.97302914905104, 10.439582234437731], [103.97304323260397, 10.439626198256185], [103.97304145865017, 10.439649069749024], [103.97304139060394, 10.439689484124667], [103.97305538312814, 10.43973326696698], [103.97308537444086, 10.439768486992048], [103.97309599017095, 10.43981063683336], [103.97310114321942, 10.439842289787277], [103.973111770674, 10.439877477867652], [103.97316466436162, 10.43992684004871], [103.97318579292502, 10.43996376328893], [103.97321046910696, 10.440009372000427], [103.97323507160945, 10.440044492712609], [103.97326503938488, 10.4400937266561], [103.97330392320964, 10.440109613003827], [103.97333926550594, 10.440113197376746], [103.97338335566613, 10.440129092299578], [103.97340277255789, 10.440151908319361], [103.97342044503378, 10.440180055813078], [103.9734221626782, 10.440190636933872], [103.9734310018841, 10.440202947637077], [103.97344157060137, 10.440218787287625], [103.97347335661853, 10.440218839687207], [103.97350515145783, 10.440213648159947], [103.97353877612063, 10.440206651390922], [103.97356344361644, 10.440203165951838], [103.97360060677929, 10.440210279393998], [103.97362175609449, 10.440234906511062], [103.97362171184223, 10.44026121654236], [103.97363931961631, 10.440273541690736], [103.97364463492626, 10.440263062573433], [103.97365178310115, 10.440248969967216], [103.9736659465983, 10.440245467210557], [103.97367825366199, 10.440259591876545], [103.97368534572828, 10.44027886147445], [103.97369580852538, 10.440303380564783], [103.97372579707583, 10.44034031837178], [103.97374869948993, 10.440354460492955], [103.9737929017213, 10.440358059414836], [103.97381409545032, 10.440356286075772], [103.97383356832782, 10.44034583027821], [103.97384243719598, 10.44034051053706], [103.97385830649932, 10.440354641064722], [103.9738600153432, 10.440370466107737], [103.97385823855386, 10.44039505544392], [103.97387226937279, 10.440416144722843], [103.97390757341174, 10.440442512980228], [103.97393759437277, 10.440460192910212], [103.97394653680031, 10.44046545157714], [103.97398521736297, 10.440493633642259], [103.97399932479344, 10.440523493077354], [103.97401342630003, 10.440556878598715], [103.97403809382018, 10.440553393124148], [103.97404706269168, 10.440542920016366], [103.97406114078547, 10.44053589100541], [103.97407529532744, 10.440537722567603], [103.97410889054062, 10.440548265761697], [103.974117626594, 10.440567628470808], [103.9741317399656, 10.440593961813812], [103.97417060931652, 10.440618527659229], [103.97417938380983, 10.440615016008229], [103.97417941312922, 10.440597566398663], [103.97417943378949, 10.440585270300721], [103.97419975090222, 10.440561615611566], [103.97420066581367, 10.440560712990377], [103.97423418731503, 10.44056076817288], [103.97426775580458, 10.440587223948198], [103.97431183150383, 10.440611798346673], [103.97433307527959, 10.44063461732068], [103.97434014370286, 10.440667991253923], [103.97434010831749, 10.440689057363334], [103.9743399242721, 10.440689870775058], [103.97433292766137, 10.440722498257683], [103.97432749156263, 10.440750517258886], [103.97434162810958, 10.440817445950161], [103.97435216454586, 10.440852543432749], [103.97435916213753, 10.440873711529544], [103.97438744498547, 10.440893015988602], [103.97442625524623, 10.440898414207748], [103.97445110546916, 10.440894929003049], [103.97447750557563, 10.440893164188605], [103.97449154541617, 10.440908919106027], [103.97447926160882, 10.440935299413573], [103.97450217305962, 10.440944107147214], [103.97451448322498, 10.440956423533796], [103.97452330488437, 10.44097922205792], [103.97453916256124, 10.44100031431583], [103.9745603296137, 10.44101445352714], [103.97460097563713, 10.441014520394447], [103.97464160693758, 10.441023357268033], [103.97466635399076, 10.441026924070913], [103.97468754776324, 10.441025150675928], [103.97469641345072, 10.441021729573809], [103.9746996147304, 10.44101911286965], [103.97471415696631, 10.441007654369567], [103.97472823795145, 10.440998907492373], [103.97474414283995, 10.44099188145618], [103.97477235487034, 10.440998980046157], [103.97482543776657, 10.440990297301195], [103.97485367938535, 10.440979765448045], [103.97491204524462, 10.440979861410952], [103.97495797999959, 10.440985271279466], [103.97499146029217, 10.44100991858318], [103.97503380354452, 10.441032772196863], [103.9750532263778, 10.441052152448814], [103.97505134953914, 10.441081985569555], [103.97504955509088, 10.441117153177515], [103.97505124928563, 10.44114174822852], [103.97505159704959, 10.441152236678397], [103.97506536276131, 10.441168081534414], [103.9751006845812, 10.441183961818298], [103.9751431308812, 10.441199853806738], [103.97516074180317, 10.441210370626095], [103.97518189434265, 10.441233189397686], [103.97518726274832, 10.441245494352675], [103.9751889481594, 10.441275333328065], [103.97518001150412, 10.441321067491602], [103.97518350308194, 10.44136320556815], [103.97519932549315, 10.441405363907288], [103.97521158854826, 10.441445798554867], [103.97521507709835, 10.441489744880915], [103.97521607849734, 10.441491735606784], [103.97522736684424, 10.441514266928834], [103.97524493351344, 10.441551184192903], [103.97526250609963, 10.441584575368813], [103.9752925096635, 10.441612743028717], [103.97531190616908, 10.441647855040976], [103.97529770714652, 10.441672514392007], [103.97528362023199, 10.441684787380545], [103.97527818419657, 10.441712806399593], [103.97527634837596, 10.441772656619461], [103.97528161666044, 10.44179020534767], [103.97529217688228, 10.441811198454776], [103.97531690035714, 10.441828869559604], [103.97535049575512, 10.441839412631035], [103.97536467098229, 10.441828948039833], [103.97536642113936, 10.441820180878752], [103.97534705402701, 10.441767528845283], [103.97534007120682, 10.441737500342535], [103.97537013360771, 10.441730587947593], [103.97537714902145, 10.44174117776323], [103.97538592059027, 10.441793902802656], [103.97539117129779, 10.44182193937885], [103.9754158537026, 10.441864112262683], [103.97543167025636, 10.441909796679088], [103.97545453755036, 10.441945004797452], [103.97545634373078, 10.44195730389742], [103.97543859731068, 10.441973096978492], [103.97542623401826, 10.441992424997927], [103.97543850303366, 10.44202933355056], [103.97545262537002, 10.44205042291671], [103.97546675058798, 10.442069794444894], [103.97547913459394, 10.442092598796926], [103.97550018996381, 10.442118943487515], [103.97550892917526, 10.44213649791311], [103.97553373235871, 10.44216113091483], [103.97555481122633, 10.442173461665286], [103.97558840954909, 10.442182286876212], [103.97559365724916, 10.44221213169953], [103.97559003014412, 10.442250822398236], [103.97558305892545, 10.44226835102294], [103.97560592035164, 10.44230708521913], [103.97563580918893, 10.442349266637313], [103.97567999732371, 10.442415973384964], [103.97569755227572, 10.442459942801857], [103.97570279408106, 10.44249331371096], [103.975697428649, 10.442533719398813], [103.97571498360924, 10.442577688814868], [103.97571848708198, 10.4426127747118], [103.97573778932329, 10.442649694801323], [103.97576078924729, 10.442660310851448], [103.97578025645655, 10.442653290615352], [103.97579962051, 10.442653322402847], [103.97581029546045, 10.442660392120208], [103.97581904061069, 10.442674420450924], [103.9758261237704, 10.44269911475732], [103.9758330981725, 10.442734206350789], [103.9758471174117, 10.442762347726248], [103.97585950147102, 10.442785152065227], [103.97587717128253, 10.442815107686357], [103.975894732189, 10.442855551006376], [103.97590709565824, 10.442890651443337], [103.97591764686979, 10.442917069281998], [103.97596885632912, 10.44293641123843], [103.97598299040024, 10.442950538821334], [103.97601637964156, 10.442975185878861], [103.97606227368392, 10.443005097390202], [103.9761064177417, 10.443043685647982], [103.9761647104286, 10.443087721875584], [103.97621232512884, 10.443126496638618], [103.97625293026965, 10.443151155509204], [103.97627222095196, 10.443195037332428], [103.97626513767204, 10.443224952334582], [103.97628098089643, 10.443254814526872], [103.97629510924506, 10.443272377772086], [103.97632859578772, 10.443293498861603], [103.97634443902146, 10.443323361051078], [103.97635498453306, 10.443353214552122], [103.97636381516476, 10.44337076910677], [103.97637794049669, 10.443390140598698], [103.97640084350569, 10.443458711019215], [103.9763848060232, 10.443490329182982], [103.97636712153971, 10.44352366248704], [103.9763776641842, 10.443555233824904], [103.97638821848228, 10.443579843399945], [103.97638635339511, 10.443602714766806], [103.97638457389755, 10.443629021958396], [103.97638451503337, 10.44366419242081], [103.97637607072795, 10.443688680427814], [103.97637602033669, 10.443718787790097], [103.97638154623738, 10.44374619191442], [103.97639252955072, 10.443787347725632], [103.97640891586126, 10.44382019442369], [103.97642812449233, 10.443858560926504], [103.97645564962961, 10.443894228682343], [103.97647772189406, 10.443913432375407], [103.97650508735748, 10.443935357127865], [103.9765354670536, 10.44395728681977], [103.97654924112908, 10.443968249343705], [103.97657114902802, 10.443976512818699], [103.97659871548734, 10.44398749795049], [103.97660975843377, 10.443993031230024], [103.9766262772597, 10.444001285867532], [103.97664827196598, 10.444012261862197], [103.97667034425086, 10.444031465542785], [103.97667579714198, 10.444047929600586], [103.97668670761423, 10.44407805492839], [103.97670046793786, 10.444097244983901], [103.97671970414514, 10.444119156395729], [103.97673074256161, 10.444127402046428], [103.97676094868515, 10.444143906668764], [103.97678840099293, 10.444168543923325], [103.97681330938408, 10.444185039859684], [103.9768380443204, 10.444196020332193], [103.97687108654296, 10.444209817209071], [103.97690413360631, 10.44422072088253], [103.97692612833838, 10.444231696859124], [103.97694821441235, 10.444242672983904], [103.9769674689368, 10.444253644468805], [103.97699211239289, 10.44426471519273], [103.9770196788937, 10.444275700289925], [103.97704167816819, 10.444283963883736], [103.97707206247105, 10.444303181152398], [103.9770995331042, 10.444316878468571], [103.9771298260736, 10.444336095582432], [103.9771627769846, 10.44434989228076], [103.97719033896648, 10.44436358973904], [103.97720957975784, 10.444382788748225], [103.97722618074512, 10.44439655866879], [103.9772480886937, 10.44440482209944], [103.97726186749809, 10.444412981806735], [103.97727280991596, 10.444424030077945], [103.9772756231886, 10.444434974627235], [103.97728391235441, 10.444448640524143], [103.97731071598204, 10.44447888226538], [103.97733543993309, 10.444496462814264], [103.97738135773922, 10.444512360211187], [103.9773920327894, 10.444519429879666], [103.97746791042026, 10.444535285889572], [103.97748034450073, 10.444528254043822], [103.97751210756994, 10.444542320001895], [103.9775225792555, 10.44456177588127], [103.97752968614365, 10.444572365803849], [103.97756149315936, 10.444560121716417], [103.97759156787477, 10.444545976123338], [103.97762159518065, 10.444560220056253], [103.97763744448713, 10.444586556100331], [103.97766918688778, 10.444613008557633], [103.97769391962616, 10.444625345154332], [103.97772568558366, 10.444637693254261], [103.97779453880004, 10.44464829375771], [103.97783342630427, 10.444662461750314], [103.97784572512576, 10.444681739782766], [103.97787747343965, 10.444704666132429], [103.97789342875303, 10.444722232300316], [103.97792164708571, 10.444725804542081], [103.97794284985352, 10.444718787016749], [103.97796589979944, 10.44469956678716], [103.97799055298495, 10.444704851036033], [103.97800648440275, 10.444682002653986], [103.97802773106673, 10.444648675080067], [103.97806137076626, 10.444632907840676], [103.97811441605833, 10.444647098943754], [103.97816389621066, 10.444663002053819], [103.97819208241879, 10.444685832138378], [103.97822208654368, 10.444713999544812], [103.97823966836323, 10.444742146648188], [103.97824852251254, 10.444745687215535], [103.9783032267398, 10.444751020548207], [103.97832796539652, 10.444759831009069], [103.97835798130099, 10.444780946226821], [103.97837564859734, 10.444812619560961], [103.97839851070034, 10.444851263164356], [103.97839315445357, 10.444886334567753], [103.97839311344687, 10.444910926773685], [103.97841079537685, 10.444933830091536], [103.97842482971596, 10.444953110938846], [103.97845840491358, 10.444976040218128], [103.97849543945262, 10.445005936927961], [103.97852364018553, 10.445020087383222], [103.97853952184556, 10.445027075106601], [103.97857484127267, 10.445044763282532], [103.97859081126172, 10.445053559403124], [103.97860667227913, 10.445072933639091], [103.9786118230865, 10.445106304363037], [103.97862418995626, 10.4451395964585], [103.97865066698878, 10.445146691892255], [103.9786701109435, 10.445153685426677], [103.97870545676048, 10.445155551397217], [103.97871961456096, 10.445155574513969], [103.97876006385445, 10.445164410594662], [103.97878309043641, 10.445159204247298], [103.97881314151039, 10.44515925330643], [103.97883083523513, 10.445175104425754], [103.97884670802313, 10.445187426473579], [103.97885900391547, 10.445208512720926], [103.97886782886388, 10.445229593302193], [103.97889071741608, 10.445252414681526], [103.97890133981086, 10.445291128686561], [103.97891188562772, 10.44532098211454], [103.97894891437828, 10.445354404863766], [103.97897893926789, 10.44537018568801], [103.97900529562341, 10.445394911387455], [103.97902825505895, 10.445430029010646], [103.97904594880978, 10.445445880119046], [103.97907771204825, 10.445459945928462], [103.97909000796642, 10.445481032167828], [103.97908994638438, 10.445518010891993], [103.97908287219096, 10.44554259162371], [103.97907040889068, 10.445567163561646], [103.9790792133848, 10.445600540241559], [103.97910922641009, 10.445623463644496], [103.97915512701769, 10.445649848650854], [103.9791745416596, 10.445674472599512], [103.97914800013218, 10.445706073768822], [103.97913909927236, 10.44573056110851], [103.97912673016963, 10.445753415359212], [103.97913544619387, 10.44578507405068], [103.97916012353255, 10.445830772762905], [103.97917250795018, 10.445853576986627], [103.97920240046044, 10.44589404026335], [103.9792236478088, 10.445915141101173], [103.9792413123935, 10.445948532230547], [103.97924646899905, 10.445978467270345], [103.97926405684947, 10.446003088234386], [103.97927103184684, 10.446038089355298], [103.97928160541694, 10.44605130686743], [103.97929401905185, 10.44605657105649], [103.9793223199872, 10.446065477668919], [103.9793593928136, 10.446072499916864], [103.97937170036143, 10.446086624381904], [103.97937348925548, 10.446109411318567], [103.9793770252157, 10.446125239320779], [103.97937699887929, 10.446141061513371], [103.97935214541307, 10.446146264920829], [103.97933808176691, 10.446144524140893], [103.97932747161788, 10.446153276874828], [103.97933091924529, 10.446167296477878], [103.97933975583892, 10.446181415283009], [103.97934850410242, 10.446193725688385], [103.9793503280621, 10.446195446505874], [103.97935030458375, 10.446209550860292], [103.97934151252278, 10.446223550500651], [103.97934495714134, 10.446239378354113], [103.97934318358506, 10.446262249893165], [103.97935375746646, 10.446275286578176], [103.9793837796051, 10.446292785206738], [103.97942086103751, 10.446294653934672], [103.97944562618325, 10.446287642122893], [103.97948094881471, 10.446303521955947], [103.9795002781987, 10.446324529236856], [103.97952498812884, 10.446350698817513], [103.97953912838261, 10.446361300166565], [103.97957272743292, 10.446370034570592], [103.97960972054426, 10.446370094877542], [103.97961324207762, 10.446394602480584], [103.97961147741479, 10.44641213968249], [103.97962734142075, 10.446429796034398], [103.97963964628683, 10.44644554791562], [103.9796573344094, 10.446464834669591], [103.97968560937223, 10.446489382619827], [103.97969258442535, 10.446524383733278], [103.97969071383513, 10.446550690802313], [103.97969251448541, 10.446566425560347], [103.97970838451972, 10.446580465407408], [103.9797313966061, 10.446584029011937], [103.97974197773348, 10.446592725883608], [103.97978947921654, 10.446645242708017], [103.97982658226407, 10.446689062954869], [103.97984954188259, 10.44672418052521], [103.97986713869247, 10.446743467119772], [103.97988124709997, 10.446773235911785], [103.97989180192587, 10.446797754972142], [103.97990406893081, 10.446836290802418], [103.9799270694622, 10.446846816158843], [103.9799516762509, 10.446880128150632], [103.98000273139941, 10.446937894676715], [103.9800521509927, 10.446990505002814], [103.98010685682051, 10.447050085715631], [103.98014397153162, 10.447086944163777], [103.9801633068689, 10.44710442531914], [103.98020043616931, 10.447132513745302], [103.98023930682048, 10.447157078904425], [103.98024978777504, 10.44717110995145], [103.98028513398773, 10.447172885345761], [103.98032220396661, 10.44718171573951], [103.98036815733512, 10.447176546609303], [103.98043354596349, 10.447183705246273], [103.98047774357144, 10.44719073896812], [103.98051113662997, 10.447213577337305], [103.98054298860511, 10.447229360998115], [103.9805765108551, 10.447229415549362], [103.98059067460984, 10.44722591249858], [103.98062599470666, 10.447243419637639], [103.98066488582593, 10.447255688641421], [103.98068428041675, 10.447292518199433], [103.98070188601805, 10.447306560823904], [103.98070010699598, 10.447332777637502], [103.98068062217028, 10.4473502860176], [103.98067172993305, 10.447369619886235], [103.98068758263724, 10.447394147542736], [103.98072290260842, 10.447411745084604], [103.98074764169942, 10.447420464957391], [103.98079358639323, 10.447420539694807], [103.9808306127414, 10.44745568008139], [103.98083932057432, 10.447492401835982], [103.98087827395956, 10.447522210997363], [103.98091002594022, 10.447543238402606], [103.98093650623602, 10.447548525407138], [103.98095409160526, 10.447574773712116], [103.98096465524429, 10.447594048813599], [103.98098234351369, 10.447613335499838], [103.98101577446576, 10.447613389858406], [103.98104233725908, 10.447624011343152], [103.98105818430405, 10.447651974659589], [103.98106342974592, 10.447683537250912], [103.98108641297875, 10.447704550383325], [103.98109874107104, 10.44770637868108], [103.98113582569086, 10.447706438967263], [103.98116585962089, 10.447716975672039], [103.98117121981569, 10.447734434053356], [103.98119062604411, 10.447764301817761], [103.98121524473856, 10.447790561541591], [103.98123111775402, 10.447802883479781], [103.98125586259063, 10.447808167638353], [103.98125399226845, 10.447834384307876], [103.98123103091415, 10.447855232344065], [103.98122570401169, 10.447872763767402], [103.9812521263005, 10.447913040402607], [103.98127857169143, 10.44793939350372], [103.9813014375222, 10.447976138256559], [103.98131379893336, 10.44801295635049], [103.9813226212712, 10.448035754710393], [103.98133676466232, 10.448044547734375], [103.98135607403513, 10.448077760605624], [103.98138077811133, 10.448107636968333], [103.98140721213412, 10.44814086141336], [103.98144078819641, 10.44816360957635], [103.9814690749978, 10.448181195613977], [103.98149555820719, 10.44818476473655], [103.98149552342771, 10.448205740447687], [103.98149548864819, 10.448226716158795], [103.98151300299706, 10.448240758593604], [103.98154303399403, 10.448253103516583], [103.98156783259114, 10.448281081350865], [103.98158368511072, 10.448305789792176], [103.98163661108909, 10.448337339405535], [103.98167903563834, 10.448367154113573], [103.98174082162635, 10.448398808511614], [103.98177424112924, 10.448405824561185], [103.9818290548041, 10.448400669614452], [103.98187856781617, 10.448397223896523], [103.98191380816384, 10.448407859399321], [103.98195455537457, 10.448402591184502], [103.98203579284016, 10.44838174726312], [103.9820906123486, 10.448373066181377], [103.982118933946, 10.448369676450865], [103.98218426941645, 10.448353960217435], [103.9822285106533, 10.448334774064447], [103.98222933392555, 10.448334052097593], [103.98226738024294, 10.448305000893868], [103.98228332293118, 10.44827528094275], [103.98233458009325, 10.448266594039477], [103.98236462848959, 10.448268451029831], [103.98237170689046, 10.448296400065672], [103.9823556813985, 10.44832096635746], [103.98237162263187, 10.448347302336883], [103.98240868413949, 10.44836137642565], [103.98244046235048, 10.448366671901043], [103.98245463481948, 10.44835792484073], [103.98246353835212, 10.448331719565008], [103.98248477614446, 10.44830363561957], [103.9825076464116, 10.448282606518102], [103.98253957670038, 10.448251194631043], [103.98253435414176, 10.448205708522796], [103.98253786581628, 10.448181121933045], [103.98257675414482, 10.448195198963626], [103.98260854670335, 10.44819181481552], [103.98262455765922, 10.448176018528295], [103.98262808637877, 10.448141124904799], [103.98262466461195, 10.448111373544675], [103.98265117101762, 10.448100928624134], [103.98267236525228, 10.448099154720808], [103.98268516413934, 10.448092484917503], [103.98269887733883, 10.448085274118665], [103.98271487377762, 10.448078247845249], [103.98272188389667, 10.448092273191724], [103.98272355283432, 10.448132509596288], [103.98271116967497, 10.44816395318427], [103.98272344874339, 10.448195436742086], [103.98273753714854, 10.448237501530308], [103.98276570084022, 10.448274345185238], [103.98279219574145, 10.448270862021126], [103.98281513699193, 10.448262129153543], [103.98284528555632, 10.448258651905316], [103.98289641936826, 10.448269313052403], [103.98292826873995, 10.448286814323872], [103.98294757800126, 10.448320207932303], [103.98296170695356, 10.448337770906045], [103.98297597074942, 10.448329023969768], [103.98299007802038, 10.448304454537356], [103.98300069965859, 10.448288739913586], [103.98304482349297, 10.448285285283697], [103.98307834302986, 10.448287057416444], [103.98311724589499, 10.448292364363507], [103.98315962542196, 10.448294241248856], [103.9831880093587, 10.448308391609377], [103.98317902605075, 10.448327634992387], [103.9831720407518, 10.448353843397054], [103.98316841760942, 10.44839063554498], [103.98317534224167, 10.448401134644351], [103.9831948010039, 10.448399357896928], [103.98322314874414, 10.448380145867924], [103.98323908552106, 10.448353951955344], [103.98325846444266, 10.448345213287908], [103.98330446881204, 10.44836454569635], [103.98334325435813, 10.448385584256393], [103.98336093117184, 10.448411922999789], [103.98337849663108, 10.448450376879313], [103.9833714055145, 10.448485355160576], [103.9833607664101, 10.448511648068102], [103.98339961733012, 10.448548418557785], [103.98342073175243, 10.448539682690042], [103.98341556858996, 10.44851345461672], [103.98343322651255, 10.448495943110315], [103.98347380412072, 10.448538050742105], [103.98351073971915, 10.448573100275725], [103.98354787816808, 10.448595944403346], [103.98357960431662, 10.44863279375615], [103.98359728713622, 10.448655515984651], [103.98360245016652, 10.448681834468218], [103.98363959445784, 10.448701152495502], [103.98368192791702, 10.448730966800355], [103.98369601662309, 10.448772941139627], [103.9837101139909, 10.44880967154892], [103.98373296554571, 10.44885527657481], [103.98374706575734, 10.448890289143717], [103.98376119194444, 10.448909569923782], [103.98376289280918, 10.448930548448732], [103.98376284071504, 10.448962102437855], [103.98377157773764, 10.448981374500349], [103.9837838714213, 10.449004088002528], [103.98379983310946, 10.449018127806532], [103.98381569763639, 10.44903569355254], [103.98383511315483, 10.44906013641512], [103.98384568851365, 10.449072449661989], [103.98386156185103, 10.449084681063873], [103.98387396121373, 10.44909871510328], [103.98389502940064, 10.449118007104559], [103.98391446209128, 10.449132052516328], [103.98394987095985, 10.449151367703983], [103.98397276315804, 10.449172380493403], [103.9839926342131, 10.449197547386262], [103.98399919740207, 10.449205695151635], [103.98402035112723, 10.44922851338347], [103.98404084248659, 10.449265254117405], [103.98407499258163, 10.449272451939104], [103.98410510364427, 10.449291758546053], [103.98412971405682, 10.449323261989685], [103.98414912081702, 10.449353039176941], [103.98416141737613, 10.449374034827052], [103.98417204666237, 10.449409041769105], [103.98418430563869, 10.449452821388485], [103.98419129273466, 10.449480860655934], [103.98419483478796, 10.449493162524414], [103.98420190457705, 10.449526445868878], [103.98421244253022, 10.449561452662088], [103.98422645148256, 10.449596465064745], [103.98424056907997, 10.449620989755287], [103.98426172866635, 10.449640281882125], [103.98428992457528, 10.44965777712191], [103.98430763628288, 10.449663049686901], [103.98433978092935, 10.449667803095528], [103.98437649670515, 10.449670122740454], [103.98441365845751, 10.449678952824907], [103.98444184558315, 10.449701782394119], [103.98449662771368, 10.449715884878444], [103.98452841475205, 10.449715936223942], [103.98454955126034, 10.44974924228311], [103.98453892383115, 10.449768483049082], [103.98454591677806, 10.44979299621935], [103.98459010324724, 10.449807081574146], [103.98462186153235, 10.44982458253943], [103.98462539496225, 10.449842128333716], [103.98463410031809, 10.449880658255552], [103.98465535128891, 10.449899950505483], [103.98468164455721, 10.449908039706173], [103.98470832107637, 10.449905279984591], [103.98471910838708, 10.449899872633287], [103.98472954716608, 10.449884248069576], [103.984771921118, 10.449889650842238], [103.98480015745324, 10.449882644228357], [103.9848143414033, 10.449866935295068], [103.98483380591364, 10.449861722773493], [103.98485151183364, 10.449870521400099], [103.9848620047067, 10.449877500125826], [103.98487266000593, 10.449896775257919], [103.98487609346891, 10.449919564832644], [103.98488138267285, 10.449924817314344], [103.9849114111468, 10.449938879772315], [103.9849255519001, 10.449949390484317], [103.98493969280334, 10.449959810783144], [103.98497154529667, 10.44997559402339], [103.98500158524699, 10.449982694703975], [103.98502092967868, 10.449994931653373], [103.98504558908185, 10.44999677970298], [103.98508451528288, 10.449988072470083], [103.98510744796991, 10.449984583371796], [103.98513401409413, 10.449993396278925], [103.98515160561199, 10.450016208693672], [103.98516754731607, 10.450042454133465], [103.98520990700868, 10.450056536457998], [103.98523629909155, 10.450060105132012], [103.98528222976803, 10.450068949263212], [103.98529641950857, 10.450049714216833], [103.98529115634244, 10.450028639538012], [103.98528414889421, 10.450012896402827], [103.98531595620804, 10.450000651558742], [103.9853424482619, 10.449998976440751], [103.98536009753818, 10.449986708758594], [103.98538140615406, 10.449971011288824], [103.9854114749833, 10.44996057188799], [103.98545203372454, 10.449958919443159], [103.98546976258237, 10.449953794496876], [103.98549796736953, 10.44996595529103], [103.98551729158777, 10.44999048832422], [103.98553673883904, 10.449995763620722], [103.98554746901398, 10.449969561196582], [103.9855633854579, 10.449955663278175], [103.98558100601366, 10.449960845214381], [103.98559342571996, 10.449962583078406], [103.98562702222905, 10.449973215534303], [103.98565165010439, 10.449994231007812], [103.98568170747613, 10.449990753351239], [103.98570830812227, 10.44997859048856], [103.98572423333405, 10.4499593582185], [103.98573840281844, 10.449952419264248], [103.9857947637511, 10.449950792240388], [103.98580901595183, 10.449949097360877], [103.98583725807231, 10.449938564562986], [103.98584604996381, 10.449924564737962], [103.9858567484427, 10.449917620185916], [103.98587966952248, 10.449921183214341], [103.98589554001255, 10.449935222772293], [103.98591852374528, 10.449956235577234], [103.98594326899615, 10.449961428970989], [103.98596446884929, 10.449956309588082], [103.9859857717864, 10.449944047755274], [103.98600689188896, 10.449931876039313], [103.98602453816447, 10.449921416570987], [103.98604046335447, 10.449902184284014], [103.9860473471573, 10.449882033306574], [103.9860476226699, 10.449881129621863], [103.98606883410801, 10.449868958048548], [103.98610947853321, 10.449870741345476], [103.98614838448675, 10.449874330094874], [103.98619274883144, 10.449891399141812], [103.98620306395594, 10.449895393914762], [103.9862260677644, 10.449904200996631], [103.9862419727369, 10.449897264813417], [103.9862427077824, 10.449894644024248], [103.98625088194981, 10.449867442917181], [103.98626335617786, 10.44983599932841], [103.98628097735164, 10.44978521567524], [103.98631984661799, 10.4497555324165], [103.98636762997394, 10.449748647537561], [103.98640243755196, 10.449744906218395], [103.98640709689015, 10.449744371239913], [103.98644720334876, 10.449740005553657], [103.98648429685363, 10.449734821298469], [103.98653729546355, 10.449722610427557], [103.98656382193677, 10.44969995948072], [103.98659737610512, 10.449680755525762], [103.9866363138112, 10.449664995915628], [103.98666281444423, 10.449658076754698], [103.98673354749786, 10.449637305155328], [103.98674416618265, 10.449623308241122], [103.98681665505286, 10.449590152885419], [103.9868538428455, 10.449583160480636], [103.9868997251946, 10.449565784572172], [103.98693335924769, 10.449553542498514], [103.9869970274765, 10.449551927006404], [103.98704284677491, 10.449572976440082], [103.98706226807445, 10.449594073852186], [103.98709048713678, 10.449597554895727], [103.98711520924753, 10.449616852567065], [103.98715402384505, 10.449620441046148], [103.9871983247513, 10.44962051223483], [103.98723530390937, 10.449629341700671], [103.9872741870203, 10.44964685385589], [103.98729531240994, 10.44968712151897], [103.9873094244766, 10.449715172177546], [103.98734117713651, 10.449736198971383], [103.98735700469736, 10.449776458120137], [103.98738170089841, 10.449811577981105], [103.98744537214614, 10.449808154149478], [103.98747004889833, 10.449799423734667], [103.98749306711545, 10.449799460702028], [103.98753176461499, 10.449818780786483], [103.98756890930301, 10.449838098373046], [103.9875989464959, 10.449846916651236], [103.9876219303429, 10.449867929338737], [103.98763596829141, 10.44988549197304], [103.98765898947855, 10.449883720676208], [103.9876783540162, 10.449883751764617], [103.98769604846997, 10.449899602422157], [103.98772432735882, 10.449922341447474], [103.98773493727136, 10.449913678843922], [103.98774199654112, 10.449897867924129], [103.98781615201209, 10.449906756998107], [103.98783029286793, 10.449917267585977], [103.98787092576906, 10.449926102844405], [103.98789566513389, 10.449934912593369], [103.9879115586727, 10.449934938097757], [103.98793631521617, 10.449933259978557], [103.98796461411546, 10.449943793278386], [103.98800166483994, 10.449964738097188], [103.98800335444425, 10.44999276879721], [103.9880250667937, 10.45000934918666], [103.9880262527618, 10.450010255218032], [103.98803063807574, 10.450009719776276], [103.98806517312572, 10.45000507371029], [103.98807926276977, 10.44999108231791], [103.98809525046663, 10.4499893901198], [103.98813576332849, 10.450015765249468], [103.98813868479886, 10.450016674064152], [103.98815877016708, 10.45002276394229], [103.98817366531105, 10.450018900079053], [103.98818527080326, 10.450015844654915], [103.98819668117885, 10.450020383598558], [103.98821183421735, 10.450026375150056], [103.98823126154555, 10.45004385599016], [103.98827006763244, 10.450052688269302], [103.98831590130195, 10.450065057914141], [103.98835126228215, 10.450058062406917], [103.98838133384533, 10.450045904881875], [103.98841313247584, 10.450038903656372], [103.98843971306039, 10.45003894626713], [103.9884480290481, 10.450036608863131], [103.98850688109388, 10.450019795990546], [103.98859162951098, 10.450030419709643], [103.98867993155767, 10.450046383460183], [103.98875947924891, 10.45005347269994], [103.98880542438772, 10.45005354630243], [103.98883721724675, 10.45005007112731], [103.98886015552635, 10.450043146077133], [103.98889378380078, 10.45003442988908], [103.98895213714495, 10.450043293392637], [103.98899980921534, 10.45004861367974], [103.98903506450725, 10.450050387976237], [103.98906684584011, 10.45005396496445], [103.98910749017716, 10.450055838294086], [103.98916983260443, 10.450083061959893], [103.98917996450248, 10.450087417996823], [103.9892434815423, 10.450122509449915], [103.98928052071288, 10.450150596724257], [103.98931401186663, 10.4501699082668], [103.98934048679962, 10.450178720683807], [103.98936349929247, 10.45018228361088], [103.98939180107357, 10.450191098946993], [103.98940940148778, 10.450208667208338], [103.98943229414589, 10.450229679625847], [103.98944122561032, 10.450241990068156], [103.9894552751966, 10.450252500440964], [103.98947998909694, 10.45027695145874], [103.98948526982507, 10.45028744780168], [103.9894835056807, 10.450304985079345], [103.98947105448542, 10.450322505259512], [103.9894834541569, 10.450336539094183], [103.9897130887461, 10.450336906383058], [103.98993036941455, 10.450351177345658], [103.99008232294052, 10.450376012500719], [103.99011527083573, 10.450392429881546], [103.99013179052956, 10.450400593437386], [103.99015112665066, 10.45041807402043], [103.99016697731561, 10.450444409497402], [103.9901863990339, 10.450465416318126], [103.99019873305429, 10.45046371817802], [103.99021464667526, 10.450451447447278], [103.99022892173443, 10.450435738408068], [103.99025181151812, 10.450458559023074], [103.99028346457142, 10.450484829324491], [103.99031879977223, 10.450493655815214], [103.99033471619072, 10.450479667237792], [103.99033830138826, 10.450465658964943], [103.99036476503062, 10.450481433074286], [103.9903894616327, 10.450516552719568], [103.99041420127124, 10.450525271865853], [103.9904266037943, 10.450537587825494], [103.99043715677706, 10.450563824417461], [103.99047767301731, 10.450588300595797], [103.99052368100635, 10.450605914157086], [103.99056067468274, 10.45060597321861], [103.99061729843396, 10.450611307560008], [103.99068797743116, 10.450623716531206], [103.99075326443361, 10.450637834727223], [103.99078686136325, 10.450648376238481], [103.9908150662941, 10.450660626987554], [103.99084329390288, 10.450658954183476], [103.99087508960845, 10.450653760966585], [103.99107826956026, 10.450689074868592], [103.99124139465917, 10.450697020086068], [103.9912655986423, 10.45069814362971], [103.99143517597783, 10.450726441939802], [103.9915975604148, 10.450796680292088], [103.99169110678442, 10.450845833119724], [103.99176712688642, 10.450887905799709], [103.99178903071727, 10.450899242300062], [103.99199657141402, 10.451005536712675], [103.99218015039979, 10.451074090676004], [103.99232148321819, 10.451114639732875], [103.992402831147, 10.451138366921468], [103.9924042896925, 10.451140177500085], [103.99240089151965, 10.451151564122267], [103.99238495254491, 10.45117947635859], [103.99239549705284, 10.451211047241982], [103.99241311766306, 10.45121631922188], [103.99243085236947, 10.451207577379723], [103.99244145090165, 10.451205876393127], [103.99244499917182, 10.451214561677556], [103.99243610194661, 10.451237331580867], [103.99244309554845, 10.451261844606732], [103.99246790375439, 10.451284668123265], [103.99249430456514, 10.451282992269636], [103.99251031227602, 10.451269003726958], [103.99251817684208, 10.451263410634033], [103.99252621734188, 10.451261976815065], [103.99254109753176, 10.451267334842631], [103.99255270376968, 10.451263827196604], [103.99256150392132, 10.451244583239294], [103.99257743173126, 10.451223542358008], [103.99259161537132, 10.451207833064654], [103.99260761045433, 10.451201620007904], [103.9926182130943, 10.451197387460082], [103.99264103172672, 10.451207911642443], [103.99268530164466, 10.451227239982972], [103.99270373906333, 10.451235768110964], [103.99270419342908, 10.451237215440115], [103.99270637054056, 10.451246531432497], [103.99269584060953, 10.451262246540066], [103.99270110150988, 10.451285038960853], [103.99272755962664, 10.451304338977225], [103.99276646029826, 10.4513113626136], [103.99279285832378, 10.451311404576437], [103.99280875473174, 10.45130971199906], [103.99284594541727, 10.451301001058836], [103.99286358305493, 10.451295785142136], [103.9930723790143, 10.451416999008961], [103.99307539053726, 10.451418721639028], [103.99307360122027, 10.451451900340611], [103.99306816948375, 10.451478111459888], [103.9930681269661, 10.451504331141123], [103.99306992537744, 10.451521874106126], [103.99308752607946, 10.451539442176411], [103.99311939618605, 10.451544736756263], [103.99313883811288, 10.451553447281935], [103.99318478350352, 10.451553520264236], [103.99320772753013, 10.45154306880768], [103.99323251541124, 10.45152213237813], [103.99324313388358, 10.451508135238551], [103.9932520026272, 10.451502905373836], [103.99329427451883, 10.451515178251388], [103.99336492264308, 10.451546844548135], [103.99344440553574, 10.451594256705844], [103.99354499434236, 10.451638176241808], [103.99358029858396, 10.451666260286299], [103.9936138815257, 10.451685571540834], [103.99368277444142, 10.45172944073047], [103.99371625756096, 10.451753995766511], [103.9937532862168, 10.45178895391216], [103.99380975655266, 10.451832803365562], [103.99383621200553, 10.451853821136078], [103.99383619780514, 10.451862591168233], [103.99378493456874, 10.451874805999752], [103.99376196783983, 10.451899271466086], [103.99376191688634, 10.451930735086131], [103.99378310271602, 10.451934294803944], [103.99379544249182, 10.451929070431396], [103.99382551697944, 10.451915104139097], [103.99384316034788, 10.451906362073908], [103.99385201767531, 10.45190818438351], [103.99386086094947, 10.45191868631232], [103.99386081556862, 10.451946714250115], [103.99384489922163, 10.451960703006085], [103.99383069862361, 10.451986900229192], [103.99384657808116, 10.451995695474976], [103.99386777811618, 10.451990485155275], [103.99388724834509, 10.451981745985783], [103.9939013151456, 10.45198176829887], [103.99392433354652, 10.451981804809865], [103.99395264412529, 10.451985375817344], [103.99397565125712, 10.451992374102849], [103.99399672306674, 10.452009947631028], [103.99401613943834, 10.452034480328734], [103.99404612597844, 10.452074852051155], [103.99404785315211, 10.45208000832741], [103.99403192831808, 10.452099241029504], [103.99402140398193, 10.452111520499026], [103.99402667069879, 10.452130786806523], [103.99405123067251, 10.452137787549605], [103.99406895119678, 10.452137815649516], [103.99408483637586, 10.452143084788556], [103.99409897462692, 10.45215540336594], [103.99411484283439, 10.452171160377297], [103.99412367763833, 10.452186906236298], [103.99412191651714, 10.452202725707908], [103.99411832868337, 10.452218451870191], [103.99412891319724, 10.45222543044848], [103.99414481242779, 10.452222019965081], [103.99415724077289, 10.4522185135651], [103.99417139614782, 10.452220253853007], [103.9941996183349, 10.452222016440732], [103.99421376229954, 10.452230808917829], [103.99423674956113, 10.452250103313535], [103.99425435315018, 10.452265953482245], [103.99428251873462, 10.452302705780255], [103.99429654591148, 10.452327229920067], [103.99432483956087, 10.452341288770093], [103.99437425610873, 10.452341367087842], [103.99442204544653, 10.452330954918402], [103.99445742354324, 10.452313470866832], [103.99447862066748, 10.452310068761358], [103.99452107657827, 10.452321618470902], [103.99453687204048, 10.452325892903641], [103.99457218493022, 10.452348732907808], [103.99463395352493, 10.452392500203867], [103.99468687019676, 10.452431099931303], [103.99473986974857, 10.452474943732417], [103.9947787083692, 10.452520482947284], [103.99483511028993, 10.452550318115021], [103.99487400533071, 10.45256095801189], [103.9949252487784, 10.452561039138272], [103.99497651209283, 10.45254882412722], [103.9949853808401, 10.452543594214683], [103.99517100880175, 10.452475626212081], [103.99522228333656, 10.452456449381026], [103.9952558457885, 10.452432000569912], [103.99527352301979, 10.452402282674434], [103.99529485396742, 10.452372570557563], [103.99532139423461, 10.452341148833112], [103.99545756213325, 10.452243356552957], [103.99581660945586, 10.451974312689558], [103.99586618233127, 10.451934066840055], [103.99586901702239, 10.451932172646774], [103.99590870473533, 10.451904388159754], [103.99596345293374, 10.451883498844335], [103.99597515342082, 10.451878182962862], [103.9960095236997, 10.451862505399658], [103.99604665393785, 10.451834626441702], [103.99606950947181, 10.451822366377046], [103.99610140503053, 10.451811928846828], [103.99620583978715, 10.451736870173557], [103.99625001475437, 10.45170195010192], [103.99631369365629, 10.451637314946442], [103.99649409065177, 10.451527295843556], [103.99667633111831, 10.451406882048055], [103.99697346545263, 10.45123927288774], [103.99704945006386, 10.451190388830353], [103.99710073548225, 10.451164249898731], [103.9971590797264, 10.451122299810383], [103.99722982677993, 10.451092665418896], [103.99727226051009, 10.451061178144906], [103.99732701981733, 10.451033236388295], [103.99739773863753, 10.451021142032614], [103.9974561488709, 10.450994923850255], [103.99748622311954, 10.45098095720023], [103.99765942140291, 10.450916494208691], [103.99773361977596, 10.450899070887955], [103.99787148654393, 10.450880120310565], [103.99793875113802, 10.450857532489456], [103.99801111987442, 10.450841824070974], [103.99805892572394, 10.450820923458414], [103.99809950708533, 10.450805255429055], [103.99816319259875, 10.450793059424306], [103.99824624824683, 10.450777458171045], [103.9982851658404, 10.450773993256098], [103.99837698760884, 10.450760123598004], [103.99845472564536, 10.450756810098452], [103.99849902969109, 10.450755071470352], [103.99858196874249, 10.45075520180773], [103.99863494743228, 10.450755285051606], [103.99870565209002, 10.450751960439893], [103.99874985913935, 10.45075374773169], [103.99879230256096, 10.450773072370367], [103.99883273369741, 10.450794111690284], [103.99884339831512, 10.450808142455616], [103.99883808638643, 10.450816904174546], [103.99882391987857, 10.450822125879213], [103.99880636804157, 10.450830868373252], [103.9987903606207, 10.450844857246423], [103.99877267815646, 10.450878101457628], [103.99877620138072, 10.45090251850308], [103.99878321519355, 10.450914735275697], [103.99880621106678, 10.450928785411307], [103.99883075976675, 10.450942837984226], [103.99885022415233, 10.450937624600103], [103.9988626579089, 10.450930682326126], [103.99888030399131, 10.450920131717114], [103.99889274905031, 10.450906137245173], [103.99890865657747, 10.450897482577366], [103.99893331067875, 10.450902765246381], [103.99895101158442, 10.45091499879709], [103.9989704338014, 10.450936095524305], [103.998996903603, 10.45094834284108], [103.99900934300759, 10.450937874462843], [103.99901110372768, 10.450922145363926], [103.99902172482639, 10.45090633976286], [103.99905708557502, 10.450899433475536], [103.99907472585491, 10.450892499366608], [103.99908177053572, 10.450885458210799], [103.99907649497358, 10.450871526325807], [103.999136612461, 10.45086285063189], [103.99916841084111, 10.450855938740256], [103.99917903395743, 10.450838867354454], [103.99920389594512, 10.450828418465013], [103.99921624399563, 10.450817949934734], [103.99922739590228, 10.45081290430745], [103.99923571401592, 10.450809210427822], [103.99930112646261, 10.450802351271776], [103.99932222660144, 10.450802384379445], [103.99934869076041, 10.450818157765877], [103.99940876335388, 10.450837509983549], [103.99943177329385, 10.450842790034903], [103.99949178538611, 10.450842884170413], [103.99953600924694, 10.450834183470688], [103.9995801388686, 10.450827290877237], [103.9996278226018, 10.45082555739269], [103.99967731625797, 10.450834405061789], [103.9997073511924, 10.4508449400631], [103.99973209664863, 10.450850222814054], [103.99976388387768, 10.450850272647303], [103.99978864322283, 10.45084687576597], [103.99982033910925, 10.450846925450396], [103.99986629283242, 10.45084175352378], [103.999892879173, 10.450838269084777], [103.99992294766805, 10.450827828298115], [103.99994069893717, 10.450808598143414], [103.99996184390726, 10.450780603242658], [103.99998132504092, 10.450764901903979], [104.00000437706474, 10.450743871790978], [104.00003089995887, 10.450722937527363], [104.00005916688855, 10.450696671625455], [104.00009446979323, 10.450668789309013], [104.0001175134178, 10.450653003129254], [104.0001935998981, 10.450597156649456], [104.00021842917329, 10.450549999938938], [104.00023792429887, 10.450525528541567], [104.00025558982514, 10.450502772125052], [104.00027691743107, 10.450474777486722], [104.00028754943429, 10.450452100466572], [104.00032113369018, 10.450413637106932], [104.00040255723708, 10.450333206585377], [104.00043264531539, 10.450310469606071], [104.0004680256182, 10.45029126701624], [104.00049811065449, 10.450270428699188], [104.00055642628045, 10.450246018042593], [104.00058998809628, 10.45022156863654], [104.00062355005134, 10.450197028813863], [104.00067313042551, 10.450151538228331], [104.00083765954818, 10.450023951594066], [104.00092433294977, 10.449973455854035], [104.00114361488788, 10.449821543152957], [104.0011914372669, 10.449790063753243], [104.00125863805219, 10.449749934979321], [104.00131706995974, 10.449709792487965], [104.00137184253772, 10.44967317037638], [104.00141250946501, 10.449660937739834], [104.00144248919783, 10.44964877881532], [104.00146908940815, 10.449636524195538], [104.00149202179864, 10.44963312432266], [104.00154686075079, 10.449612143740294], [104.00159632145511, 10.449584283357074], [104.0016564889372, 10.449544053097284], [104.0016759671729, 10.449530069490102], [104.00170777661057, 10.449516105135583], [104.00173774997967, 10.449507924346381], [104.00173957754501, 10.449507475134473], [104.00176962914463, 10.449507522051997], [104.00180681393918, 10.44950224573213], [104.00182445408495, 10.449495311464108], [104.00185442269608, 10.449490114287018], [104.001868591979, 10.449483084185678], [104.00187409080631, 10.449471610310898], [104.00187922383215, 10.449460407104201], [104.00189340982085, 10.44944288911357], [104.00190576334637, 10.4494288943713], [104.00193054488591, 10.449411483328685], [104.00195889164948, 10.449392269586735], [104.00197308310291, 10.449371315904605], [104.00200139150955, 10.449318830094407], [104.00204216160716, 10.449241771374012], [104.00206166759527, 10.449210338064796], [104.00208638857663, 10.449173578519977], [104.00210059671136, 10.449142136942429], [104.0021059280998, 10.449121079017429], [104.00212711386195, 10.449124638177393], [104.00216064751204, 10.449117728682978], [104.00217663238656, 10.449117753617454], [104.00219956761217, 10.449112545434811], [104.00220846407139, 10.449089775220319], [104.00221916232758, 10.449082739688125], [104.00222866190916, 10.449082754504634], [104.00224026235976, 10.449082772597484], [104.00225268762406, 10.449081074128168], [104.00226686493936, 10.449068980888898], [104.00227217962096, 10.449058410849405], [104.00228809545689, 10.449044421646125], [104.00231640590201, 10.449047991904218], [104.00233390732696, 10.449070803286943], [104.00235332996104, 10.449091718990239], [104.00237450737933, 10.449100522078364], [104.00239570710045, 10.449095311175368], [104.00240109902023, 10.44909360173404], [104.00241701470867, 10.44907970293701], [104.00242579477543, 10.449072664407012], [104.0024488380249, 10.449056968459287], [104.00245762643435, 10.44904468598371], [104.00247180949475, 10.449028976221323], [104.00248574801739, 10.448994731399058], [104.00248602319454, 10.44899400852352], [104.002480764337, 10.448969498385459], [104.00247192084065, 10.448958996684043], [104.00247367863827, 10.448944985399454], [104.00250034003047, 10.448894214818836], [104.00257122261094, 10.448778777405861], [104.0026065501039, 10.448735162953287], [104.00265611313755, 10.448700250334124], [104.0026720260623, 10.44868806936662], [104.00269323696669, 10.448675806240399], [104.00273219036214, 10.448649647144306], [104.00277284877093, 10.448642658270034], [104.00281696969304, 10.44864100915545], [104.00283815270204, 10.448646286111263], [104.00285220830362, 10.44865326981194], [104.00287173594633, 10.448665596406526], [104.00288403377245, 10.44868659139382], [104.00287869137689, 10.448714611124283], [104.00286981725712, 10.448723367369633], [104.00286272556154, 10.448760064029592], [104.00287328516043, 10.448782774158067], [104.00288915639868, 10.448796812904876], [104.00291561771209, 10.448814394254835], [104.00296153215828, 10.448833723747056], [104.00299514603945, 10.448833776094004], [104.00301459356557, 10.448839050336165], [104.00303761176731, 10.448839086179017], [104.00307297235598, 10.448832089018017], [104.00309938961, 10.448819924383974], [104.00311887061198, 10.448804132426059], [104.0031453764745, 10.448793685774339], [104.00317188233535, 10.448783239120324], [104.00319482571075, 10.448772877331706], [104.00321254879832, 10.448771187070824], [104.0032478898425, 10.448776486037584], [104.0032902643701, 10.448781705533817], [104.0033203131785, 10.448783470146292], [104.00337329975747, 10.448778399055477], [104.00339800075864, 10.448811619089618], [104.00341026517118, 10.448853680252993], [104.00342084706867, 10.448862376373032], [104.00344200785035, 10.448881667282043], [104.00346684729936, 10.448885232037654], [104.00349148741174, 10.448899284398156], [104.00353219813736, 10.448916887866329], [104.00358689267856, 10.448929178708765], [104.00362926709099, 10.448934488573999], [104.00368224551316, 10.44893457096567], [104.0037406324913, 10.44892245599273], [104.00378304033666, 10.44890669964187], [104.00380783565232, 10.448880518398962], [104.0038362155417, 10.44884032869893], [104.00387856258394, 10.44880531425354], [104.00391219855624, 10.448791442923355], [104.003938726626, 10.448766982211113], [104.0039546395073, 10.448754801177557], [104.00397758859403, 10.448740822816912], [104.00400949751754, 10.448721614419815], [104.0040307138253, 10.448705915513662], [104.00404490238633, 10.448686679575058], [104.00405726410486, 10.448667440796997], [104.00407502059376, 10.448644684290675], [104.00409095023961, 10.448621924944701], [104.0041103785517, 10.448581721308082], [104.00414050777928, 10.44853276422582], [104.00417061477647, 10.448497821134213], [104.00417564475013, 10.448493941185557], [104.00418652777847, 10.448485549674984], [104.0042024404925, 10.44847345904062], [104.00422718585526, 10.448478741438603], [104.00423603241019, 10.44848734442359], [104.00424662808041, 10.448487360881789], [104.00425897286509, 10.448478790812981], [104.00428377656328, 10.448447275169867], [104.00430672833627, 10.448431578939088], [104.0043597372024, 10.448412403273489], [104.00438979988579, 10.448405397735698], [104.00442346631375, 10.448372268407129], [104.00448186433842, 10.448353101088138], [104.00451365420183, 10.448351342179148], [104.00455778339311, 10.448344448875018], [104.0045790828259, 10.448333903605063], [104.00459846951937, 10.448319919667181], [104.00461439911068, 10.448297160292107], [104.00462502800333, 10.448276200951035], [104.00464267375224, 10.448265650005721], [104.00466745791836, 10.448246430480584], [104.00469752874268, 10.448234271378881], [104.0047169957405, 10.448227249366235], [104.00473645987363, 10.448222035609847], [104.00476825788488, 10.448215123140947], [104.00478946037639, 10.448208103816539], [104.00482135244738, 10.448199473639301], [104.0048425493535, 10.448195980413423], [104.00486720608568, 10.448199544775008], [104.00490786153772, 10.448194363881177], [104.00493792419002, 10.448187358290133], [104.00495737171477, 10.448192632413773], [104.00498562870958, 10.448172242878782], [104.00500693641779, 10.448156453632011], [104.00502805571585, 10.448144280615555], [104.00504936055808, 10.44813029962332], [104.0050565184244, 10.448109334883549], [104.00506706996248, 10.448079514922002], [104.00508125843169, 10.448060278932337], [104.00510422115543, 10.448037620848899], [104.00515021604515, 10.448006137988955], [104.00518031186485, 10.447978156585355], [104.00524218906139, 10.447953750555033], [104.00528468518799, 10.447939802393421], [104.00529521710362, 10.447922368987838], [104.00531297060037, 10.447901420663182], [104.00535366748127, 10.447870019973788], [104.00540136735867, 10.447857797709185], [104.00544732058566, 10.447852624953399], [104.00548267530145, 10.44784924403283], [104.0055268432909, 10.447817758284891], [104.00556047923288, 10.447803796358999], [104.0055869683559, 10.447803837391252], [104.00562933437327, 10.447814390933406], [104.00565230532969, 10.447786488859949], [104.00567536776667, 10.44775849651318], [104.00570005491628, 10.447742802863754], [104.00575495418856, 10.447741079614799], [104.0057990778444, 10.447737621823451], [104.0058274047995, 10.4477307038713], [104.0058556681268, 10.447706245674011], [104.00586272087263, 10.447693960408976], [104.005882212527, 10.44767129689177], [104.00592836968838, 10.447652652826644], [104.0060090448894, 10.447639848617193], [104.00607383518654, 10.447621595019639], [104.00611074682325, 10.447615594456805], [104.00615396603686, 10.447606439189496], [104.00621874661262, 10.447594333638857], [104.00627426783826, 10.447603641662019], [104.00630199719438, 10.447628096094968], [104.00630805928694, 10.4476647227848], [104.00632346222066, 10.447686174517608], [104.00633578365579, 10.447692341666562], [104.0063634843343, 10.447677104690415], [104.00638816602239, 10.447664846676005], [104.00641291964325, 10.447664884955314], [104.00644055753152, 10.44768942964852], [104.006471382827, 10.44772003694702], [104.00649911220924, 10.447744491363833], [104.00653309135856, 10.447744543897693], [104.00658488700918, 10.447741549923816], [104.00659014403575, 10.44776741620348], [104.00659684327461, 10.447805490484015], [104.00665817548378, 10.447836958640327], [104.00672861058689, 10.447830376927932], [104.0067990633689, 10.447812583999644], [104.00685147993684, 10.447763389834913], [104.00691051201547, 10.447689523096797], [104.00693792213843, 10.447626818728518], [104.00698812908314, 10.447530696711182], [104.00690248110772, 10.44739530637164], [104.00603067143912, 10.446207647846458], [104.0055950882445, 10.44561413471211], [104.00669692573321, 10.442900370806216], [104.00775663659981, 10.440998899281201], [104.00919820326455, 10.438412135792102], [104.01018991895225, 10.43663242690895], [104.01101226348925, 10.435156876548563], [104.0121608738397, 10.433378846901187], [104.01327943978045, 10.43164741987605], [104.01242179196932, 10.430173732404446], [104.01181446233946, 10.42931387933345], [104.01215975736628, 10.428758816655405], [104.0119739772431, 10.427352425490977], [104.01214215618951, 10.42704039454007], [104.01245490488928, 10.426503002690321], [104.01302447941924, 10.425501277121125], [104.01332443889558, 10.42496332228475], [104.01332443903594, 10.424963231871624], [104.01366676850796, 10.424371906827858], [104.01431359800513, 10.423256465514283], [104.01448695134388, 10.42296189068789], [104.01448695148393, 10.42296180027474], [104.01467457262473, 10.422595368354], [104.01490631375377, 10.422166165902075], [104.01521118036463, 10.42164006049775], [104.015583929589, 10.420981330669374], [104.01558392972868, 10.420981240256197], [104.01585812214604, 10.42050363965093], [104.01623535454128, 10.4198380442637], [104.01645342508054, 10.41944616050708], [104.01679328716202, 10.418847775422465], [104.01714250664452, 10.41822164709577], [104.01714250678373, 10.418221556682557], [104.01753861577153, 10.417512046977203], [104.01792066713479, 10.41685576901684], [104.01823701191306, 10.416282752820933], [104.01850418110655, 10.415793565965004], [104.01858932913866, 10.415657712190937], [104.0186494822655, 10.415561602728593], [104.01870810253624, 10.415452561824061], [104.0187457481855, 10.41532269428117], [104.01953425428063, 10.414050224090666], [104.02061683722047, 10.41230315946527], [104.02150494173559, 10.410869806124971], [104.0220574848396, 10.409978159260268], [104.02202401559877, 10.409885797103767], [104.02200537150252, 10.40983405274276], [104.02200183639415, 10.409756472659733], [104.02197949404821, 10.409734288002108], [104.02192726391115, 10.409726886553488], [104.02186384086134, 10.409752650152695], [104.02181534413654, 10.409752577754555], [104.02174078875562, 10.409711780354032], [104.02171845208021, 10.409685888732975], [104.02166636399151, 10.409645215277289], [104.021595478565, 10.409593483288688], [104.0215396515925, 10.409549097274668], [104.02147998740995, 10.409445665487931], [104.02140557406784, 10.409371686462737], [104.02136089503388, 10.409323700535294], [104.02130496564405, 10.409286637825414], [104.02124908687323, 10.409216393419246], [104.02124545496797, 10.409142520143025], [104.02129784822996, 10.409042872330032], [104.02132784282908, 10.408958018854225], [104.02134284236263, 10.408884173418139], [104.02137649712657, 10.408854658482987], [104.02141396949443, 10.408777230078513], [104.02144762290958, 10.408688675099368], [104.02145520201836, 10.4086296463881], [104.02145905917243, 10.408555784297523], [104.0215150436103, 10.408496737477812], [104.02154880496714, 10.408397242608018], [104.02153767824034, 10.40832706508948], [104.02151911447524, 10.408282644318618], [104.02147816330768, 10.40824569442905], [104.0214410130679, 10.408171771078772], [104.02144853473358, 10.408090500550848], [104.02145611382262, 10.408031471836722], [104.02146745440571, 10.407961327876448], [104.02146007225403, 10.407891155948233], [104.02146392360203, 10.407821091213506], [104.02150500854377, 10.407710305589468], [104.02150892309814, 10.407658685308293], [104.02152021172968, 10.407562682994893], [104.02152026794752, 10.40752579435657], [104.0215016759795, 10.40749990831722], [104.0214607024498, 10.407477695800878], [104.02141974573968, 10.407444452853454], [104.02137130988201, 10.407404688952994], [104.02130790856098, 10.407356584639842], [104.0212519908225, 10.407312108039298], [104.02116641312269, 10.407252940108727], [104.02109924471054, 10.407219657945374], [104.02104705446173, 10.407186398160714], [104.0210097851098, 10.407130828534116], [104.02099874421127, 10.40706435808161], [104.02099136783211, 10.40699047919798], [104.02096171243006, 10.406912950461955], [104.02086858829954, 10.406831619858922], [104.02083132453845, 10.406772433680644], [104.02079411143215, 10.406680065808413], [104.0207942183711, 10.40660999548182], [104.02083920227209, 10.406517750543916], [104.02084295687878, 10.406451302212604], [104.02081693240423, 10.406388425886703], [104.02082450589884, 10.406333104131178], [104.02079845867016, 10.40628514600283], [104.02079854890856, 10.406226015687057], [104.0207986336273, 10.406170501904153], [104.02079492856434, 10.406144638092172], [104.02077644367169, 10.40604868168599], [104.0207542087472, 10.405956336211084], [104.02072818984706, 10.405889843345559], [104.02070589850409, 10.405834476918725], [104.02068360164836, 10.405782727023627], [104.02068857270558, 10.405637349495706], [104.02091361676698, 10.405812274595565], [104.02113856693943, 10.405929153913833], [104.02130486891285, 10.406055529300364], [104.02141723312195, 10.406096925728864], [104.02182752910268, 10.406189760127841], [104.02212543494713, 10.40625828598574], [104.02212552627707, 10.406258286121961], [104.02253566232899, 10.406336472396806], [104.02293114599475, 10.406380731253584], [104.02299240656335, 10.40639519821928], [104.02329635784155, 10.406452430311699], [104.0237173600339, 10.406532439534528], [104.02386867180603, 10.406547221015021], [104.02411291344622, 10.406591253638378], [104.02437166938377, 10.406640099544836], [104.02464963210248, 10.406670891026685], [104.02505531069987, 10.406738217880296], [104.02534351503832, 10.406821192587804], [104.0256511949902, 10.406889548875935], [104.02620232136147, 10.40698475616947], [104.0262175690002, 10.406987762366718], [104.02659858068469, 10.407060746874585], [104.02695709317999, 10.407155035327557], [104.0272090937271, 10.407202512800371], [104.02747771442866, 10.407251370795722], [104.02777780305797, 10.407388337812922], [104.02817065116169, 10.40760780799128], [104.02836802020141, 10.407726992521724], [104.02847505397844, 10.40779161498834], [104.02871714234874, 10.407932745226825], [104.02882242213016, 10.4080099324957], [104.0288587317858, 10.408036567503213], [104.0288832560099, 10.408065716756543], [104.02890410609871, 10.408047935934787], [104.0289106907152, 10.408042068732271], [104.02907777346333, 10.407894397698369], [104.0291145416126, 10.407858919189986], [104.02972559040373, 10.407279089990055], [104.02973712537829, 10.407260843367126], [104.02990602156964, 10.40736542857689], [104.03011387413532, 10.407498008656553], [104.03019215592025, 10.407551377098372], [104.03026076374196, 10.407600029828194], [104.03032671569906, 10.407653560987121], [104.03036591150854, 10.407704611742885], [104.03039542995273, 10.40775320714034], [104.03042976714973, 10.407816366195014], [104.03043964252532, 10.407869634305518], [104.03043985120328, 10.407913304400791], [104.03043520110764, 10.407969173215875], [104.03040367454093, 10.408041909985208], [104.0303795419482, 10.408117189171799], [104.03033098796094, 10.408216572993679], [104.030309193114, 10.408255418903796], [104.03029707579009, 10.40829662975645], [104.03029726631942, 10.408352415250787], [104.03033169488704, 10.408415574449554], [104.03037820102764, 10.408464104341602], [104.03041242095242, 10.408483593438985], [104.03045158369196, 10.40849576627323], [104.03049551374939, 10.40849583066231], [104.03054174884186, 10.408481341827285], [104.03059770472669, 10.408440285619074], [104.03064643844637, 10.408403920328187], [104.03067069905603, 10.408365168420355], [104.03070965307947, 10.408333671127389], [104.0307680533568, 10.40830699423739], [104.03079491172373, 10.408302241654507], [104.03083399407174, 10.4083070908188], [104.03086821765814, 10.408324138705078], [104.03091713453917, 10.408348531609075], [104.03094895462993, 10.408384924487867], [104.03098570104599, 10.408425031535938], [104.03105439771065, 10.40853670254826], [104.03113299491872, 10.408684915151818], [104.03117962960872, 10.408769791407806], [104.03126100452417, 10.409015112304672], [104.03131506660088, 10.409141408861542], [104.03136414547185, 10.409240935680224], [104.03142310242013, 10.409330893096023], [104.03146474659863, 10.409393972325079], [104.03151364210332, 10.409432831297634], [104.03159909888304, 10.40945239520938], [104.03175295893776, 10.40947450027025], [104.03196535503797, 10.409501482719568], [104.03214598241047, 10.409518744367562], [104.03226561524424, 10.409526152177444], [104.0323266061703, 10.409538447077948], [104.03238274941954, 10.409555526813767], [104.03240236040213, 10.409572462797124], [104.03241464308697, 10.409604035094016], [104.0324147822478, 10.409633238908388], [104.03240028339006, 10.409679238293727], [104.03233720448686, 10.409781042390792], [104.0323104815232, 10.409817440075106], [104.03224234218162, 10.409882890472412], [104.03220590198849, 10.409943504814823], [104.0321550540646, 10.41005020906997], [104.03215787259167, 10.410181312981102], [104.03215825428394, 10.410292883983336], [104.03220547715793, 10.410473689845126], [104.03223496997119, 10.41060112575276], [104.03228890432518, 10.410690985273645], [104.03228908671842, 10.410691166367302], [104.03235008999057, 10.410756624516283], [104.03240154120842, 10.41079675288643], [104.0325287126546, 10.41089395238055], [104.03257851120058, 10.410939955198886], [104.03260294022306, 10.41097208769789], [104.03261778241142, 10.411002217104336], [104.03264137491931, 10.411044113054274], [104.03267090761328, 10.411083576502028], [104.0327060624188, 10.41108887178998], [104.03274901055117, 10.411073925786125], [104.03291714709309, 10.411015944652389], [104.03299266274313, 10.410965061475288], [104.03307053482752, 10.410926387558515], [104.03314363977334, 10.410899731689488], [104.03322176067387, 10.410877965451407], [104.03327530965203, 10.410858694968903], [104.033367955722, 10.410834599106046], [104.03345084383452, 10.410800724325572], [104.03353610654585, 10.41076685298134], [104.03356534696483, 10.410757221305394], [104.0336481762159, 10.410701466279066], [104.03367416456283, 10.410667689408461], [104.03370408780819, 10.410628764685347], [104.0337575298023, 10.410558500654405], [104.03379633351655, 10.410505213075687], [104.03380288317032, 10.410461371979908], [104.03380101194615, 10.410429905299281], [104.03377649056537, 10.410398405648472], [104.03375432271683, 10.41038110436807], [104.03373369501159, 10.410372213799558], [104.03368972021804, 10.410340595408194], [104.03366527594787, 10.410318679710565], [104.03365051628587, 10.410294427357137], [104.03364826846845, 10.41027055487579], [104.03365523180703, 10.410255646759346], [104.03368075821948, 10.410225395346206], [104.03368395924498, 10.4102224163556], [104.03371487164178, 10.4101938906407], [104.03375128284196, 10.410152624599732], [104.03381940019074, 10.410101820854445], [104.03384253222578, 10.410084856751707], [104.03388274855999, 10.410064300963251], [104.03395226783292, 10.41005346207152], [104.03395472303548, 10.410060698737855], [104.03400844550164, 10.410047486092624], [104.03407660204712, 10.410031762852503], [104.03412292319017, 10.410020890176595], [104.03412895614674, 10.410017463231974], [104.03415829894733, 10.41000032731156], [104.03418262738641, 10.40997721679313], [104.03419712962476, 10.409928776153196], [104.03420065776648, 10.409889993816655], [104.03419322630644, 10.409851105128055], [104.03416370345307, 10.409804951216739], [104.03413681834107, 10.409766124647247], [104.0341025229375, 10.40973569576905], [104.03404256699676, 10.409702878803527], [104.0340611202237, 10.409694135666426], [104.0351475227994, 10.409004230276263], [104.03559620042175, 10.408717184687656], [104.03670838363468, 10.408005611758895], [104.03719252816147, 10.407695921240704], [104.03850584797173, 10.406712758077695], [104.04024559071026, 10.405410588573815], [104.04177329977306, 10.40470131074283], [104.04363392263224, 10.403598656951566], [104.04528009030884, 10.40262299026763], [104.04690641253836, 10.40165913081621], [104.04712697817925, 10.401528342393783], [104.04824928660447, 10.400853630133787], [104.04832674278887, 10.400720107540263], [104.04970475009179, 10.40082123021578], [104.0497053080802, 10.40043190869116], [104.04917821426862, 10.399756499289722], [104.04988841476299, 10.39935334695556], [104.05050358369623, 10.398600881141311], [104.05092173873504, 10.398179414815004], [104.05190198617545, 10.397202778455176], [104.05242777601288, 10.396678930921292], [104.05295205188317, 10.396383556441512], [104.05319857623137, 10.39642594249804], [104.05435902006634, 10.3973032166289], [104.0549526553616, 10.397751951975998], [104.05549092304453, 10.39821796901475], [104.05598495640224, 10.398125617509479], [104.0563972511702, 10.398097707758872], [104.05716104114678, 10.396792552223102], [104.05815434284587, 10.395803436600492], [104.05905892687873, 10.394902710997707], [104.05927379089886, 10.393685671427592], [104.05982682491491, 10.392802271585357], [104.06007240090169, 10.391432473481075], [104.0605331989645, 10.390215317569853], [104.06071726413124, 10.388876446351295], [104.06114758813203, 10.388419630112931], [104.06114749439418, 10.387963129124046], [104.06178858689948, 10.386790881815145], [104.06240376354064, 10.385666155464545], [104.06312074680486, 10.384355222659778], [104.06457361949326, 10.382708674681497], [104.06583540352821, 10.3812788551817], [104.066987051872, 10.379973562903526], [104.06889711483808, 10.377808812281954], [104.0689537243948, 10.37768294118112], [104.06830352353155, 10.377339307662117], [104.06825545330699, 10.377298014163715], [104.06821296849483, 10.377245968869252], [104.06805528151087, 10.37716004418301], [104.06726662000622, 10.376431057755552], [104.0673402554099, 10.376276367729377], [104.06788936251036, 10.376617787615217], [104.06823455077512, 10.376757670478991], [104.06834552775088, 10.376742630006428], [104.06839938377777, 10.376760152312402], [104.068541326842, 10.376806002167298], [104.06924574799497, 10.377033887210848], [104.07009204137157, 10.375152957105326], [104.07068448418349, 10.37331508402161], [104.07136174938786, 10.371213945572354], [104.07096648205327, 10.370231428301613], [104.07063374181423, 10.36987375707236], [104.06965832281098, 10.368824731761475], [104.0689221886482, 10.368361095583792], [104.06820860319844, 10.36797099490363], [104.06694803203125, 10.366771671866008], [104.06629119938576, 10.365690516675725], [104.06616644772838, 10.363308564450877], [104.06727373768507, 10.360405224336905], [104.06877923120523, 10.35917688691918], [104.0692291757279, 10.358823788540825], [104.07007128786462, 10.358162900597035], [104.07107087979608, 10.35752979658858], [104.07286916659385, 10.35639079653114], [104.07349084686626, 10.354837396780809], [104.07406034793755, 10.35317217415816], [104.07408840115279, 10.353090114944267], [104.07432382386482, 10.351997857944493], [104.07368736618899, 10.350571903257025], [104.0724087317107, 10.347707415198673], [104.07237969057611, 10.347642459063886], [104.07283186606725, 10.34758239086765], [104.0735591274653, 10.347485887599875], [104.07361485740105, 10.347464713964706], [104.07342637223952, 10.346528312906724], [104.07338056641669, 10.346300679000812], [104.07337439815156, 10.346270291566487], [104.07319190025, 10.345364006309408], [104.07281450029863, 10.34334030117158], [104.0726656304421, 10.342755212442334], [104.07253038621911, 10.342223124611754], [104.0726054441914, 10.341480921109463], [104.07261895826625, 10.341345950176551], [104.07259887322954, 10.341343301524313], [104.07197870196457, 10.34126173845051], [104.0714508081132, 10.339592889604052], [104.07035740562496, 10.339420822125895], [104.07044364696374, 10.33891850372374], [104.07075664330809, 10.337519846635042], [104.07093622353271, 10.337002281766845], [104.07108472936393, 10.336438202369981], [104.0712585615442, 10.336051097746546], [104.07135485067722, 10.335611539940338], [104.07135064147036, 10.335348699332974], [104.07139572267982, 10.334963683792813], [104.07156136629297, 10.33448660558713], [104.07171789608275, 10.333929046226874], [104.07184821507228, 10.333509605374829], [104.07224064650548, 10.332374700171346], [104.07244231574825, 10.331791160757012], [104.07253102645792, 10.33148423048203], [104.07266117737949, 10.331187571907192], [104.07275002579095, 10.33077838285821], [104.07278257256266, 10.330410077021657], [104.07277718205692, 10.329939190823088], [104.07276814087659, 10.328926083592275], [104.07278455451036, 10.328265988509656], [104.07280268008901, 10.327960953717735], [104.0728109955545, 10.327820912541549], [104.07284293434378, 10.327293837806097], [104.07289117381261, 10.326122219018147], [104.07298089603043, 10.325537626556487], [104.07317902579042, 10.324459513666236], [104.07330951610349, 10.323840526943972], [104.07348264078807, 10.323022141812833], [104.07358656612331, 10.322805103174606], [104.06794847478682, 10.324280225806428], [104.06514534822249, 10.321225514606594], [104.06875444988209, 10.31984918138885], [104.07284580629349, 10.316840285011727], [104.0727045392708, 10.322538570254068], [104.0737706527222, 10.322320995119194], [104.0741340188315, 10.321463349337876], [104.07440553591923, 10.32087239558946], [104.07450071708887, 10.320502634728788], [104.07458966345943, 10.320220025325135], [104.07464004652401, 10.319961324979662], [104.07487473997958, 10.318844922663617], [104.07510947332969, 10.317765499685617], [104.07536083898775, 10.316673711456284], [104.07539863149825, 10.316406947435603], [104.07550762617333, 10.315947241632628], [104.0756584004627, 10.315311010771513], [104.07583795382162, 10.314933493984961], [104.07614701496682, 10.31432215375721], [104.07663121036575, 10.313563305037414], [104.07663121048651, 10.313563214622873], [104.07670010063192, 10.313459689619824], [104.07683559420916, 10.313255620253496], [104.07713630459709, 10.312673110238293], [104.07747134317003, 10.311269317440567], [104.07735254354549, 10.311211387115216], [104.07564537397322, 10.310379052947498], [104.07620363088526, 10.308239036007926], [104.07605838939656, 10.306311474817528], [104.07598150865557, 10.305290591645358], [104.07586677297458, 10.303765777398727], [104.07576181405751, 10.302372438884703], [104.07576181429933, 10.302372258055515], [104.07576648672793, 10.300994614534577], [104.07577095443685, 10.299701598850584], [104.07590521974896, 10.298909379797188], [104.07648522421205, 10.297626339895034], [104.07691605818954, 10.296673117734876], [104.07693301219986, 10.296488332049512], [104.0768998374776, 10.296307730333268], [104.07667977605658, 10.295851661606319], [104.0761356991154, 10.29470955322374], [104.07613569923613, 10.294709462809102], [104.07474284836803, 10.291778920163724], [104.07427107463364, 10.290786269090198], [104.07385981446777, 10.289944056824696], [104.07305760085902, 10.288846811323545], [104.07251300678928, 10.288107042499925], [104.07233450508514, 10.28771268878897], [104.07200234383993, 10.286985586392753], [104.0718187236786, 10.286325496569393], [104.07161029788043, 10.285510583711316], [104.07147624245661, 10.284858154068838], [104.07137657842998, 10.284632256486692], [104.07125632644096, 10.28423788885908], [104.0712442508938, 10.28391771406138], [104.07130317285859, 10.283552244954826], [104.07131749013017, 10.28349647795839], [104.07167990298323, 10.28209534669734], [104.07182413937356, 10.281560100701226], [104.0722596897702, 10.279943787322114], [104.07235270691986, 10.279545180600325], [104.07250871749261, 10.278874327388857], [104.0727345110255, 10.277973369801389], [104.07268481032966, 10.275622608361205], [104.07273204003485, 10.274851703002465], [104.07302499465263, 10.273017932569369], [104.07309834125617, 10.272512609889862], [104.07311180481125, 10.27234400384027], [104.07335711920476, 10.271585564775746], [104.07393373287972, 10.270074585322796], [104.07423010264736, 10.26922733451737], [104.07453013676691, 10.268369328764127], [104.07481033554825, 10.26547822629728], [104.07522870846128, 10.264116672755646], [104.07547059969608, 10.26345171586514], [104.07603739091394, 10.261893431087765], [104.0764621360863, 10.260743454669791], [104.07790547546892, 10.256836059792203], [104.07871461990078, 10.25361209584966], [104.07854408050149, 10.252450131674584], [104.07831907768852, 10.250917847039219], [104.07812076588083, 10.249567059872867], [104.07824541935881, 10.248149603658486], [104.07841298110718, 10.246244232625761], [104.0766942419095, 10.242346646838147], [104.07640364834283, 10.241687685043482], [104.07600473397018, 10.24024938457189], [104.07538406655463, 10.238010982367312], [104.07430345960383, 10.23514106123075], [104.07367829914038, 10.233480402613074], [104.07329991273826, 10.232475575908063], [104.07293883652768, 10.23122402865563], [104.07276626942797, 10.230098947864557], [104.07255072053688, 10.228693523671188], [104.0717183876318, 10.224299701876788], [104.0696611550367, 10.220571526712682], [104.0672139683662, 10.217231969001332], [104.06660639865248, 10.21692112857996], [104.06590643162978, 10.21656305780631], [104.0646543585852, 10.215921792211676], [104.06313557981694, 10.215015700691024], [104.06212268551002, 10.21422239663688], [104.06022285141998, 10.21251741525203], [104.05979238340606, 10.212130943134106], [104.05876351162337, 10.209896572331786], [104.0586454662006, 10.209652111165193], [104.05857520262647, 10.20944089693202], [104.05826443625857, 10.209359374070617], [104.05795309658107, 10.209296566060829], [104.05758173841276, 10.209271198641089], [104.05642735192511, 10.209304802931621], [104.05633087154794, 10.209307655463713], [104.0560242620592, 10.209256786847428], [104.05531748348835, 10.208960981029312], [104.05491456679039, 10.20872318268246], [104.05464481732223, 10.208486469770426], [104.05460835248309, 10.208454413084107], [104.05387353789602, 10.207450978000244], [104.05370721909723, 10.207202561365415], [104.05361318640003, 10.207086882367676], [104.05332627350846, 10.20692021660749], [104.05295774618722, 10.206765464030193], [104.05287998142668, 10.206700168281255], [104.05283151464145, 10.206569994671067], [104.05282062262165, 10.206526490124205], [104.05185061153354, 10.205324990860117], [104.05087540339562, 10.2043200440077], [104.05081967134784, 10.204359930765063], [104.04947451472871, 10.205322714728347], [104.04938187113396, 10.20538895145387], [104.04788366537663, 10.2062054065323], [104.04641130251652, 10.207007695144787], [104.04655994287626, 10.207747495907295], [104.0463649618697, 10.208406892316454], [104.04598673620582, 10.209686280029759], [104.04507739038976, 10.209804180357311], [104.04471752109995, 10.210301231655057], [104.04455317876867, 10.210528305358654], [104.04408529027643, 10.211053595336551], [104.04217523643392, 10.212301719895812], [104.04159359510555, 10.213795641423333], [104.04119821102127, 10.213909821946421], [104.04047310728717, 10.213348500454048], [104.04018068292862, 10.213398087765146], [104.03929955540403, 10.213370804998178], [104.03893763015449, 10.21344859285477], [104.03876676689002, 10.213383071797825], [104.03855040472942, 10.213538098436509], [104.03840881952617, 10.213677136914358], [104.03763081784254, 10.213659760333428], [104.03640642760429, 10.213491207139931], [104.03605341049922, 10.21327904420938], [104.03629718084518, 10.211405634679428], [104.03529351814757, 10.211476719265663], [104.03445245646533, 10.211142341717728], [104.034075803568, 10.210992710078685], [104.03356690490135, 10.21096160357406], [104.03331852813949, 10.211225892404148], [104.03320311450946, 10.211568489648583], [104.03311366085184, 10.211571887819042], [104.03279493907809, 10.211316461930611], [104.0322137746981, 10.211706401697745], [104.03194083952542, 10.211786117689563], [104.03160423869406, 10.212646744533748], [104.03110160114508, 10.213013106212617], [104.0294742024662, 10.213553703124003], [104.02908066061575, 10.21371624330616], [104.02871457354821, 10.212775582557706], [104.02847038081111, 10.212674417283258], [104.02840455361465, 10.212500997153652], [104.02703231042021, 10.212146664456247], [104.02560172061784, 10.211871263687055], [104.0249202731903, 10.211990523525735], [104.02418139583583, 10.211814855995222], [104.02340928808094, 10.212257303155253], [104.02245400796374, 10.212871629718803], [104.02228179621929, 10.213223090423034], [104.02162974969768, 10.213393832165924], [104.02136368929092, 10.212841189454933], [104.02117105962148, 10.212441274196427], [104.02038254815203, 10.21286298490386], [104.02001589175282, 10.212137320572307], [104.01886352180699, 10.212645380408397], [104.01875436008213, 10.212583104570152], [104.01759510646944, 10.213538068751783], [104.01755519929225, 10.214338630598162], [104.01794351413403, 10.215165774605374], [104.01799507252552, 10.215658519697131], [104.01782919990002, 10.215736121417656], [104.01714025638964, 10.215795589388629], [104.01715139140099, 10.216037916835868], [104.01628545290569, 10.215863489711273], [104.0150019691395, 10.215965469682784], [104.01502205419168, 10.216143164065368], [104.01438270119507, 10.216303692890923], [104.01433042836207, 10.216044758327874], [104.01397683203463, 10.216282564134017], [104.01391254853164, 10.216059144514581], [104.01372936154921, 10.215937444740812], [104.01354586886652, 10.215896846213093], [104.01340147931263, 10.215831713191973], [104.0133626376233, 10.21568437002777], [104.01314905906841, 10.215380981882902], [104.01295108720703, 10.214838832250773], [104.01273696216478, 10.214175593375662], [104.01216199685831, 10.213354403275014], [104.01184461724795, 10.213246787289053], [104.01175795455023, 10.214770955298437], [104.01153310431074, 10.21479738129977], [104.0112600347979, 10.21478114967379], [104.01139849529879, 10.215620312989362], [104.01085584519436, 10.215693006472968], [104.01024256328857, 10.215815320922383], [104.01023961303429, 10.216490531595259], [104.00984282757055, 10.217332326748847], [104.00965965933221, 10.217318127526333], [104.00964224623354, 10.21694740215291], [104.0093399852565, 10.216859697540656], [104.0092013983822, 10.217117803005033], [104.00878824954287, 10.21737911146324], [104.0085833939339, 10.217341371214907], [104.00820799279634, 10.217272180683345], [104.00823314561389, 10.216585069035126], [104.00768285461905, 10.215274857092991], [104.00777235400342, 10.215005014721127], [104.00720993394334, 10.214698564659981], [104.005993961397, 10.214468790402792], [104.00600751075605, 10.215151982146905], [104.00608824311915, 10.215654808485878], [104.00581070779623, 10.215752306821454], [104.00498502981077, 10.215754942365962], [104.00498493853594, 10.215754942227415], [104.00504482757756, 10.21533370209199], [104.00463164664224, 10.215261466561527], [104.00452680215099, 10.21559556925352], [104.0043264690108, 10.216233771135704], [104.00447335933494, 10.216333178946817], [104.00428569378433, 10.216806936263524], [104.00352233230049, 10.216000182930909], [104.00366958313971, 10.215749235970359], [104.00356303913063, 10.215707211945825], [104.00356084993868, 10.215706304469592], [104.00347907971988, 10.215639635008971], [104.00279934585187, 10.215821778869994], [104.00300644706817, 10.21629306294263], [104.00317862264372, 10.216684819468735], [104.00253899251697, 10.216784927540335], [104.00170078973072, 10.216916195136045], [104.001406446938, 10.216317563972384], [104.00030167433741, 10.216186851686633], [104.00042412050641, 10.216858727282226], [104.00074479797333, 10.218011006445897], [104.00047578532846, 10.218084462901537], [104.00033132816053, 10.217479460211463], [103.999773889251, 10.217667209732355], [103.99943447118889, 10.217236135916478], [103.9982863040442, 10.217827308166914], [103.99898700354835, 10.218424667892927], [103.99832969275356, 10.219145072684542], [103.99773268892851, 10.219822350887162], [103.9976090929514, 10.21994376761973], [103.99780031395177, 10.220352282678391], [103.99734541775184, 10.220685119736826], [103.99707370271175, 10.220966069777093], [103.99571686307479, 10.222539079738924], [103.99555307331313, 10.222621736103685], [103.99571563707175, 10.222795583000009], [103.99542799403226, 10.222987810485625], [103.99519554403238, 10.223487621945017], [103.99477863804488, 10.22305298765297], [103.99393522115986, 10.223929239226207], [103.99369685377039, 10.223783211689314], [103.9935532197236, 10.2239908507156], [103.99338644244531, 10.223941948637087], [103.99329877098032, 10.224604096229369], [103.9934840922894, 10.224586301524331], [103.99372640920409, 10.225005295801804], [103.99375817221873, 10.225870880144676], [103.99389379736293, 10.22616773979047], [103.99394837471361, 10.226287352119298], [103.99377631281367, 10.226346938996437], [103.99405222746505, 10.22699292486647], [103.99422936389196, 10.22689925959115], [103.99449344069744, 10.226893340478759], [103.99455000021835, 10.226914133087277], [103.99502099508064, 10.227087464212902], [103.9955169440974, 10.227180997588102], [103.99583003769915, 10.227117107388366], [103.99620712490865, 10.22687456696254], [103.99687271981401, 10.226703718167414], [103.99741078022218, 10.226428514063993], [103.99772122687564, 10.226247712306506], [103.99794374852284, 10.226082235587983], [103.998319573769, 10.225944119075823], [103.99886837272408, 10.225629689185913], [104.00053843950535, 10.225131177743139], [104.00107403073899, 10.22520631885552], [104.0013990248541, 10.225352654591594], [104.002609056768, 10.22525902655443], [104.00252689212864, 10.227028037629301], [104.00252689198791, 10.227028128043369], [104.00365373544442, 10.226901639386313], [104.00418312571298, 10.226857780864563], [104.00494154956044, 10.226685248364266], [104.00529444018157, 10.226384343058921], [104.00593570703751, 10.22630041712114], [104.00574822103188, 10.22718646445417], [104.00622602538417, 10.228392412104121], [104.00686126639494, 10.228430263505665], [104.00698392118701, 10.228859826873702], [104.00784703375516, 10.229287526246639], [104.00797384930782, 10.229920708687088], [104.00802792699915, 10.230190858028427], [104.00817827936486, 10.230595870142327], [104.00841629152168, 10.230861957271156], [104.00886698486782, 10.231365793152808], [104.0091816237616, 10.232376919144084], [104.00982966494082, 10.232228169184673], [104.01045475533111, 10.231747472267077], [104.01055621527259, 10.231954312029238], [104.01096871928894, 10.231827899618033], [104.01110201456906, 10.232048891678135], [104.01146465009863, 10.231762822378622], [104.01156686481764, 10.23093902944738], [104.01184307749001, 10.231117559958108], [104.01229372766983, 10.230995814104576], [104.01202797852176, 10.230839179930088], [104.01221056081835, 10.230405283544654], [104.01238234586259, 10.230406987432985], [104.01243332416315, 10.230676950736408], [104.01287686700988, 10.230905730032413], [104.01303463604542, 10.230940594708734], [104.01326783489021, 10.230893927851334], [104.01348541625572, 10.231032767859544], [104.01366618279218, 10.23119090143407], [104.01344238516442, 10.231777266201975], [104.01401243731237, 10.23183046743593], [104.01448575938015, 10.232106666244533], [104.01471159905982, 10.232037745464789], [104.01486515003114, 10.231965552325054], [104.01503724126272, 10.231946550403823], [104.0152815602684, 10.23191074841937], [104.01542748620354, 10.231990982380813], [104.01590987127035, 10.231949657179106], [104.01621012509895, 10.231806254049287], [104.01655149256837, 10.23230123763257], [104.01692469852603, 10.233472929801492], [104.01751048246041, 10.23368907523715], [104.01766703380054, 10.23441072406282], [104.01736176690787, 10.235152031670443], [104.01899037535578, 10.235227497148008], [104.02002475840402, 10.234505708220164], [104.0209916101617, 10.233830922362491], [104.02335968344782, 10.23414632803717], [104.02322876130481, 10.234530578835178], [104.02205414004354, 10.235582456522728], [104.0217942745312, 10.2363674150802], [104.02449035409896, 10.236919276979465], [104.02513991634984, 10.236916337516977], [104.02646586996138, 10.23599233407448], [104.02660924129098, 10.236259717598454], [104.02710762984057, 10.236017588590313], [104.02817282410064, 10.237105827008717], [104.0283385445279, 10.23695200080167], [104.02860323835993, 10.236843344317949], [104.02884895720831, 10.237097945875243], [104.0293820630477, 10.236958936248422], [104.03104172275397, 10.23753103418761], [104.0320357492692, 10.23817422785207], [104.03217815224427, 10.238732561917553], [104.03142572599792, 10.239409407919018], [104.03117199975343, 10.239569980403873], [104.03060570623317, 10.239928200252377], [104.02990959057198, 10.240670131736982], [104.02916656986868, 10.241462083338531], [104.0287716630273, 10.242154358190026], [104.02877014202984, 10.242195313772354], [104.02874058955837, 10.242983233635487], [104.02873203481897, 10.24321296456785], [104.02898833499593, 10.243228525440776], [104.029047575241, 10.243910608042883], [104.028766500982, 10.244104682591288], [104.0287602279086, 10.245199955046255], [104.02876011699446, 10.245213245820112], [104.0287599949963, 10.245234040983139], [104.02864750596399, 10.245685136826834], [104.02833492503734, 10.24607247146042], [104.02801932005366, 10.246220383751346], [104.02769467152812, 10.24637244165396], [104.02645447280024, 10.246750559647724], [104.0259882044419, 10.247295983727328], [104.02567729694165, 10.24765971982266], [104.02576098582924, 10.248593371281794], [104.02563396008253, 10.248871662513228], [104.02564233997288, 10.248883971107233], [104.02567558582133, 10.248933114667478], [104.02574858389193, 10.249075895185847], [104.02583737023824, 10.249221411151447], [104.02587657117813, 10.24931748848503], [104.02588601787566, 10.249349056909818], [104.02592072035654, 10.249462306425924], [104.02593568476233, 10.249527969148307], [104.02592044847952, 10.249706605905994], [104.02588612127572, 10.249893532947537], [104.02581278875451, 10.250098305148462], [104.02580903195683, 10.250107793186368], [104.02577458257917, 10.25019264210705], [104.02571733303387, 10.250324654102965], [104.02571283164971, 10.250466507815187], [104.02570986679956, 10.250557279601422], [104.02570159692337, 10.250655095973661], [104.02568871574698, 10.250723159261101], [104.02567981536781, 10.25075388718753], [104.02525328522103, 10.250661674667207], [104.02096107816126, 10.250584582966205], [104.0204575936017, 10.25055499838895], [104.02045750231673, 10.25055499825428], [104.02028231922515, 10.250438195619694], [104.02028159193803, 10.250436205429839], [104.02012207451581, 10.250039683719052], [104.01950617498672, 10.25022113972969], [104.01891010683757, 10.24947958355581], [104.01750675236187, 10.250828565426715], [104.01707137177614, 10.250072326161433], [104.01656160942758, 10.249186864077878], [104.01420986485594, 10.251089020848717], [104.01387756205598, 10.25206309978083], [104.01342232902047, 10.252177606367123], [104.01277722090562, 10.251456309294051], [104.01237593043773, 10.251814561785638], [104.01241390429271, 10.25217329220555], [104.01181236759939, 10.252508187798385], [104.0120523103554, 10.253016133857555], [104.01104660963195, 10.253793450660849], [104.01120435141216, 10.254448558409205], [104.01075922376533, 10.255053935183504], [104.01028176757676, 10.255904375506828], [104.01027259940287, 10.256345944788364], [104.0105711294311, 10.256628487065672], [104.00943125588711, 10.258391562805542], [104.010283879564, 10.258510026228366], [104.01076377488027, 10.25868976956847], [104.01089599967898, 10.259793112616238], [104.00961837085255, 10.26101666006108], [104.0090242030417, 10.261118291958343], [104.00813397700522, 10.261877147145709], [104.00828353517537, 10.262213804795646], [104.00867881391198, 10.262864661899439], [104.00889107745776, 10.263030802634473], [104.00944747752169, 10.263626026598361], [104.00973139983341, 10.264031872665084], [104.01032350007351, 10.263675359008044], [104.01042578704407, 10.263706434923936], [104.01077472049991, 10.264104421719047], [104.01125703794088, 10.264496008773548], [104.01168158847113, 10.2646377842398], [104.0123535408605, 10.265191677210248], [104.01227041614135, 10.26594045317636], [104.01316456435778, 10.26667794801043], [104.01314935033794, 10.267015622256537], [104.01267960906912, 10.267111389231232], [104.0125809539705, 10.26750969645581], [104.01220796020198, 10.2679157286697], [104.01096515243238, 10.268203274018092], [104.01082871853278, 10.268589950623848], [104.01089108440578, 10.268936873381612], [104.01091660006519, 10.269620081280944], [104.01080521153828, 10.26986683444331], [104.01063861959636, 10.270155004400028], [104.01041269670796, 10.270615775761875], [104.01028470187644, 10.270975069253623], [104.0102847017373, 10.270975159667561], [104.01026918583399, 10.271803329829176], [104.01023211698521, 10.272340153044897], [104.00961265195356, 10.272078824484597], [104.00886703193864, 10.271871281050966], [104.00814800701262, 10.271468210528436], [104.00785772241971, 10.271513791084196], [104.00756851855934, 10.271450876082978], [104.0070431375086, 10.271687505630826], [104.00687849317042, 10.272247732413197], [104.00687840187943, 10.272247732274417], [104.00639570093408, 10.272335151892111], [104.00546109134172, 10.273020694590091], [104.00569150289441, 10.27355466967953], [104.00561624517486, 10.2736937022419], [104.00485518668614, 10.273961523171932], [104.00424764765604, 10.274132743494157], [104.00398098531825, 10.274425006072152], [104.0018503226225, 10.27419416842417], [104.00149435872022, 10.274380145623425], [104.00036321544108, 10.27417217071538], [103.99969355207003, 10.273964723267355], [103.99893178496245, 10.273809843556418], [103.99768024062377, 10.273827889189407], [103.99726193134774, 10.274008430667973], [103.99697517738598, 10.27407064294131], [103.99649889322967, 10.274138347279022], [103.99611050942343, 10.274272099249753], [103.99463313975704, 10.274500084904258], [103.99452226050671, 10.273383119261595], [103.9945629584149, 10.272819813457655], [103.99442300208396, 10.272019793672632], [103.99473139497537, 10.271782304654092], [103.99448570268486, 10.271685269392433], [103.99479488853545, 10.271063070180976], [103.99433550070381, 10.270783969965438], [103.99476354374832, 10.270163221733828], [103.99545746026322, 10.269748939788755], [103.99445144115761, 10.268886542649794], [103.99356251362812, 10.26827802688628], [103.99322949098482, 10.267874803294015], [103.99272659060345, 10.266662289941786], [103.99218868205143, 10.265365455336186], [103.9916970653953, 10.264180263233449], [103.99132018759488, 10.262489474629362], [103.99094367621584, 10.26080013279814], [103.99146838585779, 10.259435251957957], [103.9911553313864, 10.25842528969665], [103.99113884445774, 10.25771677998676], [103.99060474180979, 10.257306638832674], [103.99104112031685, 10.256488895510115], [103.99071973557055, 10.256010011508511], [103.99059837255432, 10.255637406071331], [103.99058154046874, 10.255545338250739], [103.99061893806501, 10.255392597260547], [103.99008738933627, 10.254872425607132], [103.98887416137268, 10.254781642449], [103.98786804997361, 10.254584764088404], [103.98762101882288, 10.25487586919389], [103.98695812075502, 10.255656994091822], [103.9866958531615, 10.257188734158245], [103.98636886576955, 10.257357833813293], [103.98675177617528, 10.258344402766904], [103.98675177602964, 10.25834449318058], [103.9868211487936, 10.258971261608304], [103.98649388588832, 10.259819911741841], [103.98590885277797, 10.259519897040335], [103.98561747935067, 10.259001364097822], [103.98536468174004, 10.259298515749558], [103.98414996516375, 10.258764955143473], [103.98391619722054, 10.258922808064938], [103.98348528984279, 10.259280614064854], [103.98297598334808, 10.259515060558428], [103.98245538724083, 10.260404898185396], [103.98197506825362, 10.260439032107604], [103.98178806605785, 10.260971994542754], [103.98153449951545, 10.261289756059492], [103.98190045510927, 10.2616930433441], [103.98155522333424, 10.262074038656069], [103.98127252869173, 10.261891041661375], [103.9810902469554, 10.261654499107033], [103.98090249943269, 10.261411076272234], [103.9804907268364, 10.261618731175597], [103.9800717842188, 10.2614090239272], [103.97952449324524, 10.260974884246636], [103.97868952105166, 10.262012941794142], [103.97825436911843, 10.262503822569826], [103.97840194751952, 10.262803510107561], [103.9781916678275, 10.26305271423532], [103.9772394517721, 10.262767916146165], [103.97687546783165, 10.262723479229884], [103.97619601138665, 10.262945072840624], [103.97573240742697, 10.264357400824418], [103.97588147890436, 10.264802748333048], [103.97614920950005, 10.265480198514606], [103.97577745812933, 10.266159599965523], [103.97616062657423, 10.26647531042357], [103.9771157989885, 10.266633537629641], [103.97734055912171, 10.26701906217552], [103.97741439224617, 10.267809758780492], [103.97715344435093, 10.267835558455317], [103.97682862952799, 10.268450571620884], [103.9771337313044, 10.269832856293165], [103.97856944757334, 10.270002251304755], [103.97923367641262, 10.270057204673579], [103.97935619847036, 10.270552959048215], [103.97933987584533, 10.27082073836636], [103.97932022042852, 10.271116811830508], [103.97931354489891, 10.271346904088505], [103.97827465972203, 10.271512952510312], [103.9778164411928, 10.271809947657722], [103.97724304593577, 10.272142379529988], [103.97688867016505, 10.272466393462954], [103.97744071367498, 10.272795304158203], [103.978211039699, 10.27323288080291], [103.9785824401756, 10.273884095162716], [103.97859187714033, 10.274141879838654], [103.97856877902586, 10.274755390165607], [103.97905685267958, 10.275072170453369], [103.97900348856588, 10.276440225024071], [103.97941092746437, 10.276884901137725], [103.98127993988524, 10.28265638225272], [103.98161153323142, 10.283655351392555], [103.98186160946658, 10.28403413270801], [103.98186931572994, 10.284795066758146], [103.98147898145172, 10.285609250552964], [103.9815144359725, 10.286037144878254], [103.98168722245246, 10.286450159853183], [103.98179735009009, 10.28727391432031], [103.98327443709876, 10.28799018042888], [103.9834153725466, 10.289408905771039], [103.98420733329985, 10.29128299740703], [103.98487508107299, 10.291673291327895], [103.98611468155447, 10.291574992128867], [103.98693535971401, 10.291509839398865], [103.9875583621406, 10.292022025190112], [103.98803019689245, 10.292409923214704], [103.98840082740388, 10.29271457046748], [103.98879908500115, 10.293041954796054], [103.98922407049399, 10.293270106534157], [103.9895781800012, 10.29346017222877], [103.98975002723368, 10.293898407353234], [103.98988368672883, 10.294239116195804], [103.98981012626497, 10.29450752912708], [103.98971617779156, 10.29485050123846], [103.98957638386061, 10.295088521072184], [103.98945370914464, 10.295297454607756], [103.98932325260077, 10.295519666629804], [103.98917421155578, 10.29577349406777], [103.98906874738734, 10.295953160534486], [103.98896822684901, 10.296124335873552], [103.98885177687653, 10.296322519724491], [103.98876229176228, 10.296500764683241], [103.9886983604675, 10.296628237465582], [103.98860090619169, 10.296822653835608], [103.988356793009, 10.296755000217171], [103.98803648014608, 10.29666624991286], [103.98755865768022, 10.29653385137697], [103.98747936230544, 10.296790229521038], [103.98739419321383, 10.297065494797666], [103.98748749496461, 10.297238151915089], [103.98756872555143, 10.297479685141361], [103.98770857277783, 10.297606214491719], [103.98795303283302, 10.297628933553735], [103.98820901080413, 10.297699409089025], [103.98837193748261, 10.297894598675931], [103.98826702456915, 10.298297858788418], [103.98790629332237, 10.298644205547763], [103.98767338599997, 10.298816798303184], [103.98752205909594, 10.299070892417513], [103.98686808590575, 10.29912790162232], [103.98615018890246, 10.299137521635092], [103.98622344477718, 10.299511046453642], [103.98501445765204, 10.300472843744839], [103.98491065608434, 10.30080693778999], [103.98454481999501, 10.300638637827571], [103.98433225249505, 10.300652946111809], [103.98401366514084, 10.300512116205825], [103.98373174198662, 10.300338705179028], [103.98339386323599, 10.300719711409966], [103.98258449388743, 10.30077754855253], [103.98268736101465, 10.301298043447062], [103.98192657319764, 10.301795909170316], [103.98215946187793, 10.302197266406445], [103.9814720969698, 10.302570568072037], [103.98107285456838, 10.302787282132378], [103.98110602297494, 10.302882631266067], [103.98098201337027, 10.302953497395434], [103.98096539994559, 10.30323058838708], [103.98122237253662, 10.30392266458752], [103.9804482803045, 10.304344015123377], [103.98032954463011, 10.304093197939546], [103.97998389655241, 10.304307555449814], [103.97902828198647, 10.304738103959957], [103.97850829015529, 10.305482635177972], [103.9782778544604, 10.30531219563719], [103.97807479938692, 10.305813391879449], [103.97785477933476, 10.306303891759043], [103.97758341914424, 10.306257432995103], [103.97737587196717, 10.306491720718439], [103.97686332712392, 10.306592064653918], [103.97636848323046, 10.308302429656868], [103.97647265711316, 10.30868992978535], [103.97620286736267, 10.309018145837651], [103.97564016800249, 10.309299594959574], [103.97526230937692, 10.309662715265873], [103.9749551930833, 10.309814744125843], [103.97484663797127, 10.309868363806343], [103.97453193713342, 10.310024086873494], [103.97453170683863, 10.310603636787762], [103.97447618452763, 10.31121591687224], [103.97472342943834, 10.311161347387726], [103.97482901318403, 10.311138011456666], [103.97480611064682, 10.311735516795416], [103.97490483383716, 10.311775187881917], [103.97482303505375, 10.31237648528543], [103.97468833780445, 10.31261269755145], [103.97593489889138, 10.313324738313003], [103.97647419126449, 10.313841602103853], [103.97606683121076, 10.314318686613438], [103.97556226307637, 10.314611621402594], [103.9753454418726, 10.314928349382534], [103.97514893654464, 10.314885987993444], [103.97475999494993, 10.315100630375362], [103.97483914385461, 10.315272454150497], [103.97529405926952, 10.315301583061913], [103.97559962344457, 10.315483719763462], [103.97582996890911, 10.3159328154952], [103.97533967612905, 10.3159290360229], [103.9752349231573, 10.315780587851926], [103.97433526402142, 10.315809323430514], [103.97375333559593, 10.315730982208995], [103.97381373001777, 10.316089931442061], [103.9735016928708, 10.31623200503967], [103.97356846957068, 10.316431385023604], [103.97362834185162, 10.316609958660484], [103.9738967791663, 10.317321678267374], [103.97426099029356, 10.317816470960533], [103.97513648936173, 10.318045284465766], [103.97486052498492, 10.319778784483306], [103.97485139081485, 10.319836091735327], [103.97560010517859, 10.320762780076869], [103.97591806877261, 10.321841657104486], [103.97547056062943, 10.32213052462893], [103.97511243940932, 10.32241944639621], [103.97493540647174, 10.322855131972057], [103.97469457934795, 10.323108349813703], [103.97400201003542, 10.323338861343293], [103.97413241580493, 10.323490787430625], [103.97413232254723, 10.323491962652712], [103.9741535269633, 10.323808805683651], [103.974169028129, 10.324041193322154], [103.97469447038779, 10.324274501541508], [103.97525519283793, 10.324596652240228], [103.97533287893464, 10.324826157287612], [103.97534614527342, 10.324864966194388], [103.9754041486588, 10.324850413489651], [103.97592252458736, 10.324720698520672], [103.97593283030056, 10.324727857909972], [103.97637689157067, 10.325034447054167], [103.97689961086208, 10.32492851628558], [103.97743101603888, 10.324538700569326], [103.97785698102335, 10.324413986391455], [103.97797281272746, 10.324380087854298], [103.97848815052906, 10.324652522731203], [103.97878703892003, 10.326011919395027], [103.97879311968498, 10.326089684766094], [103.97879929205588, 10.32616726945788], [103.97880742983635, 10.326271167631587], [103.9788394513216, 10.326675729026649], [103.97861037222705, 10.327113683338235], [103.97830363855051, 10.327467065794316], [103.9776932127871, 10.327602150657485], [103.97662613684511, 10.32747601311465], [103.97588721820802, 10.327349772266858], [103.97683949860111, 10.33014002796145], [103.976845249611, 10.330140851006645], [103.97687438326811, 10.330247314795445], [103.97687620444086, 10.330305543967077], [103.97664083170174, 10.330349826474219], [103.97593994607796, 10.330796235007472], [103.97556438237098, 10.33108087891577], [103.97516640253983, 10.331337638571055], [103.97460004602915, 10.33176193069758], [103.97419491485392, 10.33198043257658], [103.9741873140691, 10.331993801361953], [103.9741736015265, 10.332113486269312], [103.97418245567403, 10.332224980344954], [103.97418865017373, 10.332453374527129], [103.97420134204178, 10.33261812830998], [103.97418304392704, 10.332749921124329], [103.97416036541628, 10.332880260181918], [103.97411485512482, 10.33306833613248], [103.97403251544132, 10.333495314445281], [103.97388657589367, 10.333841901950514], [103.97374317581158, 10.334143738917517], [103.97363462268517, 10.33435549059772], [103.97357123498901, 10.334476902639643], [103.9734655450064, 10.334668948818804], [103.97336825618054, 10.334860466193357], [103.97306846831519, 10.335421081502272], [103.97295752807213, 10.336352247611172], [103.97356809610054, 10.3385008320284], [103.97190789008451, 10.338780477576101], [103.97113827360916, 10.339305511583316], [103.97086811842611, 10.339177766427262], [103.97067279608801, 10.339020307557254], [103.9699606075881, 10.337913835537343], [103.9698096256092, 10.337669742776603], [103.97001311175555, 10.336115692667258], [103.96980356089678, 10.335242317796032], [103.96934763131016, 10.33433192015944], [103.96926709498993, 10.333789127267103], [103.96929532662162, 10.332853758100628], [103.96756393788563, 10.332964463977762], [103.96767005898229, 10.333711452490203], [103.96796270734379, 10.334305498265993], [103.96807653801673, 10.334975376877992], [103.96809751004018, 10.335101176279508], [103.96814948587712, 10.336282872554207], [103.96673104274021, 10.337555989130767], [103.96662500668664, 10.33740889228677], [103.96628631589687, 10.337639518397499], [103.96603998438755, 10.338059260664584], [103.96499287854482, 10.338687343028122], [103.96526404486306, 10.339187144873534], [103.9659294197177, 10.340484411190513], [103.96644664680575, 10.34029521921342], [103.966613957724, 10.341413274299404], [103.96693791168711, 10.341801682790328], [103.96713845347912, 10.342491686173899], [103.96709914715117, 10.342625251865945], [103.96683798843834, 10.342684944692689], [103.96690714899151, 10.342878814540187], [103.96672483533786, 10.342912508267771], [103.96665643935556, 10.342806702083797], [103.96606707230895, 10.343050022562927], [103.96576208754989, 10.3432694923423], [103.96574149506628, 10.343513573731567], [103.96505850803004, 10.343717136072472], [103.96495148807008, 10.343449425899802], [103.96447542691202, 10.343482540067315], [103.96370736492926, 10.3437235699788], [103.96283720456971, 10.34235995660852], [103.96302929546275, 10.342107210367116], [103.96335298114741, 10.342274923367388], [103.96353344799101, 10.342038160571631], [103.963659179589, 10.34198629185948], [103.96378282517307, 10.341710827930937], [103.96408589007723, 10.341869464577066], [103.96422100172155, 10.341616803635713], [103.96438068821385, 10.341626110357], [103.96445935111072, 10.34100718221785], [103.96471482169866, 10.341016647886743], [103.96474258196515, 10.340799883232904], [103.96449155510584, 10.340808507607935], [103.96444185469194, 10.340555358613788], [103.96406376586643, 10.340270109617093], [103.96353986014661, 10.339659311071378], [103.96224237737728, 10.338029893711084], [103.96179240748704, 10.338617732386114], [103.96145587594779, 10.338382186702125], [103.96154463364469, 10.338218596773675], [103.96130392983112, 10.338011148632788], [103.96088537907454, 10.338271742967102], [103.96060905675051, 10.338015592511075], [103.96130716771553, 10.337343453091268], [103.95954551756475, 10.335965954634677], [103.95981831905651, 10.335502230766519], [103.96007247734606, 10.335261434170043], [103.96003037943615, 10.333980752154877], [103.95986274709344, 10.333493868011594], [103.95961658315166, 10.333224928710427], [103.95930317285908, 10.33282152261942], [103.95891676206497, 10.332658673549256], [103.95753864864756, 10.332553740136607], [103.95715735762174, 10.33270707223036], [103.95646599742378, 10.332799666422517], [103.95579079213853, 10.332895902890419], [103.95419960231061, 10.333034891738334], [103.95294394488666, 10.33392649749929], [103.9528639696857, 10.334184129391305], [103.95147145084748, 10.334854617757292], [103.95106223026389, 10.334998582296716], [103.94982002605957, 10.335705664974304], [103.9493013619764, 10.335932982024936], [103.94913310914656, 10.335549343678005], [103.94804568328641, 10.33598571592895], [103.94797241133165, 10.336062260689195], [103.94791697718316, 10.336120120489701], [103.9477773122193, 10.336778268405313], [103.94774260266381, 10.336942037210077], [103.94787177470974, 10.3384754810157], [103.94830877859269, 10.33884357687144], [103.94840453868117, 10.33927573374276], [103.94789353814217, 10.340130074893253], [103.9471788793274, 10.341003685427292], [103.94688129937079, 10.341421063361013], [103.94635972358734, 10.341740229527497], [103.94598117454781, 10.342091194777352], [103.9455576248684, 10.342432860006008], [103.94565104371816, 10.342584371864541], [103.94553002507514, 10.34338314225908], [103.9455005547338, 10.343578112116768], [103.94535790880377, 10.344160667980905], [103.94498179488629, 10.344058757978473], [103.94403424690267, 10.344481432035291], [103.94396747000864, 10.344497591124215], [103.94327229598366, 10.344665643607463], [103.94288530348628, 10.34493341041914], [103.94265503188134, 10.345442217201786], [103.94304965026353, 10.345925071173387], [103.9419913957974, 10.346519060449495], [103.94201318419634, 10.347779362226532], [103.94188695582132, 10.347799215191024], [103.94183099583461, 10.348101096963914], [103.94162189420359, 10.348718977213094], [103.94119670309684, 10.348638857418369], [103.94108598994399, 10.349127255981843], [103.9409237932501, 10.349244963154176], [103.94059762662366, 10.348986358780948], [103.94007718938786, 10.348704361193084], [103.93989300541283, 10.348656845502493], [103.93969464664188, 10.348621420361985], [103.93936508129738, 10.348477994753356], [103.93904039204088, 10.348468388185227], [103.93899744233688, 10.34848693841072], [103.9387547305865, 10.348591846445906], [103.93875027160051, 10.34884011207528], [103.9381836674106, 10.348897711727325], [103.93821923624017, 10.349178505311608], [103.93795428522971, 10.349259957010885], [103.93781852460438, 10.348837854277692], [103.9380972274959, 10.34867397024715], [103.93799061846147, 10.348392871882153], [103.9376640531262, 10.348462643037545], [103.9375793258678, 10.348097860566176], [103.93730058984035, 10.34812675790695], [103.9372947020627, 10.348407569550714], [103.93683434200796, 10.34843859027707], [103.93678270648724, 10.348156141073138], [103.93664110129372, 10.348349738312448], [103.93659303298772, 10.348268734858287], [103.93650563350157, 10.348071753494198], [103.93610068378146, 10.34831660576566], [103.93591802162632, 10.348337804163467], [103.93582682508958, 10.348273089775438], [103.93568117476552, 10.347970675382955], [103.93591240651577, 10.347851826027812], [103.93606151527754, 10.34764938180485], [103.93617234142779, 10.347561965883482], [103.9361510069982, 10.347492581989686], [103.93648833761773, 10.347325366250047], [103.93688296054563, 10.3470332094886], [103.93691198802043, 10.346884983352824], [103.93687746032978, 10.346430689447772], [103.93697102734225, 10.346343604694887], [103.9374141667116, 10.345931102190766], [103.9372706206145, 10.345626070156104], [103.93760157269149, 10.345296099014352], [103.93793507631705, 10.345071281974455], [103.93801739680539, 10.344376422703753], [103.93808474939522, 10.3441393874925], [103.93808264274247, 10.34398902739677], [103.93804266814688, 10.343721335911974], [103.93790550368834, 10.343165510262963], [103.93789285753707, 10.34298565721761], [103.93781115179311, 10.342873312455591], [103.93768231294091, 10.342873087677518], [103.93765974919543, 10.342468270367059], [103.93763417100365, 10.342423290592357], [103.93720953797683, 10.341676372855014], [103.9371397383535, 10.34144172026586], [103.9372606780075, 10.341313906965732], [103.93732702958415, 10.341177409112998], [103.9376108479891, 10.340649351378168], [103.93795855925957, 10.340082888889507], [103.93805003788412, 10.339987934125169], [103.93821264362947, 10.339894730724112], [103.93821448904394, 10.339781175480187], [103.93858400803094, 10.33942776272905], [103.93788632930939, 10.338698814456812], [103.93828328734347, 10.337959115938535], [103.93886507889636, 10.337101840210343], [103.93990529977778, 10.33693068903503], [103.94090506810859, 10.337793154305484], [103.94101745058349, 10.337649050269347], [103.94115874201697, 10.336853752578056], [103.94138933730956, 10.334918684161666], [103.94271162490757, 10.334578758990911], [103.9441645044244, 10.333965554293373], [103.94447180140294, 10.333835889124217], [103.94542135176101, 10.3333979355282], [103.94563189553924, 10.333300832313668], [103.94664275478304, 10.33236778858598], [103.94692340793065, 10.331860872384025], [103.94708058817587, 10.331472366091427], [103.94745538133772, 10.330545099921803], [103.94805675761175, 10.329535131282302], [103.950202738991, 10.32959051117573], [103.94890288425601, 10.325873404082065], [103.94810167302036, 10.325298816678876], [103.94742092821173, 10.324810778060492], [103.94705976753544, 10.322956060196608], [103.9469191408904, 10.322234052291748], [103.94672403778281, 10.321232574785526], [103.94625998407982, 10.320788032327323], [103.94563031469951, 10.321068588496809], [103.94544000070812, 10.321141044186668], [103.94482081759517, 10.321376591041888], [103.94406205726307, 10.321492008784707], [103.94358605105111, 10.321564333012471], [103.94169967966411, 10.321575723946756], [103.94078740457677, 10.321088085473276], [103.94055599070849, 10.320857222102527], [103.94039282083975, 10.320604054439368], [103.93981306007758, 10.320334161260822], [103.93961349036024, 10.320631815986404], [103.93896537639085, 10.320291823112857], [103.93872565990272, 10.320625301423897], [103.93848008501483, 10.320966906498168], [103.93828430187375, 10.32123934169458], [103.9385857790283, 10.321553869950563], [103.93795739738347, 10.322236298214936], [103.93736525718568, 10.322869513233332], [103.93646558579273, 10.322792268651549], [103.93609943788236, 10.322442274123421], [103.93556657892465, 10.321932861229042], [103.93482777681044, 10.320634958413033], [103.93439615353702, 10.320548762610123], [103.93406053899493, 10.320640124482951], [103.9336747846247, 10.321658039092593], [103.93364267616305, 10.321742970828458], [103.93322403584094, 10.322156326962457], [103.9327765826855, 10.322598021490553], [103.93205491848913, 10.321728338001387], [103.93238031865197, 10.32117296185024], [103.93114673631872, 10.32090253640634], [103.93047395199548, 10.321897789755612], [103.9295273938142, 10.32448481671788], [103.92925686251981, 10.325139830885696], [103.92907207555629, 10.325587047136404], [103.92832626834434, 10.325448751868088], [103.92802487863271, 10.325392975789486], [103.92749266269301, 10.325290227581577], [103.9273796661056, 10.325268418516202], [103.92559289847082, 10.324923574451185], [103.92376530867212, 10.324585971249842], [103.9238877883197, 10.323962252081586], [103.92396759846226, 10.32355553750323], [103.92391210597812, 10.322791451449223], [103.92387594329156, 10.322293032285202], [103.92404975507779, 10.322159983674212], [103.92516613336537, 10.321305493612494], [103.925435411043, 10.319733605503503], [103.92568794909798, 10.319838752600756], [103.92579786459137, 10.31909123488184], [103.9263970062013, 10.319137415437007], [103.92649295285356, 10.319144818838689], [103.92708653631345, 10.319336281522347], [103.92782510871935, 10.319629985622436], [103.92800712895017, 10.319702367001941], [103.92919753427039, 10.317632574044719], [103.92927859976692, 10.31622010798238], [103.92827424972072, 10.314763681044711], [103.92838810944602, 10.313495210310759], [103.92794088422534, 10.313106186432623], [103.9278144081839, 10.31291663815678], [103.92785383515634, 10.311863127774249], [103.92769049390455, 10.311106264367654], [103.92747232102299, 10.310630758787358], [103.92741117246366, 10.310415739273486], [103.92738038104895, 10.310024106933847], [103.9273640481806, 10.309816399818624], [103.92729825832829, 10.309845848252028], [103.92697013157874, 10.309992549189177], [103.92673110240645, 10.309640962128901], [103.92689445312598, 10.309532485186217], [103.92674859452525, 10.30910638234767], [103.92651879225389, 10.308903630964053], [103.92576493180442, 10.308596335982012], [103.92639443126922, 10.308000548261846], [103.92641473472439, 10.307981326358483], [103.92635585940813, 10.307923448132836], [103.92564307053988, 10.307221754886394], [103.92500070837342, 10.306804895270576], [103.9247298616686, 10.306380015977576], [103.92434118175456, 10.305634594303553], [103.9238045013402, 10.305093422251092], [103.92377291694574, 10.305040293683666], [103.9235879611245, 10.304729577068706], [103.92328579320163, 10.304410152574627], [103.92265880590467, 10.303978036354668], [103.92203537622368, 10.303548547324198], [103.921779355785, 10.30380884009346], [103.92149334871021, 10.303440348820711], [103.92151358001418, 10.303360550555125], [103.92154475415997, 10.303237825805104], [103.92001022375054, 10.3028265028081], [103.91991643098349, 10.3028922454938], [103.91925339056495, 10.303356681210039], [103.9186081898731, 10.304049258744449], [103.91859756945114, 10.30471295921665], [103.91839270239225, 10.305056791952122], [103.91794132815669, 10.305300094112551], [103.91796343103567, 10.305544248117261], [103.91845053140652, 10.30578372350435], [103.91838537618929, 10.306263697649735], [103.91781395325415, 10.30625163902453], [103.91749302133775, 10.307103833286474], [103.91738571804996, 10.308409741158414], [103.91755417228279, 10.308406970651316], [103.91764009322709, 10.308452693408652], [103.91766744158191, 10.308674253671716], [103.91788487262326, 10.309097414821734], [103.91808747801223, 10.309888076596158], [103.91752058770393, 10.310337310573999], [103.91458324774298, 10.310885419702366], [103.91450014877262, 10.31069585480273], [103.91390846657849, 10.310773351033571], [103.91380007896214, 10.310681837774835], [103.91344292068939, 10.310379844728315], [103.9133990213643, 10.310667005826696], [103.91331386506874, 10.310948124797115], [103.91322264576654, 10.311249213903672], [103.91222702904712, 10.312320601907466], [103.91175596933148, 10.311651234492643], [103.91131929961372, 10.311884155858078], [103.91092777667565, 10.312093109153427], [103.91074100523534, 10.311683561564253], [103.91071972756926, 10.311636869904412], [103.91047979373307, 10.311781092401809], [103.91036224890118, 10.311851761397257], [103.90977278740678, 10.312206097051188], [103.90929278617655, 10.312418231947762], [103.90852514404655, 10.312309779556166], [103.90819764124619, 10.312263521705447], [103.90805608543695, 10.31262644942067], [103.90771243643853, 10.313158710939904], [103.90642090576777, 10.3147070956239], [103.90724065163452, 10.3156148045829], [103.90620404036213, 10.316473175412469], [103.90693308264353, 10.317647977699487], [103.90693430796802, 10.318163873324654], [103.90658932426652, 10.318234484724412], [103.90600833766995, 10.31902705707272], [103.9053553343934, 10.319222954537114], [103.90555109560006, 10.31970566510171], [103.90557036276351, 10.319753167078513], [103.90614345009205, 10.31976615580976], [103.90639405753264, 10.320166781892919], [103.90623173208003, 10.320257619199824], [103.90619425823553, 10.320278616390922], [103.90567102828352, 10.320748612113185], [103.90559255707296, 10.32081926059491], [103.90510600023902, 10.32125623185804], [103.9050626113719, 10.322141289210606], [103.90393309876404, 10.322572190894912], [103.90433930619383, 10.322671942091434], [103.90478986882177, 10.322878913230166], [103.90537775010921, 10.32328233157849], [103.90572818163535, 10.323522840868476], [103.90557673508512, 10.324723690580129], [103.90553956756425, 10.32501881855552], [103.90569027233323, 10.324991339450122], [103.90588344832567, 10.324956162977983], [103.90643643012962, 10.325276155170751], [103.90663943497921, 10.325063335969967], [103.90689530078863, 10.325193909630022], [103.90691510913004, 10.325391406701739], [103.90736246831668, 10.325556778923328], [103.90794830684307, 10.325836414628235], [103.90781329944629, 10.326257940846642], [103.90729267572712, 10.325965766891706], [103.90667632827014, 10.325985519778271], [103.90657312883702, 10.32570640783951], [103.90632651721558, 10.325753149623804], [103.9063679298244, 10.326163878844843], [103.90704543383941, 10.326738700409743], [103.90736689143768, 10.32699796068992], [103.90702985864256, 10.327546777731536], [103.90729649325421, 10.327827545936888], [103.90774667800851, 10.328973083740012], [103.90869654930832, 10.329307814605542], [103.9091591547923, 10.329282080748847], [103.90966802164151, 10.329272885922304], [103.9110670722485, 10.3292427131224], [103.9107809733428, 10.328134548041884], [103.9115538019944, 10.328028186532475], [103.91182096685723, 10.329057657728928], [103.9126207019292, 10.328771241182839], [103.91390760690845, 10.328061673171232], [103.91430210381553, 10.328574485757288], [103.91311551063927, 10.329350781297165], [103.91265137953361, 10.329608064378514], [103.91274680567633, 10.329798917951857], [103.91243332071011, 10.329962536270592], [103.91169118654274, 10.330107200069936], [103.91163166951486, 10.329951943790034], [103.91064241864194, 10.330167670669068], [103.9097749377189, 10.330204691052959], [103.90918414592272, 10.330225399162124], [103.90836224207062, 10.330254271656596], [103.90759748211143, 10.329949263635754], [103.9071654395431, 10.329646583184147], [103.90657962236561, 10.329108908912765], [103.90627971545264, 10.329090907650134], [103.9059105098264, 10.329120154609969], [103.90591041852058, 10.329120154441863], [103.90498685230028, 10.328442891669996], [103.90454994563723, 10.328544070908352], [103.90476595618749, 10.329622094149196], [103.90652706961548, 10.32991529059088], [103.90757100245709, 10.330778567779484], [103.90762552139748, 10.331017627799337], [103.9080594446716, 10.332512127164115], [103.90771655845668, 10.333307126620475], [103.90635787438136, 10.333420627961836], [103.90588740064942, 10.334083388279092], [103.90567830256855, 10.334182547024284], [103.90554269438667, 10.334142696513199], [103.90513778666536, 10.334023600245127], [103.90451971426938, 10.333593362879482], [103.90390624472262, 10.33314414633022], [103.90320153927426, 10.333480714015584], [103.90280467389645, 10.333890632086671], [103.90251159893461, 10.333250693637927], [103.90208115412906, 10.332055007291691], [103.90195674185848, 10.331696291962928], [103.90154465921805, 10.33189723757656], [103.90081526496051, 10.332253102509503], [103.89991883774002, 10.331566382569607], [103.89972782504931, 10.331325259382767], [103.89989835283451, 10.330861400100133], [103.90019458969711, 10.330696677357121], [103.900524298216, 10.33074448535037], [103.90071063820923, 10.33060867064816], [103.90068181816318, 10.33054315862923], [103.90136088004242, 10.330197145724158], [103.90149812742675, 10.329610624588222], [103.90163528293742, 10.329024103174936], [103.90128005410935, 10.32900138366721], [103.90116642549334, 10.328783369612456], [103.90082408565175, 10.328126160112118], [103.90073545694439, 10.327676827297218], [103.89959733614353, 10.327241637136257], [103.89924321208383, 10.327407698370976], [103.89879530380838, 10.32700389684244], [103.89871379874063, 10.32660330909503], [103.89786448180308, 10.326984621598738], [103.89784395156927, 10.327169476341286], [103.89741351695014, 10.327276263529393], [103.89730426131297, 10.327017118866529], [103.89653136863691, 10.326486491857866], [103.8964467931934, 10.326309035333242], [103.89634435775146, 10.326400069706112], [103.89604052652892, 10.326670105094516], [103.89573883084867, 10.32653871392201], [103.89548780633395, 10.326265741447727], [103.89572657911884, 10.325782392770229], [103.895431743884, 10.325597128518565], [103.89493469219921, 10.32506520625619], [103.89447536202911, 10.325529786981559], [103.89359875713859, 10.324903121873922], [103.89401092038017, 10.324562137753965], [103.89360369601718, 10.323659511392274], [103.89354863227138, 10.32313899533703], [103.89407437488707, 10.323084559766283], [103.89418660649211, 10.322597629370579], [103.89467970181964, 10.32271301606459], [103.8949536017449, 10.322576193283414], [103.89482792971275, 10.322261504037801], [103.89558712627424, 10.322116006189052], [103.89606665861733, 10.321970345208918], [103.89602391728972, 10.321832567411168], [103.89643812909699, 10.321706674352406], [103.89631911767161, 10.3214416343858], [103.89676998813609, 10.321051715174097], [103.89758172065152, 10.320837235569398], [103.89780490632157, 10.320816404955625], [103.89793726314741, 10.320593875878737], [103.89808880442266, 10.320509713291734], [103.89817027627113, 10.320494404632026], [103.89824748500104, 10.319791592940517], [103.89821934684755, 10.319271850641103], [103.8981372581946, 10.319035359939383], [103.89816015537717, 10.3185653490701], [103.89792390137451, 10.318305154244621], [103.89810086881434, 10.317524593011072], [103.89815537623113, 10.317284469074947], [103.89821715995498, 10.317251222036637], [103.89808849147964, 10.316927035022085], [103.8979206401092, 10.316658468921856], [103.89769133096843, 10.316540053419114], [103.8969883777744, 10.31650058807921], [103.89698378934362, 10.316368939216781], [103.89663978383602, 10.316261700838286], [103.89637662454139, 10.316179566959647], [103.89630433460125, 10.316168311173449], [103.8959172138458, 10.315976365587822], [103.89570138358769, 10.316402888713176], [103.89516988457274, 10.316274231968558], [103.89468723546011, 10.31585743162157], [103.89467414068379, 10.315208608701038], [103.89522268222645, 10.314969772176507], [103.89458303446587, 10.314723918682985], [103.89480854411322, 10.314248953433477], [103.89550463854228, 10.31433922210407], [103.89569248671746, 10.31412647172003], [103.89553621562276, 10.3140111750047], [103.89560473120603, 10.313846933631797], [103.89574184977887, 10.313664014773835], [103.89614431148573, 10.312990833845308], [103.89659313088282, 10.31256872341812], [103.89603415903794, 10.312246896430617], [103.89694535186352, 10.31123525671786], [103.89765760836578, 10.310024336271793], [103.8989498072772, 10.308760335596451], [103.89908000203354, 10.308133748669261], [103.89970175218986, 10.307170746036945], [103.90021552586694, 10.306865201465635], [103.90031206808726, 10.306651736034375], [103.90045353165796, 10.306147406746367], [103.90034280241508, 10.306090151202932], [103.90055460360409, 10.305372759798477], [103.90064387398533, 10.304996990453137], [103.90087689659542, 10.305030874818673], [103.90111512962186, 10.304626268428333], [103.9008598001445, 10.304511695047898], [103.9010680227687, 10.303995916195802], [103.90136361241686, 10.303434459763468], [103.90201094844268, 10.301482025028623], [103.90229801303393, 10.30083963252833], [103.90275976285314, 10.300324772532633], [103.9024652743412, 10.300110584133096], [103.90270515860988, 10.299359066524321], [103.90363831567161, 10.29877337777164], [103.90374370568126, 10.298707299624603], [103.90398889201028, 10.298241584465716], [103.90496550744085, 10.296386218097048], [103.90516799385053, 10.296001613737458], [103.90523590933988, 10.295811600984422], [103.90524873536805, 10.295739113699602], [103.90494049793004, 10.29555519056827], [103.9048991824729, 10.295532873129758], [103.9048561257849, 10.295514078573431], [103.90481160124473, 10.295499078638834], [103.90476597403558, 10.295487873996803], [103.90471951770522, 10.295480645974939], [103.90467259743647, 10.29547739524444], [103.9046397306661, 10.29547742520696], [103.9046063122191, 10.295479533639488], [103.9045731639294, 10.295483631641062], [103.9045402856268, 10.29548980962393], [103.90450786024208, 10.295497887099643], [103.9044759789012, 10.295507954648464], [103.90444482453506, 10.295519831782059], [103.90441439663432, 10.295533789737247], [103.90438487863887, 10.295549376789126], [103.9043563615052, 10.295566773930341], [103.90432902816458, 10.295585800672745], [103.90430287844707, 10.295606547428823], [103.90427809545378, 10.295628743298275], [103.90421133488056, 10.295543632654542], [103.90414069291418, 10.295288991379712], [103.90404660919997, 10.295023005370092], [103.90397748774885, 10.2947852740056], [103.90386727562755, 10.294551535525152], [103.90376914232604, 10.294351723954254], [103.9037069370335, 10.294174672079833], [103.90364824920236, 10.29402059145477], [103.90359804512507, 10.29387014295069], [103.90353466989285, 10.293635586530693], [103.90348225496071, 10.293398518744192], [103.90344205813496, 10.293218342938781], [103.90339519926133, 10.292988247141167], [103.90331802469011, 10.292809721018893], [103.9032107624948, 10.292755727876374], [103.90306086818092, 10.292748761023654], [103.90286349726263, 10.29274333396885], [103.90268518037277, 10.292752136710982], [103.90259551087192, 10.292761283758809], [103.90253525903769, 10.29275954515466], [103.90215972523937, 10.292778109815837], [103.90198755273093, 10.292820737792082], [103.90179160183588, 10.292982304586257], [103.90165627358519, 10.29319099778883], [103.90151269822591, 10.293415769100108], [103.90143962479469, 10.293629007479055], [103.901392185786, 10.293804229577374], [103.90135147471653, 10.293945830661373], [103.90131496772459, 10.294036627696482], [103.90129726463685, 10.294080625836314], [103.90128874413415, 10.294096522675412], [103.89943928738136, 10.294135862076805], [103.89942636920361, 10.294159887824105], [103.89931147973806, 10.29437359052139], [103.89919649505197, 10.294589282063761], [103.89913940322275, 10.294799023384456], [103.89919253117088, 10.29528481764585], [103.89824955385043, 10.294791584051945], [103.8973784362684, 10.294679569979548], [103.89665101872015, 10.294567911870791], [103.89583905641416, 10.294506996557189], [103.89511986590853, 10.294582142396068], [103.89422286279844, 10.294783892884153], [103.89324970567915, 10.295087483218627], [103.89257353713728, 10.295627694586356], [103.89342745769123, 10.298480268340978], [103.89336746654413, 10.30206645114364], [103.89179016710996, 10.304464387613885], [103.88844045294864, 10.30955704829355], [103.88762447999409, 10.310797676522242], [103.88760509899485, 10.311897594293345], [103.88733008273672, 10.31219027972081], [103.88754420693431, 10.313028535097311], [103.88780137510122, 10.314035128936347], [103.88804451270767, 10.315121529962774], [103.88845412058357, 10.31695170515734], [103.88891784824513, 10.317423449229869], [103.8893659591486, 10.317377011055427], [103.88965338219072, 10.31737556518222], [103.88966214737277, 10.31737549133116], [103.88996826839352, 10.317383935432364], [103.89012185291618, 10.317092284504742], [103.89062855431138, 10.31720128329099], [103.89052462177256, 10.317691573322614], [103.89050048085011, 10.317805718360233], [103.89087832735093, 10.317786902059554], [103.89091918356397, 10.318238859217526], [103.8910151345826, 10.31843306469043], [103.89123230286182, 10.318786985729917], [103.89094496516492, 10.318980739813988], [103.89002883706364, 10.319404309795887], [103.89009345762308, 10.319652794056166], [103.88984966885018, 10.319752419840155], [103.88992386707208, 10.320005623652463], [103.8899398642842, 10.320280054780872], [103.8896568089336, 10.32104576295368], [103.88913872798736, 10.320585218399449], [103.88915815287436, 10.320975654786135], [103.88909773003586, 10.321627773673379], [103.88852084041197, 10.321550193078837], [103.88805622555473, 10.32148765184819], [103.88757858814405, 10.321454921259422], [103.88736921532407, 10.321461937893915], [103.8870714571112, 10.321423580581527], [103.88687386498576, 10.321476458193889], [103.88668892595884, 10.321548979140388], [103.8865056593192, 10.321747899266589], [103.88648047336892, 10.32192921808008], [103.8864697369596, 10.322051254009617], [103.88636793141389, 10.322570387611211], [103.8864767357471, 10.322680083421707], [103.88621462304363, 10.323328563203827], [103.8858017567184, 10.324122861822492], [103.88581644421477, 10.324129309023043], [103.88589836561658, 10.324165358462066], [103.88557042639644, 10.324716338499304], [103.88590375863978, 10.325009365419119], [103.88540093129863, 10.325627188598322], [103.88471870389515, 10.325015517132224], [103.88387577642726, 10.324595030384721], [103.88392200202058, 10.324206618062743], [103.88398754094165, 10.3240279985173], [103.88404197360106, 10.323879374562035], [103.88412806240795, 10.323603510818666], [103.88423418066445, 10.323263221447487], [103.8838472262869, 10.322985641505841], [103.88333897834907, 10.322870571169524], [103.88312406756813, 10.323048362753454], [103.88291327191332, 10.32322272638703], [103.88277053123723, 10.323052026852485], [103.88292324743266, 10.322695462471193], [103.8829903129153, 10.321967864142549], [103.88296137091633, 10.321639251479882], [103.88292483715918, 10.321223919154406], [103.88286436603353, 10.320535677521164], [103.88222478201139, 10.320631557161734], [103.88205801769972, 10.320701126598264], [103.8821072732638, 10.320959799260201], [103.88135073483582, 10.32100572668775], [103.8806238005283, 10.321693905590678], [103.88014987816632, 10.322142615037817], [103.8796570111983, 10.321075620740837], [103.87971008362547, 10.320456852588695], [103.879164972766, 10.320286192208737], [103.8792085087944, 10.320666729545936], [103.87925464997389, 10.32106906117071], [103.87822648482151, 10.321579357314274], [103.8782271209493, 10.32125541246146], [103.87735216354567, 10.321253726544214], [103.87830870513892, 10.319834654972476], [103.87782305962065, 10.319511762716514], [103.87691661892524, 10.319504319285906], [103.87685305617401, 10.319744421214864], [103.87664275330515, 10.319760741580527], [103.87622105171708, 10.319793470192568], [103.87581976933092, 10.320722852866655], [103.87556577844818, 10.321270981405982], [103.87471921971556, 10.322701015814978], [103.87416387081093, 10.323228939818827], [103.87407340102997, 10.323315017378514], [103.87432430920357, 10.32358972299616], [103.87417605474597, 10.324039777259125], [103.87376986259872, 10.323798855624352], [103.87346722689178, 10.323826115298875], [103.87324189594696, 10.32340725176556], [103.87338795164095, 10.323376614412423], [103.87324631293585, 10.323020930392333], [103.87369841451665, 10.322669472596926], [103.87328846668099, 10.322389666062874], [103.87348866344767, 10.322036815344903], [103.87354125486236, 10.321944245199532], [103.8737621371194, 10.321519195297832], [103.87389393296387, 10.321265574266178], [103.87417797142409, 10.321453548742644], [103.8741902812565, 10.321461709670954], [103.87419632905994, 10.321450691139807], [103.8745887910468, 10.320737107000735], [103.87426836242938, 10.320575372256501], [103.87452228813123, 10.320107259228607], [103.8733835079181, 10.313023628820005], [103.87136951847481, 10.31292225334032], [103.87113023886295, 10.312590066536979], [103.8712257523571, 10.309776181698815], [103.86867207174781, 10.30983205159908], [103.86978948955017, 10.312083498948164], [103.86704855650856, 10.313590461285594], [103.86472201588354, 10.314869562380357], [103.86447120845476, 10.315007399174542], [103.86413081749086, 10.315017036399283], [103.86379444340578, 10.31743642581035], [103.86357796287066, 10.320073400318064], [103.86355790959963, 10.32232804849017], [103.86382337084402, 10.32344307695983], [103.86382838417687, 10.323447245777784], [103.86384929131565, 10.323493396952312], [103.86458555433934, 10.324590637044055], [103.86483436612791, 10.324950694150257], [103.86541793393768, 10.325794931325422], [103.86557415138162, 10.326024974632608], [103.86558006839626, 10.326033846612873], [103.86558607671545, 10.326042718772507], [103.86559190242646, 10.326051590573124], [103.86624905533843, 10.327448205966826], [103.86608959286889, 10.327515701588847], [103.86609041008312, 10.327517963487441], [103.86591660147882, 10.327591036367528], [103.86560517116932, 10.327722063799166], [103.86567195935166, 10.327882223839863], [103.86379176710732, 10.328672698987573], [103.86178847071697, 10.329516081182941], [103.86012091688866, 10.330213468661274], [103.85966906111027, 10.330476122068651], [103.85926529835272, 10.330795920033054], [103.85871268523924, 10.331441264975973], [103.85846757283522, 10.331869599801413], [103.85829163312734, 10.332316063906408], [103.8581523758386, 10.332818475220577], [103.85760621084772, 10.334961226913487], [103.8570687928954, 10.337064122925602], [103.85653812045672, 10.339168658227166], [103.85599311189738, 10.341269637280886], [103.85548396149105, 10.343379637176326], [103.8550571983361, 10.344981416914461], [103.85339333930811, 10.35091775031079], [103.85283495982941, 10.35221394158571], [103.85196787922247, 10.35420676268573], [103.85119005277801, 10.356040636549514], [103.85041425625299, 10.357815292487992], [103.8499756101025, 10.358867246365923], [103.84974732307417, 10.359311427865988], [103.84951789368736, 10.359645033846117], [103.84919609485488, 10.360003044677105], [103.84886467868199, 10.36028644637619], [103.84848639883953, 10.36053476364239], [103.84794777893734, 10.360778958235391], [103.84642684727457, 10.361395912375638], [103.8447306582469, 10.362065935026427], [103.84303909578497, 10.362747349531494], [103.84257764324407, 10.362984911382137], [103.84223567633381, 10.36328781290347], [103.84198003207324, 10.363619822185626], [103.84182988850391, 10.363892647016288], [103.84179818900773, 10.363986428899945], [103.84129662361616, 10.364191177815067], [103.84126282574182, 10.364065437141287], [103.84123483888081, 10.36369333806608], [103.84119044418908, 10.363438559013613], [103.84104511079785, 10.362982408447355], [103.84079528410228, 10.362496750510672], [103.8406615346024, 10.362178319675929], [103.83932392710415, 10.362236693252799], [103.83858012713038, 10.361821534100525], [103.83807593608327, 10.361407318469741], [103.83661189978693, 10.36157780172489], [103.83548733761043, 10.362500024039884], [103.83490748938979, 10.362110510377715], [103.8344786165649, 10.362009086366552], [103.83343051586616, 10.362481122035481], [103.8331248989373, 10.362690874979748], [103.83306924983638, 10.363227167974417], [103.83446931060404, 10.365422986616506], [103.8346433008477, 10.36553654120314], [103.8351009636096, 10.366407422416836], [103.8362483439116, 10.368056358192058], [103.83766041052655, 10.368861396878907], [103.83941438009158, 10.368966808451768], [103.84009661807127, 10.368699507849293], [103.84048829719413, 10.368645070392342], [103.84088013977815, 10.368468758639192], [103.84155267700507, 10.367817187730202], [103.8420352066766, 10.36715410590752], [103.84436771211034, 10.367452797007545]], [[104.0706145295823, 10.355077149623465], [104.07053033371554, 10.354475148615718], [104.07047915238073, 10.354105285409915], [104.07046041600898, 10.353714941408839], [104.07045970872224, 10.353630764649179], [104.07028430305293, 10.35362248370562], [104.06873456932584, 10.353703773660227], [104.0688640925528, 10.355213505755085], [104.06907514726007, 10.357670256625058], [104.0695289332859, 10.357779270729955], [104.07012887091462, 10.35792256567372], [104.06995118447443, 10.356637991957397], [104.07064431804282, 10.356740723900515], [104.07084646806379, 10.356758624299774], [104.0708333492553, 10.356601737827816], [104.07078755804041, 10.356229621518619], [104.0707874672163, 10.356229259739914], [104.0706145295823, 10.355077149623465]]], "type": "Polygon"}, "properties": {"id": 1.0, "area": 295816848.26, "perimeter": 174754.41}}, {"type": "Feature", "geometry": {"coordinates": [[[103.9560995246276, 10.251382138019524], [103.95584313578938, 10.251364891957884], [103.95574569843463, 10.25127946885994], [103.95588380019272, 10.251018857053435], [103.95564832124349, 10.249982414157504], [103.95529489637782, 10.250073320613362], [103.95498028349535, 10.249780757594799], [103.95481922239715, 10.249267842852811], [103.95468526260701, 10.249081366317643], [103.95396595244574, 10.249663958981127], [103.95340303375332, 10.248954171094656], [103.95387152444627, 10.248674676558347], [103.95365667937294, 10.248493307733858], [103.9529565097893, 10.249145819956246], [103.95232081781712, 10.248609140122854], [103.95302691212173, 10.247961702378383], [103.95233451095251, 10.247439212574495], [103.95078795372447, 10.246770166166032], [103.95070954681024, 10.247032142395394], [103.95199029985551, 10.247694141138153], [103.95166101212259, 10.248082363951294], [103.95065137903134, 10.248581007719677], [103.95045337041934, 10.24837742360771], [103.9504050757844, 10.248327704978774], [103.95011350386255, 10.248122967949431], [103.94968840473314, 10.247218747002865], [103.94877133633037, 10.24766266063739], [103.94834533188902, 10.247126148071159], [103.94742773749724, 10.249190084643256], [103.94686466341501, 10.249105404252743], [103.9463364618457, 10.249019697333214], [103.94601466518638, 10.249452500541203], [103.94574438041327, 10.249816315378874], [103.94575623047717, 10.249826009816118], [103.94514470525162, 10.250621056398836], [103.94463456345272, 10.251328754749148], [103.94432527919936, 10.25175515801998], [103.9447604329242, 10.251964485345233], [103.9444029835844, 10.252528686727253], [103.94418889935156, 10.252907604671867], [103.94453785767195, 10.253078268831972], [103.94453157930845, 10.25338096200972], [103.94499829117504, 10.253764117532908], [103.94505447792172, 10.25363257164172], [103.94546441723013, 10.25369755536327], [103.94567962952146, 10.25382432044139], [103.94532698200607, 10.254356524615666], [103.94558802815789, 10.254426045935121], [103.94587140518992, 10.254462694668357], [103.9463458817828, 10.254529234005636], [103.94690362660832, 10.254534071658798], [103.94699817253837, 10.25412791483687], [103.94777064569152, 10.254117655641753], [103.94813737141425, 10.254098568555087], [103.94813955402314, 10.253945140719498], [103.94856135311585, 10.25390951060282], [103.94901011558423, 10.253906836137466], [103.94901024290203, 10.254150048436927], [103.94945467849207, 10.25416870360448], [103.94953798836787, 10.25408240951537], [103.94976689467161, 10.254103863537049], [103.95017026451855, 10.253797683140249], [103.95052660307259, 10.2537142013875], [103.95135058105308, 10.254381398257898], [103.95164036666047, 10.253824036438173], [103.95178776987052, 10.253837033447692], [103.95180089215032, 10.25369103785538], [103.95196619740517, 10.25369809769343], [103.95250245138075, 10.253725040719793], [103.95245546611609, 10.254134715370503], [103.95297474401453, 10.254266779914245], [103.95304307724352, 10.254396186206671], [103.95440691203945, 10.254751182093077], [103.95461998494962, 10.254370356526923], [103.95551524601058, 10.253553886934249], [103.95553408913949, 10.253157274435992], [103.95576506411514, 10.253089851200437], [103.95574423981674, 10.252615235778691], [103.9560995246276, 10.251382138019524]]], "type": "Polygon"}, "properties": {"id": 6.0, "area": 762872.83, "perimeter": 4580.13}}, {"type": "Feature", "geometry": {"coordinates": [[[104.02407337448203, 10.1528614414997], [104.025289201678, 10.153724677083922], [104.02757154288734, 10.153608985998098], [104.02978257960957, 10.15213984446569], [104.02969316746477, 10.152001200457931], [104.02872613000679, 10.150369358443061], [104.02810946662005, 10.14927652981029], [104.02766095631102, 10.14839497087631], [104.02746259079967, 10.148004363616112], [104.02687153941557, 10.146689781678026], [104.02666985661686, 10.146198085195639], [104.02653792881877, 10.145868693791828], [104.02640600114444, 10.145539392755529], [104.0262962883925, 10.145245204761798], [104.02615257980703, 10.144860281386768], [104.02601984915731, 10.14451904426694], [104.0258589046867, 10.144126862689037], [104.02580115547232, 10.143992512955984], [104.02520829284973, 10.144226463972245], [104.0252629432914, 10.143738482666993], [104.02500406488866, 10.143668759921399], [104.02402118063506, 10.143345549468405], [104.02397013764032, 10.143737695812577], [104.02392926455943, 10.143978682978558], [104.02387117664145, 10.144321271641314], [104.02365204580983, 10.145389568728122], [104.02355302078423, 10.145645299475191], [104.02400779089345, 10.145738544172909], [104.02404472701552, 10.146433256202855], [104.0235291036074, 10.146453213179857], [104.02346589754262, 10.147047238344852], [104.02445833870974, 10.147147139652713], [104.0244254980881, 10.14763397685311], [104.02498622645923, 10.14766055714657], [104.02488353521507, 10.148422335740841], [104.02486863090067, 10.148628008290013], [104.02467524776358, 10.149254123348578], [104.02447663552785, 10.150454637070982], [104.02455609469338, 10.151028254464729], [104.02431548339214, 10.151994441826124], [104.02460731609541, 10.15212325410297], [104.02407337448203, 10.1528614414997]]], "type": "Polygon"}, "properties": {"id": 35.0, "area": 1474937.11, "perimeter": 8041.61}}, {"type": "Feature", "geometry": {"coordinates": [[[104.00233934860236, 10.151573962803852], [104.00231092526936, 10.151365242562061], [104.00212116916781, 10.151150762242315], [104.0020707643647, 10.151052857047164], [104.00205067081633, 10.150945865963985], [104.00209807075117, 10.150862394714762], [104.00186885958664, 10.150433029064487], [104.00170271824197, 10.149819493895295], [104.00191586903948, 10.14948076236647], [104.00178015700521, 10.149135895494467], [104.00159739073912, 10.148946289575354], [104.00161237495546, 10.148875517618873], [104.00172289280313, 10.148871074293066], [104.00162123470491, 10.14869343585805], [104.00120474555705, 10.146982247296473], [104.00098268360539, 10.14470825098096], [104.00054047853922, 10.143991584395842], [104.00045860130083, 10.143829074998427], [103.99972930682581, 10.143939174667011], [103.99940290362946, 10.143459931299947], [103.99900936738128, 10.143314215465574], [103.9988451661628, 10.143277799002522], [103.99869100871065, 10.143179011652734], [103.99852163636427, 10.143123147977741], [103.99834657621594, 10.143086624272483], [103.99821609191109, 10.143080638350789], [103.99814991357165, 10.143092833607751], [103.99808443034503, 10.143127452756767], [103.99795343977053, 10.14315356317049], [103.99768831990475, 10.143170336480114], [103.99681872687393, 10.142605540748301], [103.99585489211836, 10.14313624305729], [103.99490602203122, 10.142675659193529], [103.99369930521382, 10.142135200778013], [103.99286701567132, 10.141995220437384], [103.99276332637328, 10.142069019453096], [103.99206283417065, 10.1416229159289], [103.99197907222508, 10.141733001779055], [103.99169960232418, 10.141475791813509], [103.99117788018316, 10.141028787769585], [103.99077310547172, 10.140838832200023], [103.99034292225056, 10.140789973915146], [103.99022626284143, 10.14052505890799], [103.99007901562129, 10.140560092015582], [103.98981513808283, 10.141292402067341], [103.98926040406519, 10.141524719009324], [103.98917126801918, 10.141570420560166], [103.98849451229837, 10.141754355357394], [103.9883698562357, 10.14164150461284], [103.98557554695397, 10.142689021862102], [103.98611956840905, 10.143683981476462], [103.98556031511218, 10.14394214329012], [103.98661417266332, 10.145112400680945], [103.98658630657167, 10.145419766490956], [103.9866956104209, 10.14554651775873], [103.98648504767728, 10.145971136696856], [103.98634463441942, 10.146125254592624], [103.98681123313787, 10.146289634691714], [103.98685953584244, 10.146328859694618], [103.98690473056766, 10.146371425170067], [103.98694654354902, 10.14641733069144], [103.98761939099315, 10.1472058018371], [103.98765437342212, 10.147243288061453], [103.98769237230928, 10.147277614482173], [103.98773329683071, 10.147308509712875], [103.98777678225308, 10.147335792354188], [103.98778015567399, 10.147337696323993], [103.987692828329, 10.146072479877771], [103.98715418332799, 10.146108979972032], [103.98699862436477, 10.143853888850114], [103.9888194358041, 10.143730510069387], [103.98897509864786, 10.145985691523244], [103.98796598385925, 10.146054009439611], [103.98806570884607, 10.147500435929635], [103.98940695629094, 10.148264448645048], [103.9894381402779, 10.148280500534646], [103.98947069739764, 10.148293842121031], [103.98950417151576, 10.148304382279697], [103.98953856277477, 10.148312030596003], [103.9895734148967, 10.148316786359972], [103.99150784342213, 10.148495916870228], [103.99156523100366, 10.148503691022293], [103.99162160735861, 10.148516165155895], [103.99167697234664, 10.14853342968602], [103.99173050524087, 10.148555121683861], [103.99178193213383, 10.148581331140782], [103.99183107108647, 10.148611696117783], [103.99242122938043, 10.14901251313394], [103.99245650500751, 10.149038155020959], [103.9924900432214, 10.149066054582072], [103.99252184444958, 10.149095940574716], [103.99322395174508, 10.149801988154934], [103.99325238290422, 10.149827890635354], [103.99328300833452, 10.149851174478817], [103.99331582874686, 10.149871387612848], [103.99335029660527, 10.149888529191367], [103.99338641233564, 10.149902327970715], [103.99370856157715, 10.150008881503238], [103.99374459190835, 10.15001897311423], [103.99378135726303, 10.15002590134445], [103.99381858429845, 10.150029394528161], [103.99385599924562, 10.150029452242851], [103.99389323679527, 10.150026254754167], [103.9939301147185, 10.150019620951843], [103.99396617645019, 10.15000973096107], [103.99400114822144, 10.149996584359878], [103.99403484723531, 10.149980361695919], [103.99496370757154, 10.14947972028919], [103.99500708782486, 10.149458268372069], [103.99505210585856, 10.149439893066022], [103.99509821399714, 10.149424683942376], [103.99612065480225, 10.149127796807798], [103.99613918947652, 10.149121586657069], [103.99615708790535, 10.149113748065016], [103.99617434980568, 10.149104461860563], [103.99619061001304, 10.149093817897814], [103.99620595992438, 10.149081725902592], [103.99632036605217, 10.148983439981878], [103.99632448047544, 10.148978383077262], [103.99632823044118, 10.148972963954682], [103.996331342041, 10.148967272608377], [103.99633408904197, 10.148961309458546], [103.99633619753564, 10.148955164499442], [103.99633785003348, 10.148948838011195], [103.99633895513841, 10.148942420268178], [103.9963395128505, 10.14893591127039], [103.99633952316977, 10.148929311017842], [103.99633889441647, 10.148922890613735], [103.99633771812907, 10.148916469369281], [103.99633608542192, 10.148910137838959], [103.99633381364228, 10.148903986157055], [103.99633108516025, 10.148898105018102], [103.9963278088615, 10.148892403867615], [103.99632407571899, 10.148887063674474], [103.99631988587412, 10.148881994024231], [103.99631533044122, 10.14887728547137], [103.99631040927889, 10.148873028430293], [103.99552665945203, 10.148376804474713], [103.99479944795888, 10.14918797073285], [103.99254809108481, 10.147206316235208], [103.99345721968136, 10.146192454904783], [103.99570857567753, 10.148174103214222], [103.99646853686426, 10.148651574402159], [103.99649250769808, 10.148670417425533], [103.99651455919911, 10.148691156210047], [103.99653469150863, 10.148713700341654], [103.9965529049092, 10.148737868991851], [103.9965689257749, 10.148763571326556], [103.99658257201797, 10.148790535822826], [103.99659375266486, 10.148818581512094], [103.99660255939457, 10.148847437291293], [103.996608718722, 10.148876921911803], [103.99661232204342, 10.148906945099291], [103.99661327880882, 10.148937054641717], [103.99661158915879, 10.148967160124638], [103.9966073447721, 10.148996990444697], [103.99660045453369, 10.149026455047364], [103.99659101040501, 10.149055102000313], [103.99657910378252, 10.149082841028875], [103.9965647349483, 10.149109491303914], [103.9965481780931, 10.149134782001836], [103.99652943349928, 10.14915853229346], [103.99650868381946, 10.14918065204402], [103.99638523133456, 10.14928660938938], [103.99635151624491, 10.149313229962553], [103.99631570707282, 10.149336773220249], [103.99627789507471, 10.14935723930186], [103.99623835444302, 10.14937435738381], [103.99619763271365, 10.14938812830612], [103.99517519112948, 10.149685015639452], [103.99514752628266, 10.149694104954056], [103.99512058836383, 10.149705184506233], [103.99509446891193, 10.149718073607767], [103.99416569945308, 10.150218625080369], [103.99410953439549, 10.150245662872157], [103.99405127853512, 10.150267543797854], [103.99399111481264, 10.150283996894826], [103.99392977327923, 10.150295023288113], [103.99386761924626, 10.150300442711526], [103.99380520025329, 10.150300256009439], [103.99374315509588, 10.150294464167445], [103.99368184894344, 10.15028297733478], [103.99362182876673, 10.150266158014487], [103.99329967944722, 10.150159513973007], [103.99323966898945, 10.1501365464077], [103.9931820398743, 10.150108067220101], [103.9931274306112, 10.150074258227034], [103.99307629677008, 10.150035572206798], [103.99302900280645, 10.149992371382464], [103.99232680430883, 10.149286323252616], [103.99230776021663, 10.149268301288325], [103.9922876189204, 10.149251633844163], [103.99226638056246, 10.149236230505565], [103.99167631319179, 10.14883550376146], [103.9916468663109, 10.148817284818406], [103.99161595534885, 10.14880159521284], [103.99158385392924, 10.148788525782825], [103.99155065302166, 10.148778257498064], [103.99151680904593, 10.148770700650822], [103.99148241297146, 10.148766036210978], [103.9895478917407, 10.148586814919053], [103.98948977430994, 10.148578948865895], [103.98943266843082, 10.14856620199082], [103.98937675661668, 10.148548574578436], [103.98932249471721, 10.148526338582432], [103.98927043012382, 10.148499585270118], [103.98764025535725, 10.147570928275218], [103.98757671376609, 10.147531046683422], [103.98751701339282, 10.147485836620785], [103.98746133617355, 10.147435660031626], [103.98741041157437, 10.14738087971535], [103.98664498820808, 10.14650510378596], [103.98627563849544, 10.146244222538476], [103.9862386844867, 10.14624154268072], [103.98607368047006, 10.146422565481902], [103.98525237255572, 10.146430319993382], [103.98518829194158, 10.146556799797862], [103.98494408856506, 10.146673955543465], [103.98552524808544, 10.147101804249505], [103.98607559705471, 10.147337834574927], [103.98565312281657, 10.148171517795157], [103.98660961934218, 10.149115496283084], [103.98702124883954, 10.149303478865557], [103.98698927577284, 10.149381818262716], [103.98734437805221, 10.149480472961478], [103.98738388552165, 10.149369776900137], [103.98772199883682, 10.149478169423734], [103.98827764707897, 10.14965633926855], [103.98888803895089, 10.150301313282197], [103.98929732300151, 10.15070420482312], [103.98864219290263, 10.151164660188455], [103.98859622077032, 10.151266304870914], [103.98871506030905, 10.15136639813281], [103.98827419582007, 10.151943459553957], [103.98705246443714, 10.152164694604568], [103.98702394532137, 10.15219421555197], [103.98704418952146, 10.152260792274118], [103.98678535351335, 10.152452608665193], [103.9861639534405, 10.152873419504981], [103.98582513929816, 10.153030661881363], [103.98543480736653, 10.153046957340303], [103.98536488818144, 10.15300010337677], [103.98502100226284, 10.153304079611551], [103.9848086545056, 10.153071381014202], [103.98442032807804, 10.153316969466688], [103.98404341991066, 10.15355525181758], [103.98395077980571, 10.153450225330253], [103.98379940466609, 10.15355143215883], [103.98352744088528, 10.153733189160079], [103.98318809166246, 10.153824515734405], [103.9824818210326, 10.154014628696535], [103.98309980773567, 10.154985207491327], [103.9808854696033, 10.156045887593487], [103.98059177561956, 10.156401745661324], [103.98056196772555, 10.156437592958653], [103.98135702207169, 10.156880706486815], [103.9812888593894, 10.157216126478525], [103.98128451388301, 10.157251109973462], [103.9814670585565, 10.157459984691307], [103.98141636401978, 10.157545346119727], [103.98144580114403, 10.157569714145339], [103.98176821325633, 10.157911628616908], [103.98203890672352, 10.158295232549555], [103.9822171395781, 10.15863230768966], [103.98235891257853, 10.15899925234529], [103.98253852925431, 10.159327468905296], [103.98276041773521, 10.15964408861779], [103.98304992333343, 10.159964521818527], [103.98337873491926, 10.160245053566186], [103.98369224084338, 10.160452958132877], [103.98402743395596, 10.160624459546847], [103.98436798797374, 10.160753835949917], [103.9847208309201, 10.160845799760477], [103.98510038101755, 10.160900735240169], [103.9854538081948, 10.160912953672394], [103.9858150532574, 10.160887119512624], [103.98618266084239, 10.16082015635654], [103.9865327153476, 10.160715552878132], [103.98686923104313, 10.160573948312795], [103.9871880076153, 10.160396782757147], [103.98748548243452, 10.160186220635333], [103.98806220732318, 10.159690023051217], [103.98831677014154, 10.159491508635142], [103.9885899256211, 10.159135701817055], [103.98885367239319, 10.159015048135888], [103.98911952311279, 10.158833638975965], [103.989319320449, 10.158755832126406], [103.98935705248016, 10.158729218621392], [103.99001806487587, 10.158309458391608], [103.9910563364098, 10.15794823823472], [103.99202703360977, 10.157670814679339], [103.99300468635147, 10.157437702048275], [103.99412602043087, 10.157235820318206], [103.99421256338792, 10.15715855895316], [103.99437130136947, 10.157016943307132], [103.99463915418973, 10.156778028845642], [103.99571305788656, 10.15615121028363], [103.99616556091514, 10.155888528083473], [103.99556572837243, 10.155302623615086], [103.99617547405886, 10.15468566749096], [103.99674687272372, 10.154312861136196], [103.99733831211462, 10.155072798764987], [103.99745801114348, 10.154917288224976], [103.99776179858868, 10.155157171471856], [103.99778542200127, 10.155106575458815], [103.99781342718296, 10.155113580266555], [103.99786234781261, 10.155109405681594], [103.99789716005596, 10.155081792103637], [103.99794929975435, 10.15500303036928], [103.9979897824445, 10.154908880296817], [103.99802585463735, 10.154892570459971], [103.99806535006462, 10.154904836879501], [103.9981496527446, 10.1549172622725], [103.9982193736916, 10.154917188117155], [103.998450950945, 10.154880833986775], [103.99847545496269, 10.154909261651394], [103.99850280316979, 10.154986517563954], [103.99877424986903, 10.154487753303874], [103.99848603877388, 10.154090392501864], [103.99873038808244, 10.153411390405788], [103.9992167564713, 10.154077765909935], [103.9989184013077, 10.15468643368882], [103.99879228024922, 10.154512554467143], [103.99849662145124, 10.15508840540026], [103.99856471980559, 10.155134078495378], [103.99860424471545, 10.155127448239277], [103.99871612705952, 10.155068578506402], [103.99877305989409, 10.155076260347588], [103.99885931551333, 10.155065271155468], [103.99896333981616, 10.155129986135865], [103.99903510745354, 10.155104870081399], [103.99906611970745, 10.155056093545127], [103.99907389154687, 10.154987842363564], [103.99907559298403, 10.15495005164334], [103.99908940056957, 10.154932261047541], [103.99910875206857, 10.154929126089284], [103.99912160980128, 10.154935293920765], [103.999166714015, 10.154979213899122], [103.99917782660748, 10.15499261223482], [103.99922631847326, 10.155029394621918], [103.99927775322952, 10.155051624738075], [103.99930693326196, 10.15506604521378], [103.99934091240205, 10.155104613722106], [103.9993819960092, 10.155210642393849], [103.99940409639986, 10.15537640616397], [103.99968915545765, 10.155337149113834], [103.99975742733005, 10.155212571458138], [103.99990036883945, 10.15507454545268], [104.00000611679748, 10.154852196225464], [104.00005608052342, 10.154646398225404], [104.00005656544786, 10.154334106750511], [104.00016494671887, 10.154119989193392], [104.00035918068369, 10.153977791616729], [104.00061267345885, 10.15381434627912], [104.0007506056179, 10.15372821023823], [104.00106597912722, 10.15355916258143], [104.00122539019323, 10.153333458740052], [104.0012649356164, 10.153077735747404], [104.00132804193221, 10.152752338841635], [104.00141591085529, 10.152524084915493], [104.00157884514634, 10.15226203950425], [104.00173771445131, 10.152149895375828], [104.00209676020428, 10.152064275288675], [104.00232020379312, 10.151738759758574], [104.00233934860236, 10.151573962803852]]], "type": "Polygon"}, "properties": {"id": 17.0, "area": 2970166.73, "perimeter": 9512.4}}, {"type": "Feature", "geometry": {"coordinates": [[[104.02287541505972, 10.088869661699867], [104.02271417750485, 10.088943659524482], [104.02269153662284, 10.088952849141616], [104.02266826012848, 10.08895995828604], [104.02264443912817, 10.088965077504707], [104.02262016526095, 10.088967935684181], [104.02259580308429, 10.088968804597613], [104.02257144423729, 10.088967413131693], [104.02254727106549, 10.088963851965511], [104.02252355715359, 10.088958211910258], [104.02250039360783, 10.088950583513128], [104.02247805427916, 10.08894087675521], [104.02245672151292, 10.0889291823158], [104.02243639504292, 10.08891568102532], [104.02241743969248, 10.088900463827153], [104.0223999465676, 10.08888362126869], [104.02238400664085, 10.088865334312384], [104.02236980225707, 10.088845693637628], [104.02235742438877, 10.088824880206907], [104.02215733939398, 10.088451717916204], [104.02201919064511, 10.088212821508979], [104.02186615682787, 10.087982945016616], [104.02169878406153, 10.087762993363915], [104.01998151260615, 10.085649032529872], [104.0199142002108, 10.085572895401377], [104.01984067481808, 10.085502716632607], [104.01976148332116, 10.08543885867613], [104.01967708110578, 10.085381864682063], [104.0195881063002, 10.085332097236053], [104.01951987947454, 10.085626842163837], [104.01910926795014, 10.085530132880317], [104.01909068894608, 10.085568984383475], [104.01890039510062, 10.08579519737612], [104.01842972114065, 10.086331306528395], [104.01857237659081, 10.086420754461221], [104.01830328483884, 10.087484278194593], [104.01877151592002, 10.087734597681724], [104.01847713796758, 10.088315086339168], [104.01784678177322, 10.088857290437232], [104.0184769310019, 10.089375566439266], [104.01818580578392, 10.089791955783475], [104.01858889501274, 10.09010366288784], [104.017866723615, 10.090846364244138], [104.01801944807664, 10.091160418609546], [104.01828404369523, 10.091405920681966], [104.01838001173068, 10.091662478362792], [104.01831067776068, 10.092025032622916], [104.01839552061192, 10.092277595786452], [104.01818147258619, 10.092215258426775], [104.01757221447401, 10.092185887342291], [104.01693771873923, 10.092254940348148], [104.01665936704717, 10.092240156671958], [104.01667019873385, 10.092563316473733], [104.0165275937889, 10.093172325135514], [104.01645464882573, 10.093935232045855], [104.0163288813208, 10.093899514499377], [104.01619655659651, 10.093794619669909], [104.01594890743296, 10.093748415879022], [104.01593770664962, 10.09532126194622], [104.01593109146962, 10.096267627873647], [104.01503304426289, 10.096179510001383], [104.0150927749086, 10.096627695364786], [104.01543375342713, 10.09643841510772], [104.01567377998283, 10.097922209281997], [104.01574954091983, 10.098390038168766], [104.01574247344777, 10.098784057045679], [104.01639081722509, 10.098676510404937], [104.01633405415802, 10.098561419057534], [104.01716966438043, 10.098305593352055], [104.01735416406358, 10.098973127465705], [104.016890102214, 10.099282029386456], [104.01682251748655, 10.099387083190557], [104.01669379242915, 10.10035316136488], [104.01730985325943, 10.100297464032911], [104.0174110378642, 10.100850500913507], [104.01719374913067, 10.100877397720865], [104.01731596145507, 10.101279924162515], [104.01683586333532, 10.101326960041131], [104.01685445713511, 10.101462429197499], [104.01688906162272, 10.10169123025792], [104.0168380875589, 10.102404169440085], [104.0167421347267, 10.103053028704675], [104.0169027913982, 10.103068182722634], [104.01684586815067, 10.103426504922737], [104.01687061365882, 10.103536305183875], [104.01762973838918, 10.104529090491237], [104.01812293873307, 10.10530647819951], [104.0182161302522, 10.105346577961292], [104.0183775341186, 10.105473575949862], [104.01860546960548, 10.105590725400845], [104.01869650125418, 10.105733443079293], [104.01896218783267, 10.106051007425224], [104.01841301776963, 10.106767739856313], [104.01900731089019, 10.107061733903654], [104.01783655459859, 10.107612639951272], [104.01750807967828, 10.107609084940323], [104.01766418095413, 10.108110755836863], [104.017479228395, 10.109150349344215], [104.01744612334242, 10.109505993934528], [104.01749026615084, 10.109519259207362], [104.0174561476494, 10.109575628261977], [104.01807389902014, 10.109928066673024], [104.01809700370374, 10.109976110909045], [104.0179668734303, 10.11010837864997], [104.01831372628773, 10.110394688294926], [104.01891459679909, 10.110994476332761], [104.01880303207552, 10.111281923870687], [104.0190157805449, 10.111367586531872], [104.01890897442644, 10.111707029745169], [104.01856984770117, 10.111684563285834], [104.01849862534478, 10.111718636076297], [104.01837463252589, 10.111895668397779], [104.01833324280746, 10.11205537137594], [104.0183546135275, 10.112287498237665], [104.0184328060801, 10.112413470435746], [104.01842559730618, 10.112658756102594], [104.01836079100228, 10.112795821048605], [104.01813616341727, 10.112721171197942], [104.01793259857185, 10.112779100582692], [104.01763553810268, 10.112754705563052], [104.01761965697895, 10.113002238853229], [104.0172872299192, 10.113197500389166], [104.01715068031511, 10.112983558894268], [104.01711786643043, 10.112899243905243], [104.01698534565764, 10.112798236712116], [104.01690432682992, 10.11291529582396], [104.01684288467669, 10.112998839638232], [104.01677312698679, 10.11315153878134], [104.01687405536124, 10.113572117057764], [104.01673613399667, 10.113970735612071], [104.01723177123644, 10.114101389200485], [104.01721905275157, 10.114186089492641], [104.01718051020028, 10.114332776667105], [104.0171448886187, 10.114417624196975], [104.01713022912442, 10.114457837412088], [104.01714092428307, 10.11456707452508], [104.0171265943276, 10.114692097575173], [104.01712515070116, 10.114864426614162], [104.01704678007287, 10.115101922502742], [104.01935113619919, 10.11711748307986], [104.02165542999165, 10.119133028472573], [104.02056122115869, 10.120031970635885], [104.01583519512361, 10.115902214978188], [104.01567857798611, 10.116170878989946], [104.01416012368863, 10.117030568004237], [104.01365127369459, 10.116461467649094], [104.0131430138115, 10.117258448088986], [104.01270179398195, 10.117950464611157], [104.012050190865, 10.117833406356729], [104.0119729333351, 10.118780931458373], [104.01184096832137, 10.11909682657433], [104.0118602805611, 10.119480576464865], [104.01175590803187, 10.120014141329483], [104.01052274311222, 10.119739708182186], [104.01046444043602, 10.119977503255877], [104.00956911976073, 10.119854833232909], [104.00957497095133, 10.120388380648283], [104.00967963501674, 10.12086764550417], [104.00997666052915, 10.121641226323433], [104.01047537979234, 10.122874686321873], [104.01061983204565, 10.1234732674407], [104.01066495903602, 10.1241027130857], [104.01063614619399, 10.124690457831976], [104.01047266873559, 10.127070840019744], [104.01032981301016, 10.129329373076471], [104.01029811173649, 10.129714855083085], [104.01023294462215, 10.130205258937666], [104.01013162730383, 10.130705283283547], [104.00988722289149, 10.131629230580947], [104.01080758069915, 10.131810979344877], [104.01089636295903, 10.131573591478348], [104.01101123041761, 10.131645551822865], [104.01113513438257, 10.131715807685554], [104.0112253342649, 10.131747225386588], [104.01141829228989, 10.131772557190562], [104.01156074609304, 10.13182584246495], [104.01185145190492, 10.131899872071397], [104.01150997801861, 10.132691128235303], [104.0101704464727, 10.135128709329775], [104.00852394829417, 10.134792439111331], [104.00761765825686, 10.135971448309347], [104.00610919452602, 10.13768046576047], [104.00519930891956, 10.138634329034307], [104.00542138633284, 10.138774625599815], [104.00593146959709, 10.138908031743583], [104.00382427262946, 10.140791631187582], [104.00332634380037, 10.14064549158755], [104.0028362198326, 10.141178468358376], [104.0021220886039, 10.141992113801754], [104.00172826463924, 10.142682194676881], [104.00152594039, 10.143222115641207], [104.00145287521792, 10.143792973738783], [104.0013851568027, 10.14468264222969], [104.0014623739058, 10.14514450749226], [104.00162268386732, 10.14539664632392], [104.00168312995106, 10.145491854375054], [104.00189467376312, 10.14589560593365], [104.00192674042405, 10.146108400436082], [104.00193776103242, 10.1461812010103], [104.00196666595562, 10.146373195324147], [104.00195065450517, 10.146931572346457], [104.00194309229948, 10.147218989261667], [104.00194729249428, 10.147571613030774], [104.0019564164531, 10.148340061529423], [104.00195489763937, 10.148437074209971], [104.00197573099278, 10.148596687790818], [104.00205074230257, 10.148892548134516], [104.00219708315443, 10.14891437926987], [104.00220335984586, 10.148986358901533], [104.00211846666842, 10.149002595177903], [104.002280917591, 10.149406181630486], [104.0028962502491, 10.15041623298754], [104.00373437556097, 10.1517613356595], [104.00463083293516, 10.15333599705436], [104.00577575625302, 10.155291676740072], [104.00641182020465, 10.15642462701884], [104.00731797405899, 10.158298840409726], [104.00736866279992, 10.15827260588706], [104.00816131666413, 10.157867200796705], [104.00840610478731, 10.157547138036795], [104.00848266389411, 10.157372300272462], [104.00859387780739, 10.15709317579914], [104.00865562507414, 10.156816960846806], [104.0088718543732, 10.15631331291256], [104.0089575517999, 10.156129899282742], [104.00910928990974, 10.155906349914009], [104.0092101656593, 10.155763283906493], [104.00929957221753, 10.155660796932612], [104.00957440682221, 10.155503705501573], [104.00969548967136, 10.155394665496772], [104.00982317905955, 10.155261946645734], [104.00996961868262, 10.155101317588123], [104.0101317286903, 10.154897674426557], [104.01061534697723, 10.15450897989834], [104.01087358159795, 10.154224829740285], [104.01101999097571, 10.154083458465122], [104.01118176153737, 10.153862183326657], [104.01159712372893, 10.154010178181727], [104.01140642740928, 10.155011418916454], [104.0115369030084, 10.15496649627654], [104.01241914612655, 10.155172056072148], [104.01268327096987, 10.155336732337775], [104.01280614312641, 10.155552192553433], [104.01285931140377, 10.155937257797708], [104.01310458508438, 10.156016192509849], [104.01300706875475, 10.156231958284561], [104.01311017077512, 10.156305347372008], [104.01285851396419, 10.156765727498327], [104.01283047116077, 10.157325895963229], [104.01263126485962, 10.157439160932107], [104.01240591474131, 10.157882491313343], [104.01241155975194, 10.158132044537217], [104.01230792362513, 10.158832424193724], [104.01269225095652, 10.159471595319342], [104.01250202131264, 10.159622214782503], [104.01284235038437, 10.159907979339502], [104.01303734398336, 10.15998638742403], [104.01370698048044, 10.159821108622863], [104.0142057334294, 10.159807020047918], [104.01423293284935, 10.159804257493017], [104.01421171104488, 10.159716252439994], [104.01478700168043, 10.1596001076372], [104.01482091259174, 10.159685509410156], [104.01534847791342, 10.159445876743296], [104.01569051518099, 10.15908336666636], [104.0156414466906, 10.15900354829947], [104.01597302864708, 10.158614259645324], [104.01618255562464, 10.158434462542239], [104.0168999532515, 10.157818710261889], [104.01727217118413, 10.157592859656477], [104.01776227147586, 10.157077944834166], [104.01765389732645, 10.156989721361594], [104.01774131791694, 10.156932165255036], [104.01792734395765, 10.156843651381514], [104.01804211911913, 10.156557566607091], [104.01819908995135, 10.15643130685828], [104.0184392152922, 10.15610978259243], [104.01832286312201, 10.156047406282315], [104.01871726547377, 10.155386419613205], [104.0188434264971, 10.155174853055755], [104.01868036209164, 10.155104723082836], [104.01893876703328, 10.15464127380209], [104.01874739598516, 10.154582494629777], [104.01913803488851, 10.153750979253319], [104.01957250979582, 10.153140953597411], [104.01990418865006, 10.152618117659129], [104.02012019648505, 10.151636979727549], [104.02050390689007, 10.150857079054392], [104.02008351208104, 10.150778978828487], [104.0202555780497, 10.150441078612051], [104.02033734998331, 10.150253225511115], [104.02043701749378, 10.149997768164825], [104.02057640360252, 10.150033956991049], [104.02058912643155, 10.149946996407671], [104.02057640430094, 10.14966560652545], [104.0207461619656, 10.148854289947487], [104.02081808591002, 10.148476731730966], [104.02081145396998, 10.147536406534233], [104.02009934360866, 10.146706260997442], [104.01990455168892, 10.146312761525536], [104.01931822542117, 10.146564070720837], [104.01881916467262, 10.145270134627191], [104.01832303505674, 10.145192554350329], [104.01840077911329, 10.144280110413746], [104.01881869669853, 10.143383173970241], [104.01915402619852, 10.143465309929951], [104.01958824554133, 10.143506632284561], [104.01955798825684, 10.143419066328171], [104.01950288309699, 10.14334936617019], [104.01943938269835, 10.14315714144301], [104.01893821766136, 10.143031454097866], [104.01794921239949, 10.142718795390387], [104.01791613256528, 10.142627337315378], [104.01784504705856, 10.142565208291483], [104.01796520182222, 10.14221728714845], [104.01817358288707, 10.142185495664382], [104.01832396794022, 10.142003620571568], [104.01889622201284, 10.142004459462678], [104.01908460527798, 10.141858986480397], [104.01921887537156, 10.14103993305492], [104.01952487102004, 10.140168509249575], [104.0199022021777, 10.140293110389528], [104.02050269837697, 10.140691451924784], [104.0207612132373, 10.140757832198117], [104.02100886642337, 10.14094878829329], [104.02131986463081, 10.140392466167956], [104.02072638553356, 10.14030706263632], [104.0207401052883, 10.140224352936933], [104.0208101917112, 10.139914964667959], [104.02089804760571, 10.139499455081893], [104.02088931734235, 10.138987874267674], [104.02102685030844, 10.138978400436844], [104.0210104569074, 10.138649537156828], [104.02107248051313, 10.13811581738051], [104.02097038181196, 10.137922361224128], [104.0210221699836, 10.137644500992282], [104.02108245767678, 10.13760363088506], [104.02108431227077, 10.137583742285804], [104.02129396240531, 10.137616958912105], [104.02140663046974, 10.137390814279504], [104.02184850426819, 10.136818678514386], [104.02215518176739, 10.137019122745896], [104.02241833729677, 10.137092741566155], [104.02252241459622, 10.13687472136579], [104.02247561679783, 10.136741381589028], [104.02228888542564, 10.136452324514812], [104.02195766935547, 10.136246510233056], [104.02184311819661, 10.136204571802422], [104.02166998456563, 10.1359153533639], [104.02171819453193, 10.135649874598128], [104.02156667672996, 10.135429855074957], [104.02173538093913, 10.135136613470921], [104.02201584464618, 10.134921291278113], [104.0220762967532, 10.134830602505565], [104.02218616763145, 10.13489007455068], [104.022256683724, 10.134843251671619], [104.02233921052797, 10.134819773316625], [104.02247246777209, 10.134615267327897], [104.02315126332189, 10.134017886183605], [104.02274972991911, 10.133540906384376], [104.02304250564691, 10.133205439465677], [104.02337718437272, 10.132980610648506], [104.02433599965235, 10.132958130130312], [104.02454641202547, 10.133587000218625], [104.02581054070095, 10.13276921377481], [104.02627083955716, 10.132627745006758], [104.02684406528822, 10.132266186945857], [104.02731856208607, 10.132149420420193], [104.02764373194105, 10.13205938234051], [104.02776231899578, 10.132086677275748], [104.02811004296734, 10.131986273389066], [104.02851948839042, 10.131923932019907], [104.02873869491009, 10.131847483922932], [104.02883167703745, 10.13203712735239], [104.02907666076443, 10.132242992052234], [104.02914365073335, 10.131922566344398], [104.02948089591372, 10.13206174610966], [104.02958310122473, 10.131621118546866], [104.02969123941457, 10.131429683579896], [104.02996800842347, 10.130988672655915], [104.03010714634131, 10.130751893437628], [104.0305981204399, 10.131287219749902], [104.03062827526244, 10.131321168496013], [104.03096516822515, 10.13138882784255], [104.03111885675325, 10.131248632341665], [104.03115044095166, 10.13124090168694], [104.0311857324278, 10.131256593845988], [104.0311975497661, 10.131287803933951], [104.03119743379025, 10.13136764036523], [104.03119742512159, 10.131373607754192], [104.031209088958, 10.131447674414067], [104.03124058255474, 10.131502330090667], [104.03129565299601, 10.131533601854096], [104.03134282424332, 10.131537556964421], [104.03144132398415, 10.13151039200352], [104.0315358595804, 10.131448140274859], [104.03170937761729, 10.131288533484597], [104.03183946007299, 10.131128774321024], [104.03187495600775, 10.131066438396871], [104.0318790834782, 10.130926029497191], [104.03184401197996, 10.130695782497591], [104.03186792323444, 10.130504678850347], [104.03199029339791, 10.130251328901503], [104.03207731534522, 10.130021346119404], [104.03213275312696, 10.129799094065799], [104.03213667608993, 10.129736713166345], [104.03218793000529, 10.129693838885084], [104.03232587196473, 10.129651178336232], [104.03246752138051, 10.129631850120784], [104.03270775546085, 10.129589244444123], [104.03287708193152, 10.129550516118782], [104.03303800014, 10.129457797885127], [104.03306612889259, 10.1294415630988], [104.0332868950024, 10.129231299543545], [104.03347610058432, 10.129075511417167], [104.03373622910888, 10.128841795426062], [104.03389398651808, 10.128662635311942], [104.03394937213946, 10.128475463901218], [104.03387878585293, 10.128257011086408], [104.03391064018246, 10.128061940192511], [104.03397381681182, 10.127913839186155], [104.03416309884965, 10.127641053408235], [104.03424260824995, 10.127367027059703], [104.03427397164761, 10.127259025279459], [104.03429777305, 10.127079584752078], [104.03429027441885, 10.12683771338424], [104.03434598557733, 10.126424413818432], [104.03450407771012, 10.125948691805496], [104.03465814545972, 10.125605783984172], [104.03470359639515, 10.125473209122767], [104.03483781227663, 10.12516517339037], [104.0349207664644, 10.12503274194164], [104.03507051815058, 10.12489832534382], [104.03518284473316, 10.124836097574846], [104.03532061306913, 10.124785569277343], [104.03546637749366, 10.124758560180483], [104.0355567664926, 10.124785902817914], [104.03564527422482, 10.124852392583222], [104.03575345274655, 10.12494612508472], [104.03584588714993, 10.125010631205596], [104.03593637867903, 10.125030198174743], [104.03599734449557, 10.125022508473567], [104.03610969057057, 10.124946627704976], [104.03623784355165, 10.124792740806635], [104.03634247082033, 10.12462715712026], [104.03637203951004, 10.124560924405875], [104.0363682250844, 10.124484789370825], [104.03634278444675, 10.124408714267354], [104.03627793542906, 10.124324717478803], [104.03623075231353, 10.124266152277482], [104.03621704093526, 10.124219297834946], [104.03621901871475, 10.124176443784881], [104.03624469895827, 10.124149174579264], [104.03630375680736, 10.12413560513071], [104.036374591382, 10.124118164413542], [104.03639038878815, 10.124110320550065], [104.0364042037603, 10.124085023743913], [104.03638656864776, 10.124038163777225], [104.03637075177419, 10.123996007966666], [104.03635355318681, 10.123962891735326], [104.03632637236399, 10.123891334941067], [104.036307522484, 10.12380080268068], [104.03629549176082, 10.12372736851876], [104.03628412535994, 10.12363612348359], [104.03627479070602, 10.123591535594047], [104.03624584741203, 10.123412924622754], [104.03616774919317, 10.123087500351778], [104.03615307697758, 10.123010807509703], [104.03614498143932, 10.122929422345653], [104.03613558387894, 10.122865123832785], [104.03612420338906, 10.122783734036048], [104.03611544457749, 10.122719436423058], [104.03611066773324, 10.122678109905284], [104.03611727075916, 10.122655063319911], [104.03615040082457, 10.122650408438517], [104.03618952124148, 10.12266809457312], [104.03622934815584, 10.122702146864807], [104.03625986769882, 10.12273618603224], [104.03630040670714, 10.12278271662829], [104.03634023364741, 10.122816768907466], [104.03637540781294, 10.122850181718105], [104.03640049008781, 10.122857992779327], [104.03640752079197, 10.122854838152142], [104.0364826183089, 10.122791562857275], [104.03651431759516, 10.122766562485156], [104.0365507353505, 10.12276001347461], [104.03657794657207, 10.12274676076029], [104.03660700053898, 10.122721123745336], [104.03662547340019, 10.122692849780988], [104.03667238779887, 10.122620583628523], [104.03669813712904, 10.122545032712578], [104.03671048792292, 10.12245897475277], [104.0367091211845, 10.122393964236853], [104.03668776514195, 10.122332994259013], [104.0366512485944, 10.122281225287963], [104.03661800858009, 10.12223533792174], [104.03660265629821, 10.122187396196278], [104.03657874908737, 10.122123800575412], [104.03656004409545, 10.122059488958646], [104.0365559313654, 10.122000441982852], [104.0365697720405, 10.121957152556055], [104.03659821274616, 10.121913702862026], [104.03662993450205, 10.121872970244738], [104.03666429584446, 10.12183685252097], [104.0367005923317, 10.121787536885826], [104.03673965258605, 10.121719870833443], [104.03676008399219, 10.121662033814205], [104.03676190990039, 10.121597751112514], [104.03674865154076, 10.121553157706325], [104.0367246175651, 10.121514335705976], [104.03671342032449, 10.12149596563532], [104.0366740986761, 10.121364175184919], [104.03656702456736, 10.121137262837046], [104.0365456499461, 10.121089312626026], [104.03652772279202, 10.121055291224787], [104.03651242407197, 10.121033660420165], [104.0365011366486, 10.121014566893619], [104.03649642183078, 10.120993583904287], [104.03649773031113, 10.120971976492681], [104.03651823505406, 10.1209266168994], [104.03654723146053, 10.120877381407459], [104.03657826281622, 10.120808980736133], [104.03659675709181, 10.120765697856832], [104.03660059437158, 10.120698705527573], [104.03660770050426, 10.120642929298034], [104.03662491560452, 10.120600820013554], [104.03665070517917, 10.12056071193856], [104.036687724889, 10.120516008493519], [104.03671614469881, 10.120487025197564], [104.0367299673869, 10.120456213042166], [104.03671996963091, 10.120428622300496], [104.03670403309576, 10.120406357699625], [104.03670469724571, 10.120388637236351], [104.03671922359605, 10.120376180377328], [104.03673440099895, 10.120355134980858], [104.03673371055639, 10.120327557342781], [104.03674093238396, 10.120318345149547], [104.03675818878446, 10.120311045804037], [104.03678010817309, 10.120297243120227], [104.03679655176431, 10.120284065633946], [104.03680717413991, 10.120257860149557], [104.03680239346967, 10.120219155671796], [104.0368004133625, 10.120200075256223], [104.03680965768015, 10.120180377733304], [104.03682947925859, 10.12016593918562], [104.03687047531956, 10.120148094657255], [104.03689760153621, 10.120130321019673], [104.03691946451917, 10.120092196530024], [104.03692206935841, 10.120057390304371], [104.03691065102414, 10.120002311316634], [104.03689275123116, 10.119949212343698], [104.03686742937785, 10.119917712181481], [104.03686017178701, 10.119888226578519], [104.03686268356748, 10.119854686036375], [104.03686857333803, 10.119819884434017], [104.03686980284951, 10.119789687453203], [104.03685459346582, 10.119769413019718], [104.03684922953474, 10.11975566234433], [104.0368571738124, 10.119751695251923], [104.03689101567038, 10.119759518595512], [104.03693543763227, 10.119770611774804], [104.03697248172622, 10.119772472206172], [104.03699903877965, 10.119769797113277], [104.03702149809443, 10.11976123925827], [104.03702807922141, 10.119753382385689], [104.037036043319, 10.119735581775023], [104.03704128863204, 10.119704757535219], [104.0370405145578, 10.11967184527494], [104.03703325514176, 10.11964362548664], [104.03702124889001, 10.119616755249528], [104.03700589276741, 10.119571525991914], [104.03699727500243, 10.11953607106729], [104.03698782654958, 10.119507215291042], [104.03697062772693, 10.119474370336206], [104.03694869230974, 10.119435732136216], [104.03692875592837, 10.119402973742707], [104.03689614931382, 10.119360975157155], [104.0368603442372, 10.11932231743363], [104.03682116766446, 10.119280400010286], [104.03678729579043, 10.119229900595304], [104.03676471519495, 10.119195782241276], [104.03672024718381, 10.119153224451354], [104.03667648946035, 10.119124410782085], [104.0366230511797, 10.119101370056358], [104.03658885089007, 10.119089025418251], [104.03655584616158, 10.119070172558494], [104.03652878382596, 10.119043461932991], [104.03651758745421, 10.11902454936653], [104.03650887163374, 10.118993886303862], [104.03651018282267, 10.118970380171673], [104.03650750997703, 10.118925349586307], [104.0364902485183, 10.118872613153682], [104.03647369473802, 10.118835429149165], [104.03645392290666, 10.118815238688319], [104.03641490896636, 10.118787245406002], [104.03637662592259, 10.118758620241817], [104.03632914944363, 10.118714249858545], [104.03629416171266, 10.11867839610382], [104.03626839467495, 10.11863930038728], [104.03626113508669, 10.118611261414461], [104.03625582076619, 10.118562972154812], [104.03625615212178, 10.11852282822743], [104.03625626919123, 10.11850483574717], [104.03625420981253, 10.118477437008641], [104.03624296621665, 10.118427873579527], [104.03623032484296, 10.118398561208256], [104.03620326829915, 10.118367872293343], [104.03616571439541, 10.118339881041479], [104.03612422179684, 10.118322372409269], [104.03608261926364, 10.118317883420474], [104.03602202776031, 10.118319967974239], [104.03596736553118, 10.118323326690861], [104.03590806175141, 10.118318270230493], [104.03586063340416, 10.118304008146476], [104.03582307213613, 10.11828117051864], [104.035805222163, 10.118257094874002], [104.03577945054155, 10.118221254066473], [104.03574646478529, 10.118189290938933], [104.03568240273457, 10.118130068963872], [104.03560259244175, 10.118044694735955], [104.03550219574369, 10.117934608061477], [104.03546452132436, 10.117863578882462], [104.0354319652225, 10.117723208391363], [104.03540866178369, 10.117620825382392], [104.03539922808356, 10.117518371534443], [104.03539912916877, 10.11746023435833], [104.03540096412453, 10.117389803431134], [104.0354021642473, 10.117316659148573], [104.03540078773868, 10.117258610583713], [104.0353873788119, 10.117192045996616], [104.03536690628692, 10.11715160145967], [104.03532991684972, 10.117111947342831], [104.03527915013298, 10.117071550448676], [104.03521715248203, 10.11703638177624], [104.03515714992879, 10.117009805363393], [104.03511430107578, 10.116983795658951], [104.03507264884857, 10.11695055441563], [104.03503635179314, 10.116873650143612], [104.03501912202209, 10.116799123600641], [104.03498863944253, 10.116739858520255], [104.03494968793692, 10.116668737068713], [104.0348462586453, 10.116383782745048], [104.03472838048434, 10.116057669010093], [104.03462990647346, 10.11588031583242], [104.03457969975472, 10.11583142059328], [104.03453021729689, 10.115786504644108], [104.03447345581198, 10.115727202362605], [104.03441542431602, 10.11566274460399], [104.03437252209535, 10.11561060471531], [104.03433610778752, 10.115551964097465], [104.03431291319932, 10.11550102747652], [104.03429365147684, 10.115443676931665], [104.03426982267878, 10.115326284168495], [104.03426235172753, 10.115255116761508], [104.03425761713657, 10.11518467654769], [104.03426067811424, 10.115086761111613], [104.03427050546598, 10.115042381102977], [104.03428431952871, 10.11501753643771], [104.03430526788861, 10.1149808574594], [104.03431308506998, 10.11493837332665], [104.03430518790756, 10.114909700506463], [104.03426884330791, 10.114866068920792], [104.03422263470932, 10.114828933277908], [104.03416327332799, 10.114801001379266], [104.03409534885581, 10.114763292500475], [104.03402415933535, 10.114711835862101], [104.03393846333715, 10.114659183275354], [104.03386780257038, 10.114620747155875], [104.0337939489762, 10.114581764009001], [104.03372866422266, 10.114548579560465], [104.03368390054749, 10.114521934066227], [104.0336541926764, 10.1144952194768], [104.03363297542619, 10.114465261961364], [104.03361715776448, 10.114424191012438], [104.03358001486333, 10.11430153525908], [104.03356875014252, 10.114266980658968], [104.03354954594477, 10.11423313813294], [104.03352249273607, 10.114200550299653], [104.03349207568174, 10.114159458660637], [104.03348881155809, 10.114145078004194], [104.03349004851519, 10.114109908207888], [104.03348399437601, 10.114068760671502], [104.03346887958166, 10.114046497092994], [104.03343646348013, 10.113999616038113], [104.03340079658048, 10.113929131982097], [104.03337434256835, 10.113860740530967], [104.03334972119205, 10.113787017172964], [104.03331741726166, 10.113725669819617], [104.03328301729053, 10.11366251118652], [104.03326175234763, 10.113602445289398], [104.03323986735559, 10.113529449125163], [104.03321410303856, 10.113488996965653], [104.03318904598153, 10.113464278067958], [104.03315464527823, 10.113401661913482], [104.0331294689335, 10.113333181840828], [104.03311822975115, 10.113280996280931], [104.03310883246797, 10.11321705934422], [104.03310612707465, 10.113194903761334], [104.03310879397155, 10.113180531511139], [104.03312314793902, 10.11316093174483], [104.0331442532002, 10.113141974456921], [104.03317185129015, 10.113113080690177], [104.03319681720757, 10.113074508752849], [104.03321649358962, 10.113034030593836], [104.03322560892283, 10.11297726270958], [104.03322280313596, 10.112898235763486], [104.0332074184576, 10.112810149456209], [104.03318161843247, 10.112731270743408], [104.03313802258971, 10.11265435593564], [104.03303788906491, 10.112490110193567], [104.03294840214784, 10.11234613255029], [104.03264149605212, 10.111935844600502], [104.03226932373842, 10.111480617716074], [104.03209891944573, 10.11126184189945], [104.03189984338766, 10.111120511155466], [104.03167228803916, 10.111049663726066], [104.03149445063426, 10.11104941079476], [104.03129514935786, 10.11112670353461], [104.03093208195926, 10.111253129685982], [104.03079685611385, 10.11125293706054], [104.03062617684613, 10.111224393872753], [104.0305124354393, 10.111132641078637], [104.03023539835955, 10.11082908363757], [104.03004362391306, 10.110624381125083], [104.02990164911854, 10.110433854372994], [104.02982365698755, 10.110292695227725], [104.02980245005591, 10.11013055037648], [104.02985244421028, 10.110010731092876], [104.02990241769274, 10.10990510696742], [104.02993105017238, 10.109792309570443], [104.0299311730421, 10.109707771465317], [104.02986723177466, 10.109630103904555], [104.02976060733997, 10.109601742139445], [104.02959695478823, 10.109573298904008], [104.02947598441364, 10.109559021342825], [104.02936934964853, 10.10953780224483], [104.02926262378553, 10.109516492567433], [104.0291489747423, 10.109424649052935], [104.0291135124141, 10.109339969671733], [104.02900689960384, 10.109241083779516], [104.02890743357432, 10.10918452241945], [104.02876510180619, 10.10917726644464], [104.0285944544257, 10.109127745961345], [104.0284166503008, 10.109042862780152], [104.028246085472, 10.10893683270407], [104.02799037265537, 10.108654551632265], [104.02773474278712, 10.108315760961975], [104.027486323103, 10.10791359935913], [104.0273800290569, 10.107659651272927], [104.02726638271504, 10.107504335647345], [104.0270744782057, 10.107391221997004], [104.02685409674136, 10.107221738645078], [104.0267192320257, 10.10703827323031], [104.026541850946, 10.106727803664095], [104.02630081941685, 10.10614228974183], [104.02609544770925, 10.10544407913262], [104.02586873439553, 10.104802256816829], [104.02579086076919, 10.104520049186208], [104.0257204226304, 10.10408288049768], [104.02564287980681, 10.1035751776675], [104.02549418641254, 10.10311673911832], [104.0254377882883, 10.102750024060212], [104.0253745213916, 10.102214132152678], [104.02535347033943, 10.102009672941383], [104.02532535408274, 10.101769941602285], [104.02527628846623, 10.101318698794763], [104.0251922503905, 10.100387933458807], [104.02517820780993, 10.100257534420901], [104.02519986350889, 10.100049610495475], [104.02529296213436, 10.099654901074667], [104.02527910049484, 10.099401085449596], [104.02527945194235, 10.099161395067707], [104.02535807010936, 10.098872450616827], [104.02532300076165, 10.09858334249444], [104.02525207162472, 10.098357654263872], [104.02522424503564, 10.097920546744499], [104.02528873078988, 10.09762452953829], [104.02531070987465, 10.097258017620021], [104.02539639275719, 10.097004254820689], [104.02542504597723, 10.096877443407353], [104.02544658247989, 10.096750531333795], [104.0254254385656, 10.096609543473319], [104.02536166610398, 10.096419127516567], [104.0253479698035, 10.096052473804184], [104.02535567546317, 10.095650679335264], [104.02542727734442, 10.095354672276725], [104.02550626448073, 10.094875313589633], [104.02558479846445, 10.09464287839814], [104.02562778819198, 10.094445563619239], [104.02562108282544, 10.0942269297721], [104.02556453242397, 10.093902528746797], [104.0255648008367, 10.093719257308], [104.0255792407853, 10.093578320611465], [104.0256295949372, 10.093211758945113], [104.02567988700523, 10.092887511534913], [104.02569423627168, 10.092746122615543], [104.02568869165319, 10.092295484717884], [104.02563633373941, 10.092036640810695], [104.02554397531533, 10.091741030759186], [104.02540273288103, 10.09143142641642], [104.02537515845891, 10.091382743313298], [104.02509795643564, 10.090894825085856], [104.02490407485587, 10.090643733912836], [104.02461025484871, 10.090351721372087], [104.02442213336242, 10.090217273988337], [104.0243517107997, 10.090083086585196], [104.02432253713677, 10.089943081633004], [104.02422863490851, 10.089767992640777], [104.02412276904022, 10.08966277740844], [104.02395221138433, 10.089621754117932], [104.02378157671679, 10.089633171507687], [104.02358143744752, 10.089667873364673], [104.02339903604528, 10.089615078703805], [104.02325210405166, 10.089515771306479], [104.02308177295933, 10.089258926582458], [104.02294685143265, 10.088996346384514], [104.02287541505972, 10.088869661699867]], [[104.00570786341461, 10.155051975407922], [104.00770888495963, 10.154029410489736], [104.00717804788687, 10.153070307413012], [104.00515447119533, 10.154105312551271], [104.00570786341461, 10.155051975407922]]], "type": "Polygon"}, "properties": {"id": 36.0, "area": 12853267.12, "perimeter": 26094.95}}, {"type": "Feature", "geometry": {"coordinates": [[[[104.03081824418882, 10.06540449365696], [104.0308198450229, 10.065369957197548], [104.03101922439508, 10.065281994386227], [104.03121960330789, 10.06519674533192], [104.03142125546336, 10.065114210420775], [104.03166352905681, 10.065015729346973], [104.03190498415346, 10.064915348204124], [104.03214552977761, 10.064812886034082], [104.03286161737338, 10.064493826988056], [104.03325728592276, 10.06430821984884], [104.03347312181306, 10.064195233602408], [104.03377939932469, 10.063997474461534], [104.03401979878777, 10.063805227999293], [104.03424106967478, 10.063591706758288], [104.03444147610564, 10.063358626229114], [104.03461919033762, 10.063108153852308], [104.03477265834157, 10.062842457453609], [104.03490050843929, 10.062563795529247], [104.03500164253347, 10.062274517372638], [104.03500952675947, 10.0622477654376], [104.03540118217742, 10.06225012392255], [104.03544244933046, 10.062165100788247], [104.03549037133733, 10.06208361319826], [104.03554476495614, 10.062006203385994], [104.03524521779075, 10.062156776826518], [104.0346659504004, 10.061289781322914], [104.03533122888254, 10.060958800521721], [104.03480760261507, 10.06016376380889], [104.03511054038121, 10.059937698408243], [104.03416231663418, 10.059722713016225], [104.0342094674711, 10.059542671512867], [104.03405038070176, 10.059464780582392], [104.03394839665506, 10.05945613792209], [104.03385732052837, 10.05947526818082], [104.0335550953216, 10.059585963135135], [104.03314502484255, 10.059703467692202], [104.03306039821855, 10.05974195575843], [104.032996200966, 10.059784902993673], [104.03287979473228, 10.05990851764149], [104.03301360346596, 10.060118199376607], [104.03174958053667, 10.061203750861317], [104.03149768025305, 10.06108395536791], [104.0309266175372, 10.0615571046689], [104.03043122701301, 10.061937593954516], [104.03049471416575, 10.061944646041134], [104.03054255120742, 10.061859632893004], [104.03090184557863, 10.06215932748876], [104.03148891612366, 10.062543611617569], [104.03091240679231, 10.063754362966781], [104.03022301003902, 10.063343983237964], [104.02984058247552, 10.063205556317888], [104.02979934792583, 10.063519149164023], [104.02998353710642, 10.063651327139947], [104.02977939058938, 10.06394488748241], [104.02973520793596, 10.064026017814856], [104.02980902921666, 10.064079196653873], [104.02972359918394, 10.064419580056446], [104.02936450734741, 10.064294115139509], [104.02918707874699, 10.064784999710936], [104.03029175360157, 10.065016315955331], [104.03027048851901, 10.065337260848446], [104.02918083330088, 10.065065550137545], [104.02917019500681, 10.06554437550472], [104.02916376724211, 10.065698886448484], [104.02921124809706, 10.065734396909367], [104.02929065437587, 10.06577411191132], [104.02943835218805, 10.065842766603021], [104.02946005103587, 10.065852833593306], [104.02947336839247, 10.065854660848288], [104.0294823074958, 10.065855848966066], [104.0295001857026, 10.065858225200898], [104.02954624958078, 10.065864258145584], [104.02960599561918, 10.065872209267956], [104.02968316383829, 10.06588244554076], [104.02977428805261, 10.06589450994671], [104.0298659595404, 10.06590666552123], [104.03010257225945, 10.065938104687291], [104.03078850187278, 10.066036455964069], [104.03081824418882, 10.06540449365696]]], [[[104.03158884936614, 10.061127303067288], [104.03092084882465, 10.061634944275843], [104.03157165825276, 10.061977637013907], [104.03216107733482, 10.061998362343077], [104.03174356330011, 10.061200939464333], [104.03158884936614, 10.061127303067288]]]], "type": "MultiPolygon"}, "properties": {"id": 38.0, "area": 268706.5, "perimeter": 2752.52}}, {"type": "Feature", "geometry": {"coordinates": [[[[104.03338035268399, 10.052489538445746], [104.0333390027739, 10.052060458042563], [104.03342056561497, 10.05199402705367], [104.03349994269047, 10.051924970911056], [104.03357686044276, 10.051853198815394], [104.03375252064978, 10.051694947540565], [104.03391980033552, 10.051527823638407], [104.03407815121939, 10.051352459259547], [104.03416286379738, 10.051252307467403], [104.03423891917959, 10.051145452719831], [104.0343055862462, 10.051032798151327], [104.0343625905407, 10.050914885875773], [104.03440947437501, 10.050792800242812], [104.03444578071009, 10.05066717352423], [104.03447755314531, 10.050522281894649], [104.03450193811594, 10.050375933227832], [104.03451920866983, 10.050228579987715], [104.03452533916928, 10.05015209696177], [104.03452937154228, 10.050075520571408], [104.03453157934604, 10.049998941616803], [104.03453335763095, 10.04952109738891], [104.03451022971281, 10.049043851062779], [104.03446246770373, 10.048568378423925], [104.03485629931784, 10.048568479504041], [104.03470154046511, 10.048083182161253], [104.03434742305613, 10.047807459391567], [104.03397317049543, 10.047450153021792], [104.03322342968795, 10.04670832224645], [104.03356790707294, 10.046324902424738], [104.03419042154076, 10.045256341511493], [104.03452524814769, 10.045048946307022], [104.03478996968809, 10.044743441746302], [104.03592300985146, 10.044231288202816], [104.0360309576205, 10.044404856643153], [104.03613691281112, 10.044568386120055], [104.03626749227222, 10.044544789518662], [104.03634277886599, 10.044527715864831], [104.03637755031808, 10.044517909194306], [104.03641059051873, 10.04450665344723], [104.03644217263309, 10.044494310668977], [104.03650205976967, 10.044464647656481], [104.03653072995584, 10.044447147102016], [104.03661411177774, 10.044382797289963], [104.03666883099244, 10.04433061350897], [104.03672364990773, 10.044272462420585], [104.03677911446573, 10.044209339360346], [104.03683504028064, 10.044142600305774], [104.0368902410173, 10.044072514846057], [104.03691693065296, 10.04403638585128], [104.03694252671977, 10.043999441584836], [104.03701065362466, 10.04388488962904], [104.0370470736781, 10.04380627882748], [104.03707592151947, 10.043727928692546], [104.03709701238736, 10.043651466451344], [104.0371045455409, 10.043614496943311], [104.0371099789391, 10.04357860949128], [104.03711600776833, 10.043508907392043], [104.03711497507332, 10.043336935253512], [104.03711399542722, 10.043191816656096], [104.03712167316267, 10.043053129662793], [104.03713015236308, 10.042992382138602], [104.0371427260796, 10.042939144835936], [104.03715948476652, 10.042893960374986], [104.03716945632856, 10.042874354086], [104.03718161488031, 10.042856468748793], [104.03741441470285, 10.042671079797413], [104.03786280142205, 10.042536533678065], [104.03803161016357, 10.042444183256423], [104.03846728056287, 10.042205821301305], [104.03908346595534, 10.04166020579794], [104.03917885304008, 10.041169561686507], [104.03891806086435, 10.040444335999506], [104.038677720785, 10.040351596790169], [104.0385167950901, 10.040289528475299], [104.0383741258502, 10.040283904930869], [104.03841277938852, 10.040302403556844], [104.03863305225775, 10.040393306716217], [104.03871417486921, 10.040441611183144], [104.03870933491278, 10.040445130663976], [104.0385091624238, 10.040590059809073], [104.0384145552973, 10.040658553667885], [104.03798361754683, 10.040970520672818], [104.0376851799415, 10.040739725359378], [104.03720082622819, 10.040828651624505], [104.03681569811876, 10.041001440769774], [104.03664600812145, 10.041264675085893], [104.03651892347064, 10.04146169414031], [104.03616175038027, 10.041605769353579], [104.03537884553886, 10.041862809916204], [104.03476856822611, 10.042227595139245], [104.03473035082074, 10.042286944615793], [104.03448998134348, 10.042661470628136], [104.03422648143562, 10.042815530490595], [104.03366538008855, 10.042983728522092], [104.03303749336494, 10.043284019210951], [104.0329210073835, 10.043340364884497], [104.03286349879473, 10.043365328983972], [104.03282698797867, 10.043379382372107], [104.03279495257506, 10.04338973502183], [104.03276556688857, 10.043397198102044], [104.03272733379163, 10.043403563719584], [104.0294006879182, 10.045343426204804], [104.02766267969605, 10.045182455152212], [104.02726270661765, 10.044451688550794], [104.02680411012449, 10.044451034126446], [104.02667529806561, 10.04445085019547], [104.02634533120943, 10.044450378806816], [104.02368041839763, 10.044446559687797], [104.02350918601769, 10.044446313559918], [104.02287753288662, 10.044445404862318], [104.02291056812372, 10.042507756887604], [104.02291256127633, 10.042392660761223], [104.02560892915895, 10.041958738059062], [104.02505279485734, 10.04097141736779], [104.02505249324071, 10.0367984659564], [104.02403232712649, 10.036673857524258], [104.02301006369822, 10.036673926059795], [104.02302413155442, 10.035850621978238], [104.0228563702301, 10.035850380706316], [104.02267428670942, 10.035850118740388], [104.02259729347871, 10.035850007939155], [104.02214837917396, 10.035849361549111], [104.02201044818456, 10.035849162820769], [104.02161718067704, 10.03584859589355], [104.0213463360537, 10.035848205177768], [104.02082654064392, 10.035847454710375], [104.02032061134963, 10.03584672348026], [104.02032185637792, 10.036674117986083], [104.02033042113462, 10.042566239401735], [104.0227927439851, 10.042293573691914], [104.0228095696411, 10.043324515974591], [104.02232846177358, 10.043559174662889], [104.02230861307302, 10.044651998610705], [104.02099549654397, 10.04465010341407], [104.01987795524309, 10.044658612925412], [104.01991300197474, 10.051883493543023], [104.01990795160735, 10.052276612644844], [104.02043463399713, 10.052264717538545], [104.02017671086328, 10.051473389475582], [104.02157178888311, 10.050909677856282], [104.02142809099566, 10.050360196184576], [104.02383091387146, 10.048831477483688], [104.02463095507849, 10.04878877486505], [104.0276841956369, 10.048272438460682], [104.02936544930392, 10.050596793756188], [104.02970520754286, 10.052789763807375], [104.02909080828324, 10.053588526025937], [104.02802578579676, 10.054412684612764], [104.02649157497578, 10.055103077177263], [104.02493004130223, 10.055695141457342], [104.02487114142579, 10.057731756429709], [104.02839488497686, 10.058072237133468], [104.0287918171806, 10.057829132549529], [104.02959724584078, 10.057230823012656], [104.02962094171234, 10.056427604891645], [104.02965905608357, 10.056189052384699], [104.03096181764235, 10.055433941419714], [104.03123920564772, 10.055273484941633], [104.03174434542301, 10.054576824269127], [104.03250351394801, 10.05352952804461], [104.03300846550516, 10.052833045699172], [104.03338035268399, 10.052489538445746]]], [[[104.02031985923843, 10.035304138650327], [104.02080590085166, 10.035304841115643], [104.02137158108503, 10.035305657784134], [104.02163448876685, 10.035306037013704], [104.02202912398126, 10.035306605861708], [104.02216687229325, 10.03530680430885], [104.02256287590016, 10.035307374492934], [104.02265692790058, 10.035307509843832], [104.02284065315065, 10.035307774167201], [104.02303331836374, 10.035308051243085], [104.0230396016956, 10.034941696303624], [104.02031921706494, 10.03487276509896], [104.02031985923843, 10.035304138650327]]]], "type": "MultiPolygon"}, "properties": {"id": 39.0, "area": 1987318.79, "perimeter": 11370.32}}, {"type": "Feature", "geometry": {"coordinates": [[[104.00825815297061, 10.02360290509864], [104.00861486180969, 10.024063828663156], [104.00861486180969, 10.024063828663156], [104.00865219231203, 10.024110357450223], [104.00995175457687, 10.028948420516306], [104.00996052535069, 10.02893948233465], [104.01128365115396, 10.028427601928914], [104.01200379630397, 10.028707502770422], [104.01220366789632, 10.028827054582342], [104.01320461850264, 10.028909445913925], [104.01340530191452, 10.028791024612566], [104.0135664763897, 10.028434390840655], [104.01348842531105, 10.027799378753569], [104.01345374727305, 10.027380523282439], [104.01349178344802, 10.026648936682625], [104.01369252451447, 10.026490822794665], [104.01405350894629, 10.026293522184417], [104.01441494388958, 10.02597714456331], [104.0145359193288, 10.025660143775164], [104.01461724021732, 10.025263700118819], [104.01453816807911, 10.024945954736657], [104.01377885245113, 10.024388426577103], [104.01229913480996, 10.023669984959785], [104.01154784233866, 10.022754327906618], [104.0115369932028, 10.022750243252643], [104.01149925178481, 10.022734274613118], [104.01146151023532, 10.02271839638479], [104.01142669627097, 10.022696826281734], [104.01138877188272, 10.02268121902303], [104.0113174840003, 10.02265010161939], [104.01127790926043, 10.022640097681803], [104.01123906983891, 10.022626387785817], [104.0112010508622, 10.022613040754925], [104.0112068186026, 10.022599125254947], [104.01116205135712, 10.022584412055672], [104.01113251980856, 10.022568455459455], [104.01113242913007, 10.022568093663956], [104.010591201581, 10.022700478613999], [104.00825815297061, 10.02360290509864]]], "type": "Polygon"}, "properties": {"id": 0.0, "area": 0.0, "perimeter": 0.0}}, {"type": "Feature", "geometry": {"coordinates": [[[104.04644213548634, 10.013853898856484], [104.04644596909993, 10.013917828191099], [104.04661365239352, 10.014032252339842], [104.04685802729163, 10.014032043072064], [104.04724591024839, 10.013950745140457], [104.04736336773281, 10.013908047918969], [104.04743657575303, 10.013871438701463], [104.04752147975228, 10.013820378827651], [104.04765999928019, 10.013718578100082], [104.04775003647343, 10.013649441948255], [104.04785448975149, 10.013577703314573], [104.04793685013728, 10.013518954507308], [104.04803738820524, 10.013441966359165], [104.04812734666064, 10.01336369797318], [104.04819785920552, 10.013297247629923], [104.0482761415268, 10.013219053746566], [104.0483687486923, 10.013138257239904], [104.04845495441533, 10.013069115676265], [104.04855413107606, 10.012986971796467], [104.04865203088339, 10.012904645318956], [104.04874738165631, 10.012818608293232], [104.04885448702333, 10.012741628791675], [104.04893018797871, 10.01268296109756], [104.04901894407487, 10.012616354484697], [104.04907637789832, 10.01257466018688], [104.0491559315235, 10.012500355690197], [104.0492512051781, 10.012403920559267], [104.0493360583465, 10.01232311324615], [104.04943651348458, 10.012239614572948], [104.04950837408931, 10.01218745148589], [104.04958143496698, 10.012124801748236], [104.04966371593054, 10.01205701076804], [104.04987622131839, 10.011815978135866], [104.04994775273356, 10.011671590137746], [104.05000226551657, 10.011564972992971], [104.05014287770163, 10.011333336534793], [104.05019482730233, 10.01123322583864], [104.05024805765169, 10.011130404383382], [104.05031186933552, 10.011027506812361], [104.05039648929191, 10.010916861583524], [104.05047734426323, 10.010824384866593], [104.05056597954739, 10.010712388776193], [104.05065833659367, 10.010547233047468], [104.05071685368627, 10.01044704071181], [104.05078330131364, 10.010350746968012], [104.05085093833229, 10.010251832749544], [104.05092924960795, 10.010151576689578], [104.05101915103126, 10.010047267534837], [104.05111818481326, 10.00993519489888], [104.05120032519322, 10.009836300176255], [104.05127855224501, 10.009730799777211], [104.05133850165248, 10.009650139116617], [104.05143089943394, 10.009521240032928], [104.05150463845085, 10.009362568868221], [104.05166747683413, 10.009018936105933], [104.05172202431184, 10.008886278836474], [104.05175829075988, 10.0087809929882], [104.0518049559198, 10.008675721148323], [104.0518596501248, 10.008569013461695], [104.0518985332628, 10.008484526817412], [104.05192824798064, 10.008367568441754], [104.05197607543319, 10.008212840538546], [104.051988574906, 10.008077775746017], [104.05199202245976, 10.007958340741526], [104.05198112753352, 10.007854528399696], [104.05195298312665, 10.007691108620248], [104.05189725873527, 10.007484884873676], [104.05187599388262, 10.007426628264696], [104.05184954221255, 10.007359232641285], [104.05181240002865, 10.007238567535934], [104.05181577959478, 10.007102224629614], [104.05183107479341, 10.006990490952962], [104.05183452051578, 10.006872412183219], [104.05183661050945, 10.006745199560825], [104.05183241768918, 10.006676387267113], [104.0518257245832, 10.006634877263837], [104.05182090659164, 10.006423297119277], [104.05184513700962, 10.006247922545084], [104.05188118993385, 10.006098513311374], [104.05192522721147, 10.005980217962351], [104.05196150215458, 10.005868422109897], [104.05198986431509, 10.005739798201423], [104.05201535202231, 10.005578711038499], [104.05203058595387, 10.005445006142054], [104.05201196670762, 10.005386572269545], [104.05196602553403, 10.005363363880452], [104.05190447204328, 10.005350622724475], [104.05176948674382, 10.005406408446127], [104.0517491151812, 10.005428532941734], [104.05171002261763, 10.005466455026268], [104.05167476670178, 10.005500313551883], [104.05159126990976, 10.005591521272999], [104.05152347837594, 10.005670996051515], [104.0514490493704, 10.005734910297276], [104.05137985366119, 10.00577405757372], [104.0512844643689, 10.005823748187254], [104.05121262322841, 10.005862982274852], [104.051153646536, 10.005900063717663], [104.05125249004502, 10.006191336867918], [104.05128125815028, 10.006630978681848], [104.05124364669749, 10.006652989467732], [104.05116821382632, 10.0066506272923], [104.05109287204921, 10.00664835563882], [104.05098295304327, 10.006650558099706], [104.05080880575471, 10.006661353741023], [104.0506346584587, 10.006672149290655], [104.05049878548917, 10.006709578797677], [104.05052376788086, 10.007115490311591], [104.05005613678854, 10.007154912389778], [104.0499468039652, 10.007194999625092], [104.04984093448121, 10.007237171079902], [104.04973497387913, 10.007279251960332], [104.04963384934973, 10.007320163945046], [104.04953418488473, 10.007360625794918], [104.04943442917957, 10.007401087490184], [104.04930154336596, 10.007454885840485], [104.04915058663917, 10.007515892925708], [104.04899972095042, 10.00757699047929], [104.04889768320487, 10.007618533905692], [104.04884328662264, 10.007641244970198], [104.04878889015802, 10.007663865609565], [104.04870044701721, 10.007702986181728], [104.0485530384065, 10.007770598170854], [104.04829171866979, 10.007890587128475], [104.04818324976756, 10.007635376143698], [104.04807600080765, 10.007685411341479], [104.04790750949684, 10.007695399375997], [104.04786452130368, 10.00771351456549], [104.04781793436963, 10.007761462149073], [104.04801815789492, 10.00795748502226], [104.04714145801731, 10.008823382170549], [104.04693611936672, 10.008632415108385], [104.04691230949554, 10.008634010160051], [104.0468796931498, 10.00867139795626], [104.04682666055882, 10.008762736294079], [104.04684527602092, 10.008823340393356], [104.04697870036705, 10.009039706875658], [104.04666408386461, 10.009242985437607], [104.04657002663029, 10.009317540835015], [104.04660094873098, 10.009449409544247], [104.0464777019312, 10.009523925112802], [104.04631982867306, 10.009900834945729], [104.0463250804792, 10.009928780657338], [104.04636281530307, 10.0099498086506], [104.04630765333735, 10.010063476732627], [104.04634134385422, 10.010106651132688], [104.04649437523877, 10.010195105898196], [104.04653903622281, 10.010220754535348], [104.0465626162158, 10.010253426869683], [104.04671593157853, 10.010466023107387], [104.04690271705795, 10.0110124807997], [104.04695793349521, 10.01151725819837], [104.0467110712499, 10.011536451589683], [104.04669546950834, 10.0116046944017], [104.04672066205833, 10.011790081555336], [104.0467735170693, 10.011827133756286], [104.04698561301194, 10.011816934559642], [104.04701763717152, 10.012141029156306], [104.04702924899091, 10.012187247555547], [104.04716515966358, 10.01219032601427], [104.04717854648756, 10.012732749860284], [104.04653692180759, 10.012729614888897], [104.0465027875032, 10.012808772738925], [104.04666209628526, 10.013304469674749], [104.046724761309, 10.01337164379452], [104.04716839683195, 10.013539879676532], [104.04723109246626, 10.013585082660137], [104.04728975330879, 10.01371138328931], [104.04725983291301, 10.013777707882952], [104.04724430551943, 10.013726511279303], [104.04720972415534, 10.013667603361817], [104.04712324811277, 10.013602476457324], [104.04693767697167, 10.013626093411384], [104.0467742939416, 10.013633827298412], [104.04680570930448, 10.01367347233482], [104.04654555948916, 10.013932430620727], [104.04644222657915, 10.013853989396763], [104.04644213548634, 10.013853898856484]]], "type": "Polygon"}, "properties": {"id": 44.0, "area": 431392.86, "perimeter": 2813.61}}, {"type": "Feature", "geometry": {"coordinates": [[[104.01443356105864, 9.993257567322281], [104.01443330781251, 9.993243823765557], [104.01443304718828, 9.993235053061978], [104.01443268877861, 9.993230712585502], [104.01443223915676, 9.993226371976053], [104.01443169751784, 9.993222573726687], [104.01443106480089, 9.993218684928841], [104.0144295255963, 9.993210997349719], [104.01442789504547, 9.993203400053131], [104.01442463193175, 9.993189561692601], [104.0144142971972, 9.993146779995783], [104.01441112301607, 9.993134478831813], [104.01440151046927, 9.99309676146716], [104.01439951627833, 9.99308834989889], [104.01439752208746, 9.993079938330611], [104.0143966162713, 9.993075687471698], [104.01439589274528, 9.993071527294259], [104.01439516962176, 9.99306709587029], [104.01439453757624, 9.993062754994803], [104.01439354738997, 9.993053892811767], [104.01439229000681, 9.993040690285177], [104.01438969087066, 9.993009673907833], [104.01438834884934, 9.992992040888112], [104.01438790593606, 9.992983179502948], [104.01438773008552, 9.992978748876851], [104.01438783417667, 9.992970069120622], [104.0143881205579, 9.992961480045865], [104.01438858949749, 9.992952800821561], [104.01438961858864, 9.992935442505917], [104.01439045868182, 9.992922514284416], [104.01439157254538, 9.99290949604634], [104.01439416512054, 9.992883460102057], [104.01439527898373, 9.992870441863923], [104.01439555905935, 9.992866102318231], [104.0143956567108, 9.992861762506566], [104.01439575449636, 9.99285733227939], [104.01439566972361, 9.992852992201763], [104.01439558508503, 9.992848561708623], [104.01439514203742, 9.992839790738904], [104.01439434058088, 9.992826679292609], [104.01439326562229, 9.992813477031847], [104.01439191635679, 9.99280072644969], [104.01438984370006, 9.992783725274533], [104.01438803837443, 9.992770974027447], [104.01438668266985, 9.99276256338993], [104.01438586752994, 9.992758674325986], [104.01438414617229, 9.992750805649612], [104.01438233346849, 9.992743027255749], [104.01437934131339, 9.992730997603937], [104.01437154201982, 9.992700696970058], [104.0143680039348, 9.992687762365092], [104.01436537139662, 9.992679259450151], [104.01436391817535, 9.992675098208707], [104.01436073823099, 9.992666684911324], [104.01435573994928, 9.992654290671513], [104.01434692283755, 9.992633753449734], [104.01434146836253, 9.992621448960284], [104.01433764926428, 9.992613486809326], [104.01433182927101, 9.992601633865329], [104.01430991131018, 9.992558383197103], [104.01428826484407, 9.992516579574835], [104.01428235283714, 9.992505268990149], [104.01427634948446, 9.992494048687877], [104.01427070963824, 9.99248373307269], [104.01426297701592, 9.992469978608609], [104.01425033129291, 9.992447898734284], [104.01424405390385, 9.99243694927899], [104.01423977727404, 9.992429981032592], [104.01423750220835, 9.992426451502089], [104.01423522687433, 9.99242310280261], [104.01423295154032, 9.992419754103103], [104.01423022041497, 9.99241622390746], [104.01422739780932, 9.9924128744098], [104.01422457520371, 9.992409524912112], [104.01421565105912, 9.992399656584835], [104.01419142706074, 9.992373762362613], [104.014176035996, 9.9923577363342], [104.01416929651197, 9.992350854910548], [104.01416383157958, 9.992345602828545], [104.01415863934373, 9.992340984054167], [104.01414989386888, 9.992333647625712], [104.01413695734298, 9.992323140534038], [104.01410443347385, 9.992296962952208], [104.01409404726057, 9.992288900803311], [104.01408712280548, 9.992283737006733], [104.01408028889135, 9.992279025420654], [104.01406999254883, 9.992271867559236], [104.01404912569245, 9.992257913098342], [104.01403518409667, 9.992248579940863], [104.01402415806085, 9.992241421013524], [104.01399408659277, 9.992222209008998], [104.01398251369014, 9.992214778035331], [104.0139752241223, 9.992209794535244], [104.01396975731579, 9.992205808267423], [104.01396620394534, 9.992203181027094], [104.01395918895356, 9.99219756501737], [104.01394889476462, 9.992188960504244], [104.0138874958328, 9.992136429796588], [104.01383620814228, 9.992092864990843], [104.01382937598176, 9.992086977998285], [104.0138227263795, 9.992081000856343], [104.01381735213191, 9.992076110564211], [104.01381461967088, 9.992073484520533], [104.0138120694993, 9.992070949158604], [104.01380906420857, 9.992067780222431], [104.01380323631965, 9.992061261785254], [104.01379759112325, 9.99205456278324], [104.01378930588713, 9.992044424130807], [104.0137646328741, 9.992013827607654], [104.01375370773508, 9.99200015888839], [104.01371665517348, 9.991952546138187], [104.01370846088554, 9.991942588448099], [104.01370281542445, 9.991936070275633], [104.01369389077115, 9.991926563597486], [104.01368186934977, 9.991914068679753], [104.01366347196915, 9.991895597016253], [104.01365409072167, 9.991886451333315], [104.01364798772579, 9.991880927064734], [104.01364215782813, 9.9918757648576], [104.01363323035689, 9.991868156903644], [104.01360271242716, 9.991842524699084], [104.01359597148787, 9.991836637835288], [104.01358941283803, 9.991830841653242], [104.01357693415594, 9.991819159805637], [104.01355853584606, 9.991801321045319], [104.01354933675903, 9.991792356457056], [104.01354341699647, 9.991786289960045], [104.01354068507754, 9.991783302252257], [104.01353494814198, 9.99177696477499], [104.01353203447155, 9.991773524723197], [104.01352629847699, 9.991766554337238], [104.01351792285097, 9.991755873052371], [104.01350690745963, 9.991741571283944], [104.01350153685074, 9.991734239768398], [104.01349643960859, 9.991727089483433], [104.01347386747337, 9.99169450686332], [104.01346877023241, 9.99168735657797], [104.01346339922205, 9.991680296308397], [104.01345766323054, 9.991673325921363], [104.01344901343626, 9.991663005897289], [104.01343435374798, 9.991645895916939], [104.01342242517133, 9.991632316137737], [104.01341341012912, 9.991622266826415], [104.01340448508947, 9.99161303138766], [104.01339237207563, 9.991600807573597], [104.01335311789417, 9.991561690646312], [104.01332570349825, 9.991534525885172], [104.01331295241167, 9.99152202988912], [104.01330639417647, 9.991515962455415], [104.01330311499174, 9.991512973946264], [104.01329664729641, 9.991507358723178], [104.01328334652189, 9.9914964894056], [104.01326658346856, 9.991483083389026], [104.01325647066821, 9.991475202446646], [104.01324954624374, 9.991470038633855], [104.01324608382994, 9.99146759235067], [104.0132389763102, 9.991462880348637], [104.01322822328146, 9.991456173874063], [104.0132048029903, 9.991441944385322], [104.01318548332692, 9.991430342942909], [104.0131737271065, 9.991423544584935], [104.0131658890886, 9.991419374008077], [104.01316206102243, 9.991417469683894], [104.0131581416102, 9.991415655641873], [104.0131504850747, 9.991412118239802], [104.01312313865422, 9.99140059547866], [104.0131115624388, 9.99139542486428], [104.0131033593068, 9.991391434583765], [104.01309533873282, 9.991387354154195], [104.0130671762536, 9.991372575230638], [104.01305514586491, 9.991366138130704], [104.01304721690735, 9.99136178658684], [104.013043298169, 9.991359520466009], [104.01303555190407, 9.991354988357537], [104.01302397851649, 9.991347919014673], [104.0130125876872, 9.991340759522602], [104.01300110605035, 9.991333328650317], [104.01299363395967, 9.991328435278945], [104.01298625348446, 9.99132327079425], [104.01298270013163, 9.991320643544114], [104.01297923812504, 9.991317926011796], [104.01297277030474, 9.991312401198298], [104.01296320599752, 9.991303707308099], [104.0129347871174, 9.991277354789556], [104.01292194363356, 9.991265672385694], [104.01290572949148, 9.991251182166204], [104.01287302744232, 9.991222291740375], [104.01285590186131, 9.991207348107343], [104.01284232882477, 9.991195574218072], [104.0128284818853, 9.991183980759123], [104.01280379341645, 9.991163872368698], [104.0127967786018, 9.991158165920641], [104.01278967244122, 9.991152549754556], [104.0127788303739, 9.99114439648486], [104.01275003900504, 9.991123197101595], [104.01273281872406, 9.991110604132265], [104.01272252244853, 9.99110344623183], [104.01271587046402, 9.99109909654835], [104.01271240738527, 9.99109710233744], [104.01270857972946, 9.991094926761805], [104.01270083266807, 9.991090937139004], [104.01269281170299, 9.991087127946749], [104.0126806886403, 9.9910816852711], [104.01266865665504, 9.991076333143956], [104.0126564419778, 9.991071161580525], [104.01264823791755, 9.991067804197874], [104.01264003331902, 9.991064808477025], [104.01263173723986, 9.991061993453535], [104.01261514494739, 9.991056453821463], [104.01256527645802, 9.99104010603347], [104.01254439884059, 9.991033475139407], [104.0125316350128, 9.991029568587736], [104.01251877983914, 9.99102575231763], [104.01248021391613, 9.991014574750885], [104.01246298234015, 9.991009576670066], [104.01245441195616, 9.99100721331932], [104.01244584130296, 9.991005030799354], [104.01243325868867, 9.991001938250474], [104.01242049351693, 9.990998935849637], [104.01239514532784, 9.990993112144517], [104.01237809442668, 9.990989289727876], [104.01236532885193, 9.990986558571453], [104.01235648389192, 9.990984827726185], [104.0123387934334, 9.99098172769693], [104.0122944756731, 9.990974248732705], [104.01227669413909, 9.990971058151176], [104.01225964243243, 9.990967778221552], [104.0122126822366, 9.990958487064024], [104.01219982504901, 9.990956027014306], [104.01219125332128, 9.990954567811878], [104.01218687624592, 9.990953838077026], [104.01217401811554, 9.990952010934778], [104.012152496238, 9.99094926694803], [104.01212659674673, 9.99094615488625], [104.01211218761702, 9.990944596717307], [104.01209896383291, 9.990943311530835], [104.01207680212845, 9.990941470759081], [104.01206357767082, 9.99094063764868], [104.01204998782814, 9.990940165665329], [104.01202371985379, 9.990939494279504], [104.01201532879833, 9.990939210741208], [104.01200657330116, 9.990938655421786], [104.0119978180736, 9.990937919271156], [104.01198459429047, 9.990936634080173], [104.01189622381132, 9.99092746304527], [104.0118873777774, 9.990926455511648], [104.01187862308988, 9.990925357695948], [104.01186977759541, 9.990923988499906], [104.0118654006562, 9.990923168345386], [104.01185682960534, 9.99092125705701], [104.01184816761277, 9.990919164803795], [104.01183968817813, 9.990916982402172], [104.0118311178018, 9.990914619035705], [104.01182272998346, 9.990912165520857], [104.01181844506509, 9.990910803006457], [104.01181434283944, 9.99090925992835], [104.01181033196019, 9.990907626568378], [104.01180632121584, 9.990905902792859], [104.01179830013177, 9.990902183995226], [104.01178663382402, 9.990896289878895], [104.01177888691431, 9.990892209819867], [104.01177505926756, 9.990890034233894], [104.01177123162087, 9.99088785864788], [104.01176749518575, 9.990885683195495], [104.01176385023187, 9.990883327045774], [104.01176029662439, 9.990880880614197], [104.01175355466017, 9.990875717039195], [104.01174353326289, 9.990867745771407], [104.01172367370195, 9.990851261009436], [104.01171711456651, 9.99084582645465], [104.01170691074807, 9.990837854918455], [104.0117000775741, 9.990832691208752], [104.01169315278428, 9.99082779861168], [104.01168969038942, 9.990825352313095], [104.01168604530194, 9.990823086578057], [104.01168239994475, 9.99082100167396], [104.01167857189489, 9.9908190973334], [104.01167474344042, 9.990817464239253], [104.0116708233699, 9.990816102257838], [104.01166672074159, 9.990814830424469], [104.01166261811326, 9.99081355859103], [104.01165432083603, 9.990811557283253], [104.01164164648699, 9.990808826233387], [104.01163325759387, 9.990807096037843], [104.0116248682962, 9.990805637088556], [104.01162058230102, 9.990804997895605], [104.01161629603607, 9.990804539533576], [104.01161210071281, 9.990804262136177], [104.01160799633128, 9.990804165703429], [104.01160389181486, 9.990804159686109], [104.01159969568224, 9.990804424781475], [104.01159559076109, 9.990804690010517], [104.0115831841117, 9.990805937641033], [104.01154888266048, 9.99080986564026], [104.01154003393296, 9.990810666407329], [104.01153556416581, 9.990810931100674], [104.01153127695657, 9.990811105645951], [104.01152689894057, 9.990811008810976], [104.01152261254083, 9.990810640863227], [104.01151841789223, 9.990809911387231], [104.0115143148599, 9.99080891079846], [104.01151021196252, 9.990807819794162], [104.01150620054649, 9.990806548092582], [104.01150209818888, 9.990805095426243], [104.01149407603162, 9.990802099945427], [104.01148614549078, 9.99079883335172], [104.01147830643144, 9.990795386060608], [104.01147447838316, 9.990793481717764], [104.01147065046987, 9.990791486959406], [104.01146691390305, 9.99078940191927], [104.01146345137545, 9.990787046033912], [104.01145998884792, 9.990784690148518], [104.01145661793673, 9.990782063150396], [104.0114534294485, 9.990779436419762], [104.01144687031919, 9.990774001859915], [104.01143730552992, 9.990765669590235], [104.01142792356886, 9.990757066341384], [104.01142482669742, 9.990754168497805], [104.01141845107159, 9.990748010881095], [104.01139677553795, 9.990726008080712], [104.01139049125959, 9.990719760181797], [104.0113840241537, 9.990713783261665], [104.01138065364873, 9.990710885016373], [104.01137728300884, 9.990708077186536], [104.01137382088766, 9.990705450053849], [104.01137008499724, 9.990702912935275], [104.01136634910688, 9.99070037581666], [104.01135869436358, 9.990695662973677], [104.01135094827414, 9.990691040412228], [104.01133919198581, 9.990684332407753], [104.01133135428056, 9.99067998095852], [104.01132734408161, 9.990677895515535], [104.01132333374773, 9.990675900487988], [104.01131923193253, 9.990674086157565], [104.01131522119383, 9.990672362376374], [104.01130719917668, 9.990669276475781], [104.01129890298546, 9.990666551835542], [104.01128650416968, 9.99066255535719], [104.01127811636242, 9.990660101829086], [104.01126981936183, 9.990657919681038], [104.01126097482278, 9.990655917560888], [104.01125194759096, 9.990654096003853], [104.01123854302068, 9.9906517255305], [104.01122960632561, 9.990650356184094], [104.01122504656416, 9.990649807000214], [104.01122057787919, 9.990649348365569], [104.01121610892422, 9.990649070561826], [104.01121154848782, 9.990648973455176], [104.01120716993428, 9.990649238278033], [104.01120260868788, 9.990649683664142], [104.0111982295943, 9.99065031014881], [104.01119375915425, 9.990651026915076], [104.01118919736778, 9.990651833962932], [104.01118034702401, 9.990653719706392], [104.01117596739032, 9.990654707852695], [104.01117158748656, 9.990655876829901], [104.01116720758276, 9.990657045807048], [104.01116291862037, 9.990658395748937], [104.01115862952288, 9.990659836106245], [104.01115443123176, 9.990661547843786], [104.011150324017, 9.99066335013059], [104.01114621666717, 9.990665242832824], [104.0111381839852, 9.99066929975127], [104.01111819301822, 9.990679758634514], [104.01110997804771, 9.99068372486906], [104.01110212873296, 9.990687149145927], [104.01109811299914, 9.990688770734947], [104.01109017301287, 9.99069183321574], [104.01108205073858, 9.99069480501314], [104.01107803540971, 9.99069615535547], [104.01106982246395, 9.990698765356777], [104.01106580740506, 9.990699934867996], [104.01106161019332, 9.990700923280471], [104.01105741325169, 9.990701730861934], [104.01105321658008, 9.990702357612381], [104.0110489288321, 9.99070289381343], [104.01104035360619, 9.990703785384397], [104.01103177865033, 9.990704496124177], [104.01102311261809, 9.990705116314386], [104.0109840706098, 9.99070740981542], [104.01097102602303, 9.990708294824085], [104.01095807224249, 9.990709451212563], [104.0109494968812, 9.990710433196647], [104.01094110326734, 9.990711867525704], [104.0109327093833, 9.990713482685491], [104.01092431509389, 9.990715369091504], [104.01089922343665, 9.990721028442152], [104.0108867234161, 9.99072372256049], [104.01087385909, 9.990726054480767], [104.01086099503388, 9.990728205569589], [104.01084813111278, 9.990730266242432], [104.01083955534543, 9.990731519470074], [104.01083088850167, 9.990732682148083], [104.01082660075305, 9.990733218346229], [104.01081784323824, 9.990734019228062], [104.0107958587125, 9.990735704843518], [104.01079147988749, 9.990736150491792], [104.01078719213878, 9.990736686689429], [104.01078290425495, 9.990737313302482], [104.01077870717718, 9.990738211295856], [104.0107746010406, 9.990739290254066], [104.01077085934439, 9.990740640994442], [104.01076729980078, 9.990742172833619], [104.01076383106324, 9.990743976053125], [104.01076045326687, 9.990745960237502], [104.01075707533528, 9.990748034837319], [104.01075397063262, 9.99075038108537], [104.01075095687112, 9.990752908298294], [104.0107483076851, 9.990755616877948], [104.01074565782342, 9.990758777534968], [104.01074319011428, 9.990762119290807], [104.01073633344451, 9.990772687854802], [104.01073386573516, 9.990776029610563], [104.01073130721973, 9.990779099985922], [104.01072856641646, 9.990782079677878], [104.01072582588347, 9.99078487853884], [104.01072281198627, 9.990787496166957], [104.01071970687761, 9.990790113661083], [104.01071651096281, 9.99079245977479], [104.01071331518311, 9.99079471547299], [104.0107099373859, 9.990796699656807], [104.01070637757114, 9.990798412326228], [104.01070236196934, 9.990799943494846], [104.0106981646203, 9.990801022318093], [104.01069387619489, 9.99080201059185], [104.01068949696347, 9.990802727485153], [104.01068511800234, 9.990803263547457], [104.01068073931147, 9.99080361877875], [104.01067617833283, 9.990803883326572], [104.01067180031775, 9.99080378648037], [104.01066742243779, 9.990803599218644], [104.01066331873288, 9.99080305069689], [104.01065930650974, 9.99080232147812], [104.0106552033455, 9.99080141129437], [104.01064717984546, 9.990799319948271], [104.01061864282305, 9.990791140618487], [104.01060551377978, 9.99078750470497], [104.01059238446649, 9.990784049621896], [104.0105835403346, 9.990781776237393], [104.01057469606766, 9.990779593268131], [104.0105658513953, 9.990777681545058], [104.01056138325067, 9.990776861239649], [104.0105569148357, 9.990776221765115], [104.01055253736183, 9.990775763255481], [104.01054825082905, 9.990775485710742], [104.01054396416109, 9.99077529858142], [104.01053958614649, 9.990775201733506], [104.01053101199946, 9.990775369967427], [104.01052672479074, 9.990775544499769], [104.01052243744687, 9.990775809447534], [104.01051824104401, 9.9907762553602], [104.01051413558221, 9.99077688223778], [104.0105100297148, 9.990777780361716], [104.01050610586468, 9.99077895000006], [104.01050227227961, 9.99078075268068], [104.01049843828888, 9.990782826607669], [104.01049478618025, 9.990785262464543], [104.01049122514776, 9.990787788870874], [104.01048766370964, 9.990790586523573], [104.01048072312089, 9.990796272512375], [104.01047387333776, 9.99080222988146], [104.01047058512808, 9.99080529918246], [104.0104673881298, 9.990808368617456], [104.01046419099623, 9.990811528467887], [104.01046117601514, 9.990814869417289], [104.01045834345689, 9.990818210634728], [104.01045578399214, 9.990821913916124], [104.01045349816175, 9.990825617599592], [104.01045121219605, 9.990829411698519], [104.01044910851803, 9.990833296480973], [104.01044508331437, 9.990841247144836], [104.01044114918672, 9.990849288358143], [104.01043346335386, 9.990865371052665], [104.01042778998733, 9.99087756883065], [104.01042422056952, 9.990885700995339], [104.01042083343927, 9.990893923843538], [104.01041753752034, 9.99090214682573], [104.01041268465025, 9.99091461705619], [104.01040645725166, 9.990931334802923], [104.01040343483119, 9.990939648602541], [104.01040059469834, 9.990948053085683], [104.01039931138152, 9.990952300736057], [104.01039811941139, 9.990956458105003], [104.01039600883503, 9.990964954075967], [104.01039417202831, 9.990973360033593], [104.01039159890298, 9.990986195276776], [104.01038985317234, 9.990994691783884], [104.01038838094088, 9.991003279108602], [104.01038718234386, 9.991011866835477], [104.01038662858346, 9.991016205973667], [104.01038588590873, 9.991024884786269], [104.0103852278189, 9.991037994090894], [104.01038466094053, 9.991051103529564], [104.01038455661109, 9.991059873695992], [104.01038455011972, 9.991064213638497], [104.01038472605147, 9.99106855384912], [104.01038499319475, 9.991072894193794], [104.01038544289631, 9.991077144391108], [104.01038616636772, 9.991081304575115], [104.0103869810507, 9.991085464893185], [104.01038797815677, 9.991089625479361], [104.01038915782121, 9.991093695918178], [104.01039151701488, 9.991101927211268], [104.01039414997854, 9.99111006849103], [104.01039696550065, 9.991118119623419], [104.01039841879991, 9.991122190464363], [104.01039996344599, 9.991126171023884], [104.01040169065044, 9.991130061436039], [104.01040341799016, 9.991133861432713], [104.01040541923504, 9.991137481000605], [104.01040732953886, 9.991140919603488], [104.01040951347741, 9.991144358608514], [104.01041169741596, 9.991147797613532], [104.01041624798683, 9.99115449506069], [104.0104211632689, 9.991161283459437], [104.01042362097762, 9.991164632451053], [104.01042881030034, 9.991171150005439], [104.01043154177913, 9.991174408983667], [104.0104340002994, 9.9911772154824], [104.01043928245676, 9.991182648185054], [104.01044556672457, 9.9911888961013], [104.01045203341575, 9.991195144285523], [104.01046187074357, 9.991204200308546], [104.010467973806, 9.99120963421711], [104.01047416821542, 9.991214977844127], [104.01047744804619, 9.991217514302459], [104.01048091030015, 9.991220051028831], [104.01048437255417, 9.991222587755155], [104.0104916621791, 9.9912274809129], [104.0105174503141, 9.991244064873051], [104.01052729143085, 9.991250589261114], [104.01053394325194, 9.99125502940249], [104.01054041251486, 9.991259559691182], [104.01054669935476, 9.991264089711725], [104.0105497970338, 9.991266445070428], [104.01055362318888, 9.991269615240421], [104.01055681153885, 9.99127233239495], [104.01055990840689, 9.991275230246378], [104.01056291406339, 9.99127812796376], [104.01056573716157, 9.991281115828581], [104.01056856012463, 9.991284194108845], [104.01057120052933, 9.991287362536545], [104.0105737494521, 9.99129071166115], [104.01057611595176, 9.99129406051773], [104.01057839110467, 9.991297499655762], [104.01058039248763, 9.99130102880723], [104.01058221131223, 9.991304648106146], [104.01058403000171, 9.991308357820525], [104.01058566626801, 9.991312067266891], [104.01058693741757, 9.991315957008167], [104.01058811735554, 9.991319846615445], [104.01058902352351, 9.99132382623617], [104.01058983847993, 9.991327805722891], [104.01059037966633, 9.991331875223075], [104.01059092071758, 9.991336035138724], [104.01059137069241, 9.9913401045049], [104.01059163810882, 9.991344264018538], [104.01059181444883, 9.991348332982696], [104.01059190038826, 9.991351859320037], [104.01059171161145, 9.991356108579128], [104.01059143175817, 9.991360267288742], [104.01059096961683, 9.99136433531488], [104.01059032505223, 9.99136840307301], [104.01058940698795, 9.991372380013651], [104.01058839798237, 9.991376175989346], [104.01058693305384, 9.991379880879537], [104.01058510381954, 9.991383223571814], [104.01058281879743, 9.991386384763118], [104.01057998704627, 9.991389183488488], [104.01057688193056, 9.991391800980862], [104.0105735034503, 9.99139423724024], [104.01056994281714, 9.991396492400616], [104.01056620003102, 9.991398566461998], [104.01056236630362, 9.991400459558383], [104.01055844163494, 9.991402171689769], [104.01055451750699, 9.99140352215923], [104.0105503201497, 9.991404600980188], [104.01054603198637, 9.99140540842067], [104.01054165315216, 9.991405854065201], [104.01053718324152, 9.99140620916019], [104.01053280494808, 9.99140629314272], [104.01052833584868, 9.99140610574477], [104.01052404957808, 9.991405647368401], [104.01051976371315, 9.991404917745571], [104.01051547811865, 9.991404007291747], [104.01051137535299, 9.991402825859518], [104.01050335238035, 9.991400372847494], [104.01049560331312, 9.991397739406434], [104.010484116868, 9.99139356340689], [104.01047235732916, 9.991389025342992], [104.01046424449774, 9.99138566804133], [104.01044811031747, 9.991378772740548], [104.01039496788744, 9.991356000307007], [104.0103826621636, 9.99135073811197], [104.0103743669109, 9.991347380540086], [104.01037017361118, 9.99134574689477], [104.01036588896464, 9.9913442035308], [104.01036169539455, 9.991342750716317], [104.01035750182447, 9.991341297901785], [104.01034893172023, 9.991338753666284], [104.01032741524863, 9.99133239294253], [104.01031036571185, 9.991327666265763], [104.01030215977849, 9.991325574642747], [104.01029814782055, 9.991324664588445], [104.01029395343946, 9.991323754265933], [104.01028994121103, 9.991323025042464], [104.01028583763575, 9.991322386100332], [104.01028182486633, 9.991322018538634], [104.01027772061475, 9.991321831673735], [104.01027343326362, 9.991322096617935], [104.01026914550665, 9.991322632808478], [104.01026494869076, 9.991323349963988], [104.01026066039269, 9.991324247816278], [104.01025637182404, 9.99132532649945], [104.01024788576304, 9.99132757441518], [104.01023082215843, 9.991332250942808], [104.0102222447502, 9.991334589139232], [104.01019660481872, 9.991340880537528], [104.01019240732599, 9.991342049769427], [104.01018830104486, 9.991343219135391], [104.01018410314622, 9.991344659613574], [104.01018017874702, 9.99134619090952], [104.01017625394192, 9.991347993451807], [104.01017251115411, 9.991350067508682], [104.01016885930723, 9.99135232253055], [104.01016538974824, 9.991354668236083], [104.01016210220656, 9.991357285456221], [104.0101589057411, 9.991359993225894], [104.01015598250451, 9.991362972644303], [104.01015342384372, 9.991366133430105], [104.01015132097032, 9.991369475717432], [104.01014958267274, 9.991372999372166], [104.01014793545144, 9.991376613576485], [104.01014656145901, 9.991380499429557], [104.01014527867818, 9.991384385416746], [104.0101397786488, 9.99140264129284], [104.01013840397961, 9.991406979223175], [104.01013702944569, 9.991411226738052], [104.01013538154749, 9.991415293019594], [104.01013364257292, 9.991419268751534], [104.01013153915773, 9.991422972700557], [104.01012907157254, 9.991426224035711], [104.0101264225112, 9.991428842194352], [104.01012359170315, 9.991431008007382], [104.01012039645447, 9.991432902037461], [104.01011711040006, 9.991434524686984], [104.0101136423283, 9.991435875821812], [104.01011008358617, 9.991436865160614], [104.01010643430898, 9.99143740228793], [104.01010223843856, 9.991437486533053], [104.01009804324477, 9.991437118700818], [104.01009384859226, 9.991436389206674], [104.01008965448108, 9.99143529805062], [104.01008555185217, 9.991434026197739], [104.01008135855301, 9.991432392548809], [104.0100774391594, 9.991430578471336], [104.01007352044252, 9.991428312316511], [104.01006987563116, 9.991425865733156], [104.01006623109059, 9.99142323831884], [104.01005903376253, 9.991417621962393], [104.01004618835138, 9.991407295684288], [104.01004299959864, 9.991404849771431], [104.01003971949896, 9.99140249413984], [104.01003616576449, 9.991400138105758], [104.01003252081844, 9.991397781937485], [104.0100288757371, 9.991395516184626], [104.01002131166905, 9.991391165107258], [104.01001001076713, 9.991384909804358], [104.01000226387035, 9.991380829704632], [104.00999451643233, 9.991377111266583], [104.00999068825156, 9.991375297322307], [104.00998667724151, 9.991373754356042], [104.00998266609616, 9.991372301805182], [104.00997865440944, 9.991371210916128], [104.00997446016417, 9.991370210174146], [104.0099703567245, 9.99136948081267], [104.00996616207318, 9.991368751316967], [104.00996196715123, 9.991368202652138], [104.00995348582498, 9.991367286019067], [104.00994919942072, 9.991366918050822], [104.00994500409273, 9.991366640632156], [104.00994071741776, 9.991366453494727], [104.00993652168368, 9.991366447322346], [104.00993223460264, 9.99136653143119], [104.00992803846246, 9.991366796505089], [104.00992365976369, 9.991367151726015], [104.00991517586563, 9.991367952985733], [104.00988543546556, 9.991371525857328], [104.00987229896286, 9.991372862764635], [104.00985898017225, 9.991374108987545], [104.00984575259314, 9.991375355344122], [104.00982805550963, 9.991376685539247], [104.00981929851794, 9.991377124732022], [104.00981017695055, 9.991377382556779], [104.00980105565401, 9.991377459550357], [104.00977834382738, 9.991377516544262], [104.00976931374248, 9.991377593671203], [104.00976019203974, 9.99137794191004], [104.00975572226453, 9.991378206579059], [104.0097512522185, 9.991378652078936], [104.00974687311327, 9.991379278543901], [104.00974240252555, 9.991380085705483], [104.00973811436104, 9.991380893135489], [104.00972944627868, 9.991382869522914], [104.00968610491734, 9.991393384364788], [104.00966913359782, 9.991397337673671], [104.00963072050482, 9.991405961033374], [104.00960453342422, 9.9914121611642], [104.00958701429137, 9.991416475324973], [104.00957834566546, 9.991418813370203], [104.0095739656112, 9.991420072741043], [104.00956967663305, 9.991421422661567], [104.00956547873102, 9.991422863131767], [104.00956137176965, 9.991424484567117], [104.00955735588438, 9.991426196552153], [104.00955333972814, 9.991428089368052], [104.00954539862714, 9.991431875133989], [104.00953362338632, 9.991437825230333], [104.0095220300264, 9.991444137256646], [104.00951427053505, 9.991448465783126], [104.00951043612415, 9.991450810944354], [104.00949546305553, 9.991460372956924], [104.00948788558024, 9.99146497299773], [104.00948405130445, 9.991467227743174], [104.0094802172996, 9.991469301657672], [104.00947629221854, 9.99147128502235], [104.00946844219182, 9.991475161336112], [104.00944461928862, 9.99148624738056], [104.00943667818504, 9.991490033143766], [104.0094327531035, 9.99149201650791], [104.0094251765752, 9.991495983639016], [104.00941759977573, 9.991500131600857], [104.0094138568462, 9.991502296064319], [104.00940655341032, 9.991506625259781], [104.00940299263291, 9.991508970822686], [104.00939952293162, 9.991511406935334], [104.00939614417086, 9.991514024013178], [104.00939303877395, 9.991516822324893], [104.00939002445313, 9.991519711186367], [104.00938719242002, 9.991522690731928], [104.00938445132746, 9.991525851242715], [104.00937887793056, 9.99153217212986], [104.00937366897347, 9.991538764800609], [104.0093711100329, 9.991542106410847], [104.00936873351559, 9.99154544828974], [104.00936635686269, 9.991548880584073], [104.0093642535737, 9.991552494112314], [104.00936215028462, 9.991556107640537], [104.00936032022389, 9.991559992818123], [104.0093587633915, 9.991564149645091], [104.00935729777075, 9.991568306606398], [104.00935601457326, 9.99157246383638], [104.00935491366354, 9.991576711750493], [104.00935390382992, 9.991581050214398], [104.00935298520793, 9.991585388812643], [104.00935224887371, 9.991589818095028], [104.00935114078084, 9.991598858028077], [104.00934900916553, 9.991621368385628], [104.00934790107243, 9.991630408318636], [104.0093473477035, 9.991634476207887], [104.00934605867774, 9.99164252130221], [104.00934458722857, 9.991650566127834], [104.00934376036001, 9.991654543198566], [104.0093427510681, 9.991658520000591], [104.00934174191167, 9.99166240638716], [104.00934036750189, 9.991666563482687], [104.0093388106687, 9.991670720309498], [104.0093371627593, 9.991674786586495], [104.00933542377369, 9.991678762313683], [104.00933359344083, 9.991682828321956], [104.009331763379, 9.991686713499307], [104.00932965968202, 9.991690598273596], [104.00932746490884, 9.991694392498058], [104.0093250878478, 9.991698096038341], [104.00932252863434, 9.991701618478993], [104.00931969578576, 9.991705140516554], [104.00931677199651, 9.991708481588827], [104.00931375699548, 9.991711822526712], [104.00931065091824, 9.991715072914763], [104.00930434755186, 9.9917215735564], [104.00929475595541, 9.991731143486152], [104.00928498220604, 9.991740532315958], [104.00927539142175, 9.99174955975239], [104.00925913391309, 9.991764092721763], [104.00925274028195, 9.991769960319786], [104.00924652893848, 9.991775918601878], [104.00924351420723, 9.99177907870815], [104.0092381239044, 9.991784947784017], [104.0092329157537, 9.991790997959447], [104.00922505676911, 9.991800841686548], [104.00921966497434, 9.99180770533201], [104.00921454667896, 9.991814659795988], [104.00921207867513, 9.991818182370055], [104.00920970174738, 9.991821795493932], [104.00920750710749, 9.991825499302017], [104.00920531219636, 9.991829383940981], [104.00920339078483, 9.991833359398546], [104.00919982132567, 9.991841491547708], [104.0091964341542, 9.991849714381038], [104.00918810270345, 9.991870497704403], [104.00918462445522, 9.991878629987738], [104.00918096405447, 9.991886581171332], [104.00917529116506, 9.991898417262382], [104.00917126605242, 9.991906277492795], [104.0091692536994, 9.99191007198481], [104.00916715013457, 9.991913866342411], [104.00916486428176, 9.991917570015742], [104.00916248748837, 9.991921092723752], [104.00915992854253, 9.991924434332049], [104.0091572785205, 9.991927685390468], [104.00915444621047, 9.991930845764603], [104.00915170524776, 9.991933915857675], [104.00914585847511, 9.99194005550611], [104.00912804492735, 9.991958202801149], [104.00911918341961, 9.99196750255409], [104.00911324516281, 9.991973822898357], [104.00910758054106, 9.991980143645762], [104.00910191564786, 9.991986645223959], [104.00909917427737, 9.991989986562876], [104.00909652411859, 9.991993328036195], [104.00909277643512, 9.991998657036238], [104.00908866227714, 9.992005070483891], [104.00908637628717, 9.992008864572039], [104.00908418150895, 9.99201265879459], [104.00908216901864, 9.992016543701421], [104.0090803389518, 9.99202042887709], [104.0090786911729, 9.992024404737041], [104.00907731675808, 9.992028561831148], [104.00907630719036, 9.992032719462966], [104.00907566233414, 9.992036968047936], [104.00907519990147, 9.992041216901749], [104.00907482854497, 9.992045556305438], [104.00907463947642, 9.992049986393425], [104.00907454175527, 9.992054326200398], [104.00907452846529, 9.992063186914073], [104.0090747043795, 9.992067527124327], [104.00907488029371, 9.992071867334573], [104.00907523863151, 9.992076207813675], [104.00907587060472, 9.992080548696064], [104.00907659392533, 9.99208479929743], [104.00907777357621, 9.992088869740043], [104.00907904457452, 9.992092849901631], [104.00908049799648, 9.992096830332066], [104.00908204263024, 9.992100810896932], [104.00908376982328, 9.992104701315194], [104.00908758905666, 9.992112482689388], [104.00909149977328, 9.992120083367084], [104.00909359208497, 9.992123793492102], [104.00909577560853, 9.992127503751533], [104.00909814169133, 9.992131123864356], [104.00910050790982, 9.992134653561713], [104.00910806262465, 9.992145243325792], [104.00911051991956, 9.992148863572954], [104.00911288613831, 9.99215239327023], [104.00911506966224, 9.992156103529549], [104.00911716197443, 9.992159813654443], [104.0091190715918, 9.992163704341376], [104.00912079878557, 9.992167594759467], [104.00912234342015, 9.992171575324159], [104.00912370563108, 9.99217555562002], [104.00912488528283, 9.992179626062484], [104.0091257000873, 9.992183695967283], [104.00912614990882, 9.992187855749869], [104.00912623474747, 9.992192105410235], [104.00912613716248, 9.992196354801765], [104.00912576594199, 9.99220060379005], [104.00912530337403, 9.99220494305936], [104.00912465851799, 9.99220919164439], [104.00912374016202, 9.992213349410722], [104.0091227305942, 9.992217507042628], [104.00912144766203, 9.992221483440394], [104.00911998244177, 9.992225369153871], [104.00911842614522, 9.992229164317466], [104.00911494856905, 9.992236844522413], [104.00910589025511, 9.992255728042814], [104.00910030816104, 9.992267835512642], [104.00909289599826, 9.992283828157973], [104.0090874963269, 9.992295935896376], [104.00908392699492, 9.992303977628248], [104.00908227907883, 9.99230804390353], [104.00908081358645, 9.992312110447665], [104.00907925674653, 9.992316267272793], [104.00907797367782, 9.99232033408577], [104.00907687276155, 9.992324581998483], [104.00907613723516, 9.992328468787143], [104.00907549264939, 9.992332536541115], [104.0090749394111, 9.992336514014076], [104.0090745684609, 9.992340582171334], [104.0090730784217, 9.992361013910795], [104.0090723393691, 9.992367251500976], [104.00907187869876, 9.992370324953914], [104.00907114290094, 9.99237439257342], [104.00907031602686, 9.992378369643058], [104.00906930672897, 9.99238234644382], [104.00906710570942, 9.992390299776464], [104.00906591398771, 9.99239427630834], [104.00906463118967, 9.992398162290334], [104.00906316596785, 9.992402048003447], [104.00906170088159, 9.992405843301107], [104.00905996229528, 9.992409547780001], [104.00905795007326, 9.99241325185558], [104.0090558469105, 9.992416774965811], [104.00905365253585, 9.992420297941594], [104.00904889907441, 9.992427252939903], [104.00904396346026, 9.992434026838357], [104.0090388455577, 9.992440710052394], [104.00903610431818, 9.99244396097505], [104.00903345442612, 9.992447121616681], [104.00903062224587, 9.992450191573955], [104.009027607913, 9.992453080431424], [104.00902431994436, 9.99245596888552], [104.0090209408994, 9.99245876678969], [104.00901728835433, 9.99246147387503], [104.00901363608045, 9.99246400012945], [104.00900998394216, 9.992466435968376], [104.00900624059189, 9.992468871672811], [104.00900240630097, 9.99247112641186], [104.00899857200996, 9.992473381150862], [104.0089946467783, 9.99247545492448], [104.0089905395297, 9.992477257182804], [104.00898652362861, 9.992478969160098], [104.00898232571058, 9.992480409622088], [104.00897803671626, 9.992481759534124], [104.00896936792255, 9.992484187977247], [104.00896507919944, 9.992485357058223], [104.00895641094812, 9.992487423839226], [104.00894756054421, 9.992489309520177], [104.00894318115168, 9.992490116804632], [104.00893880175911, 9.992490924089031], [104.00893433156158, 9.992491459992578], [104.00892995257594, 9.992491996030532], [104.00892110379972, 9.99249279672547], [104.00890349773044, 9.99249421741823], [104.00889464868278, 9.992495198943342], [104.00889017834949, 9.99249582526173], [104.00888132862342, 9.992497258863688], [104.00887238727836, 9.992498963577235], [104.00886362794999, 9.992500939805842], [104.00885933922633, 9.992502108885432], [104.00885505023129, 9.992503458795845], [104.00885085231245, 9.992504899256138], [104.00884674506275, 9.992506701512637], [104.00884272888926, 9.99250859431901], [104.00883880365625, 9.992510668090722], [104.0088315005973, 9.992514726025558], [104.0088243796906, 9.992518965060102], [104.00881369799103, 9.99252554965022], [104.0088065766768, 9.992530059930681], [104.00879972886247, 9.992534661029948], [104.00878603255472, 9.992544315305222], [104.00872439800645, 9.992588528067662], [104.00864404503938, 9.99264600430404], [104.0086300745437, 9.992656019830473], [104.00861975591901, 9.992663780352817], [104.0086129068776, 9.992669195186876], [104.00860605756449, 9.992674790851648], [104.00858587392854, 9.992691940045066], [104.00857902447872, 9.992697626124666], [104.0085755543514, 9.992700333473973], [104.00857217543594, 9.992703040957807], [104.00856523558826, 9.992708184409913], [104.0085582957404, 9.992713327861862], [104.00854770374787, 9.99272090714717], [104.00854058174704, 9.992725869498683], [104.00853355109369, 9.992730741569192], [104.00852624694006, 9.992735522820338], [104.00852250385486, 9.99273777768811], [104.00851118338693, 9.992744542156556], [104.00848096628832, 9.992761766953306], [104.00847366281218, 9.992766096126049], [104.00846645027625, 9.992770606264093], [104.00845887194166, 9.992775748771589], [104.00845147589501, 9.992780981963543], [104.00844060944716, 9.992789103333966], [104.00842983380336, 9.992797496084924], [104.00842627219018, 9.992800384128802], [104.00842289300091, 9.992803272441863], [104.00841951367578, 9.992806251170324], [104.00841631650296, 9.992809410998845], [104.00841330161826, 9.992812661512007], [104.00841037780967, 9.992816002575188], [104.00840754494142, 9.992819524603828], [104.00840489449709, 9.992823046901679], [104.00839694289216, 9.992833794625959], [104.00838652272269, 9.992848426578677], [104.00836650423976, 9.992877058786645], [104.00836147712107, 9.992884013370038], [104.00835635906176, 9.992890786987836], [104.00835370888797, 9.992894128454356], [104.00835087656172, 9.992897288820705], [104.00834795315919, 9.99290035863696], [104.00834685712093, 9.99290135159104], [104.00834356914193, 9.992904240037845], [104.00834009901048, 9.992906947384464], [104.00833653793862, 9.992909473765538], [104.00833288579051, 9.992911909596499], [104.00832914256617, 9.992914254877334], [104.00832530826557, 9.992916509608062], [104.00832147410078, 9.99291867392331], [104.00831764007174, 9.992920747823076], [104.00831362375446, 9.992922731038064], [104.0083096077088, 9.992924533422151], [104.00830559193476, 9.992926154975319], [104.00830175912809, 9.99292741513602], [104.00829783524522, 9.992928584746595], [104.008294002846, 9.992929573660907], [104.00829007937058, 9.99293047202509], [104.00828159407139, 9.992932177395296], [104.00826462360858, 9.99293549771961], [104.00825622938532, 9.992937293639244], [104.00825212334985, 9.992938282149074], [104.00824801704263, 9.992939451489715], [104.00824400167572, 9.992940801795827], [104.00823989468915, 9.992942423213512], [104.00823596985491, 9.992944225731339], [104.00823204474892, 9.992946209079978], [104.00822811950701, 9.992948282844004], [104.00822054238742, 9.992952611606773], [104.0082129649959, 9.992957121200222], [104.00820931284642, 9.992959557029753], [104.00820566069686, 9.992961992859236], [104.00820219083542, 9.992964519373468], [104.00819881191426, 9.992967226853194], [104.00819561514537, 9.992970115433103], [104.0081926916049, 9.992973275663315], [104.00818995021672, 9.992976616993714], [104.00818739098085, 9.992980139424313], [104.00818483174488, 9.992983661854895], [104.00818007757746, 9.99299106891643], [104.00817066018226, 9.993006064004808], [104.00815694427027, 9.993028738073749], [104.00815035988177, 9.993040120719757], [104.00814404899307, 9.99305159418512], [104.00813407779951, 9.993070928404594], [104.0081184339268, 9.993101917862209], [104.0081031550352, 9.993132817442298], [104.00809180981172, 9.99315603750288], [104.008088149641, 9.99316380784106], [104.00808275032486, 9.993175644313787], [104.00806499524481, 9.99321549138151], [104.00805776556894, 9.993231393853462], [104.00805035373995, 9.993247115224912], [104.0080407469752, 9.993266721225991], [104.0080309579209, 9.993286236541826], [104.00802693289867, 9.993294006340205], [104.00802482917538, 9.993297891104644], [104.00801934204043, 9.993307467055692], [104.0080105637928, 9.993322011004485], [104.00800370670801, 9.993332760334695], [104.00799904428702, 9.993339805866098], [104.00799657639416, 9.99334323801424], [104.00799410863718, 9.993346579746929], [104.00799145845588, 9.99334992121012], [104.00798990513097, 9.993351727227981], [104.00798679916078, 9.993354887186568], [104.00798369332642, 9.993357956729696], [104.00798031399151, 9.993360935453135], [104.00797693465657, 9.993363914176541], [104.00796990275786, 9.993369599972713], [104.00796296234296, 9.993375105072628], [104.00795227801571, 9.993383407525656], [104.00794150261176, 9.993391619428134], [104.00793145826393, 9.993398928254072], [104.00791456566294, 9.993411109405315], [104.00790525155496, 9.993418057646817], [104.00789940731528, 9.993422479377417], [104.00789630229522, 9.993425006427113], [104.00789328848727, 9.99342753361155], [104.00789036561953, 9.993430241761574], [104.00788707735924, 9.993433311034174], [104.00788388003916, 9.993436561272345], [104.00788086514332, 9.99343981178004], [104.00787501777577, 9.99344631306487], [104.00786953539263, 9.993452724473277], [104.00786131174954, 9.993462386793402], [104.00785327039429, 9.99347213979828], [104.00784815258702, 9.99347873257625], [104.00784559347933, 9.993482164588327], [104.00784330800812, 9.993485597004742], [104.00784111361307, 9.993489119971338], [104.00783900975028, 9.993493095149812], [104.00783708831176, 9.993497070597842], [104.00783525781347, 9.993501227011484], [104.00783196166537, 9.99350954037788], [104.00782884766953, 9.993518034844655], [104.0078258248857, 9.993526529446173], [104.00781538168732, 9.993556441584214], [104.00781116729698, 9.993568822296314], [104.00780328646846, 9.993593132451965], [104.00779907248513, 9.993605241917583], [104.00779623293992, 9.993613194295792], [104.007794676349, 9.99361717028268], [104.00779302868177, 9.993621055719347], [104.0077911987261, 9.993624850470972], [104.00778744760238, 9.993632439839399], [104.00778122858102, 9.99364346135403], [104.0077748271348, 9.993654482598908], [104.00776806111124, 9.993665322473571], [104.00776093023835, 9.993676161808825], [104.007753434516, 9.993687000604655], [104.00774593906522, 9.993697658569454], [104.00773835294568, 9.993707954737554], [104.00773341782876, 9.993714366952176], [104.00772839163537, 9.993720688616472], [104.00772327436559, 9.993726919730456], [104.00771806601936, 9.993733060294094], [104.00771505111908, 9.993736310800017], [104.00770911253055, 9.993742811946587], [104.00770299178936, 9.993749131992551], [104.00769668875944, 9.99375536135332], [104.00769102503112, 9.993761049165254], [104.00768508780186, 9.993766646157168], [104.00765896464372, 9.993790838926204], [104.00764261438873, 9.993806275825941], [104.0075678955518, 9.993877412863124], [104.00755163636443, 9.993892940308182], [104.00754222734912, 9.993902329619639], [104.00753309210617, 9.993911628920015], [104.00744383930048, 9.99400344961066], [104.00743443014277, 9.99401292933412], [104.00742812696657, 9.994019249104628], [104.00742164177377, 9.994025297358958], [104.00741826242687, 9.994028276075998], [104.00741141292885, 9.994033962128825], [104.00740109341542, 9.994042265101776], [104.0073696790827, 9.994066992513133], [104.00735926821876, 9.994075385765168], [104.00735250979496, 9.994081162367003], [104.0073493127354, 9.994084231768543], [104.00734629823656, 9.994087211024492], [104.00734328360156, 9.994090280695822], [104.00733743661989, 9.994096510723665], [104.00732875674679, 9.994106262769499], [104.0073201680855, 9.994116014950004], [104.00731450298312, 9.99412260690891], [104.00730902030523, 9.994129199137582], [104.00730636997433, 9.994132631009933], [104.00730381099186, 9.994135972601793], [104.00730134281329, 9.994139585574793], [104.00729923948404, 9.994143199087553], [104.00729740965569, 9.994146903420525], [104.00729594467668, 9.99415060829326], [104.00729475319855, 9.99415440398623], [104.00729374400898, 9.994158290364485], [104.00729300832029, 9.994162267562979], [104.00729162788295, 9.994170402925718], [104.00729052108261, 9.994178538693284], [104.00728959643467, 9.994186855561553], [104.00728903758905, 9.994194540061725], [104.00728875809817, 9.994198427519512], [104.00728866103199, 9.994202315247184], [104.00728856410194, 9.994206112559452], [104.00728874067286, 9.994210000691968], [104.00728909898785, 9.99421434117142], [104.0072895485152, 9.994218681785815], [104.00729027167968, 9.99422302280505], [104.0072919004334, 9.99423170511339], [104.00729371174813, 9.994240297276212], [104.00729670228941, 9.994253231132973], [104.00729887845387, 9.994261823835542], [104.0073000579527, 9.99426598469865], [104.00730132852782, 9.994270236112111], [104.00730278166388, 9.994274397380035], [104.00730441722473, 9.994278558917845], [104.00730614413415, 9.994282630175181], [104.007307962256, 9.994286701567447], [104.00731187240928, 9.994294663925961], [104.00731805674673, 9.994306698351355], [104.0073242413569, 9.994318551945824], [104.00732851636052, 9.994326514843909], [104.00733279163656, 9.994334296911132], [104.00733734055002, 9.994342079383111], [104.00734179920414, 9.994349228812224], [104.00734898905813, 9.994359818074814], [104.00736346011597, 9.994380906319078], [104.00737065010743, 9.994391405165837], [104.00737529118777, 9.994398554864404], [104.00737747511353, 9.994401993888165], [104.00738384405796, 9.99441258193576], [104.00739421559697, 9.994430318737127], [104.00739830926764, 9.994437558041298], [104.00740231158996, 9.99444488762592], [104.00740431268314, 9.994448597625922], [104.00740604000293, 9.99445239763657], [104.00740776732276, 9.99445619764721], [104.00740912965679, 9.994460087533588], [104.00741049158252, 9.994464248666189], [104.00741157987096, 9.994468409394043], [104.00741248559845, 9.994472660267462], [104.00741330011353, 9.994476911005979], [104.00741483765903, 9.994485593178892], [104.00741619291584, 9.99449418466657], [104.00741872059646, 9.994511638618295], [104.0074204340342, 9.994524661000687], [104.00742142416922, 9.994533432779496], [104.00742178248612, 9.994537773258827], [104.00742223201546, 9.994542113873063], [104.0074223164228, 9.99454663477847], [104.00742248523743, 9.994555676589279], [104.00742228253311, 9.994569148215492], [104.00742151200227, 9.994596271759058], [104.00742122489058, 9.994605222479857], [104.00742075521774, 9.994614263346222], [104.00742001204353, 9.994623213392426], [104.00741853236413, 9.994636683129764], [104.00741345524587, 9.994676820150987], [104.00741041161471, 9.994699148304674], [104.00740903008848, 9.994708006990948], [104.00740820250657, 9.994712436131698], [104.00740737506075, 9.994716774857034], [104.00740535599952, 9.994724999690972], [104.00740315464927, 9.994733133839638], [104.00740086208639, 9.994741267853355], [104.00739728642306, 9.994753468671501], [104.00738986159408, 9.994777779487437], [104.00738445473735, 9.994794588792663], [104.00736933524789, 9.994840678387195], [104.00736530283878, 9.994853330607187], [104.00736291865307, 9.994861735731797], [104.00736062540753, 9.994870321822123], [104.00735750471486, 9.99488324663754], [104.00734676124215, 9.994930789353857], [104.00734272188825, 9.99494805275915], [104.00734051985404, 9.994956638984181], [104.00733941876884, 9.994960977304393], [104.00733813525842, 9.994965315354706], [104.00733547716104, 9.994973900904974], [104.00733126205132, 9.994986733685243], [104.00732255819307, 9.995012398840705], [104.00731669485702, 9.995029478715727], [104.00731358083164, 9.995037973175583], [104.00731037586581, 9.99504628666963], [104.00730698874685, 9.99505441906292], [104.00730168003656, 9.995066617315388], [104.0072874930696, 9.995099145943092], [104.00728245799566, 9.995111344600025], [104.0072809012544, 9.995115410998924], [104.00727934437697, 9.995119567813221], [104.00727796992476, 9.995123724897429], [104.00727677776156, 9.995127972666957], [104.00727567681098, 9.995132220571437], [104.00727374841141, 9.995140807200672], [104.00727200243702, 9.995149394099816], [104.00726381929469, 9.995192691066658], [104.00726032707227, 9.995210045695522], [104.00725848974828, 9.995218722874958], [104.00725555120056, 9.995231828789548], [104.0072465532668, 9.99527105584767], [104.00724334121624, 9.995284070941748], [104.00724003795271, 9.995297085900793], [104.00723646145941, 9.995309829208653], [104.00722775145643, 9.995339563053504], [104.00722408374939, 9.995352306226174], [104.00722179063237, 9.995360801899558], [104.00722078075667, 9.995365140354101], [104.00721977101709, 9.995369388393243], [104.0072190347794, 9.995373727252728], [104.00721838975437, 9.995378066247183], [104.00721792715471, 9.995382405511602], [104.00721727545725, 9.99539117486078], [104.00721671483626, 9.995400034760324], [104.00721576948332, 9.995422094768674], [104.00721547596405, 9.995435295012452], [104.00721546275531, 9.995444065306463], [104.00721554743173, 9.995448405380744], [104.00721599709517, 9.995452655579552], [104.00721644675862, 9.995456905778362], [104.00721735262185, 9.995461066236683], [104.00721862333593, 9.995465227234922], [104.00722025917325, 9.995469207942278], [104.00722216864877, 9.995473189054573], [104.00722426054975, 9.995477170436821], [104.00722644393589, 9.995480971123229], [104.00722880961132, 9.995484862494989], [104.00723354123468, 9.995492464407645], [104.00723599839533, 9.995496175083536], [104.00723854676875, 9.995499885894375], [104.00724118662731, 9.995503416009381], [104.00724391783481, 9.995506855843933], [104.00724683174018, 9.995510115117613], [104.00725001969224, 9.995513103549984], [104.0072533906145, 9.995515730590657], [104.00725703558346, 9.995518086790016], [104.00726086338643, 9.995520172013071], [104.00726478240222, 9.995522257371048], [104.00726870169035, 9.995524161898178], [104.00727280354015, 9.9955259762798], [104.00728100737605, 9.995529514627494], [104.00728930283336, 9.995532781863746], [104.00729358751731, 9.995534325268842], [104.00730215715768, 9.995537231248058], [104.00731519458857, 9.995541228824784], [104.00733269981035, 9.995546317998512], [104.00736251371586, 9.995554770758869], [104.0073709016126, 9.995557224389465], [104.00737910667561, 9.99555994899619], [104.00738320893491, 9.995561492130287], [104.00738712863264, 9.995563125409863], [104.00739104805818, 9.9955649395202], [104.00739487559036, 9.995567205572579], [104.00739861163764, 9.995569652320793], [104.00740225619995, 9.995572279764845], [104.00740580941344, 9.995574997489328], [104.00740927127814, 9.995577805494248], [104.00741273287068, 9.995580794329944], [104.00741601203775, 9.995583782895746], [104.00741938214539, 9.995586952427258], [104.00742247861487, 9.995590121553956], [104.00742539238666, 9.995593471241582], [104.00742830602238, 9.995596911344583], [104.0074338593835, 9.995603971976559], [104.007441778696, 9.995614743148023], [104.0074495153113, 9.995625694880284], [104.00745452085232, 9.995633116364038], [104.00745697801652, 9.995636827038433], [104.00746143614518, 9.995644338127986], [104.00746571171238, 9.995651939363063], [104.0074718967594, 9.995663521709105], [104.00747799059407, 9.995675103920131], [104.00748190103869, 9.995682885446168], [104.00748553770907, 9.995690756982844], [104.0074871734146, 9.995694828104456], [104.00748880898408, 9.995698989641463], [104.00749026199192, 9.995703241324042], [104.00749289436934, 9.99571174428446], [104.00749661463152, 9.995724679218592], [104.00750015233228, 9.995737704298266], [104.00750232837404, 9.995746387414881], [104.00750432185417, 9.995755160677072], [104.0075051362367, 9.995759501830648], [104.0075058592704, 9.99576393326472], [104.00750630893788, 9.99576818346327], [104.00750657604364, 9.995772523807391], [104.0075067520727, 9.995776773601209], [104.00750692143302, 9.99578545374984], [104.00750689530243, 9.995802813507444], [104.00750659553333, 9.995820172860322], [104.00750621761667, 9.995828852199471], [104.00750593744554, 9.995833191734146], [104.00750556619765, 9.9958374407185], [104.00750510373693, 9.995841689567948], [104.00750445885053, 9.995845938147575], [104.00750363167457, 9.995850096041968], [104.00750170382021, 9.995858321010635], [104.00749950246332, 9.995866455159133], [104.0074960180021, 9.995878656112028], [104.0074935431425, 9.995886699440328], [104.00749207774861, 9.995890675559489], [104.00749061235469, 9.995894651678636], [104.00748896480727, 9.995898446697149], [104.0074871349702, 9.995902151030409], [104.00748503163068, 9.995905764543512], [104.00748274600153, 9.995909287371369], [104.00748027808274, 9.995912719513967], [104.00747506874262, 9.995919492978949], [104.00746958603591, 9.995926085208273], [104.00745295562494, 9.99594577121037], [104.00744738143229, 9.995952544135154], [104.00743897406, 9.995963019908576], [104.00743084018963, 9.995973586501949], [104.00742553909012, 9.99598072149271], [104.00742307089796, 9.995984334465623], [104.00742069378242, 9.995988037988845], [104.00741849909262, 9.995991741781921], [104.0074166691181, 9.995995536530113], [104.00741502143313, 9.995999421963567], [104.00741401210209, 9.996003398756962], [104.00741318519675, 9.996007375820225], [104.0074127228706, 9.996011534254023], [104.00741244297018, 9.996015692957698], [104.00741225414652, 9.996019942211708], [104.00741224774859, 9.996024191735588], [104.00741232616559, 9.99603269091828], [104.00741258700833, 9.99604119037084], [104.00741312148973, 9.996049690228206], [104.00741347994331, 9.99605394029183], [104.00741392974594, 9.996058100074977], [104.0074146531872, 9.996062260262935], [104.00741555919036, 9.99606633030537], [104.00741683004512, 9.996070400887536], [104.00741828332566, 9.996074471739567], [104.00742001051718, 9.996078362165594], [104.00742182878548, 9.996082343141955], [104.00742382961573, 9.996086233972763], [104.00742774006349, 9.996094015499425], [104.00743192415013, 9.99610179743085], [104.00743829176558, 9.996113289632017], [104.00744265841459, 9.996120981417778], [104.00744475073047, 9.996124691552605], [104.00744711668507, 9.996128402092205], [104.00744948263974, 9.996132112631791], [104.00745203115643, 9.996135733025815], [104.00745758425442, 9.996142974488434], [104.00746605112958, 9.996153565638386], [104.00748335014158, 9.996174477231174], [104.0074919083674, 9.996184978100043], [104.00749755281615, 9.996192129281575], [104.00750246851447, 9.996198646475893], [104.00751257218946, 9.996212585423088], [104.00752021787959, 9.996223356188393], [104.00752494992805, 9.996230686851213], [104.00752722467139, 9.996234397255392], [104.00752877107227, 9.996237202426283], [104.00753031747318, 9.996240007597168], [104.00753177225286, 9.996243083879344], [104.00753304447063, 9.996246250307106], [104.00753431546353, 9.996250230473487], [104.00753540362231, 9.996254481616253], [104.0075362180062, 9.996258822769702], [104.00753694117716, 9.996263163788246], [104.00753748192227, 9.996267504536972], [104.00753847206344, 9.996276276314932], [104.00753954661288, 9.996289568997888], [104.00754017176625, 9.996298430651615], [104.00754034752352, 9.99630286127612], [104.00754052328077, 9.996307291900619], [104.00754042539917, 9.996311722120415], [104.00754023630464, 9.996316152205289], [104.00753986492023, 9.996320491604964], [104.00753921976084, 9.996324921015315], [104.00753857473754, 9.996329260010263], [104.00753765593923, 9.99633368901589], [104.00753489981635, 9.996346795201944], [104.00752682067716, 9.996381593259594], [104.00752480092609, 9.996390270170098], [104.00752259874896, 9.99639894681076], [104.00752140644732, 9.996403284996173], [104.00752012306883, 9.996407532631263], [104.0075186574004, 9.996411689581121], [104.00751737497454, 9.996415304308385], [104.00751435446608, 9.996422261842136], [104.00751115125934, 9.996429399936817], [104.00750593592237, 9.99644015167934], [104.00748827845949, 9.996475568477031], [104.00748416189656, 9.996483518960765], [104.0074800454695, 9.996491379029038], [104.00747794171747, 9.996495263787983], [104.00747565567545, 9.996499057861664], [104.00747336963342, 9.996502851935334], [104.00747090157363, 9.99650637449292], [104.00746843351382, 9.996509897050489], [104.00746587437703, 9.996513329057706], [104.00745783238658, 9.996523443708707], [104.00744138382433, 9.996543491639494], [104.00743608325972, 9.996550264968166], [104.00743352412225, 9.99655369697509], [104.00743105606166, 9.996557219532335], [104.0074286790779, 9.996560832639899], [104.00742648438403, 9.996564536432718], [104.00742209499612, 9.996571944018301], [104.00741788776176, 9.996579532704502], [104.00741404537932, 9.996587121930402], [104.00741212405191, 9.99659100695873], [104.00741029407361, 9.996594801706593], [104.00740873746211, 9.996598777690071], [104.00740718098669, 9.996602663258145], [104.00740598922725, 9.99660663978139], [104.00740562206082, 9.99660817630338], [104.00740488582196, 9.996612515162937], [104.00740442322221, 9.996616854427328], [104.00740414291239, 9.996621284377012], [104.00740404502864, 9.996625714596581], [104.00740403822181, 9.9966302353665], [104.00740430505408, 9.996634756541255], [104.00740483885482, 9.996643708475363], [104.00740528824933, 9.996648139504607], [104.00740582872078, 9.9966526610842], [104.00740655202675, 9.99665691168748], [104.00740818120097, 9.996665322748543], [104.00740999293754, 9.99667364366409], [104.00741579272767, 9.996698787781238], [104.00741760432842, 9.99670719911214], [104.00741923295858, 9.996715971834737], [104.0074214934098, 9.996729175856428], [104.00742275705171, 9.99673803845464], [104.00742374719061, 9.996746810232613], [104.00742410537241, 9.996751241126884], [104.00742428112804, 9.996755671751268], [104.00742427459365, 9.996760011690366], [104.00742399482841, 9.99676407997844], [104.00742353277315, 9.996768057581232], [104.00742288829167, 9.996772034914134], [104.00742141690257, 9.996779989310049], [104.00741958066101, 9.99678794316616], [104.00741655279536, 9.996799783130069], [104.00741077560359, 9.996820208508282], [104.00740848288761, 9.996828432935752], [104.00740756463037, 9.99683250027915], [104.00740664637313, 9.996836567622546], [104.00740591040592, 9.996840725651229], [104.00740535686491, 9.996844883949802], [104.00740507805227, 9.99684831933005], [104.00740498166587, 9.99685175498019], [104.00740497649254, 9.996855190765285], [104.00740506130708, 9.996859440423892], [104.00740550457547, 9.996867940145961], [104.00740622134707, 9.996876530688276], [104.00740712081722, 9.99688494066969], [104.00740766169733, 9.99688919100304], [104.00740838513985, 9.996893351190899], [104.00740919993164, 9.996897421098296], [104.00741010593653, 9.996901491140644], [104.00741137706625, 9.996905380891988], [104.00741283075834, 9.996909180497825], [104.00741483200147, 9.996912800082546], [104.0074171982333, 9.996916329791654], [104.00741974702751, 9.996919769355234], [104.00742256973346, 9.996923028492839], [104.00742548365258, 9.996926287765374], [104.00743149405342, 9.996932716164851], [104.00745972737944, 9.99696114843076], [104.00746582926695, 9.996967396133808], [104.00747193088243, 9.996973824667553], [104.00747493601563, 9.99697708407462], [104.00747784993575, 9.996980343346724], [104.0074804900804, 9.996983692629422], [104.00748303901192, 9.996987041777162], [104.00748522281872, 9.996990571215967], [104.00748713271386, 9.996994281080768], [104.00748849519405, 9.996998080551396], [104.00748940133631, 9.997002060178168], [104.0074902159932, 9.997006220500799], [104.0074906657975, 9.997010380283726], [104.00749111560182, 9.997014540066646], [104.00749129163056, 9.997018789860176], [104.0074914675232, 9.997023130069108], [104.0074915523388, 9.997027379727719], [104.00749145459194, 9.997031719531858], [104.00749126576805, 9.99703596878568], [104.00749107857763, 9.997039133054727], [104.00749061774766, 9.99704229691899], [104.00749015691773, 9.99704546078325], [104.00748923852463, 9.99704961854224], [104.00748804649204, 9.997053775896433], [104.00748676324625, 9.997057933115691], [104.00748538892339, 9.997061999784615], [104.00748383217416, 9.99706606618367], [104.00748227542488, 9.997070132582715], [104.007478979636, 9.997078174695515], [104.00747541047967, 9.997086035572677], [104.00747339793658, 9.997089920466205], [104.00747138552956, 9.997093714944318], [104.00746909975523, 9.997097328186827], [104.00746681411697, 9.997100851013911], [104.00746425511137, 9.997104192605377], [104.00746160502868, 9.997107443646494], [104.00745877251958, 9.997110694417703], [104.00745319898665, 9.997117015264195], [104.00743876348088, 9.997132816637759], [104.00743318981105, 9.997139227899257], [104.00743035702914, 9.997142659500987], [104.00742761532418, 9.997146181653033], [104.0074222231273, 9.99715322609199], [104.00741692200724, 9.997160361081185], [104.00740906147183, 9.997171108907455], [104.00740138322614, 9.99718194741881], [104.00739644654948, 9.997189354193637], [104.00739416063747, 9.997193057850925], [104.007387302765, 9.997204259238085], [104.00737184797681, 9.997230637724956], [104.00736727615156, 9.997238045039108], [104.00736489902567, 9.997241748561194], [104.007362522172, 9.997245271252469], [104.00736014545447, 9.997248703528332], [104.00735502743869, 9.997255386709329], [104.00734707718345, 9.997265139829562], [104.00733903585068, 9.997274802399208], [104.00733346231254, 9.997281123243386], [104.00733063007297, 9.99728419318255], [104.00732542274915, 9.99728961041254], [104.0073232303637, 9.997291777142532], [104.00731884572885, 9.997296020187084], [104.00731245236034, 9.99730161649291], [104.00730605912774, 9.997307122383203], [104.00728669727461, 9.99732345895251], [104.0072771073563, 9.997331762994781], [104.00726441182944, 9.997342955739525], [104.00725509500496, 9.997351621847653], [104.00724915729191, 9.997357490073297], [104.00724632505089, 9.997360560011662], [104.00724358402304, 9.997363630085001], [104.00724111636251, 9.9973668813941], [104.00723892220547, 9.997370223523582], [104.00723700114335, 9.997373927719611], [104.00723526223533, 9.99737781301642], [104.00723379683077, 9.99738178913362], [104.00723251358032, 9.997385946351601], [104.00723132167928, 9.99739001328919], [104.00723022071907, 9.997394261192555], [104.00722820136123, 9.997402666853883], [104.00722728282744, 9.997406915027247], [104.00722645537068, 9.997411253750997], [104.00722571926336, 9.99741550219436], [104.00722516558253, 9.997419750907735], [104.00722470297872, 9.997424090171494], [104.00722460522802, 9.997428429975288], [104.00722450761344, 9.99743267936368], [104.00722476817823, 9.99744135964629], [104.00722574537424, 9.997458720886517], [104.00722618836562, 9.99746740143912], [104.0072262731776, 9.997471651097523], [104.0072262601026, 9.997480330975092], [104.00722597352397, 9.997488920032243], [104.00722578469609, 9.997493169285619], [104.00722541344165, 9.99749741826898], [104.00722485976063, 9.997501666982313], [104.00722412378921, 9.997505825010252], [104.00722320552738, 9.997509892352777], [104.00722192241243, 9.997513959155262], [104.00722036592994, 9.997517844721937], [104.00721871823416, 9.997521730153586], [104.00721679689845, 9.997525615180201], [104.00721487569888, 9.99752940979141], [104.00721075952356, 9.997537089024137], [104.00720655240713, 9.997544587291001], [104.00720216286392, 9.997552085287783], [104.00719759116632, 9.997559402183679], [104.00719521417224, 9.997563015288883], [104.00719274596482, 9.997566628259056], [104.00719009546695, 9.997570150543776], [104.00718744510519, 9.997573582413082], [104.00718177966456, 9.997580355196153], [104.00716734262632, 9.997597151125197], [104.00716176826197, 9.997604014458291], [104.00715911776344, 9.997607536742729], [104.00715655820572, 9.99761123999295], [104.00715418107457, 9.9976149435132], [104.0071494265397, 9.997622531384424], [104.0071449453721, 9.997630300491439], [104.00714073770803, 9.997638160418864], [104.00713872502112, 9.997642135725275], [104.00713671219792, 9.997646201447061], [104.00713506463666, 9.997649996462806], [104.00713195166819, 9.997657767595099], [104.00712892977666, 9.997665629277783], [104.00712618138878, 9.997673581780923], [104.00712361542737, 9.997681534554113], [104.00712242365996, 9.997685511075726], [104.00712132296964, 9.997689578147764], [104.00712031294768, 9.99769400701639], [104.00711838425326, 9.99770277447328], [104.0071167290625, 9.997711632750658], [104.00711350975781, 9.99772943985578], [104.00711176348965, 9.997738207582676], [104.0071107536036, 9.997742546035855], [104.00710974385379, 9.997746794073645], [104.00710864289059, 9.997751041976375], [104.00710717734641, 9.997755108508176], [104.0071055293755, 9.997759174769868], [104.00710351695983, 9.997762969245208], [104.00710132211739, 9.997766763450443], [104.00709876269396, 9.997770376284702], [104.00709611219334, 9.99777389856851], [104.00709337061554, 9.997777330301854], [104.00709044674721, 9.997780671349688], [104.00708734072457, 9.997783831296617], [104.00708405241141, 9.997786900558033], [104.00707400572603, 9.997795655995015], [104.00707071754887, 9.997798634840898], [104.00706761179836, 9.997801613956854], [104.00706459698868, 9.997804774038602], [104.0070632261995, 9.99780648990513], [104.00706084961081, 9.997809831763005], [104.00705865517631, 9.99781335472175], [104.00705664303223, 9.997816968365978], [104.00705481304236, 9.997820763111084], [104.0070530742658, 9.997824557991237], [104.00705133535295, 9.99782844328676], [104.00704977886683, 9.997832328852397], [104.00704831345777, 9.997836304968459], [104.00704703047543, 9.997840281354643], [104.00704574749305, 9.997844257740816], [104.00704464680115, 9.997848324812495], [104.00704372853595, 9.997852392154286], [104.00704317485177, 9.997856640867093], [104.00704271238092, 9.997860889714964], [104.00704252341397, 9.997865229383407], [104.00704233444701, 9.997869569051838], [104.00704232790682, 9.997873908990396], [104.00704240590352, 9.997882679417966], [104.0070430894204, 9.997913331314502], [104.0070433433037, 9.997926441950726], [104.00704323900983, 9.997935121692755], [104.0070430500428, 9.99793946136117], [104.00704267864893, 9.997943800759465], [104.00704221617791, 9.997948049607306], [104.00704157141632, 9.997952207769629], [104.00704074422792, 9.997956365661825], [104.00703982596234, 9.997960433003561], [104.00703872526988, 9.997964500075161], [104.00703652374865, 9.997972724633748], [104.00702928082656, 9.99799730694849], [104.00702579604896, 9.99800968872375], [104.00702368574044, 9.998017913417266], [104.00702276733819, 9.998022071174306], [104.00702102174698, 9.998030386823451], [104.00702019455805, 9.998034544715553], [104.00701973222282, 9.998038703147934], [104.007019361101, 9.99804286171538], [104.0070192634832, 9.998047111103427], [104.00701953071915, 9.998051361031752], [104.00701998065449, 9.998055430399448], [104.0070206134255, 9.998059228791135], [104.00702152024562, 9.998062756341861], [104.00702270152364, 9.998065741805501], [104.00702424860926, 9.998068094901706], [104.00702607069786, 9.99806954424926], [104.00702825927537, 9.99806990915246], [104.00703081393293, 9.998069460857447], [104.00703336968058, 9.998068289239328], [104.00703620002238, 9.998066485118688], [104.00703903118163, 9.998064138505713], [104.00704186315846, 9.998061249400395], [104.00704460419425, 9.998058179329218], [104.00704743671595, 9.998054928562306], [104.00705584402108, 9.998044543218633], [104.00705876802849, 9.998041111755898], [104.00706178297676, 9.998037861258968], [104.00706479792498, 9.998034610762003], [104.00706790367784, 9.998031631646224], [104.00707119172121, 9.998028743215913], [104.00707438814237, 9.998026125896665], [104.00707767536817, 9.998023779958602], [104.00708114433952, 9.998021886367543], [104.00708461235716, 9.998020625684147], [104.00708826184793, 9.998019998178526], [104.00709191038494, 9.998020003580569], [104.00709546675486, 9.998020641755229], [104.00709874866709, 9.998021822017025], [104.00710139140413, 9.99802345341039], [104.00710348590697, 9.998025716901155], [104.00710448503126, 9.998028521263661], [104.0071049361938, 9.998031776892818], [104.00710474831737, 9.998035393238196], [104.00710428639194, 9.998039280424583], [104.0071034594765, 9.998043257486161], [104.00710235864825, 9.998047414973367], [104.00710116660659, 9.998051572325522], [104.00709997524605, 9.998055277600734], [104.00709860132237, 9.998059073021231], [104.00709704510804, 9.998062777756234], [104.00709548889367, 9.998066482491229], [104.00709393363296, 9.998069554318503], [104.00709228715877, 9.998072626010723], [104.00708881205593, 9.998078588294248], [104.0070839658901, 9.998086447275035], [104.00707884635621, 9.998094125019804], [104.00706120223919, 9.998120590661696], [104.00705352341352, 9.998131790824335], [104.00704813078285, 9.998139106501812], [104.00704538920128, 9.998142538234516], [104.00704273883318, 9.998145970102259], [104.00703707351543, 9.998152652466633], [104.00702839324772, 9.998162585327467], [104.00701669816574, 9.9981756782691], [104.00700774480144, 9.998185249062567], [104.00700162396001, 9.998191569089334], [104.0069950474598, 9.998197617194425], [104.00698847109561, 9.998203574883993], [104.00697504486234, 9.99821539944206], [104.00696846836114, 9.998221447546577], [104.00696536246929, 9.998224517076649], [104.00696234765455, 9.998227677157157], [104.00695951499415, 9.998231018338585], [104.00695695583794, 9.99823445034064], [104.00695466991318, 9.998238153994096], [104.00695265735631, 9.998242038883577], [104.00695082709007, 9.998246014458607], [104.00694936208659, 9.998249719327847], [104.0069478968105, 9.998253605027843], [104.00694661396133, 9.998257490998022], [104.00694542232567, 9.998261377103278], [104.00694432190345, 9.998265263343628], [104.00694349512167, 9.998269149989259], [104.00694285076686, 9.998273036905072], [104.00694257126602, 9.998276924361257], [104.00694265675544, 9.998280721942448], [104.00694328938957, 9.998284610749584], [104.006944287014, 9.998288409681717], [104.00694564962873, 9.998292118738844], [104.00694719467047, 9.998295828066148], [104.00694892213927, 9.998299537663632], [104.0069508320351, 9.998303247531302], [104.00695283328079, 9.998306867118666], [104.00695492587629, 9.99831039642573], [104.00695720089882, 9.998313926002965], [104.00695956727124, 9.99831736529989], [104.00696202499347, 9.998320714316515], [104.00696475662885, 9.998323882907624], [104.00696767096386, 9.998326870938111], [104.00697067664872, 9.998329768688293], [104.00697395611044, 9.99833257642832], [104.0069874390845, 9.998343627097713], [104.00699071854649, 9.998346434837591], [104.00699290440028, 9.99834860804877], [104.00699509025407, 9.998350781259935], [104.00699727556284, 9.998353316132622], [104.0069995508587, 9.998356664878822], [104.0070016435913, 9.99836010377024], [104.0070036449741, 9.998363632941949], [104.0070054636574, 9.99836734267426], [104.00700709977741, 9.99837114255178], [104.00700855347043, 9.99837494215914], [104.0070100070272, 9.998378832181878], [104.00701136937046, 9.998382722069536], [104.00701245807316, 9.998386611551958], [104.0070133642126, 9.998390591179598], [104.00701399657515, 9.998394660817393], [104.00701444637443, 9.998398820600418], [104.00701444010605, 9.998402979708057], [104.00701443383767, 9.998407138815697], [104.00701415379238, 9.998411387933485], [104.00701387374716, 9.998415637051268], [104.00701294880241, 9.998424134746529], [104.00701128774459, 9.998436880884165], [104.00700990686826, 9.998445287488625], [104.00700907967789, 9.998449445380537], [104.0070080700604, 9.998453603002286], [104.0070069693656, 9.998457670073572], [104.00700559503014, 9.998461736739609], [104.00700403826755, 9.998465803135478], [104.00700229921407, 9.99846977884579], [104.00700056016058, 9.998473754556088], [104.0069967171992, 9.998481705436319], [104.00698903250237, 9.99849679345817], [104.00697924430541, 9.998515585403462], [104.00697512811115, 9.99852326463196], [104.00696863423117, 9.998535009040241], [104.00694659274772, 9.998574126342794], [104.00694229385218, 9.99858198613136], [104.00694018994297, 9.998585961300863], [104.00693817724728, 9.998589936605441], [104.00693634684242, 9.99859400259559], [104.0069346076511, 9.998598068720824], [104.0069330507506, 9.998602225531634], [104.0069319500543, 9.998606292602565], [104.00693094043525, 9.998610450223977], [104.00693011310706, 9.998614698530963], [104.00692946820605, 9.99861894710816], [104.00692817840394, 9.998627444262532], [104.00692734453342, 9.998636032507795], [104.00692651066286, 9.99864462075305], [104.0069262306161, 9.99864886987064], [104.00692604178293, 9.998653119123329], [104.00692612672687, 9.998657278365952], [104.00692639423431, 9.99866134746341], [104.00692702673246, 9.998665326685893], [104.00692811557123, 9.998669125753143], [104.00692966075064, 9.998672744665143], [104.00693175334804, 9.998676273972377], [104.0069341198589, 9.998679622854144], [104.0069367600106, 9.998682972141197], [104.00693967407581, 9.998686141002784], [104.00694559341999, 9.99869247886097], [104.00694868991255, 9.99869564799268], [104.00695506559772, 9.998701805695445], [104.0069614415557, 9.998707782567347], [104.0069647208847, 9.998710680722958], [104.00696809169992, 9.998713398182879], [104.00697155400138, 9.998715934947095], [104.00697529021636, 9.998718291285794], [104.00697893576289, 9.998720285827833], [104.00698285522287, 9.998722099944345], [104.0069868661691, 9.998723733365141], [104.00699087738793, 9.998725185955127], [104.0069991737391, 9.998727910709443], [104.00700747022674, 9.99873054504818], [104.00702005225583, 9.998734180304696], [104.00702853144357, 9.998736634082322], [104.00703691969038, 9.998738906893891], [104.00704539955974, 9.998740908594192], [104.0070539711879, 9.998742548767813], [104.00706692038895, 9.998744647501384], [104.00707986999898, 9.99874647498831], [104.00708853379487, 9.998747482388445], [104.00709282015416, 9.99874794081321], [104.00709710678598, 9.998748218407155], [104.00710139355404, 9.99874840558566], [104.00710568059462, 9.998748411933347], [104.00710987696654, 9.99874805648439], [104.00711416496085, 9.998747429924288], [104.00711854471375, 9.998746441837646], [104.0071228335255, 9.998745272785122], [104.00712712247343, 9.998744013317165], [104.00713132048021, 9.998742572883337], [104.00713989919339, 9.998739511454843], [104.00715696581436, 9.998733117215972], [104.00719967872004, 9.998716634397708], [104.0072080750047, 9.998713572697321], [104.0072120903111, 9.998712312823146], [104.00721610548126, 9.998711143364307], [104.00721993767925, 9.99871033529691], [104.0072234956915, 9.998709888485932], [104.0072266878958, 9.998710074042513], [104.00722942294227, 9.99871098224703], [104.00723124503526, 9.99871243159363], [104.0072327014565, 9.998714422892439], [104.00723388355581, 9.998716865863097], [104.00723506524656, 9.998719580079914], [104.00723624543893, 9.998723288865952], [104.0072374252227, 9.998727268898142], [104.00723941925479, 9.998735680499369], [104.00724730158238, 9.99877104466141], [104.0072503829595, 9.998784249898163], [104.00725265036068, 9.998792842735131], [104.00725382960005, 9.998797184428806], [104.00725519153914, 9.998801345561748], [104.00725664469192, 9.998805506829694], [104.00725828054443, 9.998809487536903], [104.00726028138779, 9.998813378368773], [104.0072623741259, 9.998816817258726], [104.00726464942754, 9.998820166003311], [104.00726719837019, 9.998823515152925], [104.00727475493821, 9.99883292955895], [104.00727703051247, 9.998836097472688], [104.00727921473695, 9.99883935566679], [104.00728094275699, 9.998842703601207], [104.00728221457253, 9.998846141275969], [104.0072830299112, 9.998849849521827], [104.00728329769554, 9.998853737788389], [104.00728320035283, 9.998857806345695], [104.0072828293691, 9.998861874497967], [104.00728227595806, 9.998865942380212], [104.00728163119712, 9.998870100542838], [104.00727767713796, 9.99889125193735], [104.00727694102702, 9.998895500380323], [104.00727647855709, 9.998899749228329], [104.00727610730083, 9.998903998211343], [104.00727610089922, 9.998908247734404], [104.00727636800245, 9.998912588077888], [104.00727690888294, 9.998916838411018], [104.00727772326827, 9.998921179564567], [104.00727862900351, 9.998925430437744], [104.00727989972971, 9.998929591435573], [104.00728117059214, 9.998933662018022], [104.00728271523182, 9.998937642590109], [104.00728444243515, 9.998941533016826], [104.00728644368819, 9.99894515260241], [104.00728890141828, 9.998948501616876], [104.00729145117931, 9.998951308274037], [104.00729427485386, 9.998953934505424], [104.00729737244195, 9.998956380311048], [104.0073036589681, 9.998961181641828], [104.0073066654788, 9.998963536896976], [104.00730948915357, 9.998966163128255], [104.00731203877876, 9.998969060200645], [104.00731431421809, 9.99897231852955], [104.00731622425792, 9.998975937979974], [104.00731776917061, 9.998979737721148], [104.0073191315198, 9.998983627607705], [104.00732021995549, 9.998987697920015], [104.00732103461391, 9.998991858242707], [104.00732175792247, 9.998996108845782], [104.0073221163762, 9.999000358908857], [104.00732229240259, 9.999004608701922], [104.00732228600152, 9.999008858224988], [104.00732227946429, 9.999013198163437], [104.00732171270649, 9.999026126753387], [104.00732059199281, 9.999043484887144], [104.00731966174187, 9.999055508783208], [104.00731873802818, 9.999063192740836], [104.00731809381197, 9.99906698924195], [104.00731735851821, 9.999070695192662], [104.00731625741618, 9.999075033511064], [104.00731497415906, 9.999079190728676], [104.00731359941578, 9.99908352864204], [104.00731222480867, 9.999087776140016], [104.00730746276338, 9.999100336858094], [104.00728777635454, 9.999150397953565], [104.00723878833914, 9.999275551022821], [104.00723246938753, 9.999292268551498], [104.00722953787783, 9.99930067286104], [104.00722816326859, 9.999304920358519], [104.00722687973685, 9.999309258406399], [104.0072256874189, 9.999313596589301], [104.00722394114318, 9.999322364315699], [104.007221458482, 9.999335561315498], [104.00720488592253, 9.999437796804822], [104.007044331993, 10.000417483100655], [104.00704157035658, 10.00043420589176], [104.00703972753905, 10.000446499680528], [104.00703797416372, 10.000459969004202], [104.00703566682523, 10.000477867870515], [104.00697638082404, 10.000959695056313], [104.00693104017465, 10.001327348008337], [104.0069289155233, 10.001345066311963], [104.0069275272669, 10.001358355343717], [104.00692669284055, 10.00136730524871], [104.00692576065575, 10.001380594956137], [104.00692342644393, 10.001416305647185], [104.0069225853368, 10.001429685905057], [104.00692220711828, 10.001438546070345], [104.00692192011411, 10.001447406370758], [104.00692200464796, 10.001451836858823], [104.0069221803962, 10.001456267482027], [104.00692262978758, 10.00146069851066], [104.00692317052972, 10.001465039259067], [104.0069247079496, 10.001473811846973], [104.00692642793464, 10.001482494289776], [104.00692814791977, 10.001491176732571], [104.00693023276257, 10.001499859715922], [104.00693240895622, 10.001508452419044], [104.00693367955003, 10.001512703833194], [104.00693495028024, 10.001516864831972], [104.00693640343921, 10.001521026101035], [104.00693940097176, 10.001529348774268], [104.00694258106955, 10.001537581302397], [104.00696493283664, 10.00159529954903], [104.00696838671529, 10.001603442066976], [104.00697011365465, 10.001607513325933], [104.00697184059406, 10.001611584584884], [104.00697375023502, 10.00161547528336], [104.00697575109047, 10.001619366116953], [104.00697793478378, 10.001622985974699], [104.00698020969159, 10.001626605967568], [104.0069824845994, 10.001630225960422], [104.00698739981824, 10.001637104825129], [104.00699504642654, 10.001647333112075], [104.00700032677629, 10.001654031686387], [104.00700296708756, 10.001657290558144], [104.00700569861333, 10.001660549565006], [104.00700861284065, 10.00166362801136], [104.00701152706803, 10.00166670645769], [104.00701462386067, 10.001669694758874], [104.00701790321861, 10.001672592914908], [104.00702473598683, 10.00167811838613], [104.00703521365286, 10.001686090476735], [104.00705279841345, 10.001699136366215], [104.00706355013311, 10.001706837615219], [104.00707083979293, 10.001711821268893], [104.00707831215448, 10.001716624361897], [104.00708596721776, 10.001721246894213], [104.00710127748135, 10.001730401542977], [104.00713217192705, 10.001748530413032], [104.00714383729404, 10.001755238441438], [104.00715541185588, 10.001761675088261], [104.00716680480689, 10.001767568972339], [104.00717828910905, 10.001773372575762], [104.00718603661606, 10.00177718150266], [104.00719387561027, 10.00178080973372], [104.0071977952437, 10.00178253343382], [104.00720171501342, 10.001784166718505], [104.00720572627024, 10.001785619307483], [104.00720992022856, 10.001786891335808], [104.00721402297242, 10.001788163229017], [104.0072182172033, 10.00178925442651], [104.00722669728843, 10.0017911657103], [104.00723955444245, 10.001793897215128], [104.00725241214171, 10.001796267057994], [104.00726107574623, 10.001797455288088], [104.00726536200939, 10.001798004127838], [104.00726983111026, 10.001798281991539], [104.00727430034742, 10.001798469439807], [104.00727876985704, 10.001798476057282], [104.00728323950293, 10.001798392259321], [104.00728761807055, 10.001798217910896], [104.00729208812517, 10.00179786286671], [104.0072966496667, 10.001797327126775], [104.00730102905176, 10.001796610285947], [104.00730997065948, 10.001794905628095], [104.00732767199062, 10.001791134380118], [104.00735869553951, 10.00178412789218], [104.00736754661325, 10.001781971020868], [104.00737183532837, 10.001780892382586], [104.0073761243159, 10.001779632913514], [104.0073804134396, 10.001778283029012], [104.00738470269953, 10.00177684272907], [104.00738871872458, 10.001775130777919], [104.00739273488581, 10.001773328411343], [104.00740058518782, 10.001769452161884], [104.00740825346935, 10.00176530439609], [104.00744276168723, 10.001746006540131], [104.00745052131833, 10.001741768492941], [104.00745828081308, 10.001737620860935], [104.0074701479548, 10.001731490165431], [104.0074821060382, 10.001725540435205], [104.00752993836755, 10.001701741509809], [104.0075377888025, 10.001697774841567], [104.00754563950963, 10.001693627342386], [104.00754956499927, 10.00169146317735], [104.00755339941058, 10.001689208461917], [104.00755705152909, 10.001686863061112], [104.00756079499818, 10.001684427379875], [104.00756435631062, 10.001681810597907], [104.00756782654474, 10.001679103265545], [104.00757129677878, 10.001676395933147], [104.00757814630455, 10.001670800302527], [104.00758481367352, 10.00166502357107], [104.00758810188684, 10.001662044722432], [104.00759120767121, 10.001659065603835], [104.00759440494228, 10.00165590578942], [104.0075974197844, 10.001652745705048], [104.00760006976866, 10.001649585080806], [104.00760271988906, 10.001646334041167], [104.0076077467586, 10.001639650726197], [104.00761496835662, 10.001629263619728], [104.00762667008085, 10.001611830726556], [104.0076430351755, 10.00158680982374], [104.00764778908072, 10.001579674026344], [104.00765263392789, 10.001572719194556], [104.00765738674359, 10.001566306719997], [104.00766186441834, 10.001560888409657], [104.00766698127457, 10.001555018966956], [104.00767282866275, 10.001548608111417], [104.00767885847951, 10.00154219752564], [104.00768488815991, 10.001535877355115], [104.00769100891836, 10.001529647734777], [104.00769740304762, 10.001523599349857], [104.00770050869353, 10.00152071064548], [104.00770379663209, 10.001517912626309], [104.00770726672718, 10.001515295707705], [104.00771101019318, 10.001512860024603], [104.00771475338692, 10.0015106051722], [104.00771867887329, 10.001508441004985], [104.00772269530182, 10.001506457803401], [104.00773072815866, 10.001502491400077], [104.00775528184734, 10.001491225771082], [104.00776742207366, 10.001485457130444], [104.00777536398728, 10.001481309760317], [104.00777928947292, 10.001479145592349], [104.00778303280191, 10.001476800323761], [104.00778677640305, 10.001474274224373], [104.00779408090419, 10.001469402586409], [104.00780485604324, 10.001461552367072], [104.00784923577305, 10.001428706728326], [104.00790037284173, 10.00139089821806], [104.00791133081265, 10.001382777018605], [104.00791854504799, 10.001377272335164], [104.00792566834083, 10.001371586685934], [104.00793279163342, 10.001365901036527], [104.00794676498298, 10.001354258086502], [104.008053346269, 10.001265265885472], [104.00811207135152, 10.001215985777081], [104.0081187382939, 10.001210480280031], [104.00812549617837, 10.001205155748407], [104.00813234500498, 10.00120001218221], [104.00813590603568, 10.001197576224348], [104.00813964935897, 10.001195230951428], [104.00814339254626, 10.001192976093852], [104.00815115229159, 10.00118864761374], [104.0081629283228, 10.001182426341568], [104.00817872063936, 10.001174312276872], [104.00819460403353, 10.001166288761567], [104.00820254539036, 10.001162503042076], [104.00820665275423, 10.001160700799817], [104.00821075998206, 10.001158988972898], [104.0082149582882, 10.001157367696093], [104.00822353705705, 10.00115430624265], [104.0082364957445, 10.001150166273765], [104.00836252103021, 10.00111156417822], [104.00837995098244, 10.001106255405935], [104.00839254467314, 10.001102205307205], [104.00843817493023, 10.001086902055702], [104.00844647978066, 10.001084021022917], [104.00845469341665, 10.001081139855208], [104.00846281624594, 10.0010779873064], [104.00846683212133, 10.001076365756868], [104.00847075705418, 10.001074563241794], [104.00847468212291, 10.001072670311279], [104.00847851611319, 10.00107068683062], [104.00848609342292, 10.001066358072892], [104.00849348843977, 10.00106193863018], [104.00850097480661, 10.001057428906604], [104.0085269037179, 10.001041463637813], [104.00854187712898, 10.001031992111932], [104.00876575133168, 10.000888019336964], [104.00877707303549, 10.000880621968594], [104.00878456007352, 10.000875660161238], [104.00879195616871, 10.000870517388284], [104.008795608677, 10.000867900726732], [104.00880611040196, 10.000859869237946], [104.00881980883473, 10.000849039583088], [104.00886455758527, 10.0008133010447], [104.0088749682284, 10.000805179003542], [104.00888199987106, 10.000799764443842], [104.00888903124194, 10.000794530714774], [104.00889615369104, 10.000789387535532], [104.00890701958903, 10.000781808658635], [104.00892866003358, 10.000766741184503], [104.0089357823457, 10.000761688419745], [104.00894281357917, 10.000756545104846], [104.00894628379234, 10.000753837756948], [104.00894966279127, 10.000751130274434], [104.00895285963325, 10.000748241691934], [104.00895596539671, 10.00074526255943], [104.00895888927475, 10.000741921496145], [104.00896172207432, 10.000738489882872], [104.00896437271689, 10.000734877169622], [104.00896949184502, 10.000727470643112], [104.00897442881597, 10.00071988301657], [104.00897936578674, 10.000712295389937], [104.00901063597766, 10.000662432111273], [104.00905964555115, 10.000583390757422], [104.00906595480224, 10.000573092685443], [104.00907006989095, 10.0005661367541], [104.00907400268689, 10.000559090138216], [104.00907592402065, 10.000555205101378], [104.00907793670424, 10.000551229783667], [104.0090816884288, 10.000543278744587], [104.00908891850631, 10.000527195431845], [104.00913166018555, 10.000430875440209], [104.00913705973282, 10.000418948544077], [104.00914090253266, 10.000411088054049], [104.00914291535027, 10.000407022320426], [104.00914904460957, 10.000395096500197], [104.0091575514064, 10.00037919589957], [104.0091766686212, 10.000343600344339], [104.00918096748968, 10.000335740526278], [104.00918535757204, 10.000327880842649], [104.00918992994667, 10.000320111843362], [104.00919230721233, 10.000316317893605], [104.00919715227909, 10.00030918220554], [104.0092021796381, 10.000302137201802], [104.00920994857573, 10.00029166044767], [104.00921780859127, 10.000281274243235], [104.00922859301998, 10.000267185310893], [104.00923681802634, 10.000256709228518], [104.00925317614498, 10.00023620900559], [104.00931093061072, 10.000164865826946], [104.0093208000422, 10.00015267426995], [104.00933158391952, 10.00013894699537], [104.00937636547698, 10.000081237435563], [104.00939007375953, 10.000063807429573], [104.00940615753846, 10.00004375887166], [104.00944490362001, 9.999996257368887], [104.00945641747009, 9.99998235033428], [104.00946226560876, 9.999975396951234], [104.00946528068862, 9.999972056017205], [104.00947121949845, 9.999965464430039], [104.00948337062384, 9.99995237207402], [104.00960898726566, 9.999820912041173], [104.00965594471532, 9.999771975958426], [104.00966544560612, 9.999762225068388], [104.00967193128507, 9.999755905529634], [104.00967531067431, 9.999752926792572], [104.00967878114186, 9.999750038605251], [104.00968234268773, 9.999747240967677], [104.00968599517641, 9.99974462429524], [104.00969339109638, 9.999739571915425], [104.009704986246, 9.999732265330573], [104.00977820785853, 9.999686984539293], [104.01024812368138, 9.999395362581973], [104.01027122217664, 9.99938111089804], [104.01028236028435, 9.999374436528676], [104.01029687614675, 9.999365868400089], [104.01067702526429, 9.999142739181153], [104.01068487641336, 9.999138229940742], [104.01069290985447, 9.999133811383722], [104.01069683529356, 9.999131647178764], [104.01070468549524, 9.999127770845867], [104.01071655167311, 9.999122182518798], [104.01073654115191, 9.999113079921523], [104.01074858935054, 9.99910776310768], [104.01076072849209, 9.9991026272583], [104.0107689424656, 9.999099474783492], [104.01077697333517, 9.999096774117518], [104.01078518622649, 9.999094344965748], [104.01080991584303, 9.999087238474075], [104.01081803765534, 9.999084718771986], [104.01082214443879, 9.999083278157025], [104.01082616014365, 9.999081746992537], [104.0108302673327, 9.999080035131179], [104.01083437465694, 9.999078232854329], [104.01084249863237, 9.999074266504712], [104.0108505316643, 9.999070119189993], [104.0108624902685, 9.99906371725263], [104.01087043235658, 9.999059388972503], [104.01087828336588, 9.999054970142716], [104.01088604343167, 9.999050370347843], [104.0108898779252, 9.9990480251756], [104.01089362147533, 9.99904549903843], [104.01089718273305, 9.99904288221774], [104.01090065291217, 9.99904017484755], [104.01090741111314, 9.999034579008155], [104.01091416958427, 9.999028802337744], [104.01093070144684, 9.999013998463274], [104.01094047470275, 9.999005061674483], [104.01094686885845, 9.998998922805567], [104.01094997472246, 9.998995853237046], [104.01095353787187, 9.998991970599622], [104.01095746709287, 9.99898727475927], [104.01095984324667, 9.99898420411861], [104.01096459582453, 9.998977882006377], [104.01097126875746, 9.998968307752444], [104.01099613296624, 9.998932178025706], [104.01100390235449, 9.998921339562829], [104.01100920342948, 9.998914204514875], [104.01101212767564, 9.99891059218511], [104.01101797562714, 9.998903729187232], [104.01102089946764, 9.998900388103682], [104.0110260158166, 9.998894789849858], [104.0110313144577, 9.998889282279332], [104.0110339637106, 9.998886573701753], [104.01103679525572, 9.998883955807553], [104.01104008313975, 9.998881157752354], [104.01104346223742, 9.998878359831096], [104.01104684119986, 9.998875652325237], [104.01105040245454, 9.998873035502736], [104.01105752482862, 9.998867892273038], [104.01106473814582, 9.998862930008016], [104.01106839020845, 9.99886058456559], [104.01107213348479, 9.998858239257084], [104.01107587649074, 9.998856074779408], [104.0110797105752, 9.99885400085109], [104.01108746982257, 9.998849943543734], [104.0111456163353, 9.998821005520126], [104.0111567529205, 9.998815325689336], [104.011167798697, 9.998809374477888], [104.01117510200892, 9.998805226083208], [104.01118596603298, 9.99879882252605], [104.0111966476292, 9.998792418700647], [104.01120367783977, 9.998787908241729], [104.01121070818523, 9.998783307367225], [104.01121399552635, 9.998780870971927], [104.01121664369596, 9.998778885716272], [104.01121965753103, 9.99877635850368], [104.01122258028742, 9.998773740741697], [104.01122833485667, 9.998768324252834], [104.01123335904063, 9.998763358769647], [104.01124066761984, 9.998755684171304], [104.01124660596687, 9.998749363795545], [104.01125236202138, 9.998742952736391], [104.0112579357834, 9.998736450993837], [104.0112606771926, 9.998733109640126], [104.01126341887193, 9.998729587455513], [104.01126862885958, 9.99872236185357], [104.01127356547613, 9.998714955018919], [104.0112785022276, 9.998707457768738], [104.01129038729381, 9.998689211258275], [104.01129486757085, 9.998681984584579], [104.01129916555543, 9.998674667227556], [104.01130126914344, 9.998670872858906], [104.01130328151775, 9.998667078356336], [104.01130703303052, 9.99865921770311], [104.011312341119, 9.998647381046789], [104.01131920591793, 9.998631477971841], [104.01132588855904, 9.998615393798023], [104.01133431074247, 9.998594972226876], [104.01134264171114, 9.998574550521546], [104.01135555078461, 9.998542471918459], [104.01135884622639, 9.99853461059502], [104.01136058509333, 9.998530725274893], [104.01136397066794, 9.9985235874088], [104.01136772096184, 9.998516540493663], [104.01136955050191, 9.998513016969127], [104.01137357416629, 9.998506151286438], [104.01137677407156, 9.998501183123036], [104.01137933345547, 9.998497570254056], [104.0113819840529, 9.998493957518939], [104.01138764969689, 9.998487003830459], [104.01139349763282, 9.998480140825079], [104.01139934543343, 9.998473368235024], [104.01142904050089, 9.99843950595232], [104.01143497924352, 9.9984329143263], [104.0114478614281, 9.99841882839196], [104.01145380044008, 9.998412055934674], [104.01146266355333, 9.998401761558434], [104.01161160522533, 9.998225488762413], [104.0116731926227, 9.998152252019699], [104.01167922283862, 9.998145479691631], [104.01168223787899, 9.998142138735275], [104.01168799364412, 9.998135908498337], [104.01169393170113, 9.998129768944317], [104.011705898758, 9.9981176708006], [104.01171804797109, 9.998105753754874], [104.01172425926259, 9.998099885847946], [104.01173056149747, 9.99809419890557], [104.01173403192959, 9.998091310694837], [104.01174115495076, 9.998085715371706], [104.01175193029071, 9.998077593766817], [104.01175932641196, 9.99807236050639], [104.0117631611578, 9.998069834492213], [104.01176690455515, 9.998067398759673], [104.0117708302445, 9.998065053710068], [104.01177466445036, 9.998062889357552], [104.01177858973475, 9.998060815554203], [104.011786713674, 9.998056849179555], [104.01179894464948, 9.998051261345877], [104.01181126670313, 9.998045764060938], [104.01181957225901, 9.998042340445672], [104.01182377050871, 9.998040719120283], [104.01184905108458, 9.998031081715999], [104.01185735636987, 9.998027838930652], [104.01186566192489, 9.998024415314182], [104.01186976936542, 9.998022522608096], [104.0118738768059, 9.998020629901955], [104.0118819095296, 9.998016663391134], [104.01188994252293, 9.998012516049203], [104.01189779322398, 9.998008278024148], [104.01190573540816, 9.998003859301727], [104.01190956974739, 9.998001604532117], [104.01191331300802, 9.997999259213284], [104.0119170565384, 9.9979967330635], [104.01192427022833, 9.99799149953171], [104.01193148418787, 9.997986085168845], [104.01193851585509, 9.997980580122913], [104.01198088882003, 9.997947188449546], [104.01199139091392, 9.997938795188848], [104.01199897080414, 9.997932658035596], [104.01202481591214, 9.997911448241359], [104.01204088971264, 9.99789790945357], [104.0120511188374, 9.997889063712465], [104.01206472731003, 9.99787723920741], [104.0120782445682, 9.997865414568064], [104.01208491205094, 9.997859456906752], [104.01209157966828, 9.997853408829846], [104.0120947767241, 9.997850339383085], [104.01209797377986, 9.9978472699363], [104.01210418573409, 9.99784094994436], [104.01211030660942, 9.997834539403161], [104.0121194423827, 9.99782487831656], [104.01212547217887, 9.99781837722593], [104.01213131968274, 9.997811785452368], [104.01213698489438, 9.997805102995912], [104.0121425590272, 9.997798329990225], [104.0121728979784, 9.997760761535151], [104.01218112242253, 9.99775055661733], [104.01218962037157, 9.997740442515692], [104.01219848303894, 9.99773041936386], [104.01221638985504, 9.997711006234866], [104.01224644719537, 9.997678771883223], [104.0122585062377, 9.99766613135845], [104.01226755051887, 9.99765665096454], [104.0122737623313, 9.9976504213845], [104.01227997400873, 9.997644282219785], [104.01228307984734, 9.997641212637378], [104.01228956489497, 9.99763525470425], [104.01229623223435, 9.997629387453681], [104.01231851755108, 9.997609799901317], [104.01232418032913, 9.997604744919522], [104.01233075685825, 9.997598606288205], [104.0123473808763, 9.997583079145564], [104.0124301377067, 9.997504357898695], [104.01243972858472, 9.997495330378369], [104.01244950175419, 9.99748639354035], [104.01245900074404, 9.997477817963144], [104.01247525760584, 9.997463827342006], [104.0124882264742, 9.997452725206495], [104.01250174275647, 9.997441533456337], [104.01250859197586, 9.997436028130055], [104.012515441195, 9.997430522803615], [104.0125221987964, 9.997425288589866], [104.01253580453825, 9.997415272372779], [104.01254256186955, 9.9974102189895], [104.01254913704345, 9.997404984508059], [104.01255242489977, 9.997402186436355], [104.01255571289076, 9.997399297949151], [104.01256210658062, 9.997393430292083], [104.01257178906927, 9.997384131654716], [104.01258147196152, 9.99737456177064], [104.01258777524541, 9.997368151486706], [104.012590972696, 9.997364810788262], [104.01259663735159, 9.99735848998485], [104.01260221092838, 9.997352078632334], [104.0126106171018, 9.997342326046926], [104.01261600852081, 9.997335733596158], [104.0126241413229, 9.99732579977885], [104.01262670041424, 9.997322367729867], [104.01263181859676, 9.997315503631832], [104.01263666340859, 9.997308458302207], [104.01264150822016, 9.997301412972506], [104.01265759732048, 9.997277566788672], [104.01266500256857, 9.997266185254619], [104.01268474975952, 9.997235924911632], [104.01269471436483, 9.997220930496319], [104.01270202718487, 9.99721036256698], [104.01271445818325, 9.997192930537915], [104.01272460359628, 9.99717902137416], [104.01273228086343, 9.997168725224416], [104.01273758119846, 9.997162042222403], [104.01274041379241, 9.99715870098834], [104.01274617005875, 9.99715210906909], [104.01275201740343, 9.997145607698682], [104.01276097071188, 9.997135946325294], [104.01277001509838, 9.997126375500587], [104.01277604446466, 9.997120145643075], [104.0127819820788, 9.997114277313834], [104.01279038581688, 9.997106152201654], [104.01280335614155, 9.997094055482295], [104.01281623457876, 9.997082410706255], [104.01282482006842, 9.997074737937389], [104.01283002582068, 9.997070315186976], [104.01283641855669, 9.997065080432275], [104.01284609860424, 9.997057409264373], [104.01285961351162, 9.99704712165277], [104.01287258046563, 9.997037285317198], [104.0128908429019, 9.997024020933253], [104.0129091053367, 9.997010756548226], [104.01292015371398, 9.997002996964168], [104.01292718399748, 9.996998396049957], [104.01293421428079, 9.996993795135582], [104.0129660781152, 9.99697340780666], [104.01299036425034, 9.996957711005228], [104.01300086426792, 9.996950673941551], [104.0130078034706, 9.996945982476626], [104.01301118199325, 9.996943546195213], [104.01301821335095, 9.996938221955157], [104.01302515362984, 9.996932807166056], [104.01303200282986, 9.996927301827913], [104.01303876095108, 9.99692170594074], [104.01304524570158, 9.996915928822256], [104.01304844273932, 9.996912859365315], [104.01305154856381, 9.996909789774932], [104.01305447236555, 9.9969064486713], [104.01305739630185, 9.996903017152157], [104.0130628795906, 9.996895972749241], [104.01306827206963, 9.996888656966405], [104.01307339090889, 9.996881340783272], [104.01307841880383, 9.996873843635704], [104.01308088707735, 9.99687014020293], [104.01308317319356, 9.996866255672394], [104.01308536809657, 9.996862371008456], [104.01308738070766, 9.996858395662226], [104.01308930210558, 9.996854420182592], [104.01309104121162, 9.996850354020692], [104.01309442834497, 9.996842131147986], [104.01309937242674, 9.996829661015543], [104.01310578210881, 9.996813033905362], [104.01311347482981, 9.99679233996602], [104.01312922861976, 9.996748601817753], [104.01313380717326, 9.996736583228458], [104.01313865990409, 9.996724203377305], [104.01314387735253, 9.99671191447503], [104.01314726434843, 9.996703782017068], [104.01315083377044, 9.996695649825801], [104.01315467629347, 9.996687879696498], [104.01315851841265, 9.99668038081358], [104.01316245161027, 9.99667297247944], [104.01316857943917, 9.996661860311546], [104.01317507212012, 9.996650748676982], [104.01318906149773, 9.99662807479697], [104.013193724668, 9.996620486698317], [104.01319811433325, 9.996612807784029], [104.01320223089706, 9.996604766807692], [104.013206165169, 9.996596635149098], [104.01321192989136, 9.99658434704559], [104.01327607810315, 9.996444748606642], [104.01328349070813, 9.996428394205], [104.01329932423606, 9.996392341494927], [104.01330472369531, 9.996380324102452], [104.01330664495305, 9.996376439036672], [104.01331067043245, 9.996368307509806], [104.01331899462629, 9.996352316102296], [104.01333179995937, 9.99632846508038], [104.01333619002067, 9.996320514917356], [104.01334076223883, 9.996312745851858], [104.01334533405334, 9.996305248032728], [104.0133500878902, 9.996298021726584], [104.01335493267092, 9.996290976384637], [104.01336233666112, 9.996280408571522], [104.01336992294239, 9.996269931440311], [104.01337513230534, 9.996263067462207], [104.0133777824588, 9.99625972595526], [104.0133804326122, 9.996256384448282], [104.01338326492258, 9.996253224038847], [104.01338892940876, 9.996246993635387], [104.01339769930597, 9.996237964884072], [104.01340966596126, 9.996226047502441], [104.01341880044046, 9.996217200114655], [104.01342501139656, 9.996211513003155], [104.01343122235245, 9.996205825891526], [104.01345889592822, 9.996181634927757], [104.01346483270615, 9.996176309077525], [104.01347104352622, 9.996170712380557], [104.01347743744434, 9.996164663872603], [104.0134869371753, 9.9961555457694], [104.01349314893577, 9.996149316163594], [104.013499269483, 9.99614308642439], [104.01350219313869, 9.996139835731611], [104.01350502558134, 9.996136584905537], [104.01350785829284, 9.996133153248463], [104.0135105085783, 9.996129721324829], [104.0135156271264, 9.99612258596451], [104.01352056338274, 9.996115359922083], [104.01352284908486, 9.99611174663431], [104.01352513505581, 9.996107952515551], [104.01352732967928, 9.996104248678995], [104.01352925093265, 9.996100363611667], [104.01353089814373, 9.996096749390995], [104.01353254535475, 9.996093135170314], [104.01353391906126, 9.996089430134356], [104.0135365752612, 9.996082019929165], [104.01353923267088, 9.996073795984575], [104.01354170765454, 9.99606557177344], [104.01354289960702, 9.996061414393493], [104.01354390913356, 9.996057256747028], [104.01354482744709, 9.996053098967293], [104.01354556346911, 9.996048850505561], [104.01354611719961, 9.996044511361827], [104.01354648863858, 9.9960400815361], [104.01354695787764, 9.996031221484861], [104.01354725154671, 9.996017749977371], [104.01354739572525, 9.995982126409508], [104.0135478915812, 9.995955364092158], [104.01354799610267, 9.995946413092364], [104.01354837426292, 9.995937462492325], [104.01354865448876, 9.9959330325333], [104.01354930575003, 9.995924443994955], [104.01355060208873, 9.995911426030583], [104.01355217193165, 9.995898498881434], [104.01355327925731, 9.995889911009323], [104.01355466035612, 9.995881233121466], [104.01355705165261, 9.995867945509572], [104.01355962524026, 9.995854748579635], [104.01356247233203, 9.995841642464883], [104.01356449205507, 9.995832875094198], [104.01356568414069, 9.99582862729857], [104.01356825087211, 9.995820041558304], [104.01357099976035, 9.995811636915468], [104.0135739310742, 9.99580323253909], [104.01357704467927, 9.995794918844657], [104.01358034070995, 9.99578660541666], [104.01358198859084, 9.99578253911814], [104.01358555785667, 9.995774497336265], [104.01358940062657, 9.995766546369554], [104.01359726845715, 9.995750735117918], [104.01360522749982, 9.99573492399928], [104.01361135623584, 9.995723178912657], [104.01361547223983, 9.995715499591723], [104.01362187394167, 9.995704206982003], [104.01362854914724, 9.995693005187302], [104.01363513300507, 9.995681893674705], [104.01363979574755, 9.99567457681471], [104.0136422638708, 9.995670963792266], [104.01364464064673, 9.99566744105207], [104.01364738240846, 9.995663828429247], [104.01365295674138, 9.99565687456322], [104.01365542378917, 9.995653984864573], [104.0136556062149, 9.995653985131014], [104.0136826509123, 9.995623283297114], [104.01371635454502, 9.995592319938172], [104.01375314879267, 9.99556850392776], [104.01379302989504, 9.995554366898713], [104.01382275587336, 9.995560739399085], [104.01385831651893, 9.995569109560243], [104.01387592583517, 9.995565609056305], [104.01389437433524, 9.995549813242878], [104.01390958417025, 9.995503723444951], [104.01395091133585, 9.99537575515395], [104.01397682917518, 9.995305359160406], [104.01402963257269, 9.99518852873546], [104.01404715424353, 9.995121194614683], [104.01404834685708, 9.995116585154738], [104.01406274862377, 9.995061814260982], [104.01406596000079, 9.995049070334423], [104.01406797930177, 9.995040574205898], [104.01406963402039, 9.99503189671395], [104.01407037016696, 9.995027557834867], [104.01407175151593, 9.995018699112604], [104.01407359550755, 9.995005410696447], [104.01407774599853, 9.994974494585625], [104.01407977241489, 9.99496120643556], [104.01408133605432, 9.994952438394884], [104.01408234583852, 9.994948099915035], [104.01408335548842, 9.994943851850667], [104.01408583071718, 9.994935446802888], [104.01408986273725, 9.994922884904742], [104.01410131399659, 9.994889447806676], [104.0141052539972, 9.99487742826815], [104.01410937763113, 9.994864595256251], [104.01411881710652, 9.99483459101834], [104.0141229407393, 9.994821758006184], [104.01412587202913, 9.994813353623368], [104.0141304510532, 9.994800973353978], [104.01415425829407, 9.994739073336422], [104.01418521098182, 9.994656388130307], [104.01418997256059, 9.994643917710398], [104.0141931773504, 9.994635604141422], [104.01419665564356, 9.994627381387087], [104.0142001338023, 9.994619249048204], [104.0142059891254, 9.994607322717687], [104.0142178819269, 9.99458365115337], [104.01422163331964, 9.994575790459855], [104.01422346361099, 9.994571724423299], [104.01422520268972, 9.994567658253683], [104.01422849842194, 9.994559525648313], [104.01423316878494, 9.994547055094516], [104.01424058787225, 9.994526270305807], [104.01424791574604, 9.994505485383815], [104.01425936764387, 9.994471596200519], [104.0142665137611, 9.99445035893434], [104.01427063724839, 9.994437616335064], [104.01427439508001, 9.994425415696591], [104.0142807188062, 9.994405171803178], [104.01428566830467, 9.994388994611787], [104.0142893349226, 9.99437679384003], [104.01429391997272, 9.994360344869806], [104.01430428200712, 9.994323289545205], [104.01431354277938, 9.99429075339905], [104.01431684467924, 9.994278461679217], [104.01431877208461, 9.994270417492743], [104.01432051760167, 9.994262011378192], [104.01432208055947, 9.994253695413084], [104.01432337001398, 9.994245288633401], [104.01432438583099, 9.994236881454645], [104.01432484820036, 9.994232632591004], [104.01432512801054, 9.994228473876827], [104.01432522553, 9.994224224481105], [104.01432514075869, 9.99421988440384], [104.01432487356249, 9.994215544060536], [104.01432442407553, 9.99421111303569], [104.01432325119589, 9.99420243141795], [104.01432126397957, 9.994189318243265], [104.0143135824459, 9.994141115472221], [104.01430328138498, 9.994075639481752], [104.01429370170663, 9.994015770316459], [104.01428131752944, 9.993940345559976], [104.01427896573477, 9.993927051021874], [104.0142773370635, 9.993918187907779], [104.01427543408417, 9.993909776472123], [104.01427362231728, 9.99390136516948], [104.01426655123363, 9.993872060169187], [104.01426029475479, 9.99384700589483], [104.01425811800496, 9.99383868447549], [104.01425585017708, 9.993830272507598], [104.01424986102904, 9.99380946816095], [104.01423416155025, 9.993755376672972], [104.01422889754024, 9.993737647517499], [104.01421627982548, 9.993696670800498], [104.01421264972019, 9.993684278554422], [104.01421038162594, 9.993676047417265], [104.01420829609063, 9.993667726130672], [104.0142063017677, 9.993659404977109], [104.01419706012129, 9.993617619442485], [104.01419144388264, 9.993591390696668], [104.01418963265618, 9.993582617731567], [104.01418800398865, 9.993573754617051], [104.01418728086715, 9.99356932319284], [104.01418664895797, 9.993564891901668], [104.01418619947337, 9.993560460876594], [104.01418539158227, 9.993551689374996], [104.01418512385112, 9.993547710693553], [104.0141848620257, 9.993539753729802], [104.01418469141257, 9.993531796899093], [104.01418469731827, 9.993527818616789], [104.0141848856485, 9.993523840600577], [104.01418516505677, 9.99351995313292], [104.01418553581155, 9.9935159753828], [104.01418608899083, 9.993511997898773], [104.01418673338233, 9.99350802054779], [104.01418756019837, 9.993504043462902], [104.0141893047742, 9.993496270257172], [104.01419031388048, 9.993492383853866], [104.01419150608233, 9.993488045639118], [104.01419278936217, 9.993483797972907], [104.01419572077083, 9.993475303172646], [104.0141988344696, 9.993466899053944], [104.01420048246408, 9.99346274233537], [104.01420222153654, 9.993458676165337], [104.01420405182118, 9.993454610128339], [104.01420606439608, 9.993450634772914], [104.01420825926124, 9.993446750099057], [104.01421063641659, 9.99344295610678], [104.01421301357192, 9.993439162114473], [104.01421822367517, 9.99343175562601], [104.01422836903637, 9.993417755989267], [104.01423869655271, 9.99340393744924], [104.01424399679344, 9.993397254417408], [104.01424673812595, 9.993393913034476], [104.01424957040223, 9.993390752615575], [104.01425258483452, 9.993387773293712], [104.01425559913255, 9.993384884387329], [104.01425906908909, 9.993382267392569], [104.01426253864301, 9.9933799216443], [104.01426609940908, 9.993377576029019], [104.0142698423312, 9.993375411510758], [104.01427367633126, 9.993373337540975], [104.0142813441971, 9.993369280016795], [104.01428919408464, 9.993365494004983], [104.01429704383783, 9.993361798408491], [104.01430105985948, 9.993359995950941], [104.01430507561274, 9.99335837432436], [104.01430918244397, 9.993356843246245], [104.01431748705022, 9.99335396205389], [104.01432168469104, 9.993352702355162], [104.01433007983846, 9.99335027337304], [104.014334277345, 9.993349104089651], [104.01434312801663, 9.99334703743426], [104.01436520875373, 9.993342096766993], [104.01436949733812, 9.993341018031654], [104.01437378605667, 9.993339848880755], [104.01437798356295, 9.993338679596802], [104.01438199891311, 9.99333732921579], [104.01438993866942, 9.99333444748961], [104.0143939542878, 9.993332916277426], [104.01439778775003, 9.9933312039682], [104.01440153013417, 9.993329401110428], [104.0144051817085, 9.993327326873096], [104.01440910799268, 9.993324529710582], [104.0144131264281, 9.993321099772427], [104.01441705445613, 9.993317127208165], [104.01442070911574, 9.993312973413886], [104.01442409013862, 9.993308819220628], [104.0144271059101, 9.99330493574195], [104.0144333209505, 9.99329644572636], [104.01443356105864, 9.993257567322281]], [[104.01081977878853, 9.99785949908035], [104.01094632728723, 9.998263029162189], [104.01110166084115, 9.99838739799032], [104.01141895265565, 9.99810947405274], [104.0115375057038, 9.998064982693146], [104.01219328642364, 9.997484029087941], [104.01261218108965, 9.996966018345347], [104.01321913929972, 9.99590759625105], [104.0133943439586, 9.995672861982047], [104.01350237803469, 9.995524738118574], [104.01367166944213, 9.995279235573767], [104.01381242231157, 9.99496470409124], [104.01386943733729, 9.994837210786706], [104.01397275965785, 9.994606259086849], [104.01411195854966, 9.994662158280377], [104.0140982089818, 9.99421629841805], [104.01411431490043, 9.993935219508511], [104.0141414000831, 9.99375424679041], [104.01409751118564, 9.99370336913756], [104.01409302469109, 9.993530578187118], [104.01410215437541, 9.993524895317433], [104.01417437183177, 9.993233048362073], [104.0142272691771, 9.99317553071265], [104.01425127742588, 9.99297809782554], [104.0142590967612, 9.99268760356112], [104.01402106497778, 9.99260452597852], [104.01381587869923, 9.992269778854476], [104.01365596427071, 9.993080935903246], [104.01355887583412, 9.993352312458258], [104.0135032671977, 9.993454220139926], [104.0134262190719, 9.99355917062244], [104.01323931679211, 9.993809801055567], [104.01308945627919, 9.994115187015002], [104.01289627782813, 9.995088952653372], [104.01264170188692, 9.995518145040482], [104.01167661509297, 9.997020524358797], [104.01120541380368, 9.997504099115321], [104.0111003773934, 9.997720399933808], [104.01081977878853, 9.99785949908035]], [[104.00933554175559, 9.994216187125485], [104.01095917754184, 9.993693531571049], [104.01066553473915, 9.99304246918309], [104.01064514170898, 9.992894700032076], [104.01022170431939, 9.992549141917136], [104.01018447493765, 9.991888600783653], [104.01015742233551, 9.99161984565856], [104.01012373448937, 9.991518440162624], [104.00982816603741, 9.991607426461742], [104.00961386290753, 9.991760184754309], [104.00950584281956, 9.991898723326853], [104.00913277635901, 9.992574121148733], [104.00884332381185, 9.992780746271139], [104.00878631829627, 9.993022433620478], [104.00933554175559, 9.994216187125485]], [[104.00939015373346, 9.995023317548279], [104.00871998107863, 9.993100454888815], [104.00813436206369, 9.993670746090782], [104.0080430056348, 9.99382721101795], [104.00878929902049, 9.995472520764368], [104.00939015373346, 9.995023317548279]], [[104.01022140937084, 9.998595868336158], [104.01085879681814, 9.997995812775214], [104.01060650159448, 9.997628806589894], [104.01019922100684, 9.998002347517346], [104.00993917853935, 9.998240752488572], [104.01022140937084, 9.998595868336158]], [[104.01177872236264, 9.994976918546293], [104.01171274636106, 9.995424288926275], [104.01216397048552, 9.995489778307507], [104.01222994589195, 9.995042407811187], [104.01177872236264, 9.994976918546293]], [[104.01226748471916, 9.994641469291215], [104.01271870805354, 9.994706867462279], [104.01278468236258, 9.99425958720726], [104.01233345962319, 9.994194189152484], [104.01226748471916, 9.994641469291215]]], "type": "Polygon"}, "properties": {"id": 23.0, "area": 606775.85, "perimeter": 3502.55}}, {"type": "Feature", "geometry": {"coordinates": [[[104.01368906381158, 9.968750644659387], [104.01374420826822, 9.96871265991839], [104.01347810240459, 9.968014533279554], [104.01350385498907, 9.96750037596974], [104.01419786615344, 9.967171639885445], [104.0142593099893, 9.967005997032729], [104.01443847135074, 9.96692099547114], [104.0146126469639, 9.96706193577091], [104.01419071679052, 9.967318736060532], [104.01434054652061, 9.9675789899934], [104.01486044855677, 9.967248823805757], [104.01493241820046, 9.967366288143468], [104.0150218729971, 9.967810088673675], [104.01506888467087, 9.967905816927972], [104.01512733589901, 9.967975250777156], [104.01524531692061, 9.968001461861423], [104.01530715937517, 9.967997935011477], [104.01545598191822, 9.967952852684629], [104.01550828119679, 9.967926707982912], [104.01553723408335, 9.967899082743479], [104.01560088746113, 9.96778091115787], [104.01560346843378, 9.96776247006728], [104.01560595713318, 9.967744752169635], [104.01560835582843, 9.967726220398635], [104.0156101158207, 9.96770786853269], [104.01561041546336, 9.967690237874935], [104.01560907207953, 9.967673508992082], [104.01560662902924, 9.96766030473235], [104.01559166388007, 9.967603592277257], [104.0156094264026, 9.967557053879414], [104.01561473805182, 9.967542323800181], [104.01561968514729, 9.967527412360239], [104.01562417675088, 9.967512138595966], [104.01562839473887, 9.967496864434667], [104.015637842911, 9.967460259717521], [104.01564709585865, 9.967432334639362], [104.01565057846547, 9.96742094729286], [104.01565378985923, 9.967407932067387], [104.01565673017333, 9.967393198547272], [104.0156594908797, 9.967376566033485], [104.01566188876753, 9.967358576755437], [104.01566881014868, 9.967303704367414], [104.01569222761779, 9.967256993334056], [104.01570256473897, 9.967236031847522], [104.01571290532814, 9.96721271955317], [104.0157214232844, 9.967188410040421], [104.01576633399588, 9.967039198583425], [104.0157831133516, 9.966979005950863], [104.0157837786025, 9.96696083332674], [104.01578134141936, 9.966943650778097], [104.01577644010345, 9.96692754964639], [104.0157588127992, 9.966882496982553], [104.01576320669794, 9.966809808998946], [104.01582975053265, 9.966772292493497], [104.01585773868183, 9.966780289671194], [104.0158679496232, 9.96678301695198], [104.01587971358153, 9.966784028582623], [104.01588482172005, 9.966783583909253], [104.0159659265707, 9.96676760746297], [104.01599716515935, 9.96679794206042], [104.01601210381983, 9.966810802766933], [104.01603260917847, 9.966821501560338], [104.01605904685483, 9.966829496474308], [104.01609150792045, 9.966834878055275], [104.01609670606454, 9.966835247251945], [104.01621334696007, 9.966842287873865], [104.01627991145563, 9.966852601302888], [104.0162920334409, 9.966858224647291], [104.01631645982258, 9.966869471599072], [104.01634398530634, 9.966881988860312], [104.01637342609492, 9.96689450889346], [104.01640350678579, 9.966906035276272], [104.01643395416377, 9.96691629636527], [104.01646413019394, 9.966925019988771], [104.01655821874938, 9.96694884518558], [104.01662275293245, 9.966975340049808], [104.0167390410569, 9.967036177426763], [104.01679818153356, 9.967071253960327], [104.01682579280077, 9.967087478358419], [104.01686424840793, 9.967109866725307], [104.01691436907105, 9.967138510660698], [104.01697606359129, 9.967173410027664], [104.01704833138267, 9.967212755055213], [104.01712589772994, 9.967246230698295], [104.01720357884486, 9.967263702878991], [104.01728028278328, 9.967263452116349], [104.01735573591775, 9.967245478014947], [104.01742738064038, 9.967212398939267], [104.01758553920924, 9.967454580393307], [104.01765308424925, 9.967418421207157], [104.01771672313897, 9.967371587289788], [104.01779820199712, 9.96728734694597], [104.0178688872728, 9.96722442914479], [104.01792987729809, 9.967180213419152], [104.01800247424443, 9.967119739576138], [104.01809425832951, 9.967036056523625], [104.01818340472659, 9.966947396763002], [104.01824113862602, 9.966884550602394], [104.0183077383566, 9.966808787746976], [104.01836083004824, 9.966739605753332], [104.01841175442884, 9.966655682832522], [104.01858957380496, 9.966303407638645], [104.0186386824487, 9.966213695439734], [104.01871423819665, 9.966063352276947], [104.0187727599398, 9.965960633729548], [104.0188391289553, 9.965855394830985], [104.01888950120232, 9.965774635582427], [104.01896672931719, 9.965665433998057], [104.01910817221507, 9.96548941709181], [104.01916892482905, 9.965420155562489], [104.01923433930952, 9.96534375787447], [104.01933460104777, 9.965200231301196], [104.01937513040373, 9.965114394507939], [104.01941486895021, 9.965008032156318], [104.01944750358903, 9.964894787966339], [104.01947892911802, 9.964797545650109], [104.01951858948712, 9.964682231991917], [104.01954921014725, 9.964574048181131], [104.01958447942366, 9.964467769787104], [104.01962486180233, 9.964357610856942], [104.0196691537604, 9.964255775807903], [104.01972408495993, 9.964175565457289], [104.01978628720013, 9.96411263499293], [104.01984608504445, 9.964072305042025], [104.01991556955534, 9.96401896910888], [104.01996553794852, 9.963964520120568], [104.02002165547233, 9.963883768923495], [104.02007898215074, 9.963786925416168], [104.02016021403517, 9.9636834254605], [104.02023209416444, 9.963613365947062], [104.02030585466657, 9.963567178925095], [104.02036894137366, 9.963522965709634], [104.0204343345813, 9.96346067260453], [104.02047710217934, 9.96340313904954], [104.02050549215724, 9.963323252111168], [104.02051948959588, 9.963231228773259], [104.02052259638889, 9.963164777513674], [104.02054082585857, 9.963110102033651], [104.02057657254014, 9.9630512925609], [104.02060759522448, 9.962979727655393], [104.02062022719859, 9.96288589403085], [104.02061966907152, 9.96276844291376], [104.02061952022474, 9.962682999629024], [104.02064854561982, 9.96260510273344], [104.02069204282493, 9.962547479772281], [104.02075703532024, 9.962509598320674], [104.02083770375563, 9.962479334281564], [104.02090013592046, 9.962445969925714], [104.02096562370556, 9.962381145187237], [104.02101288458006, 9.962306800624972], [104.02104829159553, 9.96223063074052], [104.02107229022613, 9.962159869453172], [104.02109795134874, 9.962074824825327], [104.02112329572238, 9.962019345758828], [104.02104001213789, 9.961966785107695], [104.02069499547713, 9.961836905041542], [104.02060834339791, 9.961405496606524], [104.02071881349576, 9.96076523887354], [104.0210823672091, 9.960378508619877], [104.02133551005751, 9.959590896178513], [104.02180763252478, 9.958989311313102], [104.02187996636547, 9.958794568369543], [104.02201106457305, 9.958328661497976], [104.02239908700801, 9.957732651528495], [104.02252387107455, 9.95715498117324], [104.02260996224564, 9.956655646146666], [104.02250154700243, 9.956262452905879], [104.02235833228052, 9.95559118068568], [104.02162240412422, 9.955040579858661], [104.02149630466009, 9.95464238814578], [104.02131339159378, 9.954240950486621], [104.02108061795376, 9.95332090554143], [104.02116291363437, 9.952923373816674], [104.02105089995196, 9.952685780949013], [104.02104164920839, 9.952525098452657], [104.01964416656193, 9.952967036264482], [104.01962587494904, 9.953189342898002], [104.01839812187457, 9.953065605533979], [104.01782170651055, 9.953019385955804], [104.01806941687744, 9.953138459256484], [104.01809844585134, 9.953182262425674], [104.01811320145107, 9.953257419361787], [104.0181151730783, 9.953467729742302], [104.01811777650256, 9.95362035564505], [104.01860543092204, 9.953620063576135], [104.0186899290495, 9.954149299494278], [104.0186989660539, 9.954641898701748], [104.0187739042725, 9.954911174918529], [104.01881361165087, 9.955136639081188], [104.01889197732709, 9.955432140836837], [104.01897043433426, 9.955727642706814], [104.01924798128141, 9.956773973887305], [104.0193925306281, 9.957152301331336], [104.01932156307822, 9.957285201152521], [104.01923356763669, 9.957399631605075], [104.01909881791072, 9.95742945583856], [104.02018234750507, 9.957773960953814], [104.02005940483261, 9.958399191658042], [104.01838338122478, 9.957895152746664], [104.01836530274261, 9.957846844577935], [104.01746929137643, 9.958182532267859], [104.01671673824124, 9.958333614817622], [104.01684160336546, 9.958947719484181], [104.01678604834376, 9.959328109342634], [104.01645960992799, 9.959715340559157], [104.01611791313799, 9.959749294368347], [104.01570739913039, 9.958951321767966], [104.01564015692351, 9.958474009151434], [104.01562174574521, 9.95846602586582], [104.01560397525246, 9.958456506437459], [104.01558720998892, 9.958445632226725], [104.01557126754959, 9.958433402969346], [104.01555651261135, 9.958419909610003], [104.01549504027281, 9.958359241833618], [104.01543365902609, 9.958298664594736], [104.01537218673292, 9.958237996797463], [104.01530953830392, 9.958170907754592], [104.01525273419516, 9.95809885430337], [104.01520204707813, 9.958022469753542], [104.0151579322949, 9.957942206847859], [104.01509175466919, 9.957794642492184], [104.01496542802977, 9.957555128276683], [104.0149573071555, 9.95755773855206], [104.0147013412863, 9.956975450214824], [104.0145334416167, 9.957034609629858], [104.01436261830433, 9.95703553686995], [104.01418242254971, 9.956775329284978], [104.01408088354499, 9.956611257656537], [104.01380129402062, 9.956648283250868], [104.01350652463319, 9.956835648139778], [104.01342894677272, 9.95687341946928], [104.01310187841982, 9.95682339525994], [104.01302276614767, 9.95697337036938], [104.0127766514591, 9.95725366257339], [104.01266637420265, 9.957385780220932], [104.01300037834694, 9.958294313748059], [104.01304704809115, 9.958434888027076], [104.01330754808306, 9.959094941755808], [104.01352387154023, 9.95965565435883], [104.0139900594198, 9.960608411959473], [104.01439623616142, 9.96106903855077], [104.01462876757715, 9.962204819056714], [104.0144928045966, 9.9621900645259], [104.01435210152208, 9.963036785459462], [104.0138393980298, 9.964114700839977], [104.01374017556228, 9.964478841871914], [104.01348148394543, 9.96474926060088], [104.01318310047026, 9.96453951312021], [104.01299345790622, 9.964804697553932], [104.01272162433432, 9.964527357339586], [104.01237864920839, 9.964804342962365], [104.01196534631836, 9.965025710119448], [104.01206006156536, 9.965240857353189], [104.01024038516012, 9.965460616601774], [104.01015183404986, 9.965454880945922], [104.01015333041111, 9.965491139877162], [104.01016066653557, 9.965586720139614], [104.01014340188354, 9.96566589905651], [104.0100577732339, 9.96577969734624], [104.01005847623897, 9.965858631369603], [104.01008780545516, 9.965945654396574], [104.01012082605665, 9.96600374978109], [104.01019931819579, 9.96614952477026], [104.01022321351726, 9.966210861729696], [104.01022896155453, 9.966270544587177], [104.01023615078634, 9.966342345275137], [104.01026204291487, 9.966410195098204], [104.01030473816836, 9.966463693449775], [104.01034982580329, 9.966503090439943], [104.01036708791904, 9.966547871572361], [104.0103649193864, 9.966595336686664], [104.01035020372926, 9.966677683899974], [104.0103339672639, 9.966740137406392], [104.010296707283, 9.966772542035397], [104.0102620124981, 9.966797265079512], [104.01022922342744, 9.966828410436465], [104.01022060119188, 9.966861218723047], [104.01022426299417, 9.966913213176156], [104.01021617840291, 9.966952441772351], [104.01019196162103, 9.966984232609015], [104.01015270548412, 9.967009672275282], [104.01012375278883, 9.967036935368998], [104.01011576141146, 9.96707480786165], [104.01014206535504, 9.967111193601038], [104.01018251118823, 9.967144164284296], [104.01017171041337, 9.967170007356533], [104.01014877358303, 9.967199720503173], [104.01015044803324, 9.967238872997658], [104.0101968885738, 9.967288488980092], [104.01020831345424, 9.967333351972448], [104.01018072705286, 9.967361792478991], [104.0101348501619, 9.96736226766944], [104.01007639549518, 9.967357028203558], [104.01003777962859, 9.967381202971684], [104.01002418719676, 9.967444202830743], [104.0100323364488, 9.967544937978492], [104.01005878375564, 9.967668575171247], [104.01008238150253, 9.967746005712836], [104.01008828107585, 9.967765272932413], [104.01012688002113, 9.967874642255852], [104.0101484595412, 9.967959936005604], [104.0101714785118, 9.968058522986722], [104.01022079572486, 9.968197383572106], [104.01026666609701, 9.968262459812115], [104.01032495321382, 9.968318964758378], [104.01038945566282, 9.968366527647014], [104.01045261015312, 9.968400616594725], [104.01051248612444, 9.968431445755789], [104.0105738780693, 9.968485423571394], [104.01063320009379, 9.968520772689379], [104.01071762205339, 9.968543771620086], [104.01080524497316, 9.968560898193758], [104.01089230544058, 9.96858824090558], [104.01097760418372, 9.96863492999492], [104.01106282508584, 9.968672667785672], [104.01114972609841, 9.968684639513523], [104.01122599313737, 9.96867173130608], [104.01131897592585, 9.968641939794848], [104.0113842107441, 9.968626574175106], [104.01143018090869, 9.968624833136376], [104.01147630386606, 9.968642983791186], [104.0115135663173, 9.968670253471366], [104.01155545171008, 9.96871669806135], [104.01158102535669, 9.968753715539442], [104.0116384217357, 9.968796114100863], [104.01173252709023, 9.968808729128664], [104.01183267985482, 9.968802636901518], [104.01191926198446, 9.968783776175636], [104.01199792995041, 9.968750979824044], [104.01206693295951, 9.968716270595612], [104.01212441329486, 9.968702249733953], [104.01218414149538, 9.968709931941119], [104.01222194842583, 9.968739101072787], [104.01225720537678, 9.968765734832285], [104.01233714314924, 9.968799034212422], [104.01238208239842, 9.968815917194863], [104.01242373436241, 9.968835417429014], [104.01246217493019, 9.968867842429582], [104.0124950413632, 9.968907402135478], [104.01251741152484, 9.968952100213075], [104.01253284524424, 9.969000043130224], [104.01258679774996, 9.96902778914513], [104.01263356491381, 9.969042143121538], [104.01265842827188, 9.969066230024792], [104.01264779283687, 9.969103646645834], [104.0126391612331, 9.969142874507977], [104.01264666950364, 9.969184476743267], [104.01267217023695, 9.969209287902828], [104.01271957680905, 9.969223009891097], [104.01279864001499, 9.969231172293982], [104.01285500393298, 9.969231977874127], [104.01293007598436, 9.969225396643898], [104.01298460156583, 9.969235783596586], [104.01307357760021, 9.969263218965384], [104.01312682537726, 9.969274236942253], [104.01317344172121, 9.969267342907955], [104.01320813174195, 9.969245874529348], [104.0132419488743, 9.969198003454489], [104.01328089536713, 9.969135402075125], [104.01331223370047, 9.969098467692348], [104.01336931798058, 9.969044030166902], [104.0134160960282, 9.968989577609149], [104.01345566950283, 9.968934662464918], [104.01349350335772, 9.968884265571381], [104.01352884248026, 9.968855564835952], [104.01357064953817, 9.968832027222717], [104.01362405414969, 9.968798741591032], [104.01368906381158, 9.968750644659387]], [[104.01753411841187, 9.958939859293405], [104.01798529433843, 9.9590052482054], [104.0180513433196, 9.95855787499877], [104.0176000767834, 9.958492486070902], [104.01753411841187, 9.958939859293405]], [[104.01637613520235, 9.966789087909286], [104.01682732153694, 9.96685447885284], [104.0168933740444, 9.96640719664761], [104.01644209709838, 9.966341805687904], [104.01637613520235, 9.966789087909286]], [[104.01615019855859, 9.96531914097315], [104.01660138282648, 9.9653845321302], [104.0166673441765, 9.964937159383597], [104.01621616050197, 9.96487176834235], [104.01615019855859, 9.96531914097315]]], "type": "Polygon"}, "properties": {"id": 27.0, "area": 1116228.8, "perimeter": 6902.77}}, {"type": "Feature", "geometry": {"coordinates": [[[104.02302226931452, 9.919666914128449], [104.02302181139333, 9.919668269720416], [104.02302098844301, 9.919669805625723], [104.02302044011465, 9.919670618591883], [104.02302016575429, 9.919671160698991], [104.02301925213524, 9.919672334810539], [104.02301806480973, 9.91967359894908], [104.0230171518446, 9.919674320980512], [104.0230157822661, 9.919675494443688], [104.02301432175726, 9.919676486945123], [104.02301286164082, 9.919677208198499], [104.02301140165513, 9.919677839035844], [104.02300985073914, 9.919678288911461], [104.02300829995393, 9.919678648371058], [104.0230067494303, 9.919678826998593], [104.02300519903744, 9.919678915210104], [104.02300346652243, 9.919678822330209], [104.02300191652195, 9.919678639293645], [104.02299881717495, 9.919677821140382], [104.0229959921884, 9.919676460880003], [104.02281242529176, 9.919548532106154], [104.02281079139695, 9.919858386115287], [104.02257376012491, 9.92018915294821], [104.0221370437508, 9.920375782985571], [104.02154380908291, 9.920458662660677], [104.02136244347012, 9.920259307459943], [104.02125274284137, 9.919942784673877], [104.02127879808286, 9.919834864936758], [104.02125311040376, 9.9196896198814], [104.02165435511199, 9.919626991401334], [104.02233992318855, 9.919195778914844], [104.0222167761828, 9.919096055301424], [104.02190815235616, 9.918928345622938], [104.0219066031465, 9.918927620085428], [104.02190505367471, 9.918927075379939], [104.02190350407186, 9.918926621090451], [104.0219017719546, 9.918926256957029], [104.02190177208568, 9.91892616654102], [104.02190013063573, 9.9189261642016], [104.02189839786307, 9.918926252148216], [104.02189684747374, 9.918926340354753], [104.02189520549948, 9.918926699679355], [104.02189356339412, 9.91892714941996], [104.0215033466965, 9.91905751568806], [104.02121303168869, 9.919092815846133], [104.02121303181994, 9.919092725430131], [104.0212112989151, 9.919092903789144], [104.02096654735884, 9.919087762309683], [104.02095642547475, 9.919087476606695], [104.02095341706824, 9.919086839397222], [104.02095186746615, 9.91908638510337], [104.02094913368552, 9.919085024956567], [104.02094785831524, 9.919084118973391], [104.02094658294502, 9.919083212990211], [104.02094549022083, 9.9190821264355], [104.02094348741862, 9.919079772754518], [104.02094194110028, 9.919077058060692], [104.02094057966096, 9.919072625723368], [104.02094031055172, 9.919069551188773], [104.02094058872396, 9.91906638701957], [104.02094187184362, 9.91906195845893], [104.02094132259192, 9.919063404333503], [104.02092989394568, 9.919083822069837], [104.02090699855498, 9.919150878180004], [104.02089430680168, 9.919287478906353], [104.0209074861526, 9.919380174317212], [104.02099203156298, 9.919561308256494], [104.021013312708, 9.919663870596809], [104.02101009989153, 9.919741171844828], [104.02097002466151, 9.919832796623515], [104.02091055009379, 9.91990748586266], [104.02071750963552, 9.92008659578207], [104.02065581270763, 9.920184428335538], [104.02064420079856, 9.920268137118697], [104.02065275113023, 9.920345816832224], [104.02068312699224, 9.92040246076726], [104.02072681900951, 9.92045767706912], [104.02077908782819, 9.920509650637936], [104.02093282905821, 9.920641335385634], [104.02100417771808, 9.920679140833881], [104.02109721121471, 9.920729997160798], [104.02123748267704, 9.920780649647622], [104.02133540626326, 9.920792362685328], [104.0214258732287, 9.920789508049808], [104.02143462807089, 9.920789249293334], [104.0214704686941, 9.920787853772131], [104.02148962023124, 9.920787067350483], [104.02151834747121, 9.92078593292396], [104.02160460595204, 9.920792475519304], [104.02169771067123, 9.92079432621433], [104.0217127603971, 9.920792268103819], [104.02186599432989, 9.920771057949096], [104.02204133515421, 9.920723387283973], [104.02216195251742, 9.920681244369774], [104.02259257976701, 9.920417571053374], [104.02276034330065, 9.920249454833234], [104.02284250171209, 9.920127419431408], [104.02288083662889, 9.920040764824234], [104.02292806436891, 9.919921482609672], [104.02298687344678, 9.919802216856061], [104.02301885820238, 9.919692497064618], [104.02302226931452, 9.919666914128449]]], "type": "Polygon"}, "properties": {"id": 30.0, "area": 37144.14, "perimeter": 757.503}}, {"type": "Feature", "geometry": {"coordinates": [[[[104.01832301250055, 9.913386854182455], [104.01831560249266, 9.913340550462918], [104.01829437724953, 9.9133254204989], [104.01827114133896, 9.913313361797984], [104.01823621396103, 9.91331439666058], [104.01821951456228, 9.913322329314443], [104.01819393394804, 9.91335475200364], [104.01816293706914, 9.91341185053227], [104.01812876080545, 9.913460535788028], [104.01809343497841, 9.913484626188565], [104.01802119762169, 9.913494649073574], [104.01795019117242, 9.91347357054585], [104.01786685052224, 9.913406181203682], [104.0177852619415, 9.913325503181506], [104.01770694408361, 9.913253148128858], [104.0176315128831, 9.913202316257287], [104.01756418056402, 9.913163159697046], [104.01748926428687, 9.913134390081522], [104.01733848588464, 9.913100086397863], [104.01725891009211, 9.913077367915362], [104.01717896664091, 9.913056638041326], [104.01704195707121, 9.91302298694635], [104.0169791601408, 9.913000382957653], [104.01694516296385, 9.912988941594824], [104.01684353514861, 9.912955341339163], [104.01678611395083, 9.912935819203186], [104.01672862302215, 9.912901649538606], [104.01667817518327, 9.912852842587762], [104.01664462570058, 9.912784801321529], [104.0166214095602, 9.912697064209576], [104.01664335319742, 9.912595196791738], [104.01668412442983, 9.912464332891686], [104.0166964975565, 9.912421674276452], [104.01669584523948, 9.912368960711921], [104.01666914721278, 9.912292611025643], [104.01661815504337, 9.912179698222616], [104.01658509549007, 9.912088511118187], [104.01648571002768, 9.911644967094167], [104.01635598209809, 9.911309878731789], [104.01630160198525, 9.911206635535155], [104.01625464351284, 9.911141558647946], [104.01621712276862, 9.911107869765509], [104.01614438449285, 9.911086697969832], [104.01600690094973, 9.911065975319426], [104.01596068356592, 9.911055239577667], [104.01592441763302, 9.911036471140514], [104.01589682928527, 9.911007769434848], [104.01587446963919, 9.91095800830105], [104.01586233262512, 9.910901842360458], [104.01585701876765, 9.910856626615123], [104.01584269003224, 9.910802627501067], [104.01581521226525, 9.910760725188979], [104.01575985272895, 9.910703683160596], [104.01573266738619, 9.910648942168875], [104.01573481064027, 9.910617661267606], [104.01575719738219, 9.910586771230054], [104.01582601046539, 9.910548443606334], [104.01589298025355, 9.910523404486254], [104.01594972264762, 9.910508025136727], [104.01603164944487, 9.910481651309945], [104.01611531624849, 9.910450216664863], [104.01617225292813, 9.910426700101242], [104.01622591911227, 9.910394770111015], [104.01626654787803, 9.910361013003927], [104.01632437055498, 9.910292922516316], [104.01635720564934, 9.910225971433228], [104.01636698007214, 9.910152025082706], [104.01634356482147, 9.910075860933464], [104.01626380822036, 9.909990393162435], [104.01619328536017, 9.909951050928202], [104.01606623853557, 9.909902585596436], [104.01594728821959, 9.909867332651944], [104.01585149464937, 9.909835729705577], [104.01562187748854, 9.90977536218845], [104.0156027343874, 9.909708697855754], [104.0155301639547, 9.909635536887565], [104.01547998238182, 9.909592155132623], [104.01538085264767, 9.909534869051944], [104.01521309059194, 9.909455060648193], [104.01512678697945, 9.909419312061235], [104.01504030366533, 9.909381754870097], [104.01495700480979, 9.909349084730406], [104.01487533036368, 9.909327990186243], [104.0148209784481, 9.909330172057203], [104.01474006969039, 9.909346510876738], [104.01470192002286, 9.909368698114609], [104.01469250868786, 9.909381523606278], [104.01469387798399, 9.90938053100768], [104.0147186170334, 9.909362302699835], [104.01472153707272, 9.909360950677748], [104.0147229057041, 9.909360410158857], [104.01472600705787, 9.909359781728048], [104.01472919880308, 9.9093596959248], [104.01473229856184, 9.909360152485526], [104.01473539752308, 9.909361151542022], [104.01473822212012, 9.90936269269892], [104.01474068142986, 9.909364594992509], [104.01474177410195, 9.909365681565568], [104.0147427753193, 9.909366948838757], [104.01474368534775, 9.909368215980162], [104.01474441286545, 9.909369573273958], [104.01474514025021, 9.909371020983714], [104.0147455939353, 9.909372558714079], [104.01485517561096, 9.909887727502703], [104.01485526254751, 9.909890620945347], [104.01476975705295, 9.910614549943618], [104.01470320082153, 9.910792392727094], [104.0142495640365, 9.911205028863987], [104.01415805073171, 9.911239073738136], [104.0142324530122, 9.911430682794018], [104.01477480238009, 9.91140054482771], [104.0147975919053, 9.911281861364067], [104.01483844183535, 9.911159858600842], [104.01496165697539, 9.910961482776798], [104.01507236633304, 9.910833794267974], [104.01508041670566, 9.910754239679758], [104.01486408899807, 9.910523908451419], [104.01496847092893, 9.910358145623757], [104.01524843318276, 9.90991614369026], [104.01543873883368, 9.910106834838253], [104.0156990164959, 9.910401695834414], [104.01571731171708, 9.910611216478394], [104.01574362501204, 9.910700947268824], [104.01580217397122, 9.910945969104326], [104.01584845441123, 9.911100195409414], [104.01610438569804, 9.911685828242033], [104.01623768221044, 9.911763687846111], [104.01629264714713, 9.911779047383481], [104.01622169407361, 9.911970717820179], [104.016335534666, 9.912319707424786], [104.01622247644639, 9.91249449977305], [104.0159855093815, 9.912345785246329], [104.01590724700841, 9.91229820390555], [104.0158200503196, 9.912249072585915], [104.01573295214467, 9.912194968498232], [104.01564074047491, 9.912145558650765], [104.01549443861335, 9.912106106904815], [104.01544398124157, 9.912126106458642], [104.01518971295746, 9.912085052054971], [104.01511731546918, 9.91201803953575], [104.01498801301626, 9.911952753110686], [104.01484581446543, 9.911913578266146], [104.01469668325763, 9.911937955889725], [104.01464229115136, 9.911967172080255], [104.01455820943016, 9.91190837042115], [104.01432411036745, 9.911918429659343], [104.01421599980222, 9.911890877135255], [104.01408144799878, 9.911860754651658], [104.01394421909819, 9.911852780192024], [104.01372430648568, 9.911889441896601], [104.01366415172483, 9.911868739872755], [104.01354052061819, 9.91185364207405], [104.01340927159634, 9.911871896739271], [104.01325661650237, 9.911812362445762], [104.01311974814791, 9.911807281489628], [104.01300179986575, 9.91183432565037], [104.01286594784388, 9.911882049079786], [104.01275268130475, 9.91194978719837], [104.01266740726572, 9.912019374238572], [104.01250110847451, 9.91181289360796], [104.01283957244131, 9.91164955095554], [104.01271946325444, 9.911472613114105], [104.01254273902623, 9.911348215213014], [104.01253944006912, 9.911297396563322], [104.01228357797494, 9.91122487287922], [104.01212155602349, 9.911148326252512], [104.01184256166822, 9.910809131505475], [104.01184092440673, 9.910806326225268], [104.0118399257377, 9.910803341041378], [104.01183947447181, 9.910800175821223], [104.01183947982098, 9.910796559184448], [104.01184003110228, 9.910793757086514], [104.01184131216523, 9.910790775217503], [104.01184295758412, 9.910788065126624], [104.01184387121533, 9.910786891045607], [104.01184505841438, 9.910785717362375], [104.01184624547972, 9.910784634095053], [104.01184752346687, 9.910783731792163], [104.01182845300599, 9.910791751096506], [104.01165617862026, 9.910865189678981], [104.01146192882699, 9.91087611866004], [104.01138275429803, 9.91089101250954], [104.0113065698654, 9.910918840195846], [104.01126166723783, 9.910944091338967], [104.01115301254592, 9.911038056305214], [104.0110274639164, 9.91114809069284], [104.01095425702795, 9.911197260831225], [104.01085992138228, 9.911228045699417], [104.01073489202346, 9.91123374054891], [104.01051418568797, 9.911252315778407], [104.01036631475762, 9.911164848608605], [104.01012368785554, 9.911084205159556], [104.00982693788981, 9.91109715358596], [104.00963805667722, 9.911177167228951], [104.00951641700199, 9.911417767555562], [104.00954299969595, 9.911631911672899], [104.00969100698751, 9.91187308673972], [104.00991958185126, 9.912328394249734], [104.01005418138648, 9.912449024960562], [104.01025633289795, 9.91258304535294], [104.01035058679575, 9.912730561078071], [104.01036367426846, 9.91294450462475], [104.01026889556542, 9.913211997953228], [104.0102145057418, 9.913546458083225], [104.0102926275645, 9.913811219939781], [104.01003650978143, 9.914155602630313], [104.00998878793052, 9.914298119102794], [104.0099803553326, 9.914388522861778], [104.01000376679913, 9.91446640528163], [104.0100165851488, 9.914493006321763], [104.01006076463356, 9.914525258943224], [104.01012027846168, 9.914547859423708], [104.0101882998431, 9.914552389096464], [104.01024831607657, 9.914543706326635], [104.01032769242771, 9.91451633566732], [104.01033033815379, 9.914515525783004], [104.0104919957913, 9.914408166484895], [104.01076920846631, 9.914166436443589], [104.01123692996231, 9.913793066568365], [104.01187843585068, 9.913373655723476], [104.01190608246799, 9.913362845997069], [104.01190015458366, 9.913363199040907], [104.01189851343133, 9.91336301582206], [104.01189696360277, 9.913362742319913], [104.01189541390792, 9.913362378401853], [104.0118938644806, 9.913361833651972], [104.01189240651078, 9.91336110820288], [104.01189103986474, 9.913360292470497], [104.01188976454239, 9.913359386454815], [104.0118885805438, 9.91335839015584], [104.01188739667896, 9.913357303440959], [104.01188639546162, 9.913356036159488], [104.01188548543429, 9.913354769010635], [104.01188466673067, 9.91335341157849], [104.01188393935081, 9.913351963863049], [104.01188339448467, 9.913350425996938], [104.01188303199855, 9.913348888396058], [104.01188276070238, 9.9133473509278], [104.01188258072993, 9.913345723176253], [104.01188258300375, 9.913344186105842], [104.01188276779126, 9.913342558884764], [104.01188405862877, 9.913332976655322], [104.01190792867476, 9.913162757848928], [104.01192470351538, 9.913042257577503], [104.01192590168908, 9.91303366979001], [104.01192617766603, 9.913032042701461], [104.01192663602278, 9.913030415878112], [104.0119272766256, 9.913028879735869], [104.0119288311334, 9.913025988681012], [104.0119336746292, 9.913018943267918], [104.01193952375456, 9.91301018141105], [104.01225033455528, 9.912554664775698], [104.01225124832398, 9.912553400277952], [104.01225225314877, 9.912552226328618], [104.01225344021947, 9.912551143060215], [104.01225462702287, 9.912550240623638], [104.01225599620581, 9.912549338452063], [104.01225873390351, 9.912547986188475], [104.01300665160697, 9.912254225159977], [104.01346003132122, 9.912141681623725], [104.01486952459467, 9.912099146464197], [104.01540684229167, 9.912267102042597], [104.01577533443886, 9.912644307513979], [104.01580235078237, 9.912814328855942], [104.01587941497549, 9.913367877287545], [104.01587940794464, 9.91337266933343], [104.01587821570847, 9.913377278837478], [104.01587675242263, 9.913380170043675], [104.0158747425271, 9.913382698796836], [104.01587236853464, 9.91338477494404], [104.01587099935729, 9.913385677130632], [104.01586953912255, 9.913386488769719], [104.01586817034318, 9.913387119708409], [104.0158665281263, 9.91338765983654], [104.01586342673595, 9.913388288276039], [104.01586014376144, 9.913388373956677], [104.01585859379593, 9.913388190888622], [104.01585704409574, 9.913387826988634], [104.01585540333816, 9.913387372541145], [104.01588798822183, 9.913429101387898], [104.01590846473142, 9.913457250345157], [104.01597535428006, 9.913549480873254], [104.01610534779005, 9.913703737440281], [104.01641128774276, 9.913955083226377], [104.01663449289642, 9.914099347288522], [104.01671628294879, 9.91416691552994], [104.01679846216099, 9.914217847739838], [104.0168822946079, 9.91426073527233], [104.01697471088059, 9.914295497684785], [104.01707060219974, 9.914323574277198], [104.01716148283153, 9.914348388652183], [104.01724262317795, 9.914361525307124], [104.01740856605467, 9.914377858046958], [104.01748169634806, 9.91438094693203], [104.01776570195112, 9.91441715994631], [104.01779964525754, 9.914465581369207], [104.01782231492577, 9.914490749635991], [104.01787999840381, 9.914518228607923], [104.01794493626626, 9.914511269429344], [104.01799214074362, 9.914470921201392], [104.01802054858277, 9.914375934603283], [104.01801430975993, 9.914277010349789], [104.01801730799673, 9.914034880141203], [104.01803875891272, 9.913957966781274], [104.018075159995, 9.91388451070144], [104.01812400314671, 9.913845973125136], [104.01818749160029, 9.913832321014839], [104.01823361575741, 9.91384477424297], [104.01829546766761, 9.913827774364227], [104.01830580304853, 9.913806631811948], [104.0183140343408, 9.913727619884268], [104.01831245231566, 9.913686930332632], [104.01831060635583, 9.91363964002093], [104.01830560952803, 9.913564406587128], [104.01830952280189, 9.913507359593074], [104.01830936998822, 9.913487106149136], [104.01831681393537, 9.913447695377169], [104.01832301250055, 9.913386854182455]]], [[[104.0138386204574, 9.911358141432169], [104.01379135834175, 9.911375704130746], [104.01320141410179, 9.911401702766218], [104.01321441095627, 9.911492861069558], [104.01357721690322, 9.91151852265192], [104.01386835280294, 9.911478890030974], [104.0138386204574, 9.911358141432169]]]], "type": "MultiPolygon"}, "properties": {"id": 26.0, "area": 189181.0, "perimeter": 3299.1}}, {"type": "Feature", "geometry": {"coordinates": [[[103.98973205521528, 9.914236466687113], [103.9897921104763, 9.914202742479253], [103.98983473377395, 9.914178485421816], [103.98984980317601, 9.914163589720147], [103.9898694509442, 9.914136494842555], [103.98989183300792, 9.914110308277685], [103.9899122859623, 9.914093250776022], [103.98993621153825, 9.914071406512697], [103.98996459968433, 9.914053276077619], [103.98999034947062, 9.914031163334897], [103.99001674359195, 9.91400516368916], [103.99003529747783, 9.913977795890839], [103.99006519411607, 9.913927660540567], [103.99008173077799, 9.91390743252351], [103.99010492918597, 9.91388405007306], [103.99013333253632, 9.913856064321529], [103.99016564991865, 9.913832695719659], [103.9902026119697, 9.913813222049665], [103.99023563860635, 9.913802964811314], [103.99027449845545, 9.913794615161017], [103.99032320875715, 9.913785014643754], [103.99036215574219, 9.91377928717415], [103.99040821357576, 9.913774836318254], [103.99044843609876, 9.913769834101771], [103.9904767078699, 9.913767978291366], [103.99061180491661, 9.913739069466262], [103.99070146835271, 9.913723744434026], [103.99074105867855, 9.913714762926341], [103.99076414267363, 9.913706389280359], [103.99079115396815, 9.913694043294942], [103.99082875820507, 9.913672038884483], [103.99086107454623, 9.913649303121327], [103.99088755585382, 9.913625835177097], [103.99091795203995, 9.913606441880898], [103.99094961497528, 9.913593470026786], [103.99099769806233, 9.913576635191564], [103.9910650291558, 9.913555308745208], [103.99110517774791, 9.913539094773178], [103.99113037512251, 9.91352032648478], [103.99115877138573, 9.913496861420912], [103.99117986828358, 9.913476097763532], [103.99119183630698, 9.913461739789756], [103.99120828363998, 9.913440245755087], [103.99123210911254, 9.913424097437737], [103.99127032861753, 9.913417012519542], [103.99132103790623, 9.913412026090517], [103.99135925643279, 9.913405574071383], [103.99141335283855, 9.913392093672838], [103.99143178612073, 9.913383712931601], [103.99144576629581, 9.913365470115972], [103.99144717441432, 9.913339342073176], [103.99144255091367, 9.913321703979785], [103.99144987117238, 9.913305440220983], [103.99146511991643, 9.913292443444824], [103.99149614753975, 9.91327748142543], [103.99152369267563, 9.913273725690983], [103.99155999104507, 9.913270616124993], [103.99158964176198, 9.913261529040268], [103.99163453299387, 9.913244779690498], [103.99171504056144, 9.913194087917203], [103.99182655634522, 9.913141001844327], [103.99184700078858, 9.91312936915363], [103.99188514242583, 9.913113604124252], [103.99191625438266, 9.91310307256808], [103.99195612402308, 9.913090293868906], [103.99198732730459, 9.913079672028303], [103.99201963140177, 9.913064802306039], [103.99205192728446, 9.913055267102925], [103.99209389594597, 9.913041406573198], [103.99214179332122, 9.913026650850213], [103.99218265921249, 9.913018304007089], [103.9922254379969, 9.913011316290458], [103.99227296476121, 9.91300035745318], [103.99230855069129, 9.912986125577318], [103.99233565598479, 9.91297188087076], [103.99236923476435, 9.912958278863309], [103.99240417123218, 9.91295127926261], [103.99244630973033, 9.91294555637077], [103.99247869705862, 9.912935840431938], [103.99250515928608, 9.912924668877691], [103.99252997592768, 9.912916207308868], [103.99255350771018, 9.912913078330936], [103.99259071765361, 9.912910150860856], [103.9926387904191, 9.912899916122637], [103.99266779969186, 9.912892817118601], [103.99271258253873, 9.912887188605467], [103.99275152341309, 9.91288534872364], [103.99278773054519, 9.912882238884274], [103.99290367128248, 9.912857188041409], [103.99292748871505, 9.91284619328882], [103.9929580668178, 9.91282698090421], [103.99298635892617, 9.912811833777205], [103.99301099789258, 9.912800297764166], [103.99303080381023, 9.91278875444947], [103.99307433470912, 9.912767029973066], [103.99310627425088, 9.912751978759783], [103.99319341874309, 9.912714045272828], [103.993234762184, 9.912691594144794], [103.99326717001658, 9.912668496610642], [103.9933374298483, 9.912580628036547], [103.9933841917559, 9.912533230288693], [103.99341213988299, 9.912504520224354], [103.99343925217127, 9.912485664225432], [103.99347610160775, 9.912479933218476], [103.9935143098652, 9.912480081289118], [103.99354996273571, 9.912481581737872], [103.99359810565338, 9.912484999759496], [103.99364268621636, 9.912492300282741], [103.99369008852317, 9.91250295044361], [103.99375261816502, 9.912520223771818], [103.99380321114207, 9.912531511640305], [103.9938604540233, 9.912547330322239], [103.99399851144511, 9.912609292509543], [103.9941443611864, 9.912703906516539], [103.99417853204753, 9.912720413701528], [103.99429428737182, 9.912756754470676], [103.99434304871833, 9.912773193205656], [103.99437849625166, 9.912789702294315], [103.99443498060235, 9.912824507073154], [103.99447177410454, 9.912855303888414], [103.99450646111097, 9.912892064975484], [103.99454323066725, 9.91293850369438], [103.9945694322064, 9.912978416552852], [103.99458370286379, 9.913008546529348], [103.99459678113386, 9.913043195503782], [103.99466881710862, 9.913164913322442], [103.99472617158851, 9.913286609025958], [103.99474454387241, 9.91331801099333], [103.99475956124445, 9.913336930518295], [103.99477667985875, 9.91335332156098], [103.99479571442868, 9.913369082575633], [103.99480956821127, 9.913373714638132], [103.99482534694594, 9.913371839654044], [103.99486107107204, 9.9133268663131], [103.99488089315709, 9.913304744254251], [103.99490135246035, 9.913283346480071], [103.99492125784101, 9.913266378249125], [103.9949443616412, 9.913244984451522], [103.99496291314874, 9.913218882176482], [103.99498549582023, 9.913180489405585], [103.99499098685408, 9.91310807454506], [103.99498656256412, 9.91307931563736], [103.99497676915483, 9.9130433153804], [103.99497237780152, 9.912993037541748], [103.99497381151562, 9.912950001738247], [103.99497459098797, 9.912917362776918], [103.99497664614607, 9.912885358646106], [103.99498217647206, 9.912846849800212], [103.9949882799486, 9.91279134363006], [103.99497469048589, 9.912733185769609], [103.99495843757194, 9.912687410877423], [103.99495382191466, 9.912664528713584], [103.99495394700776, 9.912642377009913], [103.99495535096857, 9.912618780576272], [103.99495612241424, 9.912591385723688], [103.99495615936173, 9.912567244737795], [103.99495767139356, 9.912532617728539], [103.99495517205486, 9.912497351772446], [103.99494811324124, 9.912462078955993], [103.99491804354706, 9.912387531020824], [103.99490430092126, 9.912369879244112], [103.99488864539389, 9.912350868350098], [103.99486298200154, 9.912316833358034], [103.99484204759416, 9.912291214158346], [103.99482830193132, 9.912275551523726], [103.99480727218727, 9.912252644655153], [103.99478104672443, 9.912228373727087], [103.99475545557702, 9.91220672581254], [103.99472785826566, 9.912185074876406], [103.99470162783012, 9.912164058906937], [103.99467138201787, 9.912145026040255], [103.9946445032943, 9.912130519034305], [103.99461816866335, 9.912118001994918], [103.99459246723679, 9.912108831294606], [103.9945589247697, 9.912098835043002], [103.99448198418551, 9.91208352931378], [103.9944497121433, 9.912077603679414], [103.99442017287518, 9.912073580891475], [103.99435889388211, 9.912073307759014], [103.9943509604052, 9.912073295808495], [103.99432269986876, 9.91206791870007], [103.9942825075181, 9.912053391609751], [103.99424706089873, 9.912036340020379], [103.99422208817376, 9.912027712885642], [103.99419310796809, 9.912015915154843], [103.99416284321387, 9.912009269191012], [103.99409511487816, 9.911992621018573], [103.99396612643433, 9.911963403098826], [103.99390093228646, 9.91195923609908], [103.99387458466528, 9.911955218075871], [103.99384759663926, 9.911952555323126], [103.99382325324356, 9.911949806140209], [103.9937929814313, 9.91194777134257], [103.99373708263926, 9.911947506211007], [103.99363029727996, 9.911949063045887], [103.9936040448768, 9.911942423085012], [103.99357834557698, 9.911931896074103], [103.99355137157079, 9.911920101315957], [103.99352448986603, 9.911907583368018], [103.99349889091988, 9.911891089055247], [103.99347128858675, 9.91187278340025], [103.99344833302602, 9.911857016399505], [103.99335973949198, 9.911769812217749], [103.99333744128609, 9.911741659228031], [103.99331842284388, 9.911715500336486], [103.99329750664391, 9.911678127011735], [103.99328049853686, 9.911649258676672], [103.99326023857904, 9.911600222693409], [103.993252532614, 9.911570825903656], [103.99324737397873, 9.911545320841459], [103.99324476753165, 9.911520542958836], [103.99324617341033, 9.911495771133044], [103.99324405028366, 9.911393778827684], [103.99324396589726, 9.911389348322698], [103.99324817478303, 9.91132072903113], [103.99324696324607, 9.911278322159282], [103.99324845337031, 9.911258071253748], [103.99324723586346, 9.91121955225517], [103.99324208917211, 9.911186271445818], [103.99323501654241, 9.91116013058287], [103.9932272205095, 9.911130010329451], [103.99321944238756, 9.911088226455595], [103.99321239280818, 9.911047076592451], [103.99320660280046, 9.911017049782732], [103.99316611439332, 9.910839140640764], [103.99315631874022, 9.910804767821027], [103.99313414970939, 9.910751931482348], [103.99309586828399, 9.910680806808841], [103.99305647580336, 9.910620620774177], [103.9930256341274, 9.91057410044438], [103.99300579910054, 9.910545318244417], [103.99294167410251, 9.910438982753341], [103.99291720484749, 9.91039952447681], [103.99290411184548, 9.91037464033685], [103.99288973914474, 9.910351743412644], [103.99287526428255, 9.910335989187326], [103.99285823807789, 9.910318965285354], [103.99284121493137, 9.910299952238066], [103.99282556156491, 9.910279675437057], [103.99281109476712, 9.910258677100945], [103.99274230674841, 9.91016047195968], [103.99267337838576, 9.910094273811227], [103.99264249859205, 9.910072617756017], [103.99261762419908, 9.910059469865287], [103.99258927754501, 9.910050927934432], [103.99256493430387, 9.910048178667465], [103.99253921711491, 9.910049405620253], [103.99252142737441, 9.910054532435824], [103.99250098203662, 9.91006688850565], [103.99247587411186, 9.91008701329048], [103.99245741990926, 9.910109137280852], [103.99244216426476, 9.910126745312231], [103.9924276423004, 9.91014164197605], [103.99240518774054, 9.910155984151018], [103.9923899503065, 9.910161747729015], [103.99236887970662, 9.910165603753562], [103.99233732544971, 9.910167454775873], [103.99230366286264, 9.910176445460252], [103.99228513748203, 9.910185549448324], [103.99223958723914, 9.910216041124265], [103.99221459148026, 9.910222513262541], [103.99219088154524, 9.910223019896872], [103.99215733517842, 9.910215735886853], [103.9921317243294, 9.910207107639712], [103.99208433437549, 9.910188681530363], [103.99188918145464, 9.910075637665482], [103.99175769597387, 9.910010520065153], [103.99173273948497, 9.90999149495577], [103.99171380647023, 9.9099692239928], [103.99169870338615, 9.909946958827181], [103.99168496618609, 9.909925961550861], [103.99167706785269, 9.909903164797011], [103.99166862057768, 9.909881542618018], [103.99165825123875, 9.909864528737431], [103.99163976206503, 9.90985012462222], [103.99161488578255, 9.909838242478882], [103.99158855257117, 9.909825001889782], [103.99155238393209, 9.90980333772994], [103.99151885475649, 9.90978493253454], [103.99148341967575, 9.9097606474188], [103.99144989858797, 9.909736998109556], [103.99141847582024, 9.909712719064606], [103.99134225886218, 9.909642531320538], [103.99132196503038, 9.909615737483017], [103.99129185320294, 9.90956921811327], [103.9912690434424, 9.90951818901233], [103.99125341431855, 9.909482270237682], [103.99122986405136, 9.909438382864781], [103.9912114882675, 9.90940960277888], [103.99117293314595, 9.909338929572579], [103.99111222058158, 9.909208186655363], [103.99106107144917, 9.909144004291571], [103.99103749000358, 9.909120370010365], [103.99100989626649, 9.909096729645546], [103.99098694297008, 9.909079696670435], [103.99095997333832, 9.90906527966475], [103.99092051813432, 9.909046142103243], [103.9908935434885, 9.909034980055495], [103.99087112938503, 9.909023101593906], [103.99085747021535, 9.909010693911101], [103.99081414217362, 9.908960266581094], [103.99078928412044, 9.908936630347808], [103.99075968831548, 9.908910364867996], [103.99073472485416, 9.908895950887748], [103.99070775552804, 9.908881353031678], [103.99068745174961, 9.9088610690854], [103.99065723270704, 9.908825037740177], [103.99063236965299, 9.908804656459079], [103.99061459600034, 9.908799385377652], [103.99059025175853, 9.90879735929781], [103.99055531668279, 9.908803725822022], [103.99053223596269, 9.908810200744606], [103.99050915231133, 9.908818574393885], [103.99047885570138, 9.90883281412659], [103.99040558016162, 9.908865885544586], [103.99036470372872, 9.908881375031832], [103.99027564251247, 9.908920932401688], [103.99024928011184, 9.90892667899566], [103.99022620440458, 9.908929898933732], [103.99019919865661, 9.908938899517281], [103.99017992758945, 9.908958490495875], [103.99015882283588, 9.908984498213721], [103.99013826311509, 9.909011862995257], [103.99011917665148, 9.909030007596758], [103.99009800779406, 9.909038474539882], [103.99007429990385, 9.909037715210072], [103.99002825390693, 9.909034932804092], [103.9899900329391, 9.90904328342551], [103.98996630088169, 9.909058165991391], [103.98993389376047, 9.909080901555436], [103.9899087907967, 9.909097771182873], [103.98987912630913, 9.909115990115826], [103.98985201928866, 9.909131500456523], [103.98982892344254, 9.909147740216154], [103.98980645780881, 9.909169225050123], [103.9897826133041, 9.909197850638154], [103.98976999504751, 9.909219983343522], [103.9897548032452, 9.90925522243348], [103.98973943423358, 9.90928711586736], [103.98972489080776, 9.909315846000814], [103.98970897969056, 9.909344483639051], [103.9896963685516, 9.90936200514428], [103.98968157265949, 9.909377082100935], [103.98967390079771, 9.909384846202247], [103.98965473008806, 9.909398469854995], [103.9896322746306, 9.90941335433535], [103.98960060702638, 9.909429581048151], [103.98952277100395, 9.909463187824048], [103.98946211254591, 9.909474759238298], [103.9894238975292, 9.909479221920284], [103.98939498682611, 9.909481709599184], [103.98936863751588, 9.909478957052947], [103.98933837213184, 9.909472943578928], [103.98932224573761, 9.909463877469088], [103.98927659997975, 9.909438129946171], [103.98924244077281, 9.909414479454687], [103.98919580090845, 9.909382943796246], [103.98915835780552, 9.90936001162745], [103.98911434423393, 9.90934023401135], [103.98907487792036, 9.909328329485936], [103.9890466216439, 9.909320420311353], [103.98901170062685, 9.909317654693742], [103.98897148059655, 9.909321390946923], [103.98894511912597, 9.909326504526339], [103.98893072449303, 9.909317983529254], [103.98892417711548, 9.90930621950646], [103.9889176510165, 9.909280712310819], [103.98891376126659, 9.909260453245711], [103.98890215087008, 9.909220562194879], [103.9888863194856, 9.90919766289326], [103.9888608282812, 9.909170770589926], [103.98883259022523, 9.909151107368947], [103.988800333858, 9.909135325908423], [103.98877135117816, 9.909125426457699], [103.98872996686517, 9.909115508121273], [103.98869367300502, 9.909115995350911], [103.9886594602338, 9.90912697398105], [103.98863041593147, 9.909156857385394], [103.98860848923015, 9.909183587073676], [103.98859647083697, 9.909230494579228], [103.98859556413416, 9.909286008511108], [103.98860008406005, 9.909311512656236], [103.98860860213547, 9.909346154888429], [103.98862161072324, 9.909366427844429], [103.98864074309299, 9.909377578128659], [103.9886623425975, 9.909385477199585], [103.98868413050249, 9.909389488675831], [103.98870446345236, 9.90939087587634], [103.98873144812654, 9.909395528173798], [103.98875249238125, 9.909408670511175], [103.98876749186583, 9.90943880181784], [103.98876999459523, 9.909471445739603], [103.98876339764942, 9.909491688838736], [103.98874356841272, 9.909518331312578], [103.98872640576931, 9.909530692146134], [103.9887072481791, 9.90953581667534], [103.9886927542323, 9.909532539634275], [103.98867044957882, 9.909508907138555], [103.98865268797088, 9.90949586021111], [103.98862907740805, 9.909491122630035], [103.98860865116286, 9.909491091519854], [103.9885809076972, 9.909505334962358], [103.98855844602353, 9.909524197654562], [103.98854392279955, 9.90953981746828], [103.98852548560897, 9.909550820112397], [103.9885102551497, 9.909552062732363], [103.98849717765053, 9.909517413552472], [103.98848885807297, 9.909472373801675], [103.98847511900036, 9.909452732638682], [103.98845469696154, 9.909449989051174], [103.98844003196412, 9.909498248753877], [103.98841883375182, 9.909525612447995], [103.98839966901126, 9.909535348155092], [103.98838855114855, 9.909530720007975], [103.98838337876302, 9.909514346864086], [103.98837812009421, 9.909494809035133], [103.98835644874167, 9.909474432454049], [103.98833018656906, 9.909474302018157], [103.98830964895471, 9.909487290597333], [103.98828845984337, 9.909508777268734], [103.98826398597726, 9.909531524753703], [103.98824489223558, 9.909554280436973], [103.9882349181936, 9.909576507524546], [103.98824199039433, 9.909602648473774], [103.98826555960774, 9.909634058683878], [103.98828192800681, 9.909663468770072], [103.98830342828559, 9.909735382108629], [103.98831513387688, 9.909772651262843], [103.98835365491985, 9.909864934095582], [103.98834504169743, 9.909891684050288], [103.9883257644403, 9.909915162783765], [103.98829408677688, 9.90993780887465], [103.98825978159776, 9.909949510644378], [103.98822813925351, 9.909949371998234], [103.9882005061287, 9.909951228608458], [103.98817149605986, 9.909958960144943], [103.98814840414305, 9.909972577728855], [103.98812796482974, 9.909980955238279], [103.98809504682265, 9.90998018172393], [103.98806946640308, 9.909952023404593], [103.9880590304649, 9.909919276969614], [103.98805651251966, 9.909896488346583], [103.98806057951232, 9.909861232382513], [103.98806664760666, 9.909829234438565], [103.98806479041852, 9.909791980293528], [103.98805306368047, 9.909768363886899], [103.98803793954451, 9.909759841739604], [103.98801623467995, 9.909761074464226], [103.98800300433027, 9.909766207990293], [103.98796667183134, 9.909791559426006], [103.98790862015098, 9.90982736596539], [103.98787557562136, 9.9098493770205], [103.98785640776077, 9.909861101837675], [103.98782547361179, 9.909874707436687], [103.9877919102815, 9.909878453698981], [103.98777350433743, 9.909869293622648], [103.98775637826319, 9.909858055934501], [103.98773407562364, 9.909833157561028], [103.98772566607933, 9.909787394333135], [103.98771596361844, 9.909752117365663], [103.98769947783734, 9.909739614830608], [103.98766124060276, 9.909758362972322], [103.98764746002888, 9.909765484792183], [103.98762639236162, 9.909767441790278], [103.98760533901026, 9.909760176396977], [103.98759414526279, 9.909745692785444], [103.98758369295602, 9.909723524961883], [103.98756856995817, 9.909714279469426], [103.98754422567913, 9.909712253166386], [103.98750006819706, 9.909726471463356], [103.98747709188787, 9.909724356827716], [103.98745922803946, 9.909718452531255], [103.98744811832844, 9.909708580249346], [103.98742581361668, 9.909685038090652], [103.98741070887804, 9.909664038565118], [103.98739633154412, 9.909644396386522], [103.9873780371735, 9.909622126168774], [103.98735362291798, 9.909606446959568], [103.98732992005863, 9.909602432473164], [103.98730293441015, 9.90959841297235], [103.98724704422229, 9.909592902676266], [103.98722663117795, 9.909584372416752], [103.98721351729586, 9.909573231245583], [103.98719046287471, 9.90956270780234], [103.98716419760981, 9.909564566417753], [103.98713382478408, 9.909569040815017], [103.98709560074703, 9.909579289827105], [103.9870626594646, 9.909593525200282], [103.98704550799894, 9.909598652697946], [103.98700526951649, 9.909614233153809], [103.98694193206508, 9.90964795188348], [103.98691618145972, 9.909670697314017], [103.98688577011133, 9.909699945556822], [103.98686319887182, 9.9097305620157], [103.9868386873651, 9.909777450350019], [103.98682212543005, 9.909813953016588], [103.98678944512095, 9.909894915614164], [103.98676692357448, 9.909952204799415], [103.98675090158402, 9.90999331949197], [103.98673560516241, 9.910036966934792], [103.98671033457646, 9.910102841412229], [103.98666185239809, 9.910200597171016], [103.98664592466366, 9.910239722853524], [103.9866233311437, 9.910284624952727], [103.98660742266725, 9.910311363699444], [103.98658028376083, 9.91034721726574], [103.98655780265095, 9.910378466747705], [103.98652461390438, 9.910434473776679], [103.98650742272008, 9.910465098434608], [103.98649012726135, 9.910504131599886], [103.98647685409578, 9.910536751395798], [103.98646021003451, 9.910567376887515], [103.98643242474897, 9.910608383150405], [103.98639468256233, 9.910660495319387], [103.98632855430169, 9.910729471803434], [103.98629678918128, 9.910749585918577], [103.98625855358482, 9.910767158487165], [103.98622826267994, 9.910777509947177], [103.98619923420203, 9.91079699533011], [103.98617010749372, 9.910821001348902], [103.98613577076488, 9.910852865562925], [103.98603921158208, 9.910963477076624], [103.98602203665729, 9.910983613500138], [103.98600287275187, 9.91099271615283], [103.98598380411802, 9.910999196892774], [103.98595067928463, 9.911014064775745], [103.98593022352017, 9.911032930349545], [103.98589778439177, 9.911075918582508], [103.98587995183367, 9.911108440951697], [103.98586037118706, 9.911150906377456], [103.9858478449095, 9.91117231573107], [103.98581913070173, 9.911224170405404], [103.98579535154029, 9.911269070621483], [103.98577291104621, 9.911332688950461], [103.98575815212165, 9.911382395015869], [103.9857448627843, 9.91142532214882], [103.98571543483337, 9.911525548154422], [103.98571154472702, 9.911564149727823], [103.98570611370363, 9.911596781499618], [103.98570204135751, 9.911635292377674], [103.98569703727503, 9.911745049452621], [103.98570315319787, 9.9118580785312], [103.98570631734377, 9.911875714453393], [103.98570955027546, 9.911907726587797], [103.98573216751218, 9.912023312587673], [103.98575390820403, 9.912057703885383], [103.98577166432753, 9.912074277171888], [103.98578459164797, 9.912088130587433], [103.98579242054134, 9.912096732078057], [103.98583292750043, 9.912143177414793], [103.98585485256108, 9.912176303168287], [103.98587367972517, 9.91220779669189], [103.9858822182767, 9.912229147890686], [103.98588491409244, 9.912254739681643], [103.98588542220985, 9.912279785627273], [103.98587780193974, 9.912312866126491], [103.98586863976024, 9.912340609733516], [103.98586313106958, 9.912364561473998], [103.98585312817917, 9.912405142831398], [103.98585236724979, 9.912425304381584], [103.98586252805518, 9.912458954609772], [103.98593182358796, 9.91252298468928], [103.98595878311345, 9.91254391201881], [103.98596852573165, 9.912553330178465], [103.98598719181425, 9.912571170669164], [103.98601395164624, 9.912603218828082], [103.98604453355324, 9.91264033612032], [103.98606480768083, 9.912679607606055], [103.98608309606315, 9.912705765764155], [103.98610852285249, 9.91271547918073], [103.98612987610858, 9.912705927800612], [103.9861496823812, 9.912694294488153], [103.9861701261338, 9.91268320464494], [103.98618399903648, 9.912675450125423], [103.98620223340488, 9.912677738431839], [103.98622475058035, 9.91268202243973], [103.98625327795452, 9.912691650175605], [103.98627369439622, 9.912698100943418], [103.9863118736393, 9.91271687543939], [103.98634577204903, 9.912732388412534], [103.9863850406485, 9.912754329119556], [103.98643177525099, 9.912783695338911], [103.98651941735868, 9.912836632235503], [103.98666841202835, 9.912901236165382], [103.98668554848285, 9.9129058735773], [103.98670925466142, 9.912907898977679], [103.98673698217969, 9.912904143916114], [103.98679225300758, 9.912897808909443], [103.98681341502036, 9.912893953387012], [103.98685564462122, 9.912888321756581], [103.98688355353161, 9.912885199870487], [103.98690343692142, 9.912882608208506], [103.98693308433619, 9.912875691513173], [103.98697504472263, 9.912867256566852], [103.98701162914338, 9.912856100925584], [103.98705632619463, 9.912847037240946], [103.98709609226505, 9.912842305972767], [103.98716175277956, 9.912839784243278], [103.98721445117737, 9.912845741782023], [103.9872585720039, 9.912855393256692], [103.98729785978941, 9.912865037343309], [103.98733550448057, 9.912875763905221], [103.98736722269868, 9.912885938916993], [103.98741242699546, 9.912902554042002], [103.98746510631027, 9.91292080805963], [103.98757210735303, 9.912956685667806], [103.98769567347432, 9.913012841663207], [103.98784946981064, 9.913097886380308], [103.98789785176685, 9.913123547869942], [103.98794086252454, 9.913143414548086], [103.98798013128712, 9.91316535507574], [103.98801994564958, 9.913188291004978], [103.98805218861438, 9.91321293328128], [103.98807950916803, 9.91323639264173], [103.98810400368869, 9.91325930519529], [103.98813222885273, 9.91328746755257], [103.98819174402126, 9.913366762545268], [103.98821639934195, 9.913403599368461], [103.98823796417547, 9.913434011956545], [103.98827227074936, 9.913480447565792], [103.98830450394657, 9.913511418910328], [103.98836150752332, 9.913563856556191], [103.98841414648783, 9.913608240534659], [103.98845867210272, 9.91365098465537], [103.98850702517593, 9.913695362088003], [103.98857424557482, 9.913745554875788], [103.9886091315981, 9.913771195703713], [103.98863818960812, 9.91379158353242], [103.98867143926948, 9.913813966892414], [103.98870478572968, 9.913832733764917], [103.98874624402322, 9.913854135049334], [103.98878333515788, 9.913869110155215], [103.98883336194207, 9.913892694459914], [103.98887419116767, 9.913908127328444], [103.9889097337685, 9.913922015072972], [103.9889478361298, 9.913931747584945], [103.9889884081808, 9.913936601399897], [103.98902396913338, 9.913938644690848], [103.98905925931739, 9.913938879249827], [103.9890845180603, 9.913939460197419], [103.9891135919362, 9.913949631025558], [103.98915440200496, 9.913977450796548], [103.9891920180563, 9.914006802770196], [103.98931932317751, 9.914122186238584], [103.98941676804715, 9.914205245793127], [103.98945876909929, 9.914229541125023], [103.98948119062635, 9.914236808497273], [103.98951136623549, 9.914242188930915], [103.9895462838616, 9.914247486158667], [103.98957919614999, 9.914252237838111], [103.98973205521528, 9.914236466687113]]], "type": "Polygon"}, "properties": {"id": 0.0, "area": 0.0, "perimeter": 0.0}}, {"type": "Feature", "geometry": {"coordinates": [[[104.09247319356471, 9.84864671207228], [104.09242085231958, 9.847984251140979], [104.0923985392014, 9.847592897756039], [104.09269533432648, 9.846975976198431], [104.09305275687414, 9.846434535464702], [104.09353891200543, 9.846043703761678], [104.09375962722685, 9.845607433955891], [104.09369207543156, 9.84500517273452], [104.09373077605129, 9.844372930254304], [104.09402738234537, 9.843831415109047], [104.09398230135575, 9.843492657261548], [104.09405105792153, 9.84310882745462], [104.09411198053508, 9.842943255895015], [104.09423353130276, 9.842853165260214], [104.094461131752, 9.842898556756497], [104.09458993696713, 9.843139583351713], [104.09455915436072, 9.843485845201227], [104.0949303383063, 9.843990548383395], [104.09560507962085, 9.844683863730054], [104.0960751798976, 9.845045643715396], [104.09642379376318, 9.845445072478999], [104.0966587167758, 9.845768957047934], [104.09705300986703, 9.84601780426658], [104.09740926623527, 9.84643225048741], [104.09752256647494, 9.846906534590456], [104.09746896580616, 9.847275373908008], [104.09739268134507, 9.847628996038697], [104.09745279160214, 9.848058008023555], [104.09758143669443, 9.848434569120185], [104.09770986331988, 9.848916466227777], [104.09782305532838, 9.84948107710185], [104.09792125855476, 9.849850006757245], [104.09821666167099, 9.850377311155004], [104.0983450444842, 9.850896731214428], [104.09824595717426, 9.851258011824553], [104.09772932910789, 9.85166382309383], [104.09727339437167, 9.852092310265512], [104.09700777657537, 9.852114597701199], [104.09671187118128, 9.852001313051089], [104.09629443052185, 9.85196320056212], [104.09608967223843, 9.851872538279009], [104.09596827410228, 9.851834779397246], [104.09564932822435, 9.851924815004939], [104.09523965666853, 9.851796293125746], [104.09416261470103, 9.85120041557782], [104.09333600333522, 9.850627350321375], [104.0928739274631, 9.849889078144923], [104.09260910629823, 9.849188837839709], [104.09247319356471, 9.84864671207228], [104.09247319356471, 9.84864671207228]]], "type": "Polygon"}, "properties": {"id": 0.0, "area": 0.0, "perimeter": 0.0}}, {"type": "Feature", "geometry": {"coordinates": [[[104.04359954249786, 9.822985373737144], [104.04387367276259, 9.822323348367895], [104.04393506916038, 9.821826589766484], [104.04361724232257, 9.8211788664414], [104.04326861680565, 9.82078698136338], [104.04281391743496, 9.820364934348797], [104.04258641513556, 9.820198983282264], [104.04226749625785, 9.820349096678614], [104.04202463320584, 9.820348768367408], [104.04178212209155, 9.820092560354318], [104.04184354166564, 9.819580793001602], [104.04201183814979, 9.818647646210037], [104.0421641560201, 9.818196309729975], [104.04266541340525, 9.817971125181085], [104.04301462557834, 9.817866170224198], [104.04318158839676, 9.81783628654839], [104.04348479374828, 9.81810767500227], [104.04416647792046, 9.819072166910075], [104.04510643871005, 9.819901288620514], [104.04568242832882, 9.82042892161869], [104.04595528924662, 9.82076048503421], [104.04616683092954, 9.82146828167323], [104.04604457828702, 9.82207029507317], [104.045224191513, 9.822596054124281], [104.04425173184542, 9.823392586081562], [104.04399343571676, 9.823542782569485], [104.04364439483685, 9.823451985750072], [104.04352340402555, 9.823195942638], [104.04359954249786, 9.822985373737144]]], "type": "Polygon"}, "properties": {"id": 0.0, "area": 0.0, "perimeter": 0.0}}, {"type": "Feature", "geometry": {"coordinates": [[[104.01912164501002, 9.933835156847746], [104.01910139585571, 9.933837659428432], [104.01904111546386, 9.933837572882771], [104.01898886901608, 9.93383153040142], [104.0189044611208, 9.933804465192043], [104.01882315970882, 9.933773426116788], [104.01875380336665, 9.933743489176525], [104.01867250053155, 9.933713444640746], [104.01861216624667, 9.93368786060755], [104.01859712820873, 9.933681509871091], [104.01853478102055, 9.933660443735521], [104.01847653896905, 9.933638479328947], [104.01836407054205, 9.933592476690404], [104.01821842002462, 9.93353747510248], [104.01816117839194, 9.933517410819217], [104.01808579306787, 9.933494427110896], [104.0180172367078, 9.93347877691353], [104.01793408878895, 9.933463286536721], [104.01785368482344, 9.933442284708754], [104.01777282992259, 9.933417846402172], [104.01769317898572, 9.933380841976584], [104.0176488952705, 9.933355280884308], [104.01755448816463, 9.93330632025852], [104.01751230991795, 9.933275337217275], [104.017482157835, 9.933252328107294], [104.01743899248362, 9.933210403291602], [104.01740556545512, 9.933181874077581], [104.0173674026253, 9.933148998066436], [104.01732659725334, 9.933114671586752], [104.01730145074667, 9.933098631710644], [104.01727740137214, 9.933080694676326], [104.01725526710602, 9.93306276040012], [104.01722129015194, 9.933036129113763], [104.01716070851197, 9.932992822924053], [104.01713474378265, 9.932975063951593], [104.01710540283456, 9.932958656351504], [104.01707457717062, 9.932959696908709], [104.01702805262285, 9.932969756436588], [104.01698154915955, 9.932965439834541], [104.0169528408858, 9.932952921024292], [104.016935367696, 9.932928121828253], [104.01693030650904, 9.932896920989156], [104.01693265589626, 9.932849546360915], [104.01694158368858, 9.932793772524452], [104.01694075754656, 9.932735272141256], [104.01691556047975, 9.932691564850208], [104.01688103204197, 9.932667916466563], [104.01684702027084, 9.932665064518746], [104.01680389479826, 9.932658221116052], [104.01677847330714, 9.932643175383065], [104.01677213354547, 9.932613238522574], [104.01677563903759, 9.932585937928632], [104.01676665461139, 9.932555997253344], [104.01673349505796, 9.932531717917518], [104.01669684912038, 9.93252171928657], [104.01666485507707, 9.932511094450684], [104.01663879059157, 9.932499212342195], [104.01654357720092, 9.93244066618166], [104.01651762768195, 9.932412599755624], [104.01650991338072, 9.932387181710318], [104.01651214786479, 9.932355991394875], [104.01652688167917, 9.93232102164294], [104.01654152522416, 9.932285418847457], [104.01654122242978, 9.93224319411078], [104.01652249354602, 9.932204107345903], [104.0164911369771, 9.932194116327256], [104.0164623147608, 9.93219714887601], [104.01642301000122, 9.932196820897792], [104.01639038998029, 9.932177786440429], [104.01636644785228, 9.932148999572977], [104.01635554359362, 9.932122311094837], [104.01635905482249, 9.932091122623607], [104.01636585173416, 9.932058130574134], [104.01636152216439, 9.932025574543184], [104.01634078316837, 9.93198910693318], [104.01630571444728, 9.931960846495612], [104.01626399220224, 9.93193004479847], [104.0162269199894, 9.931899882723231], [104.01616644037955, 9.931849433645237], [104.01613054800971, 9.93182316115427], [104.01609335978318, 9.931809906700137], [104.01606454530447, 9.931807695096047], [104.01603837442264, 9.931806210636601], [104.01600044428352, 9.931801363793829], [104.01596845790918, 9.931785585191195], [104.01594039106843, 9.931771078073266], [104.01591889121008, 9.931755947529018], [104.01590788052117, 9.93173965673041], [104.0159102195398, 9.93169942496581], [104.01593132069574, 9.931675585614864], [104.01596682682147, 9.931654389138927], [104.01598525859725, 9.931647363314141], [104.01601355831085, 9.931627512663132], [104.01602618136715, 9.931601581489224], [104.01603117552318, 9.931554210689578], [104.01602251234054, 9.93149190151259], [104.01600197600033, 9.931441690935817], [104.01599107086231, 9.931415635358267], [104.01599078062404, 9.931364911530972], [104.01599832531709, 9.9313195335689], [104.01601571521475, 9.931276791893504], [104.01603363978884, 9.931242550098677], [104.01605166804232, 9.931199809342873], [104.01605920607962, 9.931158952171772], [104.01605741844871, 9.931134266005667], [104.01603930891383, 9.931108200023832], [104.0160007557696, 9.931092954437974], [104.01596991114799, 9.931107014786514], [104.01593960704945, 9.931125596715864], [104.01591342771769, 9.93112989886459], [104.01589192404707, 9.931117390380164], [104.01587890895108, 9.931099830860205], [104.01587066283977, 9.931064014186918], [104.01587757302995, 9.931016013244749], [104.01589231534881, 9.930975256902881], [104.01591097532385, 9.930937037869787], [104.0159321809114, 9.930904157060455], [104.0159599497362, 9.930873184468037], [104.01598295542884, 9.930856490730074], [104.01600531611192, 9.930844316861732], [104.01604144801715, 9.930831620386126], [104.01607036224023, 9.930827955088484], [104.01609378962674, 9.930834589295337], [104.01612322817238, 9.930846476312947], [104.01615860474784, 9.930851319449783], [104.0161886056074, 9.930852899842682], [104.01620000988211, 9.930849570914907], [104.01625493230942, 9.930833917816457], [104.0162818536552, 9.930821117600885], [104.01631881586229, 9.930801912336747], [104.01635687426237, 9.930781442825644], [104.01639300707814, 9.930768113399992], [104.01642002730775, 9.930750069183672], [104.0164491839084, 9.930705536140588], [104.0164632820706, 9.930668666730245], [104.01646891636548, 9.930620031016751], [104.01646916366063, 9.930575817916685], [104.01646219462023, 9.930539731849146], [104.01645975094313, 9.930527070073333], [104.01645085871718, 9.930496496610424], [104.01643095701185, 9.93044881862258], [104.01642143877196, 9.930409835561246], [104.01641269110982, 9.930342915046756], [104.01641961115453, 9.930226017057077], [104.01642972659009, 9.930106682443586], [104.01643463994658, 9.930052168643943], [104.01644482347783, 9.930010682363106], [104.01644589431089, 9.929964571712505], [104.0164251478582, 9.929933257814088], [104.0163931445149, 9.929929142906204], [104.0163668959923, 9.929918526343968], [104.0163351084958, 9.929891626892688], [104.01631308626298, 9.929859678234026], [104.01630760251955, 9.929805782341417], [104.01631259659558, 9.929758411529345], [104.01633455551539, 9.929709256881619], [104.0163591400875, 9.929673035519587], [104.01638819491279, 9.929635645197735], [104.01641862826801, 9.929591023576515], [104.01642489134854, 9.929548898724711], [104.01642862221709, 9.929492303646997], [104.01642641283252, 9.92944428952419], [104.01643671421422, 9.929384629780628], [104.01645930667176, 9.929338731014477], [104.0164687453558, 9.929307641503831], [104.01646833424064, 9.929277080277553], [104.01644610867423, 9.929259417074112], [104.01640881054307, 9.929259092005678], [104.01637605195832, 9.929272516727394], [104.01632932946833, 9.929293516242469], [104.01629584132155, 9.929306939903054], [104.01626566100069, 9.929303460529512], [104.01625018197477, 9.92928707287682], [104.01624056794189, 9.929251254234442], [104.01624291352636, 9.929206501664845], [104.01624780113518, 9.929169528546687], [104.01625862009698, 9.929130032340026], [104.0162831210039, 9.929088657143808], [104.01630897734142, 9.92905578301262], [104.01634067967174, 9.929016407358784], [104.01636443481055, 9.928986061840293], [104.01639685526766, 9.928954462999178], [104.01641731399495, 9.928933244743217], [104.01642867544847, 9.928896913874672], [104.01642900424245, 9.928859301261493], [104.01643517146387, 9.928820340831336], [104.01645647574568, 9.928782215986002], [104.01649144377524, 9.928754599117099], [104.01652948002912, 9.928749048193486], [104.01656402900605, 9.928758410888056], [104.01659336000837, 9.92878132846452], [104.01661411211498, 9.928808754468823], [104.01662958251536, 9.928831019137641], [104.01668506985578, 9.928865186024948], [104.01671515510205, 9.928871287288368], [104.01675318195026, 9.928872155867966], [104.01685417029175, 9.928847617882406], [104.01688565103474, 9.928834914597367], [104.01691923600683, 9.928817603122177], [104.01696076615066, 9.92879261772799], [104.01699818498797, 9.928772780119905], [104.01702903690234, 9.928753565956418], [104.0170542444416, 9.928727743282062], [104.01707334474197, 9.928700013067525], [104.01708880972554, 9.928663778501498], [104.0170904162229, 9.92862544439606], [104.0170848461936, 9.928505906304562], [104.01708964819899, 9.928465045152729], [104.01710639373098, 9.928426190363396], [104.01713873042195, 9.92838943760598], [104.0171696868693, 9.928361091552809], [104.01720730141555, 9.928332122175025], [104.0172777787199, 9.928280776936342], [104.01731073572108, 9.928256321642213], [104.01734305713984, 9.928229966691362], [104.01737984706774, 9.928203618171736], [104.0173957336602, 9.928190801962765], [104.01743123838568, 9.928170238216351], [104.01746281500449, 9.92815428003129], [104.0174891984531, 9.928134968971344], [104.0175229028527, 9.928098308558061], [104.01755154816951, 9.928029000648564], [104.01758322258276, 9.928008521787143], [104.01761670392972, 9.927999618783403], [104.01765008256457, 9.927998581828765], [104.01768346014049, 9.927998268198046], [104.01770507870503, 9.927994501831476], [104.01772934758947, 9.927986851384905], [104.0177497929374, 9.927974674630176], [104.01776898049069, 9.92794956656245], [104.01778943827414, 9.927928890709774], [104.0178164542225, 9.927913558840435], [104.01784273399986, 9.9279027467147], [104.01787219802708, 9.927897092884962], [104.01790894408606, 9.927900671969043], [104.01794943201419, 9.927902267276657], [104.01798354217665, 9.9278998750989], [104.01801109099358, 9.927894308918576], [104.01804065282509, 9.927884134409426], [104.0180703995559, 9.927872242257504], [104.01807861588455, 9.927866196192634], [104.01815419281854, 9.927819650143347], [104.0181919728156, 9.927802163730368], [104.01821953682602, 9.92778619970219], [104.01825302950542, 9.927769520864205], [104.01828268436388, 9.927758080641015], [104.01832930977426, 9.92774087817291], [104.0183699087069, 9.927728911172487], [104.01848411299434, 9.92770900288453], [104.01854906350265, 9.927695172106704], [104.01858054407565, 9.927682468653275], [104.01860035484798, 9.927667668865498], [104.0186175248225, 9.92765024321652], [104.01863797778026, 9.927632822281426], [104.01866681754797, 9.927617492959616], [104.01869965571763, 9.927611843900667], [104.0187298359206, 9.927615323049238], [104.01875526360203, 9.927625938244326], [104.01879171334988, 9.927645068376588], [104.01883036034185, 9.927658324612066], [104.01887018889869, 9.927674295022703], [104.01890472648856, 9.927691433243831], [104.01893141281255, 9.927714437240216], [104.01896117148858, 9.927756794692426], [104.01898436221846, 9.927800498958085], [104.01899843644914, 9.927842200984804], [104.01900667729653, 9.927881815069021], [104.01900761020889, 9.92792991778025], [104.01900537046657, 9.92796490560187], [104.0190057732415, 9.928001343873484], [104.01901338893363, 9.928031915448926], [104.01902821648873, 9.928057343655194], [104.01906984074236, 9.928092665669546], [104.01920287496645, 9.928167721080504], [104.01927912705726, 9.928220904718229], [104.01938801496324, 9.928282182175327], [104.01941142510313, 9.928300570216383], [104.01945188751135, 9.928319706035113], [104.01948388033358, 9.928330963504003], [104.01951915707366, 9.928341592765008], [104.0195439493795, 9.928350217838037], [104.01959743161619, 9.92838374846692], [104.01962667240696, 9.928406123160489], [104.01964816287597, 9.928427672998552], [104.01967029922156, 9.928444070042222], [104.01969763548827, 9.928459208710905], [104.01973035973283, 9.928469201379698], [104.01976436821187, 9.928474042166727], [104.01979190018508, 9.928480049080289], [104.01982325559827, 9.928490672691764], [104.01989931507053, 9.92855099879295], [104.01998912093644, 9.928627800300768], [104.02001198686767, 9.928644198368008], [104.02003338987186, 9.928663216406234], [104.02005223100693, 9.928688017406238], [104.02006832788445, 9.928718601107262], [104.0200825237768, 9.928739507560291], [104.02010211054312, 9.92875327885851], [104.02012817948608, 9.928761996134403], [104.02019215763202, 9.928789755069957], [104.02022816110507, 9.928802374454497], [104.02026271034262, 9.92881164635699], [104.02030126621051, 9.928824992716551], [104.02035475900446, 9.928851380371864], [104.02039584950109, 9.928877659854427], [104.02043557393098, 9.92890267155166], [104.02046554543475, 9.928924323892653], [104.0205045309768, 9.92895575406988], [104.02053577065844, 9.92898328526767], [104.0205748521457, 9.929011460593912], [104.02062049095608, 9.929045612760138], [104.0206992000815, 9.929102687499817], [104.02081016490635, 9.92924118286174], [104.02098669102497, 9.9294477648387], [104.0210263103085, 9.929482450845907], [104.02110180505893, 9.929555162893891], [104.02112913478342, 9.929574912665334], [104.02116239886348, 9.929590059691566], [104.02119376192195, 9.92959552947233], [104.02122257731472, 9.929597017300518], [104.02125404195064, 9.929595344346358], [104.0212914398857, 9.929589791971296], [104.0213386952453, 9.929578467039551], [104.0213781107565, 9.929565141748917], [104.021423356151, 9.929556345585976], [104.02147060677373, 9.929548275609294], [104.02149815292661, 9.929544607881477], [104.02152825252762, 9.929540943797157], [104.02156629078524, 9.929534036063101], [104.02161608631603, 9.929531846747823], [104.02167700942496, 9.92952840748224], [104.02171112539239, 9.92952212704602], [104.02175043931908, 9.929515944440578], [104.0218926131313, 9.92951515273244], [104.02192206032429, 9.929521162208763], [104.02196453955483, 9.929533248154325], [104.02199589501527, 9.929543961985793], [104.02202068656534, 9.92955321979395], [104.02206041684771, 9.929574343421075], [104.02216804240248, 9.929626395766741], [104.02220659661579, 9.929641007737922], [104.02229482896375, 9.929671513351007], [104.0223373120315, 9.92968097718794], [104.02238689792797, 9.929697594018524], [104.02242417360006, 9.929713469969238], [104.02246062288773, 9.929733232632652], [104.02250170711817, 9.929764032666679], [104.02254078219025, 9.929796818988564], [104.02258040168638, 9.92983150482093], [104.02261609221893, 9.92987142918838], [104.0226564356557, 9.929910003938069], [104.02269605321256, 9.929946045997164], [104.02273384688341, 9.92998208545422], [104.02277017398006, 9.93002327653921], [104.02280448825184, 9.930068985561682], [104.02283032993289, 9.930108805466505], [104.02285552487439, 9.930154411082206], [104.02286779190257, 9.930184989207788], [104.02288251359651, 9.930220814964706], [104.02289732452391, 9.930257997090349], [104.02290949565013, 9.930291830059408], [104.02292749840252, 9.93032901672827], [104.02294696695476, 9.93036159425945], [104.02296876611508, 9.93042211369776], [104.02304773989955, 9.930611828783356], [104.02312118321198, 9.930779203192403], [104.02313251189338, 9.930828044036094], [104.02314350040753, 9.930859886159197], [104.0231472073309, 9.930882043391318], [104.02314889304205, 9.930914505187944], [104.0231473004457, 9.930943707337642], [104.02314187870563, 9.93097218070857], [104.02313179659309, 9.931007157409391], [104.0231277520704, 9.931029213193403], [104.02312551639308, 9.931061669408779], [104.02312962483376, 9.931121440329921], [104.02313732269297, 9.931221541961241], [104.02315203516352, 9.931263787240907], [104.02317533202026, 9.93129772645111], [104.02318633259463, 9.931321250304414], [104.02318917099134, 9.931376408193648], [104.02318808027455, 9.93143689504392], [104.0231817210508, 9.931482998228931], [104.02318147674453, 9.931525764718584], [104.02318772117094, 9.931558956330893], [104.02319394687999, 9.931605077425345], [104.0231968970244, 9.931646040137874], [104.02319783995839, 9.931687632906884], [104.023189033643, 9.931723244335839], [104.02318297535649, 9.931750450973778], [104.02318254001835, 9.931799184656454], [104.02315921021965, 9.931850959904379], [104.02311248106611, 9.931876571579147], [104.0230804728383, 9.93187562185622], [104.02306343163248, 9.931867098480542], [104.02303291068354, 9.931846711399578], [104.02299424232477, 9.931847741342146], [104.02296076279677, 9.931855198214384], [104.02291741806947, 9.931873762221045], [104.02289494762205, 9.931898865910346], [104.0228768159022, 9.93195064853817], [104.0228566759149, 9.932003784546607], [104.02281236484062, 9.932059869859847], [104.02276360011682, 9.932105641382613], [104.02272395871289, 9.932148803826589], [104.02268769703015, 9.932188173602626], [104.02266501964593, 9.93223018479695], [104.02265408942071, 9.932283966824658], [104.02263742423614, 9.932330597805493], [104.02261548282047, 9.932368179653418], [104.02257456554659, 9.93241070734575], [104.02251659957018, 9.932449865337489], [104.0224712513259, 9.932466437270662], [104.0224050111959, 9.932488585215275], [104.02236083340081, 9.932515556656595], [104.02230678681825, 9.93255607643968], [104.02227858132592, 9.9325740290306], [104.02224880386468, 9.932606898038589], [104.02223744774963, 9.932639883730902], [104.02222864117005, 9.932675585542503], [104.02220933503905, 9.932719590663263], [104.02210230697295, 9.932820704064818], [104.02207537726562, 9.93283929136964], [104.02203786887493, 9.932857863579425], [104.02199134170417, 9.932869822539226], [104.02195321291909, 9.932876006844928], [104.02192182879492, 9.932884822839005], [104.02188230188072, 9.93291180084952], [104.02184012372513, 9.932943295876973], [104.02179922138014, 9.932975425632694], [104.02175767304227, 9.933012798595806], [104.02172268893744, 9.933051446750712], [104.02170211346336, 9.933090296306114], [104.02168939315028, 9.933120657960455], [104.0216753968844, 9.93315047529557], [104.02165949693484, 9.933172423709337], [104.02162981817133, 9.933200048661945], [104.02158042236469, 9.933240574958264], [104.02154471416718, 9.933275424581], [104.02150368547665, 9.933331695219344], [104.02147707514641, 9.933381476488083], [104.02144199031208, 9.933426634425922], [104.021397788791, 9.933469790179938], [104.02136938750684, 9.933496874435246], [104.02133187716332, 9.933516712382831], [104.0212931907355, 9.933530038685227], [104.02125122796393, 9.933538749078874], [104.0212110785868, 9.93355469534792], [104.0211783178989, 9.933569386347816], [104.02113816378125, 9.933588587580942], [104.02108942805661, 9.933614105667996], [104.02105848180335, 9.933635309209459], [104.0210289025614, 9.93365714761524], [104.02098481661733, 9.93368348607955], [104.02087842108337, 9.933725467824225], [104.02083369964319, 9.933749816204308], [104.0208007508707, 9.933768394788915], [104.02076069369436, 9.933783617804552], [104.02072392601069, 9.933794415132683], [104.02070283728405, 9.933809846112416], [104.02064083374889, 9.93386581537288], [104.02060120409841, 9.933900568858247], [104.02056833701536, 9.933925657494733], [104.02052828257501, 9.933938981746874], [104.02049088887391, 9.93394127903871], [104.02045559833822, 9.933939691444964], [104.02041767721597, 9.933928425558674], [104.0203758471893, 9.933908564541934], [104.02032817866203, 9.93389005140113], [104.02028833782866, 9.93388194731506], [104.02024840290345, 9.93387583224373], [104.02007973591807, 9.933844577914185], [104.01998756665516, 9.933824102228613], [104.01991500145978, 9.933805734185349], [104.01985419815152, 9.933789010475765], [104.01977759820646, 9.933785826523506], [104.01972514891489, 9.933793798360105], [104.01967461829304, 9.93379933170513], [104.01962153629941, 9.933803414726178], [104.01955870770529, 9.933799707976075], [104.01949333328501, 9.933790753429275], [104.01943615117825, 9.93379229888901], [104.01936784121105, 9.93379518461388], [104.01932059310441, 9.933801084279382], [104.01926421525724, 9.933813932874395], [104.01923210418887, 9.933820848827558], [104.01912164501002, 9.933835156847746]]], "type": "Polygon"}, "properties": {"id": 0.0, "area": 0.0, "perimeter": 0.0}}, {"type": "Feature", "geometry": {"coordinates": [[[104.02683530883456, 9.969541236175825], [104.02682516809217, 9.969616176656785], [104.02681030759534, 9.969675197232794], [104.02679126779722, 9.969723000300835], [104.02678618352802, 9.969770099822941], [104.02678320377332, 9.969812500696824], [104.02677218812086, 9.969861671377634], [104.0267500243495, 9.969925383226904], [104.02673442934936, 9.969987748147359], [104.02671883629945, 9.97004875682958], [104.02670733694333, 9.97011709500968], [104.02670049025876, 9.970184626042071], [104.02668160699332, 9.97025033168705], [104.02666007587626, 9.970318022727247], [104.0266293213321, 9.970393747707814], [104.0266077085126, 9.970454838260647], [104.02659219892053, 9.970521181594455], [104.026572428344, 9.970569706935404], [104.02651396536133, 9.970695935133294], [104.02645942119267, 9.970824248445156], [104.02644448463182, 9.97087269021803], [104.02643491591412, 9.970930362035434], [104.02642262145082, 9.970980796706726], [104.02639964332903, 9.971039896151886], [104.02638342320346, 9.971092947314034], [104.02634206078542, 9.971187915808512], [104.02633169207259, 9.971231119929568], [104.02632661553828, 9.971272794489042], [104.02630348643271, 9.971310103461112], [104.02626239047252, 9.971346844434306], [104.02623789247666, 9.97138469395396], [104.02620689754093, 9.971437272052153], [104.02619847012393, 9.971462486144839], [104.02618328468873, 9.971493748513467], [104.02617027200566, 9.971536225546119], [104.02615902006077, 9.971559446476165], [104.02613382660964, 9.971573606015106], [104.02611054195754, 9.971592289060716], [104.02608742155668, 9.97162354015745], [104.02607160628108, 9.971648834171642], [104.02604803271495, 9.971678095470416], [104.02603837516382, 9.971670938894547], [104.02604100041927, 9.971684595433766], [104.02602720944616, 9.971697595748548], [104.02599798277687, 9.971725673607633], [104.02595954229942, 9.971755094616835], [104.02591956084694, 9.971777913066873], [104.02587565084912, 9.971805337145227], [104.02584844220023, 9.971825461251909], [104.02578535466381, 9.971869585025372], [104.02575404367717, 9.971888347055417], [104.02571543800497, 9.971905832892588], [104.02567016929208, 9.971926745062055], [104.02563291928448, 9.971952822332263], [104.02553733016204, 9.972019051768756], [104.02551412605654, 9.972045058576542], [104.02549693110831, 9.972078307202874], [104.02549467020863, 9.972128032765752], [104.02549979245438, 9.972180933384195], [104.02551085267237, 9.972227242079825], [104.02552639365334, 9.972265510125142], [104.0255440438978, 9.972295824564121], [104.02555359193737, 9.97231563923287], [104.02556256213327, 9.972356610414172], [104.02556341965769, 9.972394315087815], [104.02554497173894, 9.972411015813824], [104.02551294149869, 9.972422543518588], [104.0254883712252, 9.972447192140862], [104.02547784780477, 9.972471137406625], [104.02547141337222, 9.972505667152989], [104.02546370309264, 9.972539471757296], [104.0254487643343, 9.972589269706813], [104.02541125213833, 9.97267040989081], [104.0253955059826, 9.972710893845425], [104.0253818489394, 9.972757348223128], [104.02535974997734, 9.972838962399205], [104.0253238403194, 9.97294713921891], [104.02530519278707, 9.97303870405324], [104.02529017140994, 9.973082534421792], [104.02525973307924, 9.973128422424171], [104.02521992335171, 9.973158474299108], [104.02517471971997, 9.973197288841138], [104.0251316063706, 9.97324126006004], [104.02509997838648, 9.973289858831281], [104.0250774933321, 9.973323099900222], [104.02506567855218, 9.973356989065437], [104.02505740368125, 9.973402727757268], [104.02504430623867, 9.973440593397395], [104.02502053746234, 9.973478534263526], [104.02499211909586, 9.973515112269924], [104.02498311442388, 9.97356094033593], [104.02498278121207, 9.973602079116391], [104.02497369790238, 9.973639227139174], [104.02495128960915, 9.973682414060356], [104.02493354347159, 9.973718283925686], [104.02491642516814, 9.973761478375057], [104.02490773552738, 9.973841664944212], [104.02490996592319, 9.973876026177818], [104.02493562615813, 9.973917563628568], [104.02496722834304, 9.973949796694525], [104.02500558757744, 9.973976704835783], [104.02503856180854, 9.974006227370252], [104.02507225417779, 9.974043707526805], [104.0250911698418, 9.974081980393056], [104.02509757181691, 9.97413289368065], [104.02509193616784, 9.974182614428297], [104.02506560869655, 9.974223897041949], [104.02503638184449, 9.974251884382605], [104.02499456527026, 9.974282023780917], [104.02494463505838, 9.974309529559847], [104.02490911319762, 9.974338683333198], [104.0248675689121, 9.974369727261495], [104.02481974128771, 9.974393890624803], [104.024773026356, 9.97440548775034], [104.02472960732638, 9.974408500049798], [104.02468153385128, 9.97441349486383], [104.02463674972873, 9.974414425639978], [104.02460329547236, 9.974401448498577], [104.02456767047103, 9.974375900445933], [104.02453934977595, 9.97434502825784], [104.02451248184367, 9.974318678934475], [104.0244735676354, 9.974297104486311], [104.02441449326534, 9.974277852114275], [104.02448244099322, 9.974216104454339], [104.02448235253962, 9.974214205593649], [104.0240668159427, 9.974211804836946], [104.02385025256551, 9.974174787007026], [104.0236768935761, 9.974219747543923], [104.02343096168735, 9.97399435115172], [104.02392940325326, 9.97362119279006], [104.02358135189031, 9.972997006977538], [104.02291025860532, 9.97205183473061], [104.02291242323493, 9.971692344095086], [104.02293297976748, 9.971668232425953], [104.02291231013066, 9.971644694738758], [104.02274201011316, 9.97146868269699], [104.0224285876821, 9.971494183746549], [104.02244275914065, 9.971470515051703], [104.02246532301862, 9.971445863788603], [104.0224971920345, 9.97141977918161], [104.02253370782445, 9.971396956192109], [104.02258227059446, 9.971368815890903], [104.0226201649935, 9.971338761589116], [104.02266062289611, 9.971302020170231], [104.02269450420806, 9.97127196011987], [104.0227262829039, 9.971245242448482], [104.02279740565675, 9.971195072885804], [104.0228466894753, 9.971172810609827], [104.02288867376998, 9.97115261745843], [104.02293587127558, 9.971122486000262], [104.0231043419438, 9.971051117333637], [104.0233068387303, 9.970975457210317], [104.02335876365123, 9.970955820689522], [104.0234066811465, 9.970932290552911], [104.02345588905006, 9.970899449409597], [104.02349907327054, 9.970869402553435], [104.02353424290548, 9.970831387647916], [104.02356322194476, 9.970785497715012], [104.02357697534293, 9.970735607745937], [104.02358253148644, 9.970677930304978], [104.02358487900236, 9.970631550276892], [104.023585211187, 9.97059122524038], [104.02359092767689, 9.970548737905997], [104.02360449457672, 9.970501650562538], [104.0236341331562, 9.970441204595051], [104.02365726432885, 9.970402629996675], [104.0236870545805, 9.970363341571046], [104.02372139947714, 9.97032794752683], [104.02376776766675, 9.970303510962111], [104.02413170255456, 9.970791010297965], [104.02375766336628, 9.970290024570053], [104.02381629632191, 9.970235858649529], [104.02388598144442, 9.97017049690419], [104.02393309814178, 9.97013304148553], [104.02396762251308, 9.97009963682009], [104.02400069414308, 9.970061709281573], [104.02403642057402, 9.970017004328337], [104.0240748859251, 9.969970404540698], [104.02410723562133, 9.969927141419667], [104.02413044833227, 9.969895167264058], [104.02415622149003, 9.96985858554277], [104.0242063174123, 9.969779271740988], [104.02423210117327, 9.969735366335488], [104.02426181451119, 9.96968613198636], [104.02428887225324, 9.969644217542212], [104.02432451879797, 9.969591646251056], [104.02435431177827, 9.969550368609877], [104.024380718473, 9.969517133161329], [104.02441917427804, 9.96947704326329], [104.02455443679207, 9.969348302774522], [104.02475321560928, 9.969130954591087], [104.02479705153762, 9.96909150521528], [104.02484079520228, 9.969052779029564], [104.02488855583069, 9.969011346075359], [104.0249297408736, 9.968975961626336], [104.02497959528058, 9.968937244116498], [104.02501210033017, 9.968912516390064], [104.02505664948218, 9.96888436998803], [104.02510320632668, 9.968855412691864], [104.02513780817054, 9.968831320846768], [104.02519495334786, 9.968796501559408], [104.02523493159507, 9.968775672324979], [104.02528686273216, 9.96875142427497], [104.02533423515578, 9.96872608474329], [104.02536662841769, 9.96871555212908], [104.02540879073791, 9.968698071368976], [104.02546164541388, 9.96866586799744], [104.02553830353672, 9.968634512190354], [104.02565268450785, 9.968628255190783], [104.02574962026509, 9.968639242823054], [104.02582402853245, 9.968650017600144], [104.02586260506264, 9.968652423204228], [104.02591862026597, 9.968642104914263], [104.02596604777973, 9.96864172017945], [104.02600216463591, 9.9686421331233], [104.02604492617174, 9.96865177792682], [104.02607902122794, 9.96866276666233], [104.02611530143177, 9.968676380559714], [104.02615485929176, 9.968693977408712], [104.0261836633917, 9.968705681952093], [104.02622651144743, 9.968718581831215], [104.02626406083905, 9.968737532057258], [104.02629221789239, 9.968755203128538], [104.02633186319227, 9.968775422145024], [104.02636731682712, 9.968793013146648], [104.02640623144794, 9.968813954445949], [104.0264451385047, 9.96884013985749], [104.02647547302713, 9.96886577060969], [104.02650442798776, 9.96889935600965], [104.02652672481575, 9.96893302238048], [104.02655102164759, 9.968971212385753], [104.02667004594606, 9.96916035058061], [104.02670180824025, 9.969207864007641], [104.02672884989076, 9.969240090437378], [104.02675587054831, 9.96928687380964], [104.0267958802901, 9.969370655731908], [104.02681633011224, 9.969420232681227], [104.02683074797275, 9.969478390598718], [104.02683530883456, 9.969541236175825]]], "type": "Polygon"}, "properties": {"id": 34.0, "area": 116010.78, "perimeter": 1963.59}}, {"type": "Feature", "geometry": {"coordinates": [[[104.02403151726072, 9.976977215879062], [104.02402787456283, 9.977036161857782], [104.02400555027563, 9.97708405043811], [104.023987965113, 9.977134477424748], [104.02398826364188, 9.977180137886892], [104.02398062695525, 9.977225877441269], [104.02395757784225, 9.977270419593866], [104.02394118204012, 9.9773183166285], [104.02393274561264, 9.97734949807788], [104.02392093435964, 9.977380765126254], [104.02389853917802, 9.977414639129352], [104.02387748991637, 9.977463795340604], [104.02387449496123, 9.977516322709427], [104.02387368282325, 9.977573102741474], [104.023873418589, 9.977629431475853], [104.02387180173145, 9.977675089202046], [104.0238642273284, 9.97774072033996], [104.02386805983457, 9.977802299044194], [104.0238616942464, 9.977852018707122], [104.02384538592787, 9.977902447503745], [104.02382041073646, 9.977954310581055], [104.02378797473335, 9.977993595193327], [104.02371171207086, 9.978065005285675], [104.02367655412213, 9.978094430665427], [104.02363263532692, 9.978127188917625], [104.0236095956915, 9.978165130691439], [104.023583817047, 9.978204967285064], [104.02353275770649, 9.97825579850394], [104.02348312902525, 9.978326342424406], [104.02345951713262, 9.97838146238945], [104.0234407219131, 9.978448524133105], [104.02342311541582, 9.978513508007929], [104.0234060042621, 9.97855145823544], [104.02337228255573, 9.978596708413079], [104.02333046434474, 9.978627480472168], [104.02331664745388, 9.97865802129856], [104.02332497325988, 9.978702969898402], [104.02336757641874, 9.978759631134857], [104.02338009952446, 9.978803410325021], [104.02338536291496, 9.978821772273584], [104.0233972121993, 9.978889872376447], [104.02339774863015, 9.978960035878591], [104.02338810522481, 9.979005772541408], [104.02336779122705, 9.979050951459138], [104.02335660779133, 9.979089452648012], [104.02336558456128, 9.979125812666739], [104.02338917702826, 9.979146822869984], [104.0234073026482, 9.979163937376102], [104.02340962581373, 9.979197123329424], [104.02339451462998, 9.979239597205817], [104.02334747233996, 9.97928763123248], [104.02331231908978, 9.979313711182993], [104.02325371342754, 9.97934789503584], [104.02321053750309, 9.979371431861535], [104.0231748080424, 9.979417402468783], [104.02316499085512, 9.979457171424652], [104.02315534924149, 9.979501642257368], [104.02314426183933, 9.979536798185652], [104.02310852656161, 9.979586747074936], [104.02305883913229, 9.979634777273318], [104.02301637558567, 9.979670159571201], [104.02296122127694, 9.979714294051465], [104.02292341224138, 9.97974769384476], [104.02287492587325, 9.979785147072532], [104.02283109797685, 9.979817905332128], [104.02279321219008, 9.979841359252267], [104.02267786239533, 9.979883870471113], [104.02262577676206, 9.979887593384754], [104.02258372222833, 9.979892596472885], [104.0225384706508, 9.979900849950145], [104.02249905747493, 9.979908388453726], [104.02246430463104, 9.97990996617782], [104.02240138124611, 9.979902642799837], [104.0223662435385, 9.979917963176042], [104.02234358967638, 9.979941348442267], [104.02232504415183, 9.979962027115068], [104.02229582708607, 9.979982780916384], [104.02227455689642, 9.979995499085987], [104.02225938516058, 9.98001681549884], [104.02225350813461, 9.980044022258369], [104.02224314356263, 9.980083790395557], [104.02223020853694, 9.980134947249953], [104.02220121775024, 9.980188160665044], [104.0221659798295, 9.980209629153943], [104.02212054868329, 9.98021589316536], [104.02208387172205, 9.980223435538578], [104.02208058570454, 9.980225148730922], [104.02205329413606, 9.980238943246173], [104.02199861464034, 9.980270058350525], [104.02195938712497, 9.98027533665693], [104.02195546712996, 9.980273974799553], [104.02192647767359, 9.98026371624839], [104.02188520274963, 9.980234452748366], [104.02185539492768, 9.980222475116419], [104.02179612090426, 9.980214433527715], [104.02164554530917, 9.980269913746708], [104.02159945272041, 9.980291909098293], [104.02155745936855, 9.980317436543187], [104.02151957436213, 9.98034025740126], [104.0214764662934, 9.980379616863193], [104.02143904349333, 9.980460666191084], [104.02141270050869, 9.980511894180307], [104.02138698831759, 9.980568367192298], [104.02134074423807, 9.980631591920588], [104.02128759231167, 9.980678351038181], [104.02124119285959, 9.980723040276358], [104.02120546495787, 9.980767654414139], [104.02116981372207, 9.980822214402059], [104.02112348985061, 9.98087757280156], [104.02108631618474, 9.98091287201516], [104.02103045103836, 9.980943804415721], [104.02098308694258, 9.980962000382776], [104.02093115843284, 9.980982902260942], [104.02069220857003, 9.981095397864884], [104.02063312988264, 9.98114079211227], [104.02058720470927, 9.981172914129969], [104.02054418366, 9.981214986059973], [104.02051639475691, 9.981256899055625], [104.02049061628051, 9.98129619288003], [104.02045625449611, 9.981342074714954], [104.02041072616804, 9.981414613159771], [104.02041303077183, 9.981460276476572], [104.0204299444322, 9.981495291735266], [104.02043378119784, 9.981553525058002], [104.02040831908666, 9.981625911528058], [104.02036736095285, 9.981691765764491], [104.02030914562302, 9.981770343802161], [104.02025623892648, 9.981836271248401], [104.02019786151523, 9.98190092499095], [104.02014952979705, 9.98195691325881], [104.02009956543537, 9.982006660475989], [104.02005543460353, 9.982059038141257], [104.02004113789741, 9.982105491302136], [104.02003678603397, 9.982149879213756], [104.0200382939414, 9.982178995283988], [104.02002744291111, 9.982239287026728], [104.01998792846956, 9.98231572193829], [104.01994110839313, 9.982398204186065], [104.01990087006646, 9.982470659745827], [104.0198408137319, 9.982560537014814], [104.01978661530138, 9.98263640825454], [104.01976421242894, 9.982674983546039], [104.01975455566408, 9.982729399966347], [104.0197562284706, 9.982770451162992], [104.0197644704718, 9.982810065168762], [104.01977280938301, 9.982845791433219], [104.01977246776589, 9.982892174261993], [104.01976345727967, 9.9829412570786], [104.01974249424883, 9.982993125567775], [104.01971743367952, 9.9830402865292], [104.01969897027223, 9.983066932599653], [104.01966854185501, 9.983104863408942], [104.01965858531099, 9.983114885220704], [104.01960679610639, 9.983164900967477], [104.01947012829952, 9.983375824957756], [104.01944177814867, 9.983427049864718], [104.01942009702891, 9.983470960700917], [104.01939623576106, 9.9835088105323], [104.01936043837216, 9.983538234481689], [104.01930923412249, 9.983562482510383], [104.01924783960416, 9.983569536830025], [104.01917752685027, 9.983562744655352], [104.0191153395814, 9.98355062965362], [104.01905186171167, 9.983547825607788], [104.01898853333878, 9.983567444888136], [104.01892463805056, 9.98360044487871], [104.01888482553088, 9.983631128801791], [104.01882903047635, 9.98367598493453], [104.01876505390383, 9.983702203589306], [104.01871786188086, 9.983727090226266], [104.01868606793487, 9.983763120232984], [104.01865900532398, 9.983807023243354], [104.01864253391761, 9.98384352744779], [104.0186268705066, 9.983888803151505], [104.01861585904926, 9.983933904740127], [104.01861480033773, 9.98397160660401], [104.01861045209826, 9.984013372428969], [104.0185914838648, 9.98407310988704], [104.0185591232108, 9.984122339768362], [104.01852059231345, 9.984149770524436], [104.01847268607996, 9.98416407744128], [104.01841859127254, 9.984169062582712], [104.01837243955286, 9.98416872465895], [104.01832228524196, 9.984161147680918], [104.01827212601407, 9.984156916073106], [104.01821739752555, 9.984158645297141], [104.01816995810051, 9.984165629164407], [104.01802062770857, 9.984179066075255], [104.01800703227214, 9.984182572634298], [104.01795293200303, 9.984191264739598], [104.01793103381966, 9.984196567605172], [104.01789005816595, 9.984211788617115], [104.0178735227238, 9.98422975744645], [104.01783705790942, 9.984278710068317], [104.01779684629668, 9.984332539718757], [104.01777546088653, 9.984361261006729], [104.01776741858754, 9.984372008852418], [104.01776193561908, 9.984379053352683], [104.0177590118483, 9.98438248492327], [104.01775617942036, 9.984385826210179], [104.01775316470591, 9.984389076817548], [104.01774996783809, 9.984392146329782], [104.01774668002665, 9.984395034878817], [104.01774311871894, 9.984397832616349], [104.01773955767739, 9.98440044952263], [104.01773216223106, 9.984405502107998], [104.01772075022623, 9.984412809277046], [104.01768249778316, 9.984436894949436], [104.01764424520142, 9.984461071032747], [104.01757549964596, 9.984504823209845], [104.01756390548105, 9.984511949277946], [104.01755614585619, 9.984516549253106], [104.01755222063855, 9.984518713551207], [104.01754236252192, 9.984523762567843], [104.01753049725654, 9.98452917034227], [104.01746980304313, 9.984556026396103], [104.01743731077049, 9.984570626718538], [104.01738592527323, 9.98459387960037], [104.01735744662557, 9.984608214478229], [104.01716776826723, 9.984705860087956], [104.01714768290695, 9.9847188508675], [104.01710915369273, 9.984745015632287], [104.01709472533905, 9.984756658366644], [104.01708778512467, 9.984762254090999], [104.0170629448471, 9.984783375397209], [104.01702750915565, 9.984814698333464], [104.01702084243523, 9.98482038486835], [104.01701426719116, 9.98482589070407], [104.01700093468249, 9.98483663086398], [104.01698742001979, 9.984847189927795], [104.01698066288814, 9.984852333836086], [104.01697719317902, 9.984854860450216], [104.01697363239326, 9.984857296516541], [104.01697016295067, 9.984859642299407], [104.0169628594925, 9.984864152505146], [104.01695555630076, 9.984868481879532], [104.01694441935969, 9.98487479484525], [104.01693702522428, 9.984878943255847], [104.016925797606, 9.984884894426365], [104.01691813050718, 9.984888590362019], [104.01691402326135, 9.984890483141005], [104.01690571822635, 9.98489381648868], [104.01689321540198, 9.984898590404715], [104.0168805304242, 9.984903183224695], [104.01686784571281, 9.984907595212992], [104.0168593590573, 9.98491038580153], [104.01685507032464, 9.984911645406234], [104.0168464017826, 9.984914074067664], [104.01683344477436, 9.9849175815021], [104.01680306040451, 9.984925313215468], [104.01679448347187, 9.984927470760969], [104.0167857242527, 9.984929537626208], [104.01677687409025, 9.98493142352781], [104.01676811527102, 9.984933219145804], [104.0167237740476, 9.984942106023265], [104.01670160363518, 9.98494641383635], [104.01668828351906, 9.984948745333392], [104.01667952523265, 9.984950179286672], [104.01666182637322, 9.984952956512425], [104.01664412778044, 9.984955552906062], [104.01663527855062, 9.984956805894722], [104.01662642958765, 9.98495787805198], [104.01661748968155, 9.984958769245559], [104.01661311120527, 9.984959034143351], [104.01660882420579, 9.984959118342188], [104.01660453733975, 9.98495911212539], [104.01659587279798, 9.984958828312587], [104.01658283084755, 9.984958086072279], [104.01656121623276, 9.984956608072114], [104.01654826602628, 9.9849555043004], [104.01653969362883, 9.984954587709334], [104.01653540756361, 9.984954038998142], [104.01652665354719, 9.984952579648658], [104.01651799127463, 9.984950758768901], [104.01650066699669, 9.98494693617757], [104.01648343419608, 9.984942932886486], [104.01647267543083, 9.984940204806703], [104.01646556399433, 9.984938205343694], [104.01645726762997, 9.984935661666968], [104.016449154086, 9.984932847007913], [104.01642463156912, 9.984924041102653], [104.0164002918739, 9.984914964213546], [104.01639227007486, 9.98491178802315], [104.01638825924212, 9.984910154720096], [104.01638042039714, 9.984906617131754], [104.0163724906094, 9.98490289857974], [104.01636474350865, 9.984898999461059], [104.01633184143542, 9.984882224802746], [104.01629164471113, 9.984863992903511], [104.01626356662102, 9.984854096837866], [104.0162308358941, 9.984844826927976], [104.01620457385901, 9.984840448855422], [104.016181684854, 9.984837251081709], [104.01616335527486, 9.984834783250728], [104.01613790972303, 9.984833390078675], [104.0160425084695, 9.984830358277126], [104.01601952358162, 9.984830324905216], [104.01600292218247, 9.984831114542503], [104.01597355019871, 9.98483269937724], [104.01596096243465, 9.984833223593196], [104.01595211507701, 9.984833210745677], [104.01593852520693, 9.98483291976364], [104.01592028430154, 9.984832169947806], [104.01581102209354, 9.984827128803465], [104.01579761544578, 9.98482629558723], [104.01578010475501, 9.984825185161391], [104.01576697187075, 9.984824261925842], [104.01575383925388, 9.98482315785862], [104.01574481068008, 9.98482233100043], [104.01573122241511, 9.984820955023077], [104.01568608075074, 9.984816006986499], [104.0156770524448, 9.984814999295349], [104.01566802440632, 9.984813810772796], [104.01565471057394, 9.984811892696491], [104.0156280835782, 9.984807604464441], [104.015606016274, 9.984803865350973], [104.01558832624126, 9.984800675091883], [104.0155307881998, 9.984790193657718], [104.01550142611595, 9.984785087698612], [104.01545929773026, 9.984777883617296], [104.01539838399728, 9.984768030164016], [104.01533473424075, 9.984757991890119], [104.01530929191242, 9.98475442868157], [104.01528676642648, 9.984752135533276], [104.01522329240647, 9.984746618282063], [104.01519912139793, 9.984746854376127], [104.01514767610513, 9.984748768697346], [104.01513463269681, 9.984749020972147], [104.01512578534255, 9.984749008102797], [104.015116938256, 9.98474881440208], [104.01510362228896, 9.984748342953102], [104.01500165571619, 9.984744125899796], [104.01498806638801, 9.98474347321696], [104.01497484216699, 9.984742640233303], [104.01495778807028, 9.984741168765925], [104.01493234400812, 9.984738780931195], [104.01489759868609, 9.98473493290645], [104.01487160830344, 9.984731911361763], [104.0148628539007, 9.98473072321588], [104.01485455554716, 9.984729535733518], [104.01480795803916, 9.98472223465058], [104.01478160362302, 9.984718670074537], [104.01472798256052, 9.984711630003998], [104.01468813123633, 9.984706599119475], [104.01463533026308, 9.984700102722728], [104.01462247209047, 9.984698456516401], [104.01461016144485, 9.984696630275362], [104.01459365621979, 9.9846940745997], [104.01458116342289, 9.98469206726084], [104.01451240851036, 9.984680303497985], [104.01447018841989, 9.98467346082266], [104.0144344423512, 9.984667893393224], [104.01437981960785, 9.984659766819224], [104.01433294487454, 9.984654906492219], [104.01431972159844, 9.984653440573915], [104.01429364001994, 9.984650418851801], [104.01426345493967, 9.98464675823788], [104.01424202479387, 9.984643924121238], [104.01417846484203, 9.984634880333276], [104.01415976991892, 9.98463277352382], [104.01411955243594, 9.984628646195945], [104.01411061535178, 9.984627638595763], [104.01410195216532, 9.984626450563105], [104.01409338045696, 9.984625081832068], [104.01408480888279, 9.984623622685262], [104.0140235320023, 9.984612683465471], [104.01394492687804, 9.984600633979175], [104.01377987583021, 9.98457435353715], [104.01368084390054, 9.984559471305666], [104.01366315323335, 9.984556733023602], [104.01364993103941, 9.984554543754665], [104.0136330615292, 9.984551625837616], [104.01360789421338, 9.984547158744551], [104.0135953107572, 9.984544789573999], [104.01358281864519, 9.984542330120526], [104.01356595007623, 9.984538779291299], [104.01354917312024, 9.984534957347714], [104.01353668181471, 9.984531955399266], [104.01352729110397, 9.984529319638272], [104.01351498342693, 9.984525504215332], [104.01349456251374, 9.984518693231497], [104.01347833550412, 9.984513063772209], [104.0134691284226, 9.984509614535959], [104.01346493532577, 9.98450789051681], [104.01345682289585, 9.9845043524622], [104.01344871060037, 9.984500723991845], [104.01343658789669, 9.984495190936997], [104.01342856708006, 9.984491381768219], [104.01342273395433, 9.984488479950015], [104.0134122528926, 9.984483039706326], [104.01339730685207, 9.984474699640842], [104.01338372828675, 9.98446681364966], [104.01337142612114, 9.984459291184253], [104.01336058264013, 9.984452222926608], [104.01334983063799, 9.98444497397069], [104.01333561642797, 9.984435188319118], [104.01330828198984, 9.984415980274447], [104.01330436413636, 9.984413171666336], [104.01329762214019, 9.984408098541303], [104.01329434248625, 9.98440547169637], [104.01328778331283, 9.984400127590854], [104.01327830999655, 9.984391705095119], [104.01327220754399, 9.984385909577481], [104.01326920205702, 9.984382921469669], [104.01326628777979, 9.984379933495008], [104.01326328269595, 9.984376674140513], [104.01326036882186, 9.98437341491918], [104.01325472389637, 9.984366625496165], [104.01324926152483, 9.984359745923882], [104.01324662154889, 9.984356306270904], [104.01324398170732, 9.984352776202352], [104.01324143320987, 9.984349155851428], [104.01323906713188, 9.984345535766856], [104.01323679239799, 9.984341825399909], [104.01323479129323, 9.984338115432513], [104.01323288153262, 9.98433431518275], [104.01323106298169, 9.98433051506616], [104.01322779085312, 9.984322824950173], [104.01322324716344, 9.98431151634776], [104.01322052229332, 9.984303827030843], [104.01321925100085, 9.984300027713344], [104.01321807105244, 9.984296138113486], [104.01321689110405, 9.984292248513624], [104.01321598545651, 9.984287907235617], [104.01321507980907, 9.984283565957604], [104.01321345093349, 9.984274883667956], [104.01321164635677, 9.984261680334722], [104.01321002419954, 9.984248477267867], [104.01320930768965, 9.984239615479028], [104.0132091318541, 9.98423518485099], [104.01320914502158, 9.98422632412769], [104.01320924268063, 9.98422198431477], [104.01320971189644, 9.98421312425742], [104.01321111282553, 9.984191064862543], [104.01321259838036, 9.984173435962482], [104.01321343243453, 9.984164576437854], [104.0132139861417, 9.984160237290869], [104.01321582995112, 9.984147039285185], [104.01321850109635, 9.984129502532028], [104.01322061839991, 9.98411639534139], [104.01322300919782, 9.984103378965818], [104.01322466346632, 9.984094972717514], [104.01322650001961, 9.984086657151106], [104.01323843506093, 9.984034323864368], [104.01324726413513, 9.98398524100845], [104.01325307469187, 9.983941940352153], [104.01325438682467, 9.98391825334354], [104.01325314992555, 9.983891307646289], [104.0132501930763, 9.983855589110638], [104.0132495679096, 9.983846637039305], [104.01324921650595, 9.983837594951943], [104.01324896262611, 9.983824303467067], [104.0132490671359, 9.983815352461116], [104.01324925613791, 9.983810922365684], [104.01324953634949, 9.983806492403424], [104.01324981629236, 9.983802243272255], [104.01325027878868, 9.983797903991887], [104.01325138606596, 9.983789316113036], [104.01325332054326, 9.983776479902046], [104.01325470144899, 9.983767892422696], [104.013255528649, 9.983763644090551], [104.01325653813367, 9.983759486440292], [104.01325855710294, 9.983751171139765], [104.01326222375467, 9.98373887995222], [104.01326469863699, 9.983730655733039], [104.01326863878246, 9.983718455360451], [104.0132727613467, 9.983706255254134], [104.01327578375424, 9.983697851002729], [104.01328054518753, 9.983685380581802], [104.01330013790522, 9.983635680527184], [104.01330738429127, 9.983608204719983], [104.01331702079368, 9.983568164613242], [104.01332198035792, 9.983545115838522], [104.01332887184157, 9.983510948747256], [104.013331718274, 9.983498204282427], [104.01333382871756, 9.983489708283189], [104.01333502075352, 9.983485460483292], [104.01333758724418, 9.983476965149762], [104.013341710071, 9.983464584211047], [104.01334564940413, 9.983452926330367], [104.013349680215, 9.983441087751665], [104.01335261073683, 9.983433135443839], [104.01335572354309, 9.983425273817808], [104.01335737108843, 9.983421388345697], [104.01335920132122, 9.983417322308755], [104.01336121397289, 9.983413256538077], [104.01336533008256, 9.98340539637647], [104.01337182354683, 9.98339356139214], [104.01342193993818, 9.983303670873656], [104.01343071913932, 9.983288132178329], [104.01343748582417, 9.983276568838427], [104.01344434344931, 9.983265186462585], [104.01351337598945, 9.983151182529053], [104.01352727337871, 9.983128598870685], [104.01355270637431, 9.98307691817176], [104.01355150172317, 9.983089665034885], [104.01398009435671, 9.983151863249557], [104.01404606399896, 9.982704491830422], [104.01375644514302, 9.982662478318957], [104.01376376388882, 9.982647660808823], [104.01380247286235, 9.982561822291363], [104.01381372795599, 9.982537336034113], [104.01388564886265, 9.982382106631645], [104.01389306095143, 9.982365842601824], [104.01391511466063, 9.982317140660683], [104.0139417426353, 9.982259132562847], [104.01395144701807, 9.982234734454671], [104.01397250639513, 9.982179973203069], [104.01399485489667, 9.982116985994432], [104.0140045803266, 9.982078392640224], [104.0140146756865, 9.982036364025776], [104.01402542975698, 9.981980683590757], [104.01403076574573, 9.981949769177232], [104.01403053328855, 9.981922011199243], [104.01402896635595, 9.981871556919685], [104.01402775192197, 9.981829421403983], [104.01402680816479, 9.981789275429497], [104.01402656109018, 9.981771372748199], [104.01402667147589, 9.981758443454884], [104.0140271527321, 9.98174144599272], [104.01402781627208, 9.981724539211985], [104.01402856485224, 9.98171179168031], [104.01402921659114, 9.981702841469568], [104.0140305136319, 9.981689280995358], [104.01404032178048, 9.981594901232157], [104.01404226385344, 9.981576911325382], [104.01404392559458, 9.981563441798258], [104.01404466183672, 9.98155901249878], [104.01404613432095, 9.981550153899814], [104.01404870788285, 9.981536866533043], [104.01406074139959, 9.981479470059323], [104.01406459832116, 9.981461844605867], [104.01406661792363, 9.98145307721982], [104.01406872846673, 9.981444490797806], [104.01407358774664, 9.981427499715284], [104.01408110455365, 9.981402103839162], [104.01408752041691, 9.981381046315215], [104.01409155224493, 9.981368484399034], [104.01409420883331, 9.981360712514388], [104.01409677314003, 9.98135366382136], [104.01410098510577, 9.981342639235555], [104.01412414890103, 9.981283360245891], [104.01414566677234, 9.981226881744632], [104.01415033625352, 9.981214863251145], [104.0141629690552, 9.98118386904888], [104.0141844869126, 9.98112739054416], [104.0141931872729, 9.981103443041], [104.01419887103904, 9.981084011931197], [104.0142046486941, 9.98106277264264], [104.01420703272296, 9.981054277033465], [104.01420959916926, 9.981045781690023], [104.01421097360115, 9.981041534151169], [104.01421381380766, 9.981032948790734], [104.01422150671117, 9.981011802707673], [104.01422938189718, 9.980990747305684], [104.01423734654843, 9.980970867438781], [104.01425034523884, 9.980939150438784], [104.01425537914459, 9.980927403721434], [104.01425711800827, 9.980923427960484], [104.01426086949584, 9.980915386421557], [104.01426873717138, 9.980899394290546], [104.01428081197439, 9.980875632531093], [104.01428712293443, 9.980863797257513], [104.01429142127091, 9.980856027761991], [104.01429599309938, 9.980848349080539], [104.0143030331922, 9.980836876531692], [104.01431007315044, 9.980825494398243], [104.01431729539166, 9.98081420294588], [104.01432223178583, 9.98080670562651], [104.01432725912045, 9.980799389271061], [104.01433521036027, 9.980788550958856], [104.01435138606242, 9.980767145979014], [104.01436765283714, 9.980745831546674], [104.01437313581135, 9.98073878710129], [104.0143778876418, 9.980732736164558], [104.01438291296418, 9.980726776041802], [104.01439177534945, 9.980716571965328], [104.01441260550155, 9.980693275028823], [104.01442813616806, 9.980676299478361], [104.01443946426662, 9.980664019428048], [104.01447582159045, 9.980626097740288], [104.01448797150128, 9.98061318597424], [104.01452789278319, 9.980570658264476], [104.01457265655134, 9.980522441404538], [104.01459777951129, 9.980495081993965], [104.01464793474551, 9.980440001371328], [104.01466328471132, 9.980421850140416], [104.01471125426391, 9.980364505931488], [104.01476854287397, 9.980296506212486], [104.01478526858583, 9.980273203277456], [104.01481397032936, 9.980231201698974], [104.01484167345615, 9.98018603411238], [104.01485291981705, 9.98016733440669], [104.01486279670982, 9.980149536866127], [104.01489864709515, 9.980084308822134], [104.01491941031944, 9.980044556079543], [104.014925538421, 9.98003299177287], [104.01492974525473, 9.980025402966021], [104.01493431692232, 9.980017814689766], [104.01493907100672, 9.980010226678768], [104.01494656683315, 9.979998935608343], [104.01502280145182, 9.979886388412405], [104.01503633188365, 9.979865069963013], [104.01506394280231, 9.979820535130575], [104.01507326787305, 9.97980581091678], [104.01508807735702, 9.979783047672115], [104.01512318006209, 9.979729934227182], [104.0151305838644, 9.979719185512787], [104.01513588478905, 9.979711869540848], [104.0151439273171, 9.979700940923161], [104.01517143509378, 9.97966445293539], [104.0152159441415, 9.97960330614819], [104.01522398653036, 9.979592467943842], [104.01522928731707, 9.979585242385763], [104.01523467904444, 9.979578197791355], [104.01524290344767, 9.979567631098417], [104.01529233999433, 9.979504954393215], [104.01534662166279, 9.979434780209797], [104.01536032858792, 9.979417440296245], [104.01537394390212, 9.97940037149631], [104.01541232172987, 9.979352868554079], [104.01542337799158, 9.979339322249489], [104.01543123581136, 9.979329930423892], [104.01544274784581, 9.979316565612374], [104.01547463409008, 9.979279722294013], [104.01548916080735, 9.979263106891763], [104.01549509910528, 9.979256515165526], [104.0154982048661, 9.979253355124515], [104.01550441625395, 9.979247125458], [104.01551062750794, 9.979240986206952], [104.01552341458107, 9.97922888906566], [104.0155562035354, 9.979198376155587], [104.01556798530933, 9.979187633789111], [104.01557583964667, 9.97918059276534], [104.01558223224552, 9.979175177102595], [104.01559182114339, 9.97916705360823], [104.0156825030747, 9.979091326450337], [104.01569273082634, 9.979082932633121], [104.0157025928092, 9.979075171195024], [104.01575390889744, 9.97903663816002], [104.01576084820576, 9.979031584950528], [104.01576440893453, 9.979029148893753], [104.0157678781878, 9.979026893535728], [104.01577134704027, 9.979024909424485], [104.01577472415013, 9.979023286843208], [104.01578275261362, 9.979021851846554], [104.01579113722751, 9.979026294393803], [104.0158473965434, 9.979099070371385], [104.01591310309293, 9.979074391818667], [104.01596503264538, 9.979052767395554], [104.01599825435083, 9.97903798741682], [104.01602828870448, 9.979019857424724], [104.01611719335736, 9.978974055193966], [104.01615936413411, 9.97895205491744], [104.01619067151611, 9.978936548815016], [104.01622526038969, 9.978922403706427], [104.01626779812104, 9.978898957294833], [104.01632251070481, 9.978845600901217], [104.01630996693711, 9.978816468819792], [104.01628574038297, 9.978792835158902], [104.01626624598258, 9.978776441624348], [104.01624675558766, 9.978757335620308], [104.01623368393135, 9.978715092478541], [104.01624758587326, 9.978689163305345], [104.01627280269537, 9.978659814741121], [104.01629841356734, 9.978610665683988], [104.01631078844461, 9.978568821110468], [104.01633785970056, 9.978518950840805], [104.01636755930659, 9.978480386355919], [104.01639863689884, 9.978435133095894], [104.01642563066133, 9.978375949876595], [104.01645325593397, 9.97832146919224], [104.01648296537785, 9.978276213939258], [104.01651009458102, 9.978248857274108], [104.01653602340531, 9.978231444606157], [104.0165607481194, 9.978226507573229], [104.01658610715532, 9.978224374348036], [104.0166060887835, 9.978219611269036], [104.01664220770081, 9.978219301949544], [104.01667574812822, 9.978235715815746], [104.01670398196097, 9.978263333550865], [104.01671407885895, 9.97828179300737], [104.01671102406594, 9.978312258711147], [104.0166788452314, 9.97836212161393], [104.01668226034207, 9.978396574988249], [104.01671517033165, 9.978407562988762], [104.01674565276461, 9.978394768109323], [104.01677424715163, 9.97836343524924], [104.01680073201787, 9.978340055922255], [104.01683677813391, 9.978327269094011], [104.01687071580002, 9.978321712473132], [104.0169114097919, 9.97831146401183], [104.01695977685154, 9.97829336048148], [104.01701206918352, 9.978273002232376], [104.01706198703592, 9.978254720100628], [104.01711190874596, 9.978233815907897], [104.01715180728787, 9.978206296842737], [104.01720616064125, 9.978148961473861], [104.01724445830244, 9.978093682421536], [104.01726441475373, 9.97804407301696], [104.01729105441403, 9.9779774751075], [104.0172951708898, 9.977969253224636], [104.01730486796154, 9.977949556607777], [104.01732062030686, 9.97790572772757], [104.01734422838034, 9.977853863205086], [104.01736727735013, 9.977810044880048], [104.01738503146159, 9.97776947386193], [104.01740327555257, 9.977705847515344], [104.01741405536433, 9.977632174211323], [104.01741367040646, 9.977583891601896], [104.01741121216003, 9.977518969480263], [104.01740673549459, 9.977462091447082], [104.01740259687973, 9.97736145264122], [104.01740374208866, 9.977327005866861], [104.01740408106913, 9.977282612184686], [104.01740578523749, 9.977240209625716], [104.01741039684292, 9.977143471358453], [104.01741058069223, 9.977080542205885], [104.01740554613448, 9.977030896630922], [104.01738262818543, 9.976923811130154], [104.01738898980084, 9.97687743701191], [104.01741703617698, 9.97678453011003], [104.01741930714927, 9.976728837242002], [104.01740680993942, 9.976668059723071], [104.01738234590287, 9.97661992310806], [104.01735058433412, 9.976572408844293], [104.01732621351692, 9.976522916122967], [104.0172897971844, 9.97647756509911], [104.01725273961306, 9.976434111876197], [104.01720262219881, 9.976340368546392], [104.01719156984713, 9.976289448437281], [104.01718982465783, 9.976235829322617], [104.01719682673199, 9.976188099896172], [104.0172071937603, 9.9761469756949], [104.01721691554312, 9.976110461766874], [104.01723018309136, 9.976019703468657], [104.01723389689332, 9.97597522425201], [104.01722693330237, 9.975934888712706], [104.01720111294834, 9.975878793529821], [104.01716943176206, 9.975838693466002], [104.01713903254685, 9.975795159453135], [104.01712548139973, 9.975768828832026], [104.01712196532785, 9.97574097566584], [104.01712960877879, 9.975691258019308], [104.01714735493537, 9.975656021527657], [104.01717667602979, 9.975626497983818], [104.01719167970026, 9.975595507064705], [104.01719200897683, 9.975557713721479], [104.01720303293972, 9.975504022667227], [104.01722727436525, 9.975455504441124], [104.01724647595321, 9.975422892107975], [104.01726558739497, 9.97538955631634], [104.01728333059083, 9.975356308959595], [104.01731330391094, 9.975255448247543], [104.01733540983359, 9.97517057975389], [104.01735044221506, 9.97512005904504], [104.01736065112553, 9.975062388506249], [104.01736042914347, 9.975027306838578], [104.01734857044441, 9.974966530238452], [104.01734360955193, 9.974928819655977], [104.01734467631618, 9.974885692842426], [104.01734774071913, 9.974848626779927], [104.01734598285687, 9.974803597147417], [104.01733165092779, 9.97475005023612], [104.01731977959737, 9.974697863121486], [104.01731410755507, 9.974647583707346], [104.01732302983868, 9.974596511663028], [104.01733750403584, 9.974553404243665], [104.01735983294542, 9.974502894085964], [104.01738343887891, 9.974452295357544], [104.01739052715779, 9.974407911429948], [104.01738813483252, 9.974360168403294], [104.01737698823602, 9.974311327724251], [104.01734932346957, 9.97426906350876], [104.01732108498338, 9.974244791214522], [104.01729750683955, 9.974214558214085], [104.0172924684624, 9.974167534685794], [104.01730749187973, 9.974123071822788], [104.01732797705961, 9.97408585012712], [104.01735840298723, 9.974049185303663], [104.01739019208762, 9.974015867835002], [104.01742198810062, 9.973977848748842], [104.01744237420094, 9.973945961436597], [104.017458203946, 9.973911355058435], [104.01747338339872, 9.973884794749543], [104.01750646213827, 9.973842799211512], [104.0175388041643, 9.973805594644608], [104.01757670248286, 9.973773370978929], [104.01761395809027, 9.973744039686682], [104.01767047840718, 9.973701083442771], [104.01769824928994, 9.973671195935403], [104.0177240943204, 9.973648448494508], [104.01776206506207, 9.973628973545939], [104.01789408965651, 9.973596252944478], [104.01793878735431, 9.973591977557657], [104.01798019974693, 9.973588963241195], [104.0180383797003, 9.97359582846627], [104.01808523819082, 9.973610724342612], [104.01813145531548, 9.973627608435287], [104.01818714054855, 9.973656350670348], [104.01822934843852, 9.973670606901095], [104.01829226545608, 9.973681366803929], [104.01834425399645, 9.973680989769935], [104.01841997940926, 9.973664914625504], [104.01845767702606, 9.973645077538366], [104.01849811628517, 9.9736215373524], [104.01854147402283, 9.973598091787942], [104.0185833696587, 9.973576542841338], [104.01862325183866, 9.973559692609667], [104.01865865612415, 9.97354880336104], [104.01869396721013, 9.973539270212108], [104.01874067542438, 9.973532285140868], [104.01878946679808, 9.973535248812492], [104.01882830297069, 9.973547510956692], [104.01886521186509, 9.973567907745844], [104.018932843523, 9.973597842489994], [104.01898316221563, 9.973616631112854], [104.01903667301961, 9.973635514745151], [104.01909100588472, 9.973653585811038], [104.01913713955675, 9.973665225526181], [104.01918665384997, 9.97367280139198], [104.01922605678267, 9.973671773174612], [104.01925808429077, 9.973662325650858], [104.01929203893613, 9.973644833887406], [104.01932655539706, 9.97361739718346], [104.01935240217148, 9.973593383791288], [104.01937704483429, 9.97358193646922], [104.01941443524446, 9.97358497404479], [104.0194359389792, 9.973599381137939], [104.0194481210731, 9.973626433028365], [104.01945646360582, 9.973659537252777], [104.01947281710375, 9.97370305083886], [104.01948933208656, 9.973760850365055], [104.01952292011124, 9.973806829994828], [104.01891542589118, 9.973968884101467], [104.01931641812008, 9.974186460081222], [104.01973457198693, 9.974394385803855], [104.02009668426953, 9.974443279309428], [104.0204402856479, 9.974427046386394], [104.02065585770829, 9.974393269356423], [104.02093439362959, 9.974213470512328], [104.02111402191602, 9.973935337824415], [104.02111396626125, 9.97384853848549], [104.02111424225862, 9.97384691139547], [104.02111451719969, 9.973846007631103], [104.02111515749642, 9.973844742727485], [104.02111607141381, 9.973843478216548], [104.02111661944734, 9.973842936507676], [104.02111716748087, 9.97384239479881], [104.02111789792819, 9.973841853351724], [104.02111999727094, 9.973840771373801], [104.02112145710922, 9.973840411805263], [104.02112309909717, 9.973840233329911], [104.02134400269803, 9.973840188614732], [104.02155706800191, 9.97377385765943], [104.02158535492677, 9.973765127873667], [104.02160205317024, 9.973760088523306], [104.02160232692275, 9.973759998499876], [104.02160305670957, 9.973759909130239], [104.02160387770327, 9.973759819891368], [104.02160469856508, 9.973759821068205], [104.02160551929495, 9.973759912660752], [104.02160624881802, 9.973760004122536], [104.02160697820914, 9.973760186000035], [104.02160770746838, 9.973760458293242], [104.02160861900941, 9.973760821263674], [104.02161080546807, 9.973762542300411], [104.02185118161333, 9.97398151248293], [104.02250548343821, 9.974495017218793], [104.02299127080508, 9.974796525802265], [104.02317526187501, 9.975280513935399], [104.02345967558017, 9.97526075753736], [104.02346003541575, 9.97526419385615], [104.02345311483612, 9.975319247264535], [104.02343996087674, 9.975395810756883], [104.023435177355, 9.975486581503283], [104.02345704807303, 9.975562471695829], [104.02348826045963, 9.975611883366478], [104.02351723274735, 9.975633714981019], [104.02355396042891, 9.975653658934348], [104.02359206450346, 9.975667908646527], [104.0236262523111, 9.975678264878214], [104.02364967462283, 9.975690685301831], [104.02367606356472, 9.975732856796085], [104.02368511324502, 9.97578178472742], [104.02367667197963, 9.975816311555842], [104.02367432348532, 9.975863324479292], [104.02368611228273, 9.975910267170976], [104.02370189792542, 9.975968427142067], [104.02371488017747, 9.976010036997627], [104.02373396191001, 9.976059521745023], [104.02375513840074, 9.976111089047862], [104.02377822946868, 9.976163201578002], [104.02380604127433, 9.976230510718986], [104.02385833330827, 9.97633546781932], [104.02390652194967, 9.976439786144862], [104.02392832932807, 9.976496598461358], [104.02393866844271, 9.976536938714347], [104.02394907579072, 9.976593101849671], [104.02396567371193, 9.976657230419077], [104.02398065011845, 9.976707432622927], [104.0239958011989, 9.976762969614411], [104.02400959388267, 9.976811813889272], [104.02402409010797, 9.976878651934559], [104.02402913446724, 9.976922239603036], [104.02403151726072, 9.976977215879062]], [[104.01462413538853, 9.981790507158541], [104.01455816677438, 9.982237878762389], [104.01410696001707, 9.982172483830785], [104.01417292922565, 9.981725112343018], [104.01462413538853, 9.981790507158541]]], "type": "Polygon"}, "properties": {"id": 28.0, "area": 592786.69, "perimeter": 4744.32}}, {"type": "Feature", "geometry": {"coordinates": [[[104.03217308429056, 10.001954565503121], [104.03250675645045, 10.001885504590446], [104.0325792859532, 10.001876022385868], [104.03263248462612, 10.001861811391697], [104.03269053835592, 10.001833140664287], [104.03280905845146, 10.001747050311577], [104.03303722351106, 10.001593844354717], [104.03309786719237, 10.001539951151576], [104.03316928890847, 10.001475765643018], [104.03324580739316, 10.001419453448882], [104.03333565055436, 10.001358006213833], [104.0334266608965, 10.001309580478715], [104.03350707354124, 10.001272893930096], [104.03358630218328, 10.001234939879236], [104.03366807553476, 10.001203499319288], [104.03373670081015, 10.001181262740829], [104.03379875127395, 10.001164170644508], [104.03384756980653, 10.00115112871914], [104.03390169386361, 10.00112751555567], [104.0339623276555, 10.001080403362653], [104.03401641252987, 10.00102026209766], [104.0340547079815, 10.000966608663532], [104.034083729289, 10.000892056166307], [104.03409821951348, 10.000837103577307], [104.0341258707768, 10.000763814979813], [104.03413243292222, 10.000703516752157], [104.03413378437364, 10.000651258246778], [104.03414161411509, 10.000597562154242], [104.03416009907723, 10.000555725459268], [104.03420230920153, 10.000507321605259], [104.03424988989295, 10.00046670102914], [104.03430397087605, 10.000409181764537], [104.03433953530845, 10.000351636584936], [104.0343778549554, 10.00028089453129], [104.03442527903506, 10.00022210010859], [104.03447545831959, 10.000150108807542], [104.03452033775412, 10.000084710448114], [104.03455191853338, 10.000006183176902], [104.0345729648852, 9.999895001023981], [104.03458877109115, 9.99981256380468], [104.03462172389875, 9.999731325964417], [104.03465737748218, 9.999675137106339], [104.0347022532102, 9.999612270356787], [104.0347470450377, 9.999544249775187], [104.0347800664844, 9.999478834798055], [104.03482884375464, 9.999366335137282], [104.03491586312266, 9.999109132997493], [104.03499994141735, 9.998995778464126], [104.03510704992719, 9.99885126257294], [104.03517833088753, 9.998757058292993], [104.03524686421, 9.99867071634591], [104.0353261012554, 9.998562056587147], [104.03539068070509, 9.998497951407904], [104.03546592098701, 9.998441727278019], [104.03552005192851, 9.998412869707813], [104.03555696942925, 9.998429919411858], [104.0355807448113, 9.998452104486661], [104.03559396923316, 9.998517493660977], [104.03560722523815, 9.998560640557324], [104.03555603976321, 9.998634981468031], [104.03553438597311, 9.998660358135618], [104.03549611145954, 9.998699635664762], [104.0354551824849, 9.9987454194323], [104.03541168833323, 9.998799065800716], [104.03537075188486, 9.998850093670441], [104.03533784765469, 9.99889733527707], [104.03530220532308, 9.998945748464747], [104.03526893223432, 9.9989957924425], [104.03526399601135, 9.999003290073649], [104.03521912060529, 9.999066066494128], [104.03513073047253, 9.999261060649726], [104.0350871990545, 9.999340837120668], [104.03508332728032, 9.99943368887341], [104.03508195713951, 9.99943504319868], [104.03509523183583, 9.999529184722249], [104.03511504777985, 9.999577584920525], [104.03513479847464, 9.999607721008836], [104.03518762666596, 9.999661321013448], [104.03522860626985, 9.999708394519327], [104.0352630035533, 9.999765947078284], [104.03529337431505, 9.999832716437442], [104.03531177006144, 9.99991773309421], [104.03532239589556, 10.00001449297368], [104.03532898222333, 10.000129601646847], [104.03531594807428, 10.000251283290348], [104.03530015885065, 10.000386071394976], [104.03527776876146, 10.000544358421642], [104.03525265531697, 10.000693419217205], [104.03521190855531, 10.000867503387914], [104.03517757851542, 10.001019263778913], [104.0351275017198, 10.00114749402939], [104.0350787484236, 10.001242995555419], [104.03501279074247, 10.001313699073762], [104.03494804865639, 10.001363427783152], [104.03489666492737, 10.001384332470248], [104.03483196191046, 10.001406574771496], [104.03478848773872, 10.001445844927362], [104.03476470295286, 10.001494274609415], [104.03475282458628, 10.001572739018057], [104.03474755085796, 10.00162508245986], [104.03474230118825, 10.001724623041937], [104.0347278334099, 10.001827948203962], [104.03471338041669, 10.001920875555097], [104.03469625066707, 10.001971846179085], [104.03462497436267, 10.002062162423394], [104.03454187173777, 10.002130219795475], [104.03445082037504, 10.002207398031715], [104.03437301007774, 10.002274106523057], [104.03427930206763, 10.002359237590545], [104.03423580722215, 10.002412883763288], [104.03415801346074, 10.002531943030057], [104.0340287387882, 10.002611870521772], [104.03391915005301, 10.002639384312316], [104.0338174896647, 10.002672062879249], [104.0337422778942, 10.002707400535144], [104.03367635882904, 10.002750617378798], [104.03361963944695, 10.002802979107743], [104.0335589810275, 10.002867089370696], [104.03349696738675, 10.002922065716271], [104.03341112037434, 10.00299536305672], [104.03331618058549, 10.003048484877255], [104.0332386906213, 10.003082191731178], [104.03319479700974, 10.003095511708679], [104.03309718893411, 10.00316472374801], [104.03303727621041, 10.003217532967744], [104.03296876275746, 10.003288865360238], [104.0327362419656, 10.003616838979793], [104.0326902784569, 10.003674278928086], [104.03262252131115, 10.003726896215454], [104.0323322131783, 10.003896560558923], [104.03226932113563, 10.003927665629845], [104.0321508892425, 10.003951459327679], [104.03208803496162, 10.003956162982268], [104.03200101545382, 10.003956040594675], [104.031863269948, 10.00396298967102], [104.03180762168121, 10.003967703411021], [104.03175686809449, 10.003994033421762], [104.03133593232565, 10.004295248907043], [104.03106488332244, 10.004518917480524], [104.03103942380419, 10.004526114863685], [104.03100685816197, 10.00452724436571], [104.0309608888915, 10.004524828750482], [104.03083282574805, 10.004522206957942], [104.03073128907336, 10.004531647839846], [104.03067572841253, 10.004538802736832], [104.03063457993846, 10.00454588754097], [104.03060790721389, 10.004572160922974], [104.0305813084323, 10.004610459714655], [104.03056437161537, 10.004653564176737], [104.03054012715748, 10.00470389159392], [104.03034637841802, 10.004962297874066], [104.03011150133506, 10.005213503084656], [104.03008493688685, 10.005227841681716], [104.03004142008633, 10.00523257225075], [104.02998584902511, 10.00524686986268], [104.02995917606094, 10.005273233602233], [104.02978718899192, 10.00555816209847], [104.0297605092219, 10.005589227433422], [104.0297339413461, 10.005605916806887], [104.02970739753466, 10.005605879283303], [104.02966380663827, 10.005598674805919], [104.02961309752537, 10.005593811069632], [104.02954540847362, 10.005598507391491], [104.02948490477779, 10.005617589978977], [104.02944866110764, 10.005639057682597], [104.029434119778, 10.005665438535738], [104.02942924745804, 10.005691742649576], [104.02942381664718, 10.005725821734387], [104.02941700536036, 10.00576839795395], [104.02940251397116, 10.005823440692826], [104.02938794503012, 10.005868989659227], [104.02935642385269, 10.005904840148025], [104.02928145614773, 10.005959887729492], [104.02917617372289, 10.00603641135432], [104.02913505581195, 10.00608544894719], [104.0290841363517, 10.006163224890082], [104.0290345267231, 10.006218217891604], [104.02899946172938, 10.006244569664249], [104.02895828369289, 10.006271997766536], [104.02891110937078, 10.006282780861135], [104.02887854524987, 10.006282734743111], [104.02884471453194, 10.00627545356256], [104.02880605614483, 10.006263463917858], [104.0287359698235, 10.006222587101117], [104.02871429496338, 10.006198596202582], [104.02871187007052, 10.006172281764606], [104.02872888813219, 10.00613632037966], [104.0287821533445, 10.006076540565138], [104.02879670152343, 10.006045458131455], [104.02880395594295, 10.006011924138637], [104.02880400091264, 10.005980730745028], [104.02879683630428, 10.005951968366382], [104.02877512551062, 10.005889641114138], [104.02873654669324, 10.005822497926818], [104.02869799201032, 10.005738627843266], [104.02867635173381, 10.005690676800278], [104.02865945807714, 10.005640381669984], [104.02865466861974, 10.005609181426687], [104.0286668382661, 10.005582887665806], [104.02869106573812, 10.005544585683365], [104.02873946878225, 10.005503967135086], [104.02879754772711, 10.00545847982991], [104.02887740637684, 10.005427489889492], [104.02892813277846, 10.005420328456399], [104.02900786918471, 10.00541085727663], [104.02903377290386, 10.005411978939057], [104.02906587890581, 10.005413380626893], [104.02909005799253, 10.005408622814945], [104.02912145706235, 10.005394200727308], [104.02915295763442, 10.005372635929973], [104.02917714010324, 10.005365527304814], [104.0292835529022, 10.005327341577445], [104.02932226627263, 10.005301085345621], [104.02936585208471, 10.0052484345798], [104.02942629561073, 10.005207742542337], [104.02962703071428, 10.005102601556072], [104.02967788261431, 10.005071570402839], [104.02970693408533, 10.00504041800887], [104.02976020583174, 10.004975845987941], [104.02978195990318, 10.004944773687848], [104.02980627503169, 10.00490882255047], [104.02984016605272, 10.00481067884772], [104.02985005018417, 10.004724436106486], [104.02985252517128, 10.00465255901266], [104.02984539833504, 10.004597485695921], [104.02983571408421, 10.004544759576738], [104.02981409776703, 10.00448008170417], [104.02974668143364, 10.004295357281533], [104.02972017398203, 10.00420671229299], [104.0297033887436, 10.004144392054208], [104.02969860596498, 10.004108490205521], [104.02969384738121, 10.00405577104479], [104.0297010947621, 10.00402702905197], [104.02972298485979, 10.003964763478798], [104.02978840535859, 10.003888183305337], [104.02997468789381, 10.003747126545068], [104.02999161433554, 10.00371125536501], [104.02999649008333, 10.003682510013565], [104.02999240554226, 10.003668489787875], [104.02999534912958, 10.003651314935249], [104.03001225840613, 10.00362737862102], [104.03004625249376, 10.003584298277337], [104.03012727415872, 10.003505298835377], [104.03017082853862, 10.003474257285559], [104.03020103975842, 10.003461099228652], [104.03022639928822, 10.00345995962709], [104.03031950941077, 10.003474467190538], [104.03045485571683, 10.003486593104707], [104.030476570144, 10.0034830071123], [104.03049830171031, 10.003467486250091], [104.03051530215633, 10.003443550036623], [104.03055533524437, 10.003323805513352], [104.03055903370633, 10.00328909104322], [104.0305590801838, 10.00325672223293], [104.03056277682674, 10.003223273581964], [104.03056771444035, 10.003151399943212], [104.03060401980879, 10.003086713407003], [104.0308195400701, 10.00284750575008], [104.03107357537336, 10.00265618220498], [104.03120666988683, 10.002520926765497], [104.03124790403582, 10.002453896278794], [104.03127816826286, 10.002403667686092], [104.03130239686965, 10.002364190077579], [104.03133143238793, 10.002343887401056], [104.03136884607144, 10.002333090186738], [104.03140149752687, 10.002335577395048], [104.03144132244272, 10.002360769084115], [104.03148122821511, 10.00239319415212], [104.03151140495493, 10.00240399612583], [104.03154160229404, 10.002400422002387], [104.03158395518753, 10.002380138050457], [104.03202796014182, 10.002019008812116], [104.0320908689085, 10.001975968895481], [104.03217308429056, 10.001954565503121]]], "type": "Polygon"}, "properties": {"id": 0.0, "area": 0.0, "perimeter": 0.0}}, {"type": "Feature", "geometry": {"coordinates": [[[[103.95250213533849, 10.276738053915471], [103.9524139927299, 10.276817830468174], [103.95234946338877, 10.276862747329291], [103.95197853437833, 10.277133722278084], [103.95180434479758, 10.27724237588455], [103.95165480275696, 10.277351703968327], [103.95164092206001, 10.27735421206636], [103.95140639270831, 10.277513214023518], [103.95051501599121, 10.277989900588393], [103.95002473102312, 10.278122338484918], [103.94956435399915, 10.278222548852195], [103.94874635573206, 10.278287160744986], [103.94859493908024, 10.278318457489283], [103.94880938320252, 10.278582467254866], [103.948750552448, 10.278710030773249], [103.94867651563305, 10.278761982921914], [103.9487718748531, 10.279838967144979], [103.94889404476979, 10.279985192299302], [103.94877880649472, 10.280106059727007], [103.94880291449638, 10.280154833472839], [103.94877190535414, 10.280295282959758], [103.94878431272598, 10.280352806896282], [103.94866823718868, 10.280377292309515], [103.94873959890982, 10.280710044079752], [103.94972710351665, 10.280926905626135], [103.94991794858936, 10.280954896028986], [103.94995084379589, 10.280832170619426], [103.95041769621248, 10.280896251824917], [103.95043785002643, 10.280539243921442], [103.95087969354417, 10.2806529189426], [103.95190277239753, 10.280040834546385], [103.95215561302899, 10.279958172122006], [103.9526017814592, 10.280264070821405], [103.9526217622213, 10.280271247215014], [103.95255278098635, 10.280462354894325], [103.95348751723085, 10.280734358496197], [103.953445673435, 10.280858967925239], [103.95424253569432, 10.281091497530586], [103.95389163861311, 10.281550387069421], [103.95393924126724, 10.281687172232802], [103.95374992240707, 10.281939287226116], [103.95376157740031, 10.282010190919161], [103.95343993645346, 10.282124925650045], [103.95329716186153, 10.282597908156264], [103.95341738619378, 10.282709409741392], [103.95353857286774, 10.282845324504649], [103.95364796297034, 10.2834176444352], [103.95384782353383, 10.283566168768452], [103.95404510490337, 10.284047048012773], [103.95461152794815, 10.283919795756686], [103.95481647196189, 10.284085687441701], [103.95492861672066, 10.284011556343302], [103.95585566652586, 10.284994460866052], [103.95626846765457, 10.28474588426645], [103.95659571724383, 10.285249673976072], [103.95676582130186, 10.285716944186275], [103.95808148718731, 10.286828067447024], [103.95823794221582, 10.286628063526884], [103.95971639703897, 10.287846050123107], [103.95951187703089, 10.28817924387733], [103.95972784901484, 10.28846666665536], [103.96018054050168, 10.289189553105057], [103.96045350811971, 10.289354198652008], [103.95999750507424, 10.290095461236195], [103.96079595148359, 10.29059469808967], [103.9613306447224, 10.290933372342188], [103.96129140706255, 10.29129857714326], [103.96161950049282, 10.291582387938323], [103.96205620484636, 10.291777412105304], [103.96216735138829, 10.291538724550549], [103.96252324653338, 10.291795004566914], [103.96263870942973, 10.29164899773361], [103.96287318782693, 10.291793324903926], [103.96276653679423, 10.29196529508853], [103.96257014654893, 10.292242086247835], [103.96349882238032, 10.29234470852848], [103.96380952070405, 10.292118556764805], [103.96387663105614, 10.291951855138546], [103.9642375407838, 10.292050912719908], [103.96432163485787, 10.291882521234838], [103.96524135296227, 10.292425075442582], [103.96503810645713, 10.292708276212224], [103.96534370973227, 10.292959316620577], [103.96584778140753, 10.292782757460838], [103.9664151339701, 10.292381172293492], [103.9671633224849, 10.293025696155276], [103.96796039747609, 10.293156207794103], [103.9683170897851, 10.292940434311891], [103.96785010922463, 10.29234013541734], [103.96788589173285, 10.292343539522717], [103.96839160196006, 10.292168516000944], [103.96836548998463, 10.291732951405365], [103.9682800087948, 10.291422421575723], [103.96841087796585, 10.291397501494378], [103.96902472458814, 10.291305653970836], [103.9690865963193, 10.291267239270221], [103.96946256307436, 10.290715248158355], [103.96916678195551, 10.290540627055778], [103.96954362461375, 10.290064855797278], [103.96982712806775, 10.289718765051656], [103.97013001140972, 10.289302454424655], [103.97126622004859, 10.28785552477026], [103.97110355766874, 10.286578710423514], [103.97156662045606, 10.28563627188669], [103.97115678745138, 10.285368973618771], [103.96929765892317, 10.283678726824784], [103.96916863446226, 10.283803647824186], [103.96898290454878, 10.283662388823604], [103.9691326249714, 10.283499437704647], [103.96907657036171, 10.283062286840575], [103.96898605920194, 10.282976336097228], [103.96851050904083, 10.283086041855283], [103.96820309215924, 10.282776956165097], [103.9684215118307, 10.28269539985239], [103.968879615724, 10.282536209399662], [103.96911596473296, 10.282378372955383], [103.96888223700975, 10.281950876447521], [103.96833947862105, 10.282344099136466], [103.96855472738302, 10.281537873024252], [103.9683638104317, 10.281660522331075], [103.96799613746448, 10.281026481830448], [103.96757015659169, 10.28064893878858], [103.96764799726463, 10.280286598793142], [103.96790468925248, 10.279919037161099], [103.96745843195548, 10.279439022208294], [103.96725808550275, 10.279741397527562], [103.96687395350591, 10.279506775808716], [103.9670732038023, 10.279259370357439], [103.96686575477788, 10.279006233039782], [103.96703662905779, 10.278749106675686], [103.96671742446537, 10.27855871335393], [103.96652517988889, 10.278874844411813], [103.96580435032902, 10.278647623666474], [103.96529587799839, 10.277708654849562], [103.9652296127318, 10.277646702718082], [103.96513812365728, 10.277709479611667], [103.96488531780449, 10.27772000250801], [103.96464851290975, 10.277878468119768], [103.96424045761212, 10.277865949922043], [103.96415983877219, 10.277545481671194], [103.96439099587401, 10.277379683589723], [103.96435526138906, 10.277131981972907], [103.96318540326448, 10.274668630323186], [103.96341179445656, 10.27451295125752], [103.96354524401283, 10.274415525431442], [103.963705519316, 10.274326281120345], [103.96387089750935, 10.274188402690301], [103.9638057828219, 10.274094355408895], [103.9635069213882, 10.273429412305537], [103.96298054938063, 10.273692910337086], [103.96276555282762, 10.272669344682704], [103.96311840318783, 10.27250013230155], [103.96274821968868, 10.27174302958101], [103.96272520508936, 10.271748597103475], [103.9624083804426, 10.271560102553533], [103.9622825410539, 10.271692530610851], [103.96200693785136, 10.271528967718481], [103.96214569353869, 10.27126229712868], [103.96185522076658, 10.27120060548953], [103.96186695166519, 10.271443475611864], [103.96158793369247, 10.271302058024704], [103.96140008021652, 10.27085754470284], [103.96138663901847, 10.270870270691677], [103.96105966364676, 10.271016559206721], [103.96109284990541, 10.271096087792829], [103.96090403568132, 10.271165302071532], [103.96086828660482, 10.271089747403026], [103.96030816908088, 10.271389440941576], [103.95976743471708, 10.271509785409608], [103.95905578272594, 10.271696569134868], [103.95822411556287, 10.272078715128774], [103.95728567024501, 10.272548110041994], [103.95677800844074, 10.272705393371137], [103.95613048515975, 10.273078439047351], [103.95559136706656, 10.273478879748758], [103.95565281835044, 10.273524912892743], [103.95551923680469, 10.27364502891681], [103.95547599351882, 10.273574976351773], [103.95520758253109, 10.27385073855151], [103.95505043411404, 10.274032024644367], [103.95497249980265, 10.274122126253117], [103.95481722248572, 10.274276833825576], [103.955155974883, 10.274400274869153], [103.95529795654383, 10.274492915841677], [103.95519059557563, 10.274814245522705], [103.9546825773933, 10.274750735244616], [103.95438669773678, 10.275019669469339], [103.95425179286352, 10.275005880473113], [103.95407451775091, 10.275104946400647], [103.95399649129507, 10.275195228413702], [103.95381192126457, 10.275395635288058], [103.95381182997345, 10.2753956351343], [103.95375230922387, 10.275607554221178], [103.95356793240141, 10.276014103715994], [103.95355495117352, 10.276024479377686], [103.95347952389378, 10.276036377242221], [103.95321447368134, 10.276054284343958], [103.95321447352592, 10.276054374757047], [103.95317980743727, 10.276093103630764], [103.95369592492916, 10.27686348162438], [103.95362441176687, 10.276935058920735], [103.9533996818442, 10.277076629124954], [103.95305388993378, 10.277064021045923], [103.95294341061923, 10.277126491115805], [103.95309674296678, 10.277626373917466], [103.95320861477664, 10.278134595175459], [103.95275703376015, 10.278057524410677], [103.95263588377067, 10.277689337626823], [103.95244871093999, 10.27738523278381], [103.95250213533849, 10.276738053915471]]], [[[103.94812432495316, 10.278162417159418], [103.94820241947896, 10.278139494698321], [103.94867847610583, 10.277999802341046], [103.94944872975674, 10.277723180760171], [103.94989643263825, 10.277613636446674], [103.95036782920175, 10.277528362430013], [103.95110590334171, 10.277329166434432], [103.95163792034576, 10.277083147843234], [103.95171506364957, 10.277029211128697], [103.95234986358975, 10.276577313099462], [103.95246724539244, 10.276482486905495], [103.9523478421316, 10.276478849559997], [103.95197729370548, 10.276423252221084], [103.95148595228234, 10.276481823018909], [103.95122985552808, 10.27644260239877], [103.95126939447977, 10.276172423884047], [103.95136650155544, 10.27613524748849], [103.95155024291559, 10.275622372240075], [103.95183299998548, 10.275023681135503], [103.9519316531717, 10.274300812369457], [103.95218993970282, 10.273703616487818], [103.95223283463726, 10.273604415071599], [103.95221868563135, 10.272967519509129], [103.95173986173452, 10.27265216249724], [103.95200006784754, 10.272317891944976], [103.95263544257227, 10.271791312265636], [103.95316282434801, 10.271261565566254], [103.9528277231645, 10.271087678117519], [103.9530273975871, 10.270596346866581], [103.9534056312944, 10.270691466292178], [103.95357024955574, 10.270518963603497], [103.95352641664823, 10.270101631986389], [103.95407019935107, 10.27001330938251], [103.95444540128442, 10.270119452913995], [103.95449192599442, 10.270192042688826], [103.95483996310995, 10.270115414608147], [103.95523101705865, 10.269814090623], [103.95521415948426, 10.269689291804998], [103.9552792136501, 10.269549983534336], [103.95574073827855, 10.269090734492915], [103.95611729259919, 10.268725733938192], [103.95638213790338, 10.268289661643074], [103.95690199197382, 10.267884485277543], [103.95706824840504, 10.26760592837808], [103.9573180244744, 10.267011696826632], [103.95782297026918, 10.26603146418368], [103.95771513301403, 10.265992677482895], [103.9573566801722, 10.265648959300957], [103.95719082893916, 10.26547644433919], [103.9565791744994, 10.265167743919106], [103.95612904968836, 10.26521020768919], [103.95619017921422, 10.265069626768607], [103.95577780665258, 10.265243071973797], [103.95559936235135, 10.264908242995906], [103.95541574810495, 10.26471417899574], [103.95473870206204, 10.263997962586993], [103.95460579528311, 10.263513123292416], [103.95445462064613, 10.26314108922988], [103.9543902066334, 10.262587650721347], [103.95479129800032, 10.262443391719128], [103.95461432544616, 10.262103501590808], [103.95403624721294, 10.26149079274426], [103.95428320919976, 10.261366979800934], [103.95381072199571, 10.26066539080544], [103.9535824458011, 10.26011393684167], [103.95310925150974, 10.259453935936243], [103.95275421559077, 10.259519610953015], [103.95269379492204, 10.259300527794906], [103.95213188974098, 10.25979875295863], [103.95185476326532, 10.259839875517352], [103.95065692892253, 10.260297603757307], [103.95035599840692, 10.260431539297231], [103.9501482148271, 10.260704236005068], [103.94995782851136, 10.261104806558171], [103.94922780975605, 10.261207363754965], [103.94886517765785, 10.261335497129773], [103.94826170885892, 10.26163355973484], [103.94802722034564, 10.261775019776262], [103.94805818057588, 10.261819736602833], [103.94784164836592, 10.26202948910134], [103.94768813230205, 10.26222307423305], [103.94732876060166, 10.262154743141839], [103.94731476494482, 10.262171264961522], [103.94724688985453, 10.262251798123115], [103.94726650249383, 10.26225996871162], [103.94753258848431, 10.26263825894188], [103.94713323022587, 10.262939288476685], [103.9469406040098, 10.26310224689138], [103.94663513832964, 10.263217003395527], [103.9460481908058, 10.263722859532505], [103.94561717312386, 10.264064699835023], [103.94561055994265, 10.264192804201793], [103.94500845697725, 10.26490712543609], [103.9450414594217, 10.264932316755246], [103.94438906537881, 10.265587691637512], [103.94409315979182, 10.266081022324991], [103.94413182120401, 10.266106765909143], [103.94400092213108, 10.266415393453755], [103.94364357477737, 10.26691042663922], [103.94340818709625, 10.267249524845726], [103.94339051211334, 10.26728168165342], [103.94322092265489, 10.267632555843656], [103.94305992935816, 10.268183348370385], [103.94309440365863, 10.268202213490442], [103.94237087472386, 10.269332040624377], [103.94234902111823, 10.269352255632002], [103.94217370125558, 10.271304427900944], [103.94179841064798, 10.27281196516726], [103.94145566190986, 10.273305212069229], [103.9412825346415, 10.273172187325985], [103.94101852255324, 10.273587723557373], [103.94040467238932, 10.274165219024297], [103.9401474882062, 10.27516094752639], [103.94065507086378, 10.27557401705186], [103.94086116767346, 10.276063507754957], [103.94127841588359, 10.276089000144665], [103.94204768714984, 10.27611265673126], [103.94281280944261, 10.276107643383781], [103.94328010143242, 10.276019841026116], [103.94381596105883, 10.27535314932447], [103.94389206774393, 10.275213772236851], [103.94403271828027, 10.275073782476564], [103.94466363424613, 10.274967633359463], [103.9453659081638, 10.275141253207677], [103.9453228720124, 10.275372456683376], [103.94568605160889, 10.275673611298256], [103.94592583487895, 10.27611532814926], [103.94595686438838, 10.276173245645783], [103.94623642813266, 10.276575971735465], [103.9463478839997, 10.276477521198569], [103.9466895387985, 10.276873391120812], [103.94664793858361, 10.276909304606217], [103.94673260853128, 10.277252205738545], [103.9473816394374, 10.27765104050037], [103.9475970850843, 10.277600414554565], [103.94812432495316, 10.278162417159418]]], [[[103.95607895824878, 10.272780802112509], [103.95620078049195, 10.272703702894738], [103.9566817573516, 10.272402618448194], [103.9570948056417, 10.27215946498268], [103.95776491146486, 10.271871986073089], [103.95793400125235, 10.271806718912806], [103.958119446525, 10.271786504876859], [103.95839859499448, 10.27168959575288], [103.95747031587763, 10.27181923456278], [103.95735310620115, 10.271600870902624], [103.95721484445438, 10.271415020820411], [103.9571639488618, 10.271442511760332], [103.9570769260015, 10.27145610897823], [103.95672962622665, 10.271581473478964], [103.95637974242992, 10.271829885929872], [103.95643449777664, 10.272428785763818], [103.95607895824878, 10.272780802112509]]], [[[103.95909007478274, 10.27144753722972], [103.95967076767441, 10.271235400366018], [103.96019105965425, 10.271057066982912], [103.9608447699585, 10.270852824982178], [103.96082663206802, 10.270781910664086], [103.96089952690718, 10.270755178991026], [103.96093273607414, 10.270821145605938], [103.96130252839217, 10.270673662516687], [103.96131624620908, 10.270659309547273], [103.9612922421003, 10.270602309188366], [103.96079965345393, 10.27075636922406], [103.9599933295446, 10.271000591156051], [103.95981186944995, 10.271093505361213], [103.95949809501735, 10.27120681331738], [103.95951774179773, 10.271141657937848], [103.9593899002472, 10.270786210416611], [103.959070252704, 10.270971296472428], [103.95909007478274, 10.27144753722972]]], [[[103.95448910575665, 10.274286498826283], [103.95470087778804, 10.274033787884672], [103.95477497499537, 10.273945397747596], [103.95503459619242, 10.273684991438516], [103.95504410621753, 10.273675785250932], [103.95492480544034, 10.27350633091805], [103.95481136398017, 10.273593570008659], [103.95455684149242, 10.273808597190525], [103.95452300656432, 10.273895246724603], [103.95447646488839, 10.27420492469497], [103.95448910575665, 10.274286498826283]]]], "type": "MultiPolygon"}, "properties": {"id": 8.0, "area": 5177482.7, "perimeter": 16828.53}}, {"type": "Feature", "geometry": {"coordinates": [[[104.00121438034637, 10.206784161168061], [104.00077372325751, 10.205901856828863], [104.0006283224571, 10.205494769695397], [104.00099356469786, 10.205395872417679], [104.00145017701259, 10.20523382420316], [104.0018428705667, 10.205089760671266], [104.00233378977877, 10.206168158754997], [104.00206827947787, 10.20546315440424], [104.00302223392832, 10.20518260561183], [104.00318398458579, 10.206054537210745], [104.0032616349199, 10.206068940868027], [104.00340746827167, 10.206081639958665], [104.0034901820346, 10.206068022796337], [104.00355001103733, 10.20603854828384], [104.00358002953391, 10.205986153575962], [104.00359498491915, 10.205935815488866], [104.00365803216049, 10.205832115609656], [104.00372283363606, 10.20577434890927], [104.00381033560829, 10.205733524199744], [104.00400805190557, 10.205720081696127], [104.00415520340079, 10.205706652680263], [104.00427936149633, 10.205688577543215], [104.00456912908957, 10.205643448598254], [104.00467034296663, 10.205588901468195], [104.00471640034759, 10.2055525343369], [104.0049832165808, 10.205475453893483], [104.00530732652179, 10.20547368487514], [104.00542004380816, 10.205476116037474], [104.00569142342839, 10.205399041918163], [104.0059075973304, 10.205372064032288], [104.00613747602748, 10.20539519634425], [104.00627532455877, 10.2054364530329], [104.00633892921942, 10.205444234458136], [104.00634928252019, 10.205477793879135], [104.00635184970382, 10.205529514831014], [104.00659974297153, 10.205530703352663], [104.00682206299005, 10.205542974028825], [104.00702973625788, 10.205524029444229], [104.007135113164, 10.20549227226139], [104.00721831206319, 10.205400446356586], [104.00765154202458, 10.205247485886009], [104.00794222465785, 10.20520036616684], [104.00797908056703, 10.205212085188034], [104.00800219802714, 10.204957693682442], [104.0082921950977, 10.205119158819684], [104.00831925314677, 10.205151567961108], [104.00858452279095, 10.205011011216808], [104.00856246553188, 10.204991086824238], [104.00869216521637, 10.204930161857861], [104.00882719706884, 10.204903692781945], [104.00892693480007, 10.20503747545437], [104.00906028240318, 10.2049784545316], [104.00920684383286, 10.205052001070616], [104.00897394709754, 10.20533048912883], [104.00907564759345, 10.205434347516617], [104.00913311183616, 10.205815983090723], [104.0091039695554, 10.206250109644175], [104.00876997748473, 10.206386404277863], [104.00842772446984, 10.206493301408852], [104.0084960341224, 10.20676600393324], [104.00844260486099, 10.20678870791842], [104.008488111665, 10.206932535469939], [104.00840409461951, 10.206962697783903], [104.00846463295775, 10.207303470704641], [104.00839621590673, 10.207338538887234], [104.00860097466527, 10.207554214527235], [104.00870933195104, 10.20772191568445], [104.00869686201922, 10.207996937743543], [104.00888503290986, 10.207959427720105], [104.01005325519718, 10.20794572277142], [104.01024656857417, 10.208603868776047], [104.01026609999468, 10.208604530989378], [104.01026081600563, 10.208717450757518], [104.0103088799278, 10.208861010681796], [104.01069838007186, 10.208776605320448], [104.0117150364184, 10.20861990274795], [104.01177147837065, 10.208716549892253], [104.01191436209164, 10.208330151181123], [104.01237529325105, 10.208448379114872], [104.01257857813127, 10.208555281527463], [104.01312573818532, 10.208689821409495], [104.01307253331396, 10.208865055788904], [104.01347894190991, 10.208945407578241], [104.0141360014122, 10.209256870063895], [104.01432168297465, 10.20851384854771], [104.01458251059809, 10.208052489538609], [104.01558096010287, 10.208103158646699], [104.0155553131282, 10.208283678451593], [104.01591456611727, 10.208282132019807], [104.01596114466079, 10.208202365049358], [104.01639209855598, 10.208106169958047], [104.01686143864642, 10.208096648280364], [104.01686553151201, 10.208287700338767], [104.01730059338351, 10.208433188297247], [104.0173003432936, 10.208599098681136], [104.01763905717384, 10.208599599519971], [104.01758725196952, 10.209119678028134], [104.01803376855699, 10.209053973529135], [104.01835119162473, 10.209252902226947], [104.01814213642486, 10.20842982083126], [104.01838300561427, 10.208430176401231], [104.01837049434063, 10.207463716317248], [104.01888678979911, 10.20748699105872], [104.01888664201873, 10.207585361931052], [104.01889426816, 10.207855532010019], [104.01930412454458, 10.207889137286768], [104.01927187293828, 10.208275431395625], [104.0191482074299, 10.20826910100982], [104.01911080930519, 10.208496348215336], [104.01892083336931, 10.208702936814369], [104.01859286621786, 10.208657245857728], [104.01860085772496, 10.209048481595842], [104.01861821775505, 10.20921857705484], [104.0189414675405, 10.20918469621078], [104.01938701005103, 10.208916550119337], [104.01941748013854, 10.208987480044179], [104.02095580851979, 10.208371758006285], [104.02158655692655, 10.2082153618294], [104.0216523361836, 10.20854004679281], [104.02214455903507, 10.208487875368116], [104.02212447329757, 10.209164418693819], [104.02283031902482, 10.209145108318534], [104.02310103699577, 10.209144328685257], [104.02292571587418, 10.209318030191346], [104.0221814441395, 10.20945934424937], [104.0222559350254, 10.2096961588363], [104.02235829746317, 10.209666110203651], [104.02329836816615, 10.209452117243586], [104.02348712194593, 10.209451940866552], [104.02359098829947, 10.20939250927208], [104.02361313117434, 10.209355742835807], [104.02350098756631, 10.209150609077048], [104.02348176076715, 10.209067851592755], [104.02351893162312, 10.20899132465848], [104.02401051392744, 10.208449373276071], [104.02422947179362, 10.208208014165704], [104.02435309566107, 10.208119587994778], [104.0245795602287, 10.208108796980754], [104.02465353435484, 10.208079881627073], [104.02480390168168, 10.207991042156069], [104.02503888242592, 10.207961456965473], [104.0250729793235, 10.207557081720884], [104.02623405001854, 10.207935708114206], [104.02665520937667, 10.207795001063417], [104.026776667185, 10.208183598754326], [104.02695901553422, 10.208626533493623], [104.02672201719056, 10.208785862214425], [104.02668066431525, 10.20885171454933], [104.02669261553044, 10.20959647770615], [104.02741837105754, 10.209569681893509], [104.02786501058347, 10.209605771015985], [104.02780009372576, 10.209248900653575], [104.02820743334615, 10.208391002148046], [104.02841997965378, 10.208100806867265], [104.0284105157427, 10.207709568694565], [104.0289809231446, 10.207804966239602], [104.02905382813373, 10.208875129738582], [104.02981614968432, 10.208870804134415], [104.02947344287752, 10.207300981648284], [104.03008113674103, 10.207301857185765], [104.03027494871877, 10.208643890973132], [104.03065107284677, 10.20859063538045], [104.03042321122955, 10.209367151021214], [104.03044220734009, 10.209670700628694], [104.03058433317645, 10.209661954062927], [104.03059316299455, 10.20980265209697], [104.03045103709565, 10.209811398663728], [104.03042424229763, 10.210095533613929], [104.03077229754807, 10.21020064418272], [104.03197336684975, 10.210077325622695], [104.03298689243293, 10.209874621307353], [104.03377306864338, 10.20991272522907], [104.03410711283985, 10.210363920028671], [104.03408736848068, 10.210446711770286], [104.03435722498564, 10.21072548410831], [104.03458840188195, 10.210613699628572], [104.03479666783771, 10.210565443904988], [104.03515810240557, 10.210635307184113], [104.03576589912302, 10.209877501987425], [104.03651653281213, 10.209878569085529], [104.03688413784259, 10.209973212861566], [104.0373183198383, 10.209915149604278], [104.0381007773198, 10.210000976878607], [104.0387201493983, 10.210009267094264], [104.03897897903703, 10.209137672186689], [104.0396800949949, 10.208853312699583], [104.03984148130228, 10.209414654888041], [104.04027838217299, 10.209242126259834], [104.04046962135314, 10.209163915529466], [104.04043091116745, 10.208662239366692], [104.04071397490232, 10.208454050783077], [104.0408198293672, 10.208024277042268], [104.04120893379562, 10.207828624005082], [104.04118757867509, 10.207762952783604], [104.04201422425945, 10.207391062053047], [104.04215937430081, 10.207819922691552], [104.04220242044914, 10.208355058374845], [104.04338840136101, 10.207476711699904], [104.04332816728932, 10.207216322914718], [104.04382048488685, 10.206966562099847], [104.04372621089057, 10.206446273332732], [104.044251168109, 10.206220788616742], [104.0443328213838, 10.206502635509857], [104.04459443695946, 10.206419095583454], [104.04485117637654, 10.207390329150796], [104.04521049536248, 10.207021123414174], [104.0456833934131, 10.20591844854992], [104.045086682967, 10.205832627446894], [104.04474929097304, 10.205481166308607], [104.04455526356928, 10.205083250792622], [104.04457930649835, 10.203836462390516], [104.04445638739841, 10.203305736047222], [104.04439806763482, 10.202854303291899], [104.044806303048, 10.20222838750419], [104.04513480577343, 10.201638435629249], [104.0454531278989, 10.2011468406617], [104.04549316449122, 10.20001065150387], [104.04543732072858, 10.199678931675379], [104.04526911742492, 10.19941522831066], [104.04535394880632, 10.199193468065694], [104.04534653504004, 10.198500336554165], [104.04539496113945, 10.197948330098304], [104.04541383534144, 10.197575394568474], [104.04519702977775, 10.197087846465957], [104.04513640442441, 10.196845992397947], [104.04521095529003, 10.196536153622096], [104.04520407185981, 10.19598397971687], [104.04520628494352, 10.19571065828615], [104.04512952022021, 10.19545811277329], [104.04503320579376, 10.195154003478148], [104.04473813852248, 10.194634429623914], [104.04450662364786, 10.194095143235629], [104.04439722993402, 10.193939748197831], [104.04438281718215, 10.1938700181461], [104.04434474429858, 10.193686874706458], [104.04414014116544, 10.193542648695956], [104.04355685722298, 10.193081531849908], [104.0430772981276, 10.192719292210855], [104.04282384320985, 10.19227183569035], [104.04261349900312, 10.191994509899041], [104.04260016160379, 10.19174702543493], [104.04252133662168, 10.191661201715695], [104.04251304192532, 10.191589671856782], [104.04217665707702, 10.191056204565163], [104.04205266104753, 10.190965796722173], [104.04190352152752, 10.19090672759555], [104.04158264641565, 10.190953383952227], [104.04147310060155, 10.190906124103881], [104.0414125138702, 10.190831446758853], [104.04119807269235, 10.190740007553797], [104.0410635289535, 10.190558536673024], [104.04096638968339, 10.19032422551157], [104.04076486058568, 10.19013913426449], [104.04063819848243, 10.189744023727323], [104.040642420345, 10.189408861370076], [104.04070674875969, 10.189100907944002], [104.04047157623573, 10.18914732201373], [104.0403426525095, 10.188292719308674], [104.04032865609138, 10.187933119283208], [104.04037524191361, 10.187714470948116], [104.0402217995025, 10.187665973623076], [104.04004117306643, 10.1877989912527], [104.03996820851475, 10.18795548733165], [104.03996213380981, 10.18805475442097], [104.03982828619033, 10.18796189072795], [104.03957562928167, 10.18804525929877], [104.03946872117979, 10.18787802188241], [104.03932526733492, 10.187737857435714], [104.0392203466957, 10.187712122161207], [104.03892045008618, 10.187706364919428], [104.03884847383728, 10.187809878955939], [104.03869414891119, 10.187867526834712], [104.03848224139865, 10.187920120542364], [104.0383549999049, 10.18812057168898], [104.03780404979628, 10.187908131941684], [104.03753098434503, 10.18771335370343], [104.03715194569412, 10.187716795631708], [104.0370712801928, 10.187453393139231], [104.03691923055653, 10.187009421326625], [104.03698801487765, 10.186651475567091], [104.03749009474517, 10.186384738666785], [104.03768437429385, 10.186214129128548], [104.03772558176159, 10.186118799607003], [104.03815008087828, 10.185980612436142], [104.03810958752393, 10.185896921409636], [104.03808447852876, 10.185777447784847], [104.03808492773425, 10.18565556905418], [104.03762260457374, 10.185694788725474], [104.03762337655951, 10.185158900376672], [104.03714574856123, 10.185179201040334], [104.03712074896762, 10.184224654997717], [104.03696550232102, 10.184226333972514], [104.03678110969263, 10.183933942171997], [104.03667080684667, 10.18371778462264], [104.03689373817885, 10.183423799642942], [104.0369809281438, 10.183402494727105], [104.03664878635438, 10.182850041104107], [104.03637978014893, 10.182502104873109], [104.03578824724349, 10.181960494186654], [104.03584782966047, 10.18190714348879], [104.03540244259113, 10.181472609945542], [104.03531844912754, 10.181555762826129], [104.03499098754068, 10.181240924790544], [104.03543444292865, 10.180802138100054], [104.03463690136083, 10.180090614478372], [104.03406811195242, 10.179163865595402], [104.03385877860894, 10.179395753046068], [104.03353499852847, 10.179187789371861], [104.03319599172868, 10.178970129274177], [104.03273630783603, 10.17851902602719], [104.03227466568403, 10.177909422004731], [104.03184968699507, 10.177631150128084], [104.03167309405733, 10.177565889147747], [104.03112811359003, 10.177655975851318], [104.03079136042022, 10.17758469835963], [104.03053310375661, 10.177569771209509], [104.0301779280538, 10.177614649826467], [104.02979120267365, 10.177578109314686], [104.02912356402616, 10.177542520534805], [104.02915275317973, 10.177428549345167], [104.02873195201659, 10.177291145967965], [104.02845575729363, 10.177124203934923], [104.02811967854996, 10.177153827725165], [104.02726334964875, 10.177088939923722], [104.02700949056602, 10.176381167191161], [104.02690552780405, 10.176389968017467], [104.02603918049498, 10.1761271444908], [104.02508249055353, 10.176229915750486], [104.02481189807612, 10.17604118890343], [104.02469638579235, 10.175960642392704], [104.02434391830216, 10.175841506127458], [104.0235532387071, 10.175574536612501], [104.02321968447377, 10.175441412398857], [104.02319981510975, 10.175608289240953], [104.02207254130077, 10.176333128401488], [104.02210656249773, 10.176101354486548], [104.02041187359312, 10.17598495325109], [104.02020760113368, 10.176000928562802], [104.0198984948925, 10.176120003691272], [104.01989556532477, 10.176187177582396], [104.0195252033834, 10.17619576604004], [104.01951875919585, 10.176294037450363], [104.01870542871029, 10.176223765657438], [104.01872119572268, 10.176116376089205], [104.0187236715446, 10.175986724942653], [104.01753913998463, 10.175877025962802], [104.01755124571017, 10.175230035763779], [104.01755377356972, 10.175066027105771], [104.0175006582716, 10.175065948823155], [104.0169331823212, 10.17536872467839], [104.01707737015683, 10.175799582907235], [104.01702998382422, 10.175813165622687], [104.01660766115951, 10.17584310242073], [104.01656673124323, 10.175568904454932], [104.0163570061694, 10.175690835398013], [104.01605125435829, 10.175884684792779], [104.01617090272443, 10.17612608819862], [104.0159989857877, 10.17629174508751], [104.01589573910799, 10.176370343640558], [104.01484379844442, 10.176573123415592], [104.01486633970084, 10.176634186764332], [104.01493333661877, 10.176749022342577], [104.01476938804664, 10.17689525118004], [104.01478170332696, 10.177865509774561], [104.01476714134209, 10.178140891404293], [104.01418702004224, 10.178291023311425], [104.01398958498748, 10.17867273227899], [104.01362174987409, 10.178818928838385], [104.01346466907674, 10.17888867630711], [104.01319725758331, 10.178952925121358], [104.01303143402924, 10.179010272556441], [104.0128712089513, 10.178926581330158], [104.01278000028766, 10.178829521003536], [104.01256905456974, 10.178610855409646], [104.01185865196567, 10.17843032338705], [104.01135968155887, 10.177968463917892], [104.01063155073464, 10.177385105520464], [104.0105784085893, 10.177342531164687], [104.00979695616796, 10.176716596391445], [104.00981211761155, 10.176768788355833], [104.00931066760522, 10.177157181639606], [104.00928698247893, 10.177427395514249], [104.00896104332219, 10.177569580968164], [104.00875245670815, 10.177660586735634], [104.00833489088268, 10.177919992190372], [104.00832777397667, 10.177680382719402], [104.0084188089531, 10.177591641881614], [104.0082621579371, 10.177380378796135], [104.00817381255143, 10.177441095097594], [104.00816813220385, 10.1777534691174], [104.00808442860728, 10.178001169818248], [104.00795916381284, 10.178212642152648], [104.0076771833677, 10.178671705181422], [104.00747900571984, 10.178877913963838], [104.00730171529916, 10.179032527316869], [104.00711894804692, 10.179128181989215], [104.0064113463958, 10.179323948023118], [104.0055116599578, 10.17956065132159], [104.00518214884823, 10.17964939240173], [104.00513071730091, 10.178911531613336], [104.00510553663258, 10.17855073933003], [104.00504105657744, 10.178463030077069], [104.00481983729622, 10.178518571631798], [104.00431713655044, 10.179711825467473], [104.00532032081826, 10.180658447223664], [104.0050835394364, 10.180861974013917], [104.00507547273138, 10.180884927113695], [104.00512679564056, 10.180923430940135], [104.00532684982272, 10.180922738908885], [104.00534667165233, 10.181266977173888], [104.00535043935373, 10.181368699268655], [104.00540562061626, 10.181450155812573], [104.00546535750085, 10.181536592036059], [104.0052322403726, 10.181908566784422], [104.00489346405153, 10.181908054257466], [104.00455692551533, 10.182172549850291], [104.00447726909499, 10.18210154418852], [104.00391937018985, 10.182569769363655], [104.00362836396631, 10.182721224371603], [104.00338084884656, 10.182900050327666], [104.00337728585836, 10.182902395696551], [104.00332536232847, 10.182957108075694], [104.00402554735501, 10.183728411980256], [104.00432074667611, 10.184053628520108], [104.00455645101377, 10.184313294564365], [104.00455572088697, 10.184313293458391], [104.0045514309734, 10.184313558203785], [104.00454741429918, 10.184314185021213], [104.00454367114338, 10.184314993082026], [104.00454038347948, 10.184316344320075], [104.00453764257335, 10.184318238873635], [104.00453590489379, 10.18432058701963], [104.00453453144027, 10.184323478204666], [104.0045337050236, 10.184326731876558], [104.0045329695937, 10.184330166515377], [104.00453140132747, 10.184341013885609], [104.00453066589749, 10.184344448524417], [104.00452974821486, 10.184347702058034], [104.00452846602703, 10.184350593381277], [104.0045267283472, 10.184352941527214], [104.00452417011196, 10.184354745942805], [104.00452115638471, 10.184356007181067], [104.0045176868864, 10.184356906070658], [104.00451385288284, 10.18435744274983], [104.004509927753, 10.184357888876356], [104.00450582051013, 10.184358063483302], [104.00448875295665, 10.184358580114013], [104.00448464571373, 10.184358754720694], [104.00448062945757, 10.18435911029426], [104.00447688671984, 10.18435964711126], [104.0044734175005, 10.1843603651717], [104.00447049531806, 10.18436144571908], [104.00446811989332, 10.184363069582085], [104.00446665684804, 10.184364875656469], [104.00446592337134, 10.184367044494378], [104.00446564608436, 10.184369304437974], [104.0044658251267, 10.184371565072942], [104.0044666431697, 10.184373736261476], [104.00446810063208, 10.184375546760567], [104.00447047117183, 10.184377087399364], [104.00447338986513, 10.184378267210416], [104.00447685685148, 10.184378995779374], [104.00448059791461, 10.184379543934428], [104.00448461305449, 10.18437991167557], [104.00449300909558, 10.184380195639081], [104.0045059684301, 10.184380486515488], [104.00451007497546, 10.184380763980247], [104.00451409025497, 10.184381041306684], [104.00451792258406, 10.184381589599582], [104.00452148055734, 10.184382499135008], [104.0045245817826, 10.184383679222128], [104.00452704316992, 10.184385491241796], [104.00452895584557, 10.184388025746614], [104.00453031994915, 10.184391192322254], [104.00453122716515, 10.184394719863965], [104.00453186002531, 10.184398608648264], [104.00453221880878, 10.184402677846473], [104.00453230351549, 10.184406927458593], [104.00453247264979, 10.184415607511498], [104.00453194710008, 10.184460452331555], [104.00453171656045, 10.184491554587023], [104.00453166841285, 10.184522747533276], [104.00453205566089, 10.184567503321254], [104.0045320419841, 10.184576363926245], [104.00453194401935, 10.184580703676145], [104.00453166366229, 10.184584952735198], [104.00453129231842, 10.184589020827305], [104.00453073886135, 10.184592817399901], [104.00452982061968, 10.18459643259078], [104.00452844688566, 10.184599504604352], [104.00452652639342, 10.184602033302342], [104.00452396829567, 10.184603747303475], [104.00452095470564, 10.18460491812727], [104.0045173940782, 10.184605726464119], [104.00451365147718, 10.184606172867065], [104.0045096352179, 10.184606528440833], [104.00450561937734, 10.184606612771558], [104.00448855236891, 10.184606767744288], [104.00448453652832, 10.18460685207474], [104.00448052026903, 10.184607207648154], [104.00447677766795, 10.184607654050671], [104.0044732170404, 10.184608462387038], [104.00447020345017, 10.184609633210354], [104.00446764535207, 10.184611347211026], [104.00446581612522, 10.184613876046912], [104.00446444239054, 10.184616948060173], [104.00446352414804, 10.184620563250828], [104.00446287942418, 10.184624359684978], [104.00446250807936, 10.18462842777696], [104.00446231898724, 10.184632676974163], [104.00446212291615, 10.184641446888138], [104.00446241888787, 10.18468620253715], [104.00446246199859, 10.18471739562099], [104.00446223131125, 10.184748588289924], [104.00446171286761, 10.184788821977422], [104.00446169234905, 10.184802112884586], [104.00446177691511, 10.18480645291091], [104.0044620441527, 10.184810702799462], [104.00446240293547, 10.184814771997631], [104.00446294466897, 10.184818570229348], [104.00446376047967, 10.184822188047235], [104.0044651247238, 10.184825264208792], [104.00446703726182, 10.184827889128337], [104.00446940752565, 10.184829610595918], [104.00447232608337, 10.184830880821467], [104.00447551899742, 10.184831789804496], [104.00447907739421, 10.184832428097586], [104.00448993567497, 10.184833981595832], [104.00449349407181, 10.18483461988877], [104.00449677839156, 10.18483543859552], [104.00449987976062, 10.184836528268713], [104.00450252410181, 10.184838069322199], [104.00450452916236, 10.184839880650804], [104.00450616874024, 10.184841962669326], [104.0045092649453, 10.184846397672814], [104.00451099564964, 10.18484857024392], [104.0045129094443, 10.184850381434208], [104.00451573617813, 10.184852013178466], [104.00451911120585, 10.184853193680615], [104.00452285185585, 10.18485401307844], [104.00452677531702, 10.184854651924077], [104.004534713645, 10.184855839339141], [104.00453854570061, 10.184856568460713], [104.00454219480562, 10.184857568548734], [104.00454538702238, 10.184858929602774], [104.00454803080576, 10.184860832313248], [104.00454976123136, 10.184863185712832], [104.0045510344896, 10.184866080907142], [104.00455194226514, 10.184869246791425], [104.00455266709002, 10.184872683642212], [104.00455411059932, 10.184883535574516], [104.00455474401866, 10.184887062701373], [104.00455546912275, 10.18489031872348], [104.00455655956993, 10.184893394469928], [104.00455810704507, 10.184896018835968], [104.00456029394056, 10.18489828251244], [104.00456293772436, 10.184900185222816], [104.00456849950878, 10.184903719815253], [104.00457096048153, 10.184905803077735], [104.0045726913262, 10.184907885234201], [104.00457405668811, 10.184910238080668], [104.00457696994408, 10.184914944050082], [104.00457860938324, 10.184917116482609], [104.00458052317867, 10.18491892767253], [104.00458325864744, 10.184920559277995], [104.00458645128364, 10.184921649088654], [104.00459000940262, 10.184922468209264], [104.00459384173833, 10.184923016501559], [104.00459785702469, 10.184923293827298], [104.00460196371667, 10.184923480876886], [104.0046105424438, 10.18492367470019], [104.00462815692593, 10.184923610965635], [104.00463673593221, 10.18492362395959], [104.00464102515626, 10.18492381128515], [104.00464513184829, 10.184923998334197], [104.00464914699523, 10.184924366073636], [104.0046529793311, 10.184924914365247], [104.00465653745027, 10.184925733485139], [104.00465963882078, 10.184926823156879], [104.00466237429008, 10.1849284547617], [104.00466428808608, 10.184930265951154], [104.00466601879195, 10.184932438521496], [104.004668932189, 10.184937054075824], [104.00467048036289, 10.184939226369698], [104.00467239401947, 10.184941127973442], [104.00467522061544, 10.184942850130724], [104.00467850437873, 10.184944030493075], [104.00468224489077, 10.184944940303474], [104.00468607694789, 10.184945669423389], [104.00469401527886, 10.184946856834708], [104.00469784733603, 10.184947585954479], [104.00470158784815, 10.184948495764669], [104.00470487161162, 10.184949676126756], [104.00470769820785, 10.184951398283763], [104.00470970313077, 10.18495330002552], [104.00471134271056, 10.184955382043093], [104.00471434737452, 10.184959997735255], [104.00471589568834, 10.184962079614598], [104.00471790061135, 10.184963981356306], [104.00472054495475, 10.18496552240812], [104.00472355492033, 10.184966702355403], [104.00472674797606, 10.184967520921727], [104.00473030623546, 10.18496824962651], [104.00474116452241, 10.184969803116674], [104.0047445402498, 10.1849705315449], [104.00474791583771, 10.184971350387418], [104.00475092580346, 10.184972530334461], [104.00475347888103, 10.184974071247817], [104.00475530127228, 10.184975972712909], [104.004756940713, 10.184978145144605], [104.00475976256676, 10.184982941388665], [104.00476121933593, 10.18498520395828], [104.00476295018224, 10.18498728611381], [104.00476541115695, 10.184989369374907], [104.00476814648783, 10.184991091393234], [104.00477106449028, 10.184992723273583], [104.00477379968174, 10.184994535706197], [104.00477635192263, 10.184996619105418], [104.00477808276912, 10.184998701260872], [104.00477944827244, 10.185000963692218], [104.00478227012674, 10.185005759936098], [104.0047838183017, 10.18500793222948], [104.0047857319594, 10.18500983383261], [104.00478846743003, 10.18501146543643], [104.00479175119447, 10.185012645797691], [104.0047953093151, 10.185013464916132], [104.00479914165231, 10.185014013206082], [104.00480315680066, 10.185014380943691], [104.00480735476008, 10.18501456812895], [104.00481164398555, 10.18501475545234], [104.00482040538712, 10.185014859132297], [104.00484705549293, 10.185014628237429], [104.00486038033667, 10.185014648410688], [104.00486895892726, 10.185014932641678], [104.00487315674731, 10.185015210240433], [104.00487717175629, 10.185015668391477], [104.00488100409376, 10.185016216680484], [104.00488456207519, 10.1850171262123], [104.00488775457404, 10.185018306434447], [104.00489058117192, 10.18502002858995], [104.00489240370375, 10.185021839639983], [104.00489404314561, 10.18502401207104], [104.00489677401471, 10.18502862734718], [104.00489823120347, 10.185030618673219], [104.00489987134276, 10.18503233903255], [104.00490233343442, 10.185033698977957], [104.00490516170602, 10.185034336161273], [104.00490799095387, 10.185034340444185], [104.00491072991186, 10.185033711688543], [104.00491319618732, 10.185032359203696], [104.00491493275267, 10.185030734370555], [104.00491639621711, 10.185028657051246], [104.00491914117167, 10.185024140478932], [104.00492069604158, 10.185021972883414], [104.00492270682338, 10.185020077221676], [104.00492544745465, 10.185018363493825], [104.0049288261116, 10.18501719321906], [104.00493266068042, 10.185016294878025], [104.00493658595745, 10.185015758332458], [104.00494087615928, 10.185015312753773], [104.00494516608217, 10.185015048003718], [104.00495420170046, 10.18501488085151], [104.0049632371793, 10.185014804113402], [104.00499554522322, 10.18501494342857], [104.005032416849, 10.185014908818056], [104.0050414521885, 10.185014922492119], [104.00505039584368, 10.18501520727085], [104.00505477633554, 10.185015394729177], [104.00505888261098, 10.185015853016111], [104.00506289748095, 10.185016401579233], [104.00506663813452, 10.185017220970982], [104.0050699219002, 10.185018401329495], [104.00507283976518, 10.185020123621586], [104.00507475342474, 10.1850220252231], [104.00507630160182, 10.18502419751519], [104.00507930627181, 10.185028813204264], [104.00508085444896, 10.185030985496338], [104.00508276810861, 10.185032887097808], [104.00508541231501, 10.18503451856112], [104.00508860481487, 10.185035698781348], [104.00509207167056, 10.185036517758501], [104.00509572147662, 10.185037065768801], [104.00509964535969, 10.185037433364691], [104.0051037519143, 10.185037710822405], [104.00512017882988, 10.185038368581026], [104.00512419411847, 10.18503864590038], [104.00512811800161, 10.185039013495933], [104.00513176780777, 10.185039561505839], [104.00513523466365, 10.185040380482537], [104.0051383358977, 10.1850415605642], [104.00513961236805, 10.185042376226592], [104.00317230526652, 10.185908367605848], [104.00308928738146, 10.185944949768196], [104.00308873936373, 10.185945220179047], [104.00324926098853, 10.186368423188341], [104.00314105318488, 10.187937764380345], [104.00310922705576, 10.188038799438779], [104.0031524174116, 10.188143113004635], [104.00361523852786, 10.189201484966793], [104.0027487031186, 10.189817699142813], [104.00234865978071, 10.189593585775524], [104.00218804942111, 10.18952155213764], [104.00202753040396, 10.189449518562967], [104.00162633168041, 10.189088515059874], [104.00133610370327, 10.18926320535532], [104.00124934544712, 10.189121936005405], [104.0012100828583, 10.188957140921294], [104.00116467986662, 10.188456537076064], [104.0011420564022, 10.188332182643247], [104.00109365129259, 10.188295038845805], [104.00102084319785, 10.188280190177249], [104.00095181094852, 10.188302236364542], [104.00089947463353, 10.188328105432173], [104.00086955270866, 10.188377968547233], [104.00083216404285, 10.188416789692782], [104.00081538540937, 10.188407451384332], [104.00063369979789, 10.188507172348302], [104.00042793680612, 10.188654414428681], [104.00038575718193, 10.188604893258521], [104.00030477036978, 10.18856733789839], [104.00023229254275, 10.188574821932304], [104.0001564212139, 10.18859296966931], [104.00002674570801, 10.188641776032457], [104.00016323777776, 10.188845598116835], [103.99990397007478, 10.189065270438162], [103.9997165606464, 10.188855222157251], [103.99975028048658, 10.188828149415398], [103.99849755983682, 10.187709702172214], [103.99789967119209, 10.187184019146947], [103.99759047781158, 10.18705560778459], [103.99762839039819, 10.187265246715828], [103.997304203311, 10.18732821941769], [103.99725752235581, 10.187064770386199], [103.99702728451626, 10.186872104809533], [103.99695661904906, 10.18677163608153], [103.99688586221714, 10.186671257613567], [103.99669769281198, 10.186540590433259], [103.99664107212574, 10.186504970409393], [103.9965866229861, 10.18659774221578], [103.99652521025067, 10.186766089754999], [103.99650021300307, 10.186876176043853], [103.99649527019768, 10.18694352718408], [103.99649367034604, 10.18703249252025], [103.99652537347195, 10.187185612966097], [103.99652402756448, 10.18728723671256], [103.9964380913714, 10.187321733106193], [103.99669689389513, 10.187806481668243], [103.996571820631, 10.18800492961347], [103.9962719924982, 10.188480228507746], [103.9959577107514, 10.189092392209202], [103.99574524440224, 10.189554443852058], [103.99579201432613, 10.189586432275648], [103.99570815304655, 10.189752032528533], [103.9956339335792, 10.189822170020205], [103.99556868044978, 10.189762124588723], [103.9954576586561, 10.189729856146158], [103.9953909849496, 10.189702628916487], [103.99526902392951, 10.189662206229896], [103.9951222963071, 10.189584856176394], [103.99487163083319, 10.189207712168999], [103.9944507824821, 10.18881158909512], [103.99437747862662, 10.188764008179268], [103.99419696091861, 10.18870052929254], [103.99407316469971, 10.188666703593304], [103.99394371095762, 10.18863223619069], [103.99381416583613, 10.18859785901095], [103.99369290919819, 10.188574163514218], [103.99363309831973, 10.188535916015066], [103.99356632891069, 10.188511762370867], [103.9934928993792, 10.188543926556116], [103.99337974888648, 10.188588596775325], [103.9933138773734, 10.188689397144282], [103.99315750070585, 10.189116633928188], [103.99317202231455, 10.189341336162123], [103.9931736858292, 10.189674877363762], [103.99324782211669, 10.189831047500343], [103.99355613835428, 10.189706120550726], [103.99364566310877, 10.189827233666941], [103.99399595941256, 10.189530493572947], [103.9942818069141, 10.189937077312045], [103.99385388215876, 10.190034605047655], [103.99342595716924, 10.190132132209909], [103.9933713370605, 10.190216585001327], [103.99342002590333, 10.190304814470059], [103.99367575911441, 10.1904774500621], [103.99386527744798, 10.190679277203817], [103.99400422723075, 10.19082731982888], [103.99412090287105, 10.191036357632626], [103.99417203528488, 10.191080016494052], [103.99416188463834, 10.19115052400013], [103.99419187094617, 10.1912342941174], [103.9941380756621, 10.191316578363372], [103.99449636851479, 10.19150618914518], [103.9945969344222, 10.191571352602107], [103.99469037238133, 10.1918740235886], [103.99478341159345, 10.19202434570401], [103.99500638515643, 10.192252715367687], [103.99502811220107, 10.192249403605723], [103.99507658645472, 10.192242516589962], [103.99511654930244, 10.192250534792102], [103.99522333998335, 10.19242013630014], [103.99528078712412, 10.19239508982209], [103.99673869793715, 10.192749321297077], [103.99674792479857, 10.19437227394974], [103.99677463755472, 10.194390759625284], [103.99738030996122, 10.194499284948945], [103.99734629054744, 10.194833404240859], [103.99722276106706, 10.19526801701881], [103.99735541869043, 10.195938824688463], [103.99716042573365, 10.195965468128696], [103.9966122667443, 10.196078998210174], [103.99648894403614, 10.19609038121689], [103.99618936636416, 10.196110624280802], [103.99613445169125, 10.196149960262415], [103.99613118494875, 10.19619597614155], [103.9962435232816, 10.196960150844522], [103.99528293109204, 10.197121504445008], [103.99528035802686, 10.197422489869316], [103.99520228566738, 10.197677699377062], [103.995029261016, 10.19830056766434], [103.99528615761471, 10.198376460691714], [103.99556237300514, 10.198529778045659], [103.99576695750746, 10.198673039026993], [103.99586400758412, 10.19871197659087], [103.99639043981053, 10.19877861033693], [103.99644015830091, 10.19879369577529], [103.99663914672618, 10.198839300089496], [103.99655225749983, 10.19924612123435], [103.99647729282849, 10.199847351595634], [103.99649670503369, 10.200446376650406], [103.99671970107488, 10.200316071626652], [103.99687950442778, 10.200265143322106], [103.99700857962185, 10.200253226618159], [103.99705538130273, 10.200556819718804], [103.99722685541049, 10.20062986731724], [103.99731149016715, 10.20072909175032], [103.9977727873758, 10.20048631558898], [103.99792323865397, 10.200520723558844], [103.99809170026988, 10.200652535425185], [103.99824589156037, 10.200804939763028], [103.9982940849386, 10.20103656502801], [103.99817840122644, 10.201763861332367], [103.99813887958591, 10.201764704737391], [103.99819013409385, 10.202081505049282], [103.99767372182717, 10.202198430521813], [103.99771274290886, 10.202633383632127], [103.99779206347401, 10.202629617826723], [103.99802389669878, 10.202801580790025], [103.9980803053362, 10.202974449358955], [103.99808498945217, 10.203072284901348], [103.99816619530932, 10.203263455277265], [103.99816985450914, 10.20337467056853], [103.99820534208295, 10.203443801686165], [103.99824092094278, 10.20351293294065], [103.99831929041115, 10.203650392791838], [103.99834109344043, 10.203715615050386], [103.99833885451096, 10.20374653332237], [103.99830258129623, 10.203771070290305], [103.99833069771817, 10.203884583520638], [103.9983894389711, 10.204083494962006], [103.99850967716792, 10.204237022442706], [103.998673254303, 10.204458608040918], [103.99913983022057, 10.204870528757372], [103.99897624401672, 10.205004543060095], [103.99880019193313, 10.205113945427582], [103.99910281234888, 10.205312869451319], [103.99927781271514, 10.205467565674384], [103.99943446450233, 10.205624222789119], [103.99922093712772, 10.205826242622837], [103.99932808239873, 10.205889877869035], [103.99943458344634, 10.20589854015954], [103.99945728175389, 10.205975155935233], [103.99938268908535, 10.206106865683932], [103.99932500361149, 10.20616617944188], [103.9994631734473, 10.206235015854993], [103.99937149315393, 10.206496082343936], [103.99972925829738, 10.206510373876071], [103.99973361714285, 10.206466167931739], [104.0001409541846, 10.206473392251493], [104.00027309530277, 10.20648697591969], [104.00051467761435, 10.206496929628386], [104.00051424348021, 10.206599730109826], [104.00096413529869, 10.206475917676476], [104.00111301328003, 10.206819267851724], [104.00121438034637, 10.206784161168061]], [[104.0415714703554, 10.205342091156535], [104.04165910692801, 10.20533163567492], [104.04164846099064, 10.20524482242767], [104.041560915714, 10.205255278035686], [104.0415714703554, 10.205342091156535]], [[104.02925710850502, 10.20681613712127], [104.02934474573624, 10.20680568498278], [104.02933419452933, 10.206718781204058], [104.02924646604929, 10.206729233209176], [104.02925710850502, 10.20681613712127]], [[104.03882753146296, 10.205668692473095], [104.03891151663602, 10.205658684652606], [104.0389013225962, 10.205575488581275], [104.03881733744491, 10.205585496400127], [104.03882753146296, 10.205668692473095]], [[104.03269129985773, 10.206405073724547], [104.03277893690564, 10.206394620653594], [104.03276838463839, 10.206307807357373], [104.03268074748223, 10.206318350841178], [104.03269129985773, 10.206405073724547]], [[104.03613790452293, 10.205988837795102], [104.03621823828118, 10.205979277560182], [104.03620849619466, 10.205899608256075], [104.0361281623254, 10.205909258904157], [104.03613790452293, 10.205988837795102]]], "type": "Polygon"}, "properties": {"id": 43.0, "area": 15717593.85, "perimeter": 24470.48}}, {"type": "Feature", "geometry": {"coordinates": [[[104.02591778881602, 9.917137555653442], [104.02591794207235, 9.916967482889955], [104.02586473387439, 9.916744079547541], [104.02570434570742, 9.916541772530762], [104.02539417815548, 9.916179668932148], [104.02518033926619, 9.915796543986252], [104.02504168965777, 9.915253759823289], [104.02481764100057, 9.91461555596291], [104.02471046231159, 9.914572818132125], [104.02457122979918, 9.914561951798362], [104.02450675744373, 9.914625603915356], [104.02447438236582, 9.91481705966435], [104.02438850924776, 9.914987010938848], [104.02427044719443, 9.91502942964636], [104.02404543389996, 9.91506102752291], [104.02371334930142, 9.914975474683446], [104.02350976680431, 9.91494326875119], [104.02334902760178, 9.914985536114935], [104.02322795573602, 9.915091331954985], [104.02311302310467, 9.915176702403084], [104.02294146179682, 9.915261449812274], [104.02278052328239, 9.91537830999687], [104.0226947105066, 9.915505855662145], [104.02260853065917, 9.91576097807059], [104.0224904197652, 9.91596279985502], [104.02232960270588, 9.916058412157298], [104.02202952302682, 9.916100570884051], [104.02182580151764, 9.916163933645562], [104.02170113060252, 9.91629847611101], [104.0216638777635, 9.916330792009562], [104.02160942424007, 9.916402233598285], [104.02156423361694, 9.916500270749344], [104.0215307127926, 9.916600132857935], [104.0214569125371, 9.917058437760502], [104.02143853256266, 9.917407508495957], [104.02143282859114, 9.917442039348117], [104.02140684486709, 9.91750086322937], [104.02133686258554, 9.917590185012578], [104.02127273842618, 9.917664415633304], [104.02120770613091, 9.917736022874458], [104.02119154439598, 9.917750375984376], [104.02119419143845, 9.917748661854434], [104.0211956514185, 9.91774803102469], [104.02119711126733, 9.917747490610942], [104.02119875323625, 9.9177471312895], [104.0212003038826, 9.917746862253907], [104.02120185426641, 9.917746774050329], [104.021203404519, 9.917746776262742], [104.02120495450903, 9.917746959307173], [104.02120650436783, 9.917747232767594], [104.0212080539641, 9.917747687060029], [104.02120951223779, 9.917748231638326], [104.02121097024902, 9.91774895704863], [104.02121242812895, 9.917749772874945], [104.02121370349498, 9.917750678856974], [104.02121488753846, 9.917751675124869], [104.02121598012809, 9.917752852094635], [104.02121789147088, 9.917755386475763], [104.02121861903274, 9.917756743756984], [104.02121934659456, 9.917758101038201], [104.02129739582732, 9.917953963475627], [104.02139063488629, 9.918176882009803], [104.02141803838657, 9.918396542040735], [104.02149230399066, 9.918497733284378], [104.02149339658367, 9.918498910253351], [104.02149458063062, 9.918499906520381], [104.02165264674255, 9.918604381817913], [104.02166121101268, 9.918609728585263], [104.02166376227842, 9.918611178882205], [104.02166522042556, 9.91861181387472], [104.02166804631517, 9.918612541233635], [104.0218280270911, 9.918654451173946], [104.02183130920166, 9.918654998349421], [104.02183477474415, 9.918654822456737], [104.02199030161525, 9.918623850515687], [104.02199203491054, 9.918623400904464], [104.02199367714532, 9.918622860747279], [104.02199522845059, 9.918622139628125], [104.02199668882639, 9.918621237546994], [104.02199805814166, 9.918620244919905], [104.02209512882955, 9.91852788744581], [104.02209732004732, 9.918526082243332], [104.02209859790831, 9.918525270317922], [104.02210133548927, 9.91852400839095], [104.02223883543093, 9.918472938252288], [104.02224056859419, 9.918472579055742], [104.02224230149542, 9.918472400691222], [104.02224403413476, 9.918472403158729], [104.02247437651108, 9.918477884840776], [104.022476017828, 9.918477977593302], [104.02247756769155, 9.918478251048057], [104.02247911742415, 9.918478614918822], [104.02248057570338, 9.918479159491815], [104.02248367425224, 9.918480520145462], [104.0224834006776, 9.918480519756057], [104.02248595129169, 9.918482422126983], [104.02248813661596, 9.918484685642763], [104.02248986545884, 9.918487310173607], [104.02249068408814, 9.918488757998157], [104.02254212951138, 9.918605558545305], [104.02254267221021, 9.918608633468754], [104.02254257643705, 9.918611797899699], [104.02254193351436, 9.918614961551897], [104.02254083489555, 9.918617943723111], [104.02253909845919, 9.9186205633217], [104.02253015225848, 9.918627060555622], [104.02252869253853, 9.918627510559038], [104.02252705069722, 9.918627779470821], [104.02252550017839, 9.918627958096366], [104.02251154681805, 9.91862866156575], [104.02268115702446, 9.918633152499934], [104.02269300133165, 9.918640493065297], [104.02275492656688, 9.918699351703841], [104.02281591910602, 9.918772585182372], [104.02287837204665, 9.91884491656575], [104.02296275891595, 9.918947206895979], [104.023271036439, 9.919165638632583], [104.02348143082, 9.919281760743443], [104.0235506871947, 9.919316036448212], [104.02361985931522, 9.919345519960128], [104.02367391306782, 9.919361509974319], [104.02373244501882, 9.91937072512193], [104.02380292740987, 9.919376973489385], [104.02387350321543, 9.919381684899005], [104.02406956288029, 9.919383861868736], [104.02414135002134, 9.91937067252874], [104.02421652390846, 9.919348717603057], [104.02428523008112, 9.919321961427915], [104.0243809639645, 9.919271012012377], [104.0244733238538, 9.919219967368878], [104.02455209288334, 9.919171163841586], [104.02454734256845, 9.91917694374738], [104.02462156267735, 9.91912071962435], [104.02476413021377, 9.918970197771324], [104.02482128449955, 9.918859609265809], [104.02490762409992, 9.918682967813881], [104.02496142542387, 9.918557636682998], [104.02500178781617, 9.918455704318568], [104.02505199231453, 9.918295015325665], [104.02506453659512, 9.918259589918614], [104.02509364929159, 9.91818060733738], [104.02513432500294, 9.918051008024213], [104.0252191086166, 9.917878071330193], [104.02529059794408, 9.917754754317627], [104.02534277921922, 9.917677703088968], [104.02550988378673, 9.91745858964259], [104.02556461519669, 9.917383711970183], [104.0256023662795, 9.917321830218645], [104.02564264569895, 9.917213930163902], [104.02577831096482, 9.91723310935693], [104.02591778881602, 9.917137555653442]], [[104.02304999943384, 9.918652754924944], [104.02375559833182, 9.918556379097641], [104.02444449465955, 9.918090356531339], [104.02441508571063, 9.91805848832825], [104.0244127559335, 9.918029913495793], [104.02441533518443, 9.91794872337424], [104.02441747391747, 9.917920064459867], [104.02442827935413, 9.917888976592582], [104.02444482424097, 9.917861784758527], [104.0244660197558, 9.917834689931635], [104.02450946205524, 9.91781033912104], [104.02416704334563, 9.91774321687862], [104.02399349266534, 9.917941886391857], [104.0231152914533, 9.918023008388765], [104.02311475051641, 9.918081778161055], [104.0231186448837, 9.918163429540675], [104.02313554263709, 9.91827068719299], [104.02314101498114, 9.918333172577], [104.02313909427576, 9.918400168262808], [104.02312941784189, 9.918470227075025], [104.02311637999719, 9.918531510735301], [104.02309717772923, 9.91856746909135], [104.02307725677694, 9.918595921878557], [104.02305796474754, 9.918630885525904], [104.02304999943384, 9.918652754924944]]], "type": "Polygon"}, "properties": {"id": 33.0, "area": 169684.89, "perimeter": 1705.46}}]}